[1439464:0902/144914.270251:VERBOSE1:bus.cc(890)] Method call: message_type: MESSAGE_METHOD_CALL
interface: org.freedesktop.DBus
member: GetNameOwner
signature: s

string "org.freedesktop.login1"

[1439464:0902/144914.759010:VERBOSE1:key_storage_util_linux.cc(54)] Password storage detected desktop environment: (unknown)
[1439464:0902/144914.760143:VERBOSE1:pref_proxy_config_tracker_impl.cc(191)] 0x73400343e00: set chrome proxy config service to 0x73400296200
[1439464:0902/144914.764353:VERBOSE1:media_stream_manager.cc(1582)] MSM::InitializeMaybeAsync([this=0x73400de4b00])
[1439464:0902/144914.764388:VERBOSE1:media_stream_manager.cc(1582)] MDM::MediaDevicesManager()
[1439464:0902/144914.764398:VERBOSE1:media_stream_manager.cc(1582)] MSM::MediaStreamManager([this=0x73400de4b00]))
[1439464:0902/144914.764451:VERBOSE1:select_file_dialog_linux_portal.cc(280)] File chooser portal available: yes
[1439464:0902/144914.764710:VERBOSE1:bus.cc(890)] Method call: message_type: MESSAGE_METHOD_CALL
interface: org.freedesktop.DBus
member: GetNameOwner
signature: s

string "org.freedesktop.portal.Desktop"

[1439464:0902/144914.776743:VERBOSE1:pref_proxy_config_tracker_impl.cc(191)] 0x73400344700: set chrome proxy config service to 0x73401123480
[1439464:0902/144914.777469:VERBOSE1:device_event_log_impl.cc(224)] [14:49:14.777] Bluetooth: EVENT: bluetooth_api.cc:82 BluetoothAPI: 0x734002a5880
[1439464:0902/144914.818590:WARNING:electron_api_native_image.cc(176)] Failed to load image from path '/opt/bluemail/resources/app.asar/assets/icons/icon.ico'
[1439464:0902/144914.822304:VERBOSE1:bus.cc(709)] Requested to remove an unknown filter function: 1 with associated data: 0x73400f32300
[1439464:0902/144914.829029:VERBOSE1:bus.cc(709)] Requested to remove an unknown filter function: 1 with associated data: 0x73400f7cfc0
[1439464:0902/144914.831159:VERBOSE1:bus.cc(709)] Requested to remove an unknown filter function: 1 with associated data: 0x73400f7d420
[1439464:0902/144915.021228:VERBOSE1:first_party_sets_handler_impl.cc(244)] Empty path. Failed initializing First-Party Sets database.
[1439464:0902/144915.021594:VERBOSE1:bus.cc(890)] Method call: message_type: MESSAGE_METHOD_CALL
interface: org.freedesktop.DBus
member: GetNameOwner
signature: s

string "org.freedesktop.login1"

[1439464:0902/144915.021743:VERBOSE1:bus.cc(687)] Filter function already exists: 1 with associated data: 0x73400f7faa0
[1439464:0902/144915.021755:VERBOSE1:bus.cc(890)] Method call: message_type: MESSAGE_METHOD_CALL
interface: org.freedesktop.DBus
member: GetNameOwner
signature: s

string "org.freedesktop.login1"

[1439464:0902/144915.021811:VERBOSE1:bus.cc(687)] Filter function already exists: 1 with associated data: 0x73400f7faa0
[1439464:0902/144915.021820:VERBOSE1:bus.cc(890)] Method call: message_type: MESSAGE_METHOD_CALL
interface: org.freedesktop.DBus
member: GetNameOwner
signature: s

string "org.freedesktop.login1"

[1439464:0902/144915.021905:WARNING:bluez_dbus_manager.cc(247)] Floss manager not present, cannot set Floss enable/disable.
[1439464:0902/144915.022309:VERBOSE1:bus.cc(890)] Method call: message_type: MESSAGE_METHOD_CALL
interface: org.freedesktop.DBus
member: GetNameOwner
signature: s

string "org.bluez"

[1439464:0902/144915.022374:VERBOSE1:bus.cc(890)] Method call: message_type: MESSAGE_METHOD_CALL
interface: org.freedesktop.DBus
member: GetNameOwner
signature: s

string "org.bluez"

[1439464:0902/144915.043321:VERBOSE1:bus.cc(687)] Filter function already exists: 1 with associated data: 0x73400eb4d20
[1439464:0902/144915.043348:VERBOSE1:bus.cc(890)] Method call: message_type: MESSAGE_METHOD_CALL
interface: org.freedesktop.DBus
member: GetNameOwner
signature: s

string "org.bluez"

[1439464:0902/144915.045797:VERBOSE1:bus.cc(687)] Filter function already exists: 1 with associated data: 0x73400eb4d20
[1439464:0902/144915.045821:VERBOSE1:bus.cc(890)] Method call: message_type: MESSAGE_METHOD_CALL
interface: org.freedesktop.DBus
member: GetNameOwner
signature: s

string "org.bluez"

[1439464:0902/144915.047373:VERBOSE1:bus.cc(890)] Method call: message_type: MESSAGE_METHOD_CALL
interface: org.freedesktop.DBus
member: GetNameOwner
signature: s

string "org.kde.StatusNotifierWatcher"

[1439464:0902/144915.047921:VERBOSE1:media_stream_manager.cc(1582)] RFAOSF::Core() [process_id=5, frame_id=1]
[1439464:0902/144915.049874:VERBOSE1:file_url_loader_factory.cc(452)] FileURLLoader::Start: file:///opt/bluemail/resources/assets/splash/splash.html
[1439464:0902/144915.050548:VERBOSE1:media_stream_manager.cc(1582)] RFAOSF::Core() [process_id=4, frame_id=1]
[1439464:0902/144915.056332:VERBOSE1:media_stream_manager.cc(1582)] RFAOSF::Core() [process_id=4, frame_id=1]
[1439464:0902/144915.056978:VERBOSE1:media_stream_manager.cc(1582)] RFAOSF::Core() [process_id=5, frame_id=1]
[1439464:0902/144915.072313:VERBOSE1:file_url_loader_factory.cc(452)] FileURLLoader::Start: file:///opt/bluemail/resources/assets/splash/lottie-player.js
[1439464:0902/144915.095602:VERBOSE1:file_url_loader_factory.cc(452)] FileURLLoader::Start: file:///opt/bluemail/resources/assets/splash/splash_screen-dark.json
[1439464:0902/144915.096550:VERBOSE1:file_url_loader_factory.cc(452)] FileURLLoader::Start: file:///opt/bluemail/resources/assets/splash/splash_screen-dark.json
[1439464:0902/144915.566309:VERBOSE1:bus.cc(890)] Method call: message_type: MESSAGE_METHOD_CALL
interface: org.freedesktop.DBus
member: GetNameOwner
signature: s

string "org.freedesktop.UPower"

[1439464:0902/144915.566484:VERBOSE1:bus.cc(687)] Filter function already exists: 1 with associated data: 0x73401f0a300
[1439464:0902/144915.566504:VERBOSE1:bus.cc(890)] Method call: message_type: MESSAGE_METHOD_CALL
interface: org.freedesktop.DBus
member: GetNameOwner
signature: s

string "org.freedesktop.UPower"

[1439464:0902/144915.567315:VERBOSE1:bus.cc(709)] Requested to remove an unknown filter function: 1 with associated data: 0x73401f0a220
[1439543:0902/144916.074510:VERBOSE1:network_delegate.cc(35)] NetworkDelegate::NotifyBeforeURLRequest: https://apis.google.com/_/scs/apps-static/_/js/k=oz.gapi.pt_BR.l4Bv_WkVC6g.O/m=auth2,client/rt=j/sv=1/d=1/ed=1/am=wQE/rs=AGLTcCOuH5S2uqmF6E8zOW7n3yiqiwhzNQ/cb=gapi.loaded_0
[1439464:0902/144916.910625:INFO:CONSOLE(1)] "Uncaught ReferenceError: module is not defined", source: file:///opt/bluemail/resources/app.asar/dist/app.aa1373c75e78e938b7b9.bundle.js (1)
[1439464:0902/144916.957981:VERBOSE1:file_url_loader_factory.cc(452)] FileURLLoader::Start: file:///
[1439464:0902/144916.958089:VERBOSE1:file_url_loader_factory.cc(452)] FileURLLoader::Start: file:///
[1439543:0902/144916.973288:VERBOSE1:network_delegate.cc(35)] NetworkDelegate::NotifyBeforeURLRequest: https://apis.google.com/_/scs/apps-static/_/js/k=oz.gapi.pt_BR.l4Bv_WkVC6g.O/m=debug_error/exm=auth2,client/rt=j/sv=1/d=1/ed=1/am=wQE/rs=AGLTcCOuH5S2uqmF6E8zOW7n3yiqiwhzNQ/cb=gapi.loaded_1
[1439543:0902/144917.764994:VERBOSE1:network_delegate.cc(35)] NetworkDelegate::NotifyBeforeURLRequest: https://reg3.bluemailapp.com/analytics
[1439543:0902/144917.765347:VERBOSE1:network_delegate.cc(35)] NetworkDelegate::NotifyBeforeURLRequest: https://reg3.bluemailapp.com/analytics
[1439543:0902/144917.766481:VERBOSE1:network_delegate.cc(35)] NetworkDelegate::NotifyBeforeURLRequest: https://reg3.bluemailapp.com/analytics
[1439464:0902/144917.798579:VERBOSE1:media_stream_manager.cc(1582)] RFAOSF::Core() [process_id=4, frame_id=4]
[1439464:0902/144917.802130:VERBOSE1:file_url_loader_factory.cc(452)] FileURLLoader::Start: file:///add_account/add_account_index.html
[1439543:0902/144917.819705:VERBOSE1:network_delegate.cc(35)] NetworkDelegate::NotifyBeforeURLRequest: https://www.google-analytics.com/g/collect?en=client_loaded_r1&v=2&tid=G-4NPNL0HNM4&gtm=GT-T944F68&cid=821e9ebc.2e00.469b.916a.7c7122e52a50&_eu=AEA&ngs=1&_s=2&sct=3&seg=1&_et=3&build=20465&ver=1.140.102&brandCode=b1&installStore=win_exe
[1439543:0902/144917.820134:VERBOSE1:network_delegate.cc(35)] NetworkDelegate::NotifyBeforeURLRequest: https://www.google-analytics.com/g/collect?en=client_loaded_11_r1&v=2&tid=G-4NPNL0HNM4&gtm=GT-T944F68&cid=821e9ebc.2e00.469b.916a.7c7122e52a50&_eu=AEA&ngs=1&_s=2&sct=3&seg=1&_et=3&build=20465&ver=1.140.102&brandCode=b1&installStore=win_exe
[1439543:0902/144917.820715:VERBOSE1:tls_handshaker.cc(100)] TlsClient: Continuing handshake
[1439464:0902/144917.830650:VERBOSE1:file_url_loader_factory.cc(452)] FileURLLoader::Start: file:///assets/png/welcomeScreenNewBg.png
[1439543:0902/144917.831481:VERBOSE1:network_delegate.cc(35)] NetworkDelegate::NotifyBeforeURLRequest: https://reg3.bluemailapp.com/analytics
[1439543:0902/144917.832222:VERBOSE1:network_delegate.cc(35)] NetworkDelegate::NotifyBeforeURLRequest: https://reg3.bluemailapp.com/analytics
[1439543:0902/144917.835083:VERBOSE1:tls_handshaker.cc(100)] TlsClient: Continuing handshake
[1439543:0902/144917.840356:VERBOSE1:tls_handshaker.cc(100)] TlsClient: Continuing handshake
[1439543:0902/144917.840413:VERBOSE1:tls_handshaker.cc(100)] TlsClient: Continuing handshake
[1439464:0902/144917.841741:INFO:CONSOLE(205)] "Uncaught TypeError: a.addAccount.init is not a function", source: file:///opt/bluemail/resources/app.asar/dist/592.6755e26f590655d926a9.bundle.js (205)
[1439464:0902/144917.855793:VERBOSE1:file_url_loader_factory.cc(452)] FileURLLoader::Start: file:///opt/bluemail/resources/assets/png/welcomeScreenNewBg.png
[1439543:0902/144917.884384:VERBOSE1:tls_handshaker.cc(100)] TlsClient: Continuing handshake
[1439543:0902/144917.884762:VERBOSE1:tls_client_handshaker.cc(508)] Client: handshake finished
[1439543:0902/144917.906910:VERBOSE1:url_loader.cc(1767)] Will sniff content for mime type: https://www.google-analytics.com/g/collect?en=client_loaded_11_r1&v=2&tid=G-4NPNL0HNM4&gtm=GT-T944F68&cid=821e9ebc.2e00.469b.916a.7c7122e52a50&_eu=AEA&ngs=1&_s=2&sct=3&seg=1&_et=3&build=20465&ver=1.140.102&brandCode=b1&installStore=win_exe
[1439543:0902/144917.908070:VERBOSE1:url_loader.cc(1767)] Will sniff content for mime type: https://www.google-analytics.com/g/collect?en=client_loaded_r1&v=2&tid=G-4NPNL0HNM4&gtm=GT-T944F68&cid=821e9ebc.2e00.469b.916a.7c7122e52a50&_eu=AEA&ngs=1&_s=2&sct=3&seg=1&_et=3&build=20465&ver=1.140.102&brandCode=b1&installStore=win_exe
[1439464:0902/144917.977019:INFO:CONSOLE(0)] "Uncaught (in promise) undefined", source: file:///opt/bluemail/resources/app.asar/dist/index.html (0)
[1439464:0902/144917.977870:VERBOSE1:media_stream_manager.cc(1582)] RFAOSF::Core() [process_id=4, frame_id=4]
[1439543:0902/144918.001285:VERBOSE1:network_delegate.cc(35)] NetworkDelegate::NotifyBeforeURLRequest: https://fonts.googleapis.com/css?family=Open+Sans:400,500,600,700
[1439543:0902/144918.001496:VERBOSE1:network_delegate.cc(35)] NetworkDelegate::NotifyBeforeURLRequest: https://fonts.googleapis.com/css?family=Roboto:500
[1439543:0902/144918.241083:VERBOSE1:network_delegate.cc(35)] NetworkDelegate::NotifyBeforeURLRequest: https://reg3.bluemailapp.com/analytics
[1439543:0902/144919.902744:VERBOSE1:network_delegate.cc(35)] NetworkDelegate::NotifyBeforeURLRequest: https://fonts.gstatic.com/s/roboto/v48/KFOMCnqEu92Fr1ME7kSn66aGLdTylUAMQXC89YmC2DPNWub2bVmUiAo.woff2
[1439464:0902/144921.975534:VERBOSE1:file_url_loader_factory.cc(452)] FileURLLoader::Start: file:///
[1439464:0902/144926.976374:VERBOSE1:file_url_loader_factory.cc(452)] FileURLLoader::Start: file:///
[1439543:0902/144927.768385:VERBOSE1:network_delegate.cc(35)] NetworkDelegate::NotifyBeforeURLRequest: wss://nak2.onblix.com/socket.io/?username=49321184&password=uJIIjkjhSa2hNwtZigsZ&EIO=4&transport=websocket
[1439543:0902/144928.202202:VERBOSE1:network_delegate.cc(35)] NetworkDelegate::NotifyBeforeURLRequest: https://user-settings.s3.amazonaws.com/conf/domains/all.json?X-Amz-Algorithm=AWS4-HMAC-SHA256&X-Amz-Credential=AKIAU2SWVLYMUSVPDRVF%2F20250902%2Fus-east-1%2Fs3%2Faws4_request&X-Amz-Date=20250902T204928Z&X-Amz-Expires=86400&X-Amz-SignedHeaders=host&X-Amz-Signature=70f86f5219fc1c926edd64739a4dc38ebcb0cf09a70698f64825e7e113c8c766
[1439543:0902/144928.204728:VERBOSE1:network_delegate.cc(35)] NetworkDelegate::NotifyBeforeURLRequest: https://user-settings.s3.amazonaws.com/conf/services/all.json?X-Amz-Algorithm=AWS4-HMAC-SHA256&X-Amz-Credential=AKIAU2SWVLYMUSVPDRVF%2F20250902%2Fus-east-1%2Fs3%2Faws4_request&X-Amz-Date=20250902T204928Z&X-Amz-Expires=86400&X-Amz-SignedHeaders=host&X-Amz-Signature=b7db446770e1ca4a0070b87d346038077733a702860b9218187be87dfaf3cece
[1439464:0902/144931.977403:VERBOSE1:file_url_loader_factory.cc(452)] FileURLLoader::Start: file:///
[1439464:0902/144936.986459:VERBOSE1:file_url_loader_factory.cc(452)] FileURLLoader::Start: file:///
[1439543:0902/144939.338855:VERBOSE1:network_delegate.cc(35)] NetworkDelegate::NotifyBeforeURLRequest: https://umail.utah.edu/autodiscover/autodiscover.xml
[1439543:0902/144939.339290:VERBOSE1:network_delegate.cc(35)] NetworkDelegate::NotifyBeforeURLRequest: https://autodiscover.umail.utah.edu/autodiscover/autodiscover.xml
[1439543:0902/144939.339485:VERBOSE1:network_delegate.cc(35)] NetworkDelegate::NotifyBeforeURLRequest: https://autodiscover.umail.utah.edu/autodiscover/autodiscover.xml
[1439543:0902/144939.339644:VERBOSE1:network_delegate.cc(35)] NetworkDelegate::NotifyBeforeURLRequest: https://umail.utah.edu/autodiscover/autodiscover.xml
[1439543:0902/144939.339769:VERBOSE1:network_delegate.cc(35)] NetworkDelegate::NotifyBeforeURLRequest: https://autodiscover.umail.utah.edu/autodiscover/autodiscover.xml
[1439543:0902/144939.339933:VERBOSE1:network_delegate.cc(35)] NetworkDelegate::NotifyBeforeURLRequest: https://autodiscover.umail.utah.edu/autodiscover/autodiscover.xml
[1439543:0902/144939.372063:VERBOSE1:http_auth.cc(60)] Unable to create AuthHandler. Status: net::ERR_INVALID_RESPONSE Challenge: Negotiate
[1439543:0902/144939.377208:VERBOSE1:http_auth.cc(60)] Unable to create AuthHandler. Status: net::ERR_INVALID_RESPONSE Challenge: Negotiate
[1439543:0902/144939.511167:VERBOSE1:network_delegate.cc(35)] NetworkDelegate::NotifyBeforeURLRequest: https://umail.utah.edu/autodiscover/autodiscover.xml
[1439543:0902/144939.511701:VERBOSE1:network_delegate.cc(35)] NetworkDelegate::NotifyBeforeURLRequest: https://autodiscover.umail.utah.edu/autodiscover/autodiscover.xml
[1439543:0902/144939.511888:VERBOSE1:network_delegate.cc(35)] NetworkDelegate::NotifyBeforeURLRequest: https://autodiscover.umail.utah.edu/autodiscover/autodiscover.xml
[1439543:0902/144939.517212:VERBOSE1:http_auth.cc(60)] Unable to create AuthHandler. Status: net::ERR_INVALID_RESPONSE Challenge: Negotiate
[1439543:0902/144939.553750:VERBOSE1:network_delegate.cc(35)] NetworkDelegate::NotifyBeforeURLRequest: https://uofutah.mail.onmicrosoft.com/autodiscover/autodiscover.xml
[1439543:0902/144939.554102:VERBOSE1:network_delegate.cc(35)] NetworkDelegate::NotifyBeforeURLRequest: https://autodiscover.uofutah.mail.onmicrosoft.com/autodiscover/autodiscover.xml
[1439543:0902/144939.554310:VERBOSE1:network_delegate.cc(35)] NetworkDelegate::NotifyBeforeURLRequest: https://autodiscover.uofutah.mail.onmicrosoft.com/autodiscover/autodiscover.xml
[1439464:0902/144939.939849:INFO:CONSOLE(2)] "[object Object] [object Object] Error: Minified React error #31; visit https://reactjs.org/docs/error-decoder.html?invariant=31&args[]=object%20with%20keys%20%7Bstatus%2C%20statusText%2C%20headers%2C%20error%2C%20message%7D&args[]= for the full message or use the non-minified dev environment for full errors and additional helpful warnings. ", source: file:///opt/bluemail/resources/app.asar/dist/add_account/add_account_chunk-vendors.chunk.js (2)
[1439543:0902/144939.941228:VERBOSE1:network_delegate.cc(35)] NetworkDelegate::NotifyBeforeURLRequest: https://reg3.bluemailapp.com/analytics
[1439543:0902/144939.943588:VERBOSE1:network_delegate.cc(35)] NetworkDelegate::NotifyBeforeURLRequest: https://reg3.bluemailapp.com/v3/mailbox/get-recovery-email?email=u0977428@umail.utah.edu
[1439464:0902/144939.946152:INFO:CONSOLE(205)] "Uncaught (in promise) #<Object>", source: file:///opt/bluemail/resources/app.asar/dist/592.6755e26f590655d926a9.bundle.js (205)
[1439464:0902/144941.987618:VERBOSE1:file_url_loader_factory.cc(452)] FileURLLoader::Start: file:///
[1439543:0902/144946.954671:VERBOSE1:network_delegate.cc(35)] NetworkDelegate::NotifyBeforeURLRequest: https://8.8.8.8/
[1439543:0902/144946.955159:VERBOSE1:tls_handshaker.cc(100)] TlsClient: Continuing handshake
[1439543:0902/144946.970600:VERBOSE1:tls_handshaker.cc(100)] TlsClient: Continuing handshake
[1439543:0902/144946.977045:VERBOSE1:tls_handshaker.cc(100)] TlsClient: Continuing handshake
[1439543:0902/144946.977088:VERBOSE1:tls_handshaker.cc(100)] TlsClient: Continuing handshake
[1439543:0902/144946.985596:VERBOSE1:tls_handshaker.cc(100)] TlsClient: Continuing handshake
[1439543:0902/144946.985647:VERBOSE1:tls_handshaker.cc(100)] TlsClient: Continuing handshake
[1439543:0902/144946.987530:VERBOSE1:tls_handshaker.cc(100)] TlsClient: Continuing handshake
[1439543:0902/144946.987699:VERBOSE1:tls_client_handshaker.cc(508)] Client: handshake finished
[1439464:0902/144946.988330:VERBOSE1:file_url_loader_factory.cc(452)] FileURLLoader::Start: file:///
[1439543:0902/144947.003674:VERBOSE1:network_delegate.cc(35)] NetworkDelegate::NotifyBeforeURLRequest: https://dns.google/
[1439464:0902/144951.989486:VERBOSE1:file_url_loader_factory.cc(452)] FileURLLoader::Start: file:///
[1439464:0902/144956.990592:VERBOSE1:file_url_loader_factory.cc(452)] FileURLLoader::Start: file:///
[1439464:0902/145001.991785:VERBOSE1:file_url_loader_factory.cc(452)] FileURLLoader::Start: file:///
[1439543:0902/145002.821554:VERBOSE1:network_delegate.cc(35)] NetworkDelegate::NotifyBeforeURLRequest: https://reg3.bluemailapp.com/analytics
[1439464:0902/145006.992758:VERBOSE1:file_url_loader_factory.cc(452)] FileURLLoader::Start: file:///
[1439464:0902/145011.994924:VERBOSE1:file_url_loader_factory.cc(452)] FileURLLoader::Start: file:///
[1439543:0902/145016.954147:VERBOSE1:network_delegate.cc(35)] NetworkDelegate::NotifyBeforeURLRequest: https://8.8.8.8/
[1439543:0902/145016.954586:VERBOSE1:tls_handshaker.cc(100)] TlsClient: Continuing handshake
[1439543:0902/145016.954868:VERBOSE1:tls_handshaker.cc(121)] TlsClient: SSL_do_handshake returned when entering early data. After retry, rv=-1, SSL_in_early_data=1
[1439543:0902/145016.976079:VERBOSE1:tls_handshaker.cc(100)] TlsClient: Continuing handshake
[1439543:0902/145016.976245:VERBOSE1:tls_handshaker.cc(100)] TlsClient: Continuing handshake
[1439543:0902/145016.976280:VERBOSE1:tls_client_handshaker.cc(508)] Client: handshake finished
[1439543:0902/145016.990199:VERBOSE1:network_delegate.cc(35)] NetworkDelegate::NotifyBeforeURLRequest: https://dns.google/
[1439464:0902/145016.995901:VERBOSE1:file_url_loader_factory.cc(452)] FileURLLoader::Start: file:///
[1439464:0902/145021.997092:VERBOSE1:file_url_loader_factory.cc(452)] FileURLLoader::Start: file:///
[1439464:0902/145026.998272:VERBOSE1:file_url_loader_factory.cc(452)] FileURLLoader::Start: file:///
[1439464:0902/145031.999538:VERBOSE1:file_url_loader_factory.cc(452)] FileURLLoader::Start: file:///
[1439464:0902/145037.000742:VERBOSE1:file_url_loader_factory.cc(452)] FileURLLoader::Start: file:///
[1439464:0902/145042.001869:VERBOSE1:file_url_loader_factory.cc(452)] FileURLLoader::Start: file:///
[1439543:0902/145046.953823:VERBOSE1:network_delegate.cc(35)] NetworkDelegate::NotifyBeforeURLRequest: https://8.8.8.8/
[1439543:0902/145046.954269:VERBOSE1:tls_handshaker.cc(100)] TlsClient: Continuing handshake
[1439543:0902/145046.954564:VERBOSE1:tls_handshaker.cc(121)] TlsClient: SSL_do_handshake returned when entering early data. After retry, rv=-1, SSL_in_early_data=1
[1439543:0902/145046.975151:VERBOSE1:tls_handshaker.cc(100)] TlsClient: Continuing handshake
[1439543:0902/145046.975307:VERBOSE1:tls_handshaker.cc(100)] TlsClient: Continuing handshake
[1439543:0902/145046.975340:VERBOSE1:tls_client_handshaker.cc(508)] Client: handshake finished
[1439543:0902/145046.989823:VERBOSE1:network_delegate.cc(35)] NetworkDelegate::NotifyBeforeURLRequest: https://dns.google/
[1439464:0902/145047.003026:VERBOSE1:file_url_loader_factory.cc(452)] FileURLLoader::Start: file:///
[1439464:0902/145052.005470:VERBOSE1:file_url_loader_factory.cc(452)] FileURLLoader::Start: file:///
[1439464:0902/145057.008468:VERBOSE1:file_url_loader_factory.cc(452)] FileURLLoader::Start: file:///
[1439464:0902/145102.011003:VERBOSE1:file_url_loader_factory.cc(452)] FileURLLoader::Start: file:///
[1439464:0902/145107.012253:VERBOSE1:file_url_loader_factory.cc(452)] FileURLLoader::Start: file:///
[1439464:0902/145112.013359:VERBOSE1:file_url_loader_factory.cc(452)] FileURLLoader::Start: file:///
[1439543:0902/145116.953742:VERBOSE1:network_delegate.cc(35)] NetworkDelegate::NotifyBeforeURLRequest: https://8.8.8.8/
[1439543:0902/145116.954180:VERBOSE1:tls_handshaker.cc(100)] TlsClient: Continuing handshake
[1439543:0902/145116.954450:VERBOSE1:tls_handshaker.cc(121)] TlsClient: SSL_do_handshake returned when entering early data. After retry, rv=-1, SSL_in_early_data=1
[1439543:0902/145116.975655:VERBOSE1:tls_handshaker.cc(100)] TlsClient: Continuing handshake
[1439543:0902/145116.975914:VERBOSE1:tls_handshaker.cc(100)] TlsClient: Continuing handshake
[1439543:0902/145116.975987:VERBOSE1:tls_client_handshaker.cc(508)] Client: handshake finished
[1439543:0902/145116.991382:VERBOSE1:network_delegate.cc(35)] NetworkDelegate::NotifyBeforeURLRequest: https://dns.google/
[1439464:0902/145117.017705:VERBOSE1:file_url_loader_factory.cc(452)] FileURLLoader::Start: file:///
[1439464:0902/145122.019138:VERBOSE1:file_url_loader_factory.cc(452)] FileURLLoader::Start: file:///
[1439464:0902/145127.020184:VERBOSE1:file_url_loader_factory.cc(452)] FileURLLoader::Start: file:///
[1439464:0902/145132.021349:VERBOSE1:file_url_loader_factory.cc(452)] FileURLLoader::Start: file:///
[1439464:0902/145137.022612:VERBOSE1:file_url_loader_factory.cc(452)] FileURLLoader::Start: file:///
[1439464:0902/145142.024003:VERBOSE1:file_url_loader_factory.cc(452)] FileURLLoader::Start: file:///
[1439543:0902/145146.953716:VERBOSE1:network_delegate.cc(35)] NetworkDelegate::NotifyBeforeURLRequest: https://8.8.8.8/
[1439543:0902/145146.954150:VERBOSE1:tls_handshaker.cc(100)] TlsClient: Continuing handshake
[1439543:0902/145146.954433:VERBOSE1:tls_handshaker.cc(121)] TlsClient: SSL_do_handshake returned when entering early data. After retry, rv=-1, SSL_in_early_data=1
[1439543:0902/145146.974489:VERBOSE1:tls_handshaker.cc(100)] TlsClient: Continuing handshake
[1439543:0902/145146.974633:VERBOSE1:tls_handshaker.cc(100)] TlsClient: Continuing handshake
[1439543:0902/145146.974665:VERBOSE1:tls_client_handshaker.cc(508)] Client: handshake finished
[1439543:0902/145146.988580:VERBOSE1:network_delegate.cc(35)] NetworkDelegate::NotifyBeforeURLRequest: https://dns.google/
[1439464:0902/145147.024857:VERBOSE1:file_url_loader_factory.cc(452)] FileURLLoader::Start: file:///
[1439464:0902/145152.026106:VERBOSE1:file_url_loader_factory.cc(452)] FileURLLoader::Start: file:///
[1439464:0902/145157.027209:VERBOSE1:file_url_loader_factory.cc(452)] FileURLLoader::Start: file:///
[1439464:0902/145202.028354:VERBOSE1:file_url_loader_factory.cc(452)] FileURLLoader::Start: file:///
[1439464:0902/145207.029456:VERBOSE1:file_url_loader_factory.cc(452)] FileURLLoader::Start: file:///
[1439464:0902/145212.031066:VERBOSE1:file_url_loader_factory.cc(452)] FileURLLoader::Start: file:///
[1439543:0902/145216.953830:VERBOSE1:network_delegate.cc(35)] NetworkDelegate::NotifyBeforeURLRequest: https://8.8.8.8/
[1439543:0902/145216.954300:VERBOSE1:tls_handshaker.cc(100)] TlsClient: Continuing handshake
[1439543:0902/145216.954582:VERBOSE1:tls_handshaker.cc(121)] TlsClient: SSL_do_handshake returned when entering early data. After retry, rv=-1, SSL_in_early_data=1
[1439543:0902/145216.975778:VERBOSE1:tls_handshaker.cc(100)] TlsClient: Continuing handshake
[1439543:0902/145216.975944:VERBOSE1:tls_handshaker.cc(100)] TlsClient: Continuing handshake
[1439543:0902/145216.975981:VERBOSE1:tls_client_handshaker.cc(508)] Client: handshake finished
[1439543:0902/145216.989888:VERBOSE1:network_delegate.cc(35)] NetworkDelegate::NotifyBeforeURLRequest: https://dns.google/
[1439464:0902/145217.032028:VERBOSE1:file_url_loader_factory.cc(452)] FileURLLoader::Start: file:///
[1439464:0902/145222.033070:VERBOSE1:file_url_loader_factory.cc(452)] FileURLLoader::Start: file:///
[1439464:0902/145227.034153:VERBOSE1:file_url_loader_factory.cc(452)] FileURLLoader::Start: file:///
[1439464:0902/145232.035260:VERBOSE1:file_url_loader_factory.cc(452)] FileURLLoader::Start: file:///
[1439464:0902/145237.036372:VERBOSE1:file_url_loader_factory.cc(452)] FileURLLoader::Start: file:///
[1439464:0902/145242.037870:VERBOSE1:file_url_loader_factory.cc(452)] FileURLLoader::Start: file:///
[1439543:0902/145246.954200:VERBOSE1:network_delegate.cc(35)] NetworkDelegate::NotifyBeforeURLRequest: https://8.8.8.8/
[1439543:0902/145246.954981:VERBOSE1:tls_handshaker.cc(100)] TlsClient: Continuing handshake
[1439543:0902/145246.955407:VERBOSE1:tls_handshaker.cc(121)] TlsClient: SSL_do_handshake returned when entering early data. After retry, rv=-1, SSL_in_early_data=1
[1439543:0902/145246.974954:VERBOSE1:tls_handshaker.cc(100)] TlsClient: Continuing handshake
[1439543:0902/145246.975111:VERBOSE1:tls_handshaker.cc(100)] TlsClient: Continuing handshake
[1439543:0902/145246.975140:VERBOSE1:tls_client_handshaker.cc(508)] Client: handshake finished
[1439543:0902/145246.989560:VERBOSE1:network_delegate.cc(35)] NetworkDelegate::NotifyBeforeURLRequest: https://dns.google/
[1439464:0902/145247.039140:VERBOSE1:file_url_loader_factory.cc(452)] FileURLLoader::Start: file:///
[1439464:0902/145252.040177:VERBOSE1:file_url_loader_factory.cc(452)] FileURLLoader::Start: file:///
[1439464:0902/145257.041250:VERBOSE1:file_url_loader_factory.cc(452)] FileURLLoader::Start: file:///
[1439464:0902/145302.042433:VERBOSE1:file_url_loader_factory.cc(452)] FileURLLoader::Start: file:///
[1439464:0902/145307.043799:VERBOSE1:file_url_loader_factory.cc(452)] FileURLLoader::Start: file:///
[1439464:0902/145312.045481:VERBOSE1:file_url_loader_factory.cc(452)] FileURLLoader::Start: file:///
[1439543:0902/145316.953886:VERBOSE1:network_delegate.cc(35)] NetworkDelegate::NotifyBeforeURLRequest: https://8.8.8.8/
[1439543:0902/145316.954337:VERBOSE1:tls_handshaker.cc(100)] TlsClient: Continuing handshake
[1439543:0902/145316.954628:VERBOSE1:tls_handshaker.cc(121)] TlsClient: SSL_do_handshake returned when entering early data. After retry, rv=-1, SSL_in_early_data=1
[1439543:0902/145316.977566:VERBOSE1:tls_handshaker.cc(100)] TlsClient: Continuing handshake
[1439543:0902/145316.977745:VERBOSE1:tls_handshaker.cc(100)] TlsClient: Continuing handshake
[1439543:0902/145316.977787:VERBOSE1:tls_client_handshaker.cc(508)] Client: handshake finished
[1439543:0902/145316.992166:VERBOSE1:network_delegate.cc(35)] NetworkDelegate::NotifyBeforeURLRequest: https://dns.google/
[1439464:0902/145317.046646:VERBOSE1:file_url_loader_factory.cc(452)] FileURLLoader::Start: file:///
[1439464:0902/145322.049628:VERBOSE1:file_url_loader_factory.cc(452)] FileURLLoader::Start: file:///
[1439464:0902/145327.051190:VERBOSE1:file_url_loader_factory.cc(452)] FileURLLoader::Start: file:///
[1439464:0902/145332.052991:VERBOSE1:file_url_loader_factory.cc(452)] FileURLLoader::Start: file:///
[1439464:0902/145337.055842:VERBOSE1:file_url_loader_factory.cc(452)] FileURLLoader::Start: file:///
[1439464:0902/145342.058713:VERBOSE1:file_url_loader_factory.cc(452)] FileURLLoader::Start: file:///
[1439543:0902/145346.953790:VERBOSE1:network_delegate.cc(35)] NetworkDelegate::NotifyBeforeURLRequest: https://8.8.8.8/
[1439543:0902/145346.954262:VERBOSE1:tls_handshaker.cc(100)] TlsClient: Continuing handshake
[1439543:0902/145346.954548:VERBOSE1:tls_handshaker.cc(121)] TlsClient: SSL_do_handshake returned when entering early data. After retry, rv=-1, SSL_in_early_data=1
[1439543:0902/145346.975463:VERBOSE1:tls_handshaker.cc(100)] TlsClient: Continuing handshake
[1439543:0902/145346.975688:VERBOSE1:tls_handshaker.cc(100)] TlsClient: Continuing handshake
[1439543:0902/145346.975742:VERBOSE1:tls_client_handshaker.cc(508)] Client: handshake finished
[1439543:0902/145346.990820:VERBOSE1:network_delegate.cc(35)] NetworkDelegate::NotifyBeforeURLRequest: https://dns.google/
[1439464:0902/145347.060316:VERBOSE1:file_url_loader_factory.cc(452)] FileURLLoader::Start: file:///
[1439464:0902/145352.062062:VERBOSE1:file_url_loader_factory.cc(452)] FileURLLoader::Start: file:///
[1439464:0902/145357.063767:VERBOSE1:file_url_loader_factory.cc(452)] FileURLLoader::Start: file:///
[1439464:0902/145402.065220:VERBOSE1:file_url_loader_factory.cc(452)] FileURLLoader::Start: file:///
[1439464:0902/145407.067491:VERBOSE1:file_url_loader_factory.cc(452)] FileURLLoader::Start: file:///
[1439464:0902/145412.069549:VERBOSE1:file_url_loader_factory.cc(452)] FileURLLoader::Start: file:///
[1439543:0902/145416.954176:VERBOSE1:network_delegate.cc(35)] NetworkDelegate::NotifyBeforeURLRequest: https://8.8.8.8/
[1439543:0902/145416.954972:VERBOSE1:tls_handshaker.cc(100)] TlsClient: Continuing handshake
[1439543:0902/145416.955434:VERBOSE1:tls_handshaker.cc(121)] TlsClient: SSL_do_handshake returned when entering early data. After retry, rv=-1, SSL_in_early_data=1
[1439543:0902/145416.976032:VERBOSE1:tls_handshaker.cc(100)] TlsClient: Continuing handshake
[1439543:0902/145416.976278:VERBOSE1:tls_handshaker.cc(100)] TlsClient: Continuing handshake
[1439543:0902/145416.976333:VERBOSE1:tls_client_handshaker.cc(508)] Client: handshake finished
[1439543:0902/145416.990783:VERBOSE1:network_delegate.cc(35)] NetworkDelegate::NotifyBeforeURLRequest: https://dns.google/
[1439464:0902/145417.070768:VERBOSE1:file_url_loader_factory.cc(452)] FileURLLoader::Start: file:///
[1439464:0902/145422.072685:VERBOSE1:file_url_loader_factory.cc(452)] FileURLLoader::Start: file:///
[1439464:0902/145427.073997:VERBOSE1:file_url_loader_factory.cc(452)] FileURLLoader::Start: file:///
[1439464:0902/145432.075339:VERBOSE1:file_url_loader_factory.cc(452)] FileURLLoader::Start: file:///
[1439464:0902/145437.076622:VERBOSE1:file_url_loader_factory.cc(452)] FileURLLoader::Start: file:///
[1439464:0902/145442.079841:VERBOSE1:file_url_loader_factory.cc(452)] FileURLLoader::Start: file:///
[1439543:0902/145446.954071:VERBOSE1:network_delegate.cc(35)] NetworkDelegate::NotifyBeforeURLRequest: https://8.8.8.8/
[1439543:0902/145446.954785:VERBOSE1:tls_handshaker.cc(100)] TlsClient: Continuing handshake
[1439543:0902/145446.955146:VERBOSE1:tls_handshaker.cc(121)] TlsClient: SSL_do_handshake returned when entering early data. After retry, rv=-1, SSL_in_early_data=1
[1439543:0902/145446.976659:VERBOSE1:tls_handshaker.cc(100)] TlsClient: Continuing handshake
[1439543:0902/145446.976795:VERBOSE1:tls_handshaker.cc(100)] TlsClient: Continuing handshake
[1439543:0902/145446.976826:VERBOSE1:tls_client_handshaker.cc(508)] Client: handshake finished
[1439543:0902/145446.991352:VERBOSE1:network_delegate.cc(35)] NetworkDelegate::NotifyBeforeURLRequest: https://dns.google/
[1439464:0902/145447.082785:VERBOSE1:file_url_loader_factory.cc(452)] FileURLLoader::Start: file:///
[1439464:0902/145452.085168:VERBOSE1:file_url_loader_factory.cc(452)] FileURLLoader::Start: file:///
[1439464:0902/145457.086687:VERBOSE1:file_url_loader_factory.cc(452)] FileURLLoader::Start: file:///
[1439464:0902/145502.087874:VERBOSE1:file_url_loader_factory.cc(452)] FileURLLoader::Start: file:///
[1439464:0902/145507.089583:VERBOSE1:file_url_loader_factory.cc(452)] FileURLLoader::Start: file:///
[1439464:0902/145512.091501:VERBOSE1:file_url_loader_factory.cc(452)] FileURLLoader::Start: file:///
[1439543:0902/145516.954752:VERBOSE1:network_delegate.cc(35)] NetworkDelegate::NotifyBeforeURLRequest: https://8.8.8.8/
[1439543:0902/145516.955227:VERBOSE1:tls_handshaker.cc(100)] TlsClient: Continuing handshake
[1439543:0902/145516.955528:VERBOSE1:tls_handshaker.cc(121)] TlsClient: SSL_do_handshake returned when entering early data. After retry, rv=-1, SSL_in_early_data=1
[1439543:0902/145516.975830:VERBOSE1:tls_handshaker.cc(100)] TlsClient: Continuing handshake
[1439543:0902/145516.975963:VERBOSE1:tls_handshaker.cc(100)] TlsClient: Continuing handshake
[1439543:0902/145516.975994:VERBOSE1:tls_client_handshaker.cc(508)] Client: handshake finished
[1439543:0902/145516.989933:VERBOSE1:network_delegate.cc(35)] NetworkDelegate::NotifyBeforeURLRequest: https://dns.google/
[1439464:0902/145517.094123:VERBOSE1:file_url_loader_factory.cc(452)] FileURLLoader::Start: file:///
[1439464:0902/145522.095791:VERBOSE1:file_url_loader_factory.cc(452)] FileURLLoader::Start: file:///
[1439464:0902/145527.097613:VERBOSE1:file_url_loader_factory.cc(452)] FileURLLoader::Start: file:///
[1439464:0902/145532.099076:VERBOSE1:file_url_loader_factory.cc(452)] FileURLLoader::Start: file:///
[1439464:0902/145537.100722:VERBOSE1:file_url_loader_factory.cc(452)] FileURLLoader::Start: file:///
[1439464:0902/145542.102256:VERBOSE1:file_url_loader_factory.cc(452)] FileURLLoader::Start: file:///
[1439543:0902/145546.953818:VERBOSE1:network_delegate.cc(35)] NetworkDelegate::NotifyBeforeURLRequest: https://8.8.8.8/
[1439543:0902/145546.954309:VERBOSE1:tls_handshaker.cc(100)] TlsClient: Continuing handshake
[1439543:0902/145546.956831:VERBOSE1:tls_handshaker.cc(121)] TlsClient: SSL_do_handshake returned when entering early data. After retry, rv=-1, SSL_in_early_data=1
[1439543:0902/145546.977583:VERBOSE1:tls_handshaker.cc(100)] TlsClient: Continuing handshake
[1439543:0902/145546.977766:VERBOSE1:tls_handshaker.cc(100)] TlsClient: Continuing handshake
[1439543:0902/145546.977802:VERBOSE1:tls_client_handshaker.cc(508)] Client: handshake finished
[1439543:0902/145546.992183:VERBOSE1:network_delegate.cc(35)] NetworkDelegate::NotifyBeforeURLRequest: https://dns.google/
[1439464:0902/145547.103577:VERBOSE1:file_url_loader_factory.cc(452)] FileURLLoader::Start: file:///
[1439464:0902/145552.106117:VERBOSE1:file_url_loader_factory.cc(452)] FileURLLoader::Start: file:///
[1439464:0902/145557.108080:VERBOSE1:file_url_loader_factory.cc(452)] FileURLLoader::Start: file:///
[1439464:0902/145602.110704:VERBOSE1:file_url_loader_factory.cc(452)] FileURLLoader::Start: file:///
[1439464:0902/145607.112697:VERBOSE1:file_url_loader_factory.cc(452)] FileURLLoader::Start: file:///
[1439464:0902/145612.114871:VERBOSE1:file_url_loader_factory.cc(452)] FileURLLoader::Start: file:///
[1439543:0902/145616.954445:VERBOSE1:network_delegate.cc(35)] NetworkDelegate::NotifyBeforeURLRequest: https://8.8.8.8/
[1439543:0902/145616.955191:VERBOSE1:tls_handshaker.cc(100)] TlsClient: Continuing handshake
[1439543:0902/145616.956319:VERBOSE1:tls_handshaker.cc(121)] TlsClient: SSL_do_handshake returned when entering early data. After retry, rv=-1, SSL_in_early_data=1
[1439543:0902/145616.976794:VERBOSE1:tls_handshaker.cc(100)] TlsClient: Continuing handshake
[1439543:0902/145616.976987:VERBOSE1:tls_handshaker.cc(100)] TlsClient: Continuing handshake
[1439543:0902/145616.977027:VERBOSE1:tls_client_handshaker.cc(508)] Client: handshake finished
[1439543:0902/145616.991564:VERBOSE1:network_delegate.cc(35)] NetworkDelegate::NotifyBeforeURLRequest: https://dns.google/
[1439464:0902/145617.117187:VERBOSE1:file_url_loader_factory.cc(452)] FileURLLoader::Start: file:///
[1439464:0902/145622.119155:VERBOSE1:file_url_loader_factory.cc(452)] FileURLLoader::Start: file:///
[1439464:0902/145627.121429:VERBOSE1:file_url_loader_factory.cc(452)] FileURLLoader::Start: file:///
[1439464:0902/145632.123678:VERBOSE1:file_url_loader_factory.cc(452)] FileURLLoader::Start: file:///
[1439464:0902/145637.125333:VERBOSE1:file_url_loader_factory.cc(452)] FileURLLoader::Start: file:///
[1439464:0902/145642.126725:VERBOSE1:file_url_loader_factory.cc(452)] FileURLLoader::Start: file:///
[1439543:0902/145646.953733:VERBOSE1:network_delegate.cc(35)] NetworkDelegate::NotifyBeforeURLRequest: https://8.8.8.8/
[1439543:0902/145646.954236:VERBOSE1:tls_handshaker.cc(100)] TlsClient: Continuing handshake
[1439543:0902/145646.954556:VERBOSE1:tls_handshaker.cc(121)] TlsClient: SSL_do_handshake returned when entering early data. After retry, rv=-1, SSL_in_early_data=1
[1439543:0902/145646.975399:VERBOSE1:tls_handshaker.cc(100)] TlsClient: Continuing handshake
[1439543:0902/145646.975531:VERBOSE1:tls_handshaker.cc(100)] TlsClient: Continuing handshake
[1439543:0902/145646.975563:VERBOSE1:tls_client_handshaker.cc(508)] Client: handshake finished
[1439543:0902/145646.989640:VERBOSE1:network_delegate.cc(35)] NetworkDelegate::NotifyBeforeURLRequest: https://dns.google/
[1439464:0902/145647.131115:VERBOSE1:file_url_loader_factory.cc(452)] FileURLLoader::Start: file:///
[1439464:0902/145652.132020:VERBOSE1:file_url_loader_factory.cc(452)] FileURLLoader::Start: file:///
[1439464:0902/145657.133003:VERBOSE1:file_url_loader_factory.cc(452)] FileURLLoader::Start: file:///
[1439464:0902/145702.134023:VERBOSE1:file_url_loader_factory.cc(452)] FileURLLoader::Start: file:///
[1439464:0902/145707.135147:VERBOSE1:file_url_loader_factory.cc(452)] FileURLLoader::Start: file:///
[1439464:0902/145712.136195:VERBOSE1:file_url_loader_factory.cc(452)] FileURLLoader::Start: file:///
[1439543:0902/145716.953870:VERBOSE1:network_delegate.cc(35)] NetworkDelegate::NotifyBeforeURLRequest: https://8.8.8.8/
[1439543:0902/145716.954320:VERBOSE1:tls_handshaker.cc(100)] TlsClient: Continuing handshake
[1439543:0902/145716.954598:VERBOSE1:tls_handshaker.cc(121)] TlsClient: SSL_do_handshake returned when entering early data. After retry, rv=-1, SSL_in_early_data=1
[1439543:0902/145716.975569:VERBOSE1:tls_handshaker.cc(100)] TlsClient: Continuing handshake
[1439543:0902/145716.975713:VERBOSE1:tls_handshaker.cc(100)] TlsClient: Continuing handshake
[1439543:0902/145716.975746:VERBOSE1:tls_client_handshaker.cc(508)] Client: handshake finished
[1439543:0902/145716.989745:VERBOSE1:network_delegate.cc(35)] NetworkDelegate::NotifyBeforeURLRequest: https://dns.google/
[1439464:0902/145717.136884:VERBOSE1:file_url_loader_factory.cc(452)] FileURLLoader::Start: file:///
[1439464:0902/145722.137844:VERBOSE1:file_url_loader_factory.cc(452)] FileURLLoader::Start: file:///
[1439464:0902/145727.138891:VERBOSE1:file_url_loader_factory.cc(452)] FileURLLoader::Start: file:///
[1439464:0902/145732.139978:VERBOSE1:file_url_loader_factory.cc(452)] FileURLLoader::Start: file:///
[1439464:0902/145737.141026:VERBOSE1:file_url_loader_factory.cc(452)] FileURLLoader::Start: file:///
[1439464:0902/145742.142187:VERBOSE1:file_url_loader_factory.cc(452)] FileURLLoader::Start: file:///
[1439543:0902/145746.953638:VERBOSE1:network_delegate.cc(35)] NetworkDelegate::NotifyBeforeURLRequest: https://8.8.8.8/
[1439543:0902/145746.954150:VERBOSE1:tls_handshaker.cc(100)] TlsClient: Continuing handshake
[1439543:0902/145746.954418:VERBOSE1:tls_handshaker.cc(121)] TlsClient: SSL_do_handshake returned when entering early data. After retry, rv=-1, SSL_in_early_data=1
[1439543:0902/145746.975832:VERBOSE1:tls_handshaker.cc(100)] TlsClient: Continuing handshake
[1439543:0902/145746.975964:VERBOSE1:tls_handshaker.cc(100)] TlsClient: Continuing handshake
[1439543:0902/145746.975993:VERBOSE1:tls_client_handshaker.cc(508)] Client: handshake finished
[1439543:0902/145746.989731:VERBOSE1:network_delegate.cc(35)] NetworkDelegate::NotifyBeforeURLRequest: https://dns.google/
[1439464:0902/145747.143743:VERBOSE1:file_url_loader_factory.cc(452)] FileURLLoader::Start: file:///
[1439464:0902/145752.145014:VERBOSE1:file_url_loader_factory.cc(452)] FileURLLoader::Start: file:///
[1439464:0902/145757.146312:VERBOSE1:file_url_loader_factory.cc(452)] FileURLLoader::Start: file:///
[1439464:0902/145802.148386:VERBOSE1:file_url_loader_factory.cc(452)] FileURLLoader::Start: file:///
[1439464:0902/145807.150709:VERBOSE1:file_url_loader_factory.cc(452)] FileURLLoader::Start: file:///
[1439464:0902/145812.151739:VERBOSE1:file_url_loader_factory.cc(452)] FileURLLoader::Start: file:///
[1439543:0902/145816.953889:VERBOSE1:network_delegate.cc(35)] NetworkDelegate::NotifyBeforeURLRequest: https://8.8.8.8/
[1439543:0902/145816.954349:VERBOSE1:tls_handshaker.cc(100)] TlsClient: Continuing handshake
[1439543:0902/145816.954643:VERBOSE1:tls_handshaker.cc(121)] TlsClient: SSL_do_handshake returned when entering early data. After retry, rv=-1, SSL_in_early_data=1
[1439543:0902/145816.975784:VERBOSE1:tls_handshaker.cc(100)] TlsClient: Continuing handshake
[1439543:0902/145816.975930:VERBOSE1:tls_handshaker.cc(100)] TlsClient: Continuing handshake
[1439543:0902/145816.975966:VERBOSE1:tls_client_handshaker.cc(508)] Client: handshake finished
[1439543:0902/145816.989757:VERBOSE1:network_delegate.cc(35)] NetworkDelegate::NotifyBeforeURLRequest: https://dns.google/
[1439464:0902/145817.152354:VERBOSE1:file_url_loader_factory.cc(452)] FileURLLoader::Start: file:///
[1439464:0902/145822.153263:VERBOSE1:file_url_loader_factory.cc(452)] FileURLLoader::Start: file:///
[1439464:0902/145827.155590:VERBOSE1:file_url_loader_factory.cc(452)] FileURLLoader::Start: file:///
[1439464:0902/145832.156658:VERBOSE1:file_url_loader_factory.cc(452)] FileURLLoader::Start: file:///
[1439464:0902/145837.157900:VERBOSE1:file_url_loader_factory.cc(452)] FileURLLoader::Start: file:///
[1439464:0902/145842.158987:VERBOSE1:file_url_loader_factory.cc(452)] FileURLLoader::Start: file:///
[1439543:0902/145846.953574:VERBOSE1:network_delegate.cc(35)] NetworkDelegate::NotifyBeforeURLRequest: https://8.8.8.8/
[1439543:0902/145846.954001:VERBOSE1:tls_handshaker.cc(100)] TlsClient: Continuing handshake
[1439543:0902/145846.954263:VERBOSE1:tls_handshaker.cc(121)] TlsClient: SSL_do_handshake returned when entering early data. After retry, rv=-1, SSL_in_early_data=1
[1439543:0902/145846.974559:VERBOSE1:tls_handshaker.cc(100)] TlsClient: Continuing handshake
[1439543:0902/145846.974706:VERBOSE1:tls_handshaker.cc(100)] TlsClient: Continuing handshake
[1439543:0902/145846.974737:VERBOSE1:tls_client_handshaker.cc(508)] Client: handshake finished
[1439543:0902/145846.988526:VERBOSE1:network_delegate.cc(35)] NetworkDelegate::NotifyBeforeURLRequest: https://dns.google/
[1439464:0902/145847.159786:VERBOSE1:file_url_loader_factory.cc(452)] FileURLLoader::Start: file:///
[1439464:0902/145852.160834:VERBOSE1:file_url_loader_factory.cc(452)] FileURLLoader::Start: file:///
[1439464:0902/145857.161921:VERBOSE1:file_url_loader_factory.cc(452)] FileURLLoader::Start: file:///
[1439464:0902/145902.164609:VERBOSE1:file_url_loader_factory.cc(452)] FileURLLoader::Start: file:///
[1439464:0902/145907.165678:VERBOSE1:file_url_loader_factory.cc(452)] FileURLLoader::Start: file:///
[1439464:0902/145912.166794:VERBOSE1:file_url_loader_factory.cc(452)] FileURLLoader::Start: file:///
[1439543:0902/145916.953717:VERBOSE1:network_delegate.cc(35)] NetworkDelegate::NotifyBeforeURLRequest: https://8.8.8.8/
[1439543:0902/145916.954215:VERBOSE1:tls_handshaker.cc(100)] TlsClient: Continuing handshake
[1439543:0902/145916.954508:VERBOSE1:tls_handshaker.cc(121)] TlsClient: SSL_do_handshake returned when entering early data. After retry, rv=-1, SSL_in_early_data=1
[1439543:0902/145917.044438:VERBOSE1:tls_handshaker.cc(100)] TlsClient: Continuing handshake
[1439543:0902/145917.044580:VERBOSE1:tls_handshaker.cc(100)] TlsClient: Continuing handshake
[1439543:0902/145917.044613:VERBOSE1:tls_client_handshaker.cc(508)] Client: handshake finished
[1439543:0902/145917.067049:VERBOSE1:network_delegate.cc(35)] NetworkDelegate::NotifyBeforeURLRequest: https://dns.google/
[1439464:0902/145917.167622:VERBOSE1:file_url_loader_factory.cc(452)] FileURLLoader::Start: file:///
[1439464:0902/145922.168637:VERBOSE1:file_url_loader_factory.cc(452)] FileURLLoader::Start: file:///
[1439464:0902/145927.169696:VERBOSE1:file_url_loader_factory.cc(452)] FileURLLoader::Start: file:///
[1439464:0902/145932.170864:VERBOSE1:file_url_loader_factory.cc(452)] FileURLLoader::Start: file:///
[1439464:0902/145937.172011:VERBOSE1:file_url_loader_factory.cc(452)] FileURLLoader::Start: file:///
[1439464:0902/145942.173152:VERBOSE1:file_url_loader_factory.cc(452)] FileURLLoader::Start: file:///
[1439543:0902/145946.953694:VERBOSE1:network_delegate.cc(35)] NetworkDelegate::NotifyBeforeURLRequest: https://8.8.8.8/
[1439543:0902/145946.954156:VERBOSE1:tls_handshaker.cc(100)] TlsClient: Continuing handshake
[1439543:0902/145946.954452:VERBOSE1:tls_handshaker.cc(121)] TlsClient: SSL_do_handshake returned when entering early data. After retry, rv=-1, SSL_in_early_data=1
[1439543:0902/145946.973920:VERBOSE1:tls_handshaker.cc(100)] TlsClient: Continuing handshake
[1439543:0902/145946.974066:VERBOSE1:tls_handshaker.cc(100)] TlsClient: Continuing handshake
[1439543:0902/145946.974100:VERBOSE1:tls_client_handshaker.cc(508)] Client: handshake finished
[1439543:0902/145946.987929:VERBOSE1:network_delegate.cc(35)] NetworkDelegate::NotifyBeforeURLRequest: https://dns.google/
[1439464:0902/145947.173825:VERBOSE1:file_url_loader_factory.cc(452)] FileURLLoader::Start: file:///
[1439464:0902/145952.174851:VERBOSE1:file_url_loader_factory.cc(452)] FileURLLoader::Start: file:///
[1439464:0902/145957.175875:VERBOSE1:file_url_loader_factory.cc(452)] FileURLLoader::Start: file:///
[1439464:0902/150002.176962:VERBOSE1:file_url_loader_factory.cc(452)] FileURLLoader::Start: file:///
[1439464:0902/150007.177948:VERBOSE1:file_url_loader_factory.cc(452)] FileURLLoader::Start: file:///
[1439464:0902/150012.178942:VERBOSE1:file_url_loader_factory.cc(452)] FileURLLoader::Start: file:///
[1439543:0902/150016.953894:VERBOSE1:network_delegate.cc(35)] NetworkDelegate::NotifyBeforeURLRequest: https://8.8.8.8/
[1439543:0902/150016.954703:VERBOSE1:tls_handshaker.cc(100)] TlsClient: Continuing handshake
[1439543:0902/150016.955005:VERBOSE1:tls_handshaker.cc(121)] TlsClient: SSL_do_handshake returned when entering early data. After retry, rv=-1, SSL_in_early_data=1
[1439543:0902/150016.975473:VERBOSE1:tls_handshaker.cc(100)] TlsClient: Continuing handshake
[1439543:0902/150016.975561:VERBOSE1:tls_handshaker.cc(100)] TlsClient: Continuing handshake
[1439543:0902/150016.975589:VERBOSE1:tls_client_handshaker.cc(508)] Client: handshake finished
[1439543:0902/150016.989405:VERBOSE1:network_delegate.cc(35)] NetworkDelegate::NotifyBeforeURLRequest: https://dns.google/
[1439464:0902/150017.180102:VERBOSE1:file_url_loader_factory.cc(452)] FileURLLoader::Start: file:///
[1439464:0902/150022.181490:VERBOSE1:file_url_loader_factory.cc(452)] FileURLLoader::Start: file:///
[1439464:0902/150027.182737:VERBOSE1:file_url_loader_factory.cc(452)] FileURLLoader::Start: file:///
[1439464:0902/150032.183842:VERBOSE1:file_url_loader_factory.cc(452)] FileURLLoader::Start: file:///
[1439464:0902/150037.185320:VERBOSE1:file_url_loader_factory.cc(452)] FileURLLoader::Start: file:///
[1439464:0902/150042.186658:VERBOSE1:file_url_loader_factory.cc(452)] FileURLLoader::Start: file:///
[1439543:0902/150046.953777:VERBOSE1:network_delegate.cc(35)] NetworkDelegate::NotifyBeforeURLRequest: https://8.8.8.8/
[1439543:0902/150046.954220:VERBOSE1:tls_handshaker.cc(100)] TlsClient: Continuing handshake
[1439543:0902/150046.954528:VERBOSE1:tls_handshaker.cc(121)] TlsClient: SSL_do_handshake returned when entering early data. After retry, rv=-1, SSL_in_early_data=1
[1439543:0902/150046.975103:VERBOSE1:tls_handshaker.cc(100)] TlsClient: Continuing handshake
[1439543:0902/150046.975226:VERBOSE1:tls_handshaker.cc(100)] TlsClient: Continuing handshake
[1439543:0902/150046.975256:VERBOSE1:tls_client_handshaker.cc(508)] Client: handshake finished
[1439543:0902/150046.989077:VERBOSE1:network_delegate.cc(35)] NetworkDelegate::NotifyBeforeURLRequest: https://dns.google/
[1439464:0902/150047.187883:VERBOSE1:file_url_loader_factory.cc(452)] FileURLLoader::Start: file:///
[1439464:0902/150052.189091:VERBOSE1:file_url_loader_factory.cc(452)] FileURLLoader::Start: file:///
[1439464:0902/150057.190279:VERBOSE1:file_url_loader_factory.cc(452)] FileURLLoader::Start: file:///
[1439464:0902/150102.191551:VERBOSE1:file_url_loader_factory.cc(452)] FileURLLoader::Start: file:///
[1439464:0902/150107.192819:VERBOSE1:file_url_loader_factory.cc(452)] FileURLLoader::Start: file:///
[1439464:0902/150112.194088:VERBOSE1:file_url_loader_factory.cc(452)] FileURLLoader::Start: file:///
[1439543:0902/150116.953821:VERBOSE1:network_delegate.cc(35)] NetworkDelegate::NotifyBeforeURLRequest: https://8.8.8.8/
[1439543:0902/150116.954262:VERBOSE1:tls_handshaker.cc(100)] TlsClient: Continuing handshake
[1439543:0902/150116.954546:VERBOSE1:tls_handshaker.cc(121)] TlsClient: SSL_do_handshake returned when entering early data. After retry, rv=-1, SSL_in_early_data=1
[1439543:0902/150116.975431:VERBOSE1:tls_handshaker.cc(100)] TlsClient: Continuing handshake
[1439543:0902/150116.975634:VERBOSE1:tls_handshaker.cc(100)] TlsClient: Continuing handshake
[1439543:0902/150116.975676:VERBOSE1:tls_client_handshaker.cc(508)] Client: handshake finished
[1439543:0902/150116.990012:VERBOSE1:network_delegate.cc(35)] NetworkDelegate::NotifyBeforeURLRequest: https://dns.google/
[1439464:0902/150117.195101:VERBOSE1:file_url_loader_factory.cc(452)] FileURLLoader::Start: file:///
[1439464:0902/150122.196462:VERBOSE1:file_url_loader_factory.cc(452)] FileURLLoader::Start: file:///
[1439464:0902/150127.197608:VERBOSE1:file_url_loader_factory.cc(452)] FileURLLoader::Start: file:///
[1439464:0902/150132.198703:VERBOSE1:file_url_loader_factory.cc(452)] FileURLLoader::Start: file:///
[1439464:0902/150137.201257:VERBOSE1:file_url_loader_factory.cc(452)] FileURLLoader::Start: file:///
[1439464:0902/150142.202348:VERBOSE1:file_url_loader_factory.cc(452)] FileURLLoader::Start: file:///
[1439543:0902/150146.953586:VERBOSE1:network_delegate.cc(35)] NetworkDelegate::NotifyBeforeURLRequest: https://8.8.8.8/
[1439543:0902/150146.954069:VERBOSE1:tls_handshaker.cc(100)] TlsClient: Continuing handshake
[1439543:0902/150146.954339:VERBOSE1:tls_handshaker.cc(121)] TlsClient: SSL_do_handshake returned when entering early data. After retry, rv=-1, SSL_in_early_data=1
[1439543:0902/150146.974539:VERBOSE1:tls_handshaker.cc(100)] TlsClient: Continuing handshake
[1439543:0902/150146.974721:VERBOSE1:tls_handshaker.cc(100)] TlsClient: Continuing handshake
[1439543:0902/150146.974760:VERBOSE1:tls_client_handshaker.cc(508)] Client: handshake finished
[1439543:0902/150146.988801:VERBOSE1:network_delegate.cc(35)] NetworkDelegate::NotifyBeforeURLRequest: https://dns.google/
[1439464:0902/150147.203623:VERBOSE1:file_url_loader_factory.cc(452)] FileURLLoader::Start: file:///
[1439464:0902/150152.229594:VERBOSE1:file_url_loader_factory.cc(452)] FileURLLoader::Start: file:///
[1439464:0902/150157.254538:VERBOSE1:file_url_loader_factory.cc(452)] FileURLLoader::Start: file:///
[1439464:0902/150202.255734:VERBOSE1:file_url_loader_factory.cc(452)] FileURLLoader::Start: file:///
[1439464:0902/150207.256793:VERBOSE1:file_url_loader_factory.cc(452)] FileURLLoader::Start: file:///
[1439464:0902/150212.259148:VERBOSE1:file_url_loader_factory.cc(452)] FileURLLoader::Start: file:///
[1439543:0902/150216.954450:VERBOSE1:network_delegate.cc(35)] NetworkDelegate::NotifyBeforeURLRequest: https://8.8.8.8/
[1439543:0902/150216.954915:VERBOSE1:tls_handshaker.cc(100)] TlsClient: Continuing handshake
[1439543:0902/150216.955179:VERBOSE1:tls_handshaker.cc(121)] TlsClient: SSL_do_handshake returned when entering early data. After retry, rv=-1, SSL_in_early_data=1
[1439543:0902/150216.975958:VERBOSE1:tls_handshaker.cc(100)] TlsClient: Continuing handshake
[1439543:0902/150216.976136:VERBOSE1:tls_handshaker.cc(100)] TlsClient: Continuing handshake
[1439543:0902/150216.976174:VERBOSE1:tls_client_handshaker.cc(508)] Client: handshake finished
[1439543:0902/150216.991165:VERBOSE1:network_delegate.cc(35)] NetworkDelegate::NotifyBeforeURLRequest: https://dns.google/
[1439464:0902/150217.285439:VERBOSE1:file_url_loader_factory.cc(452)] FileURLLoader::Start: file:///
[1439464:0902/150222.287264:VERBOSE1:file_url_loader_factory.cc(452)] FileURLLoader::Start: file:///
[1439464:0902/150227.288671:VERBOSE1:file_url_loader_factory.cc(452)] FileURLLoader::Start: file:///
[1439464:0902/150232.290261:VERBOSE1:file_url_loader_factory.cc(452)] FileURLLoader::Start: file:///
[1439464:0902/150237.292656:VERBOSE1:file_url_loader_factory.cc(452)] FileURLLoader::Start: file:///
[1439464:0902/150242.294765:VERBOSE1:file_url_loader_factory.cc(452)] FileURLLoader::Start: file:///
[1439543:0902/150246.953774:VERBOSE1:network_delegate.cc(35)] NetworkDelegate::NotifyBeforeURLRequest: https://8.8.8.8/
[1439543:0902/150246.954255:VERBOSE1:tls_handshaker.cc(100)] TlsClient: Continuing handshake
[1439543:0902/150246.954559:VERBOSE1:tls_handshaker.cc(121)] TlsClient: SSL_do_handshake returned when entering early data. After retry, rv=-1, SSL_in_early_data=1
[1439543:0902/150246.976555:VERBOSE1:tls_handshaker.cc(100)] TlsClient: Continuing handshake
[1439543:0902/150246.976707:VERBOSE1:tls_handshaker.cc(100)] TlsClient: Continuing handshake
[1439543:0902/150246.976740:VERBOSE1:tls_client_handshaker.cc(508)] Client: handshake finished
[1439543:0902/150246.990954:VERBOSE1:network_delegate.cc(35)] NetworkDelegate::NotifyBeforeURLRequest: https://dns.google/
[1439464:0902/150247.296564:VERBOSE1:file_url_loader_factory.cc(452)] FileURLLoader::Start: file:///
[1439464:0902/150252.298150:VERBOSE1:file_url_loader_factory.cc(452)] FileURLLoader::Start: file:///
[1439464:0902/150257.299610:VERBOSE1:file_url_loader_factory.cc(452)] FileURLLoader::Start: file:///
[1439464:0902/150302.301202:VERBOSE1:file_url_loader_factory.cc(452)] FileURLLoader::Start: file:///
[1439464:0902/150307.304195:VERBOSE1:file_url_loader_factory.cc(452)] FileURLLoader::Start: file:///
[1439464:0902/150312.306141:VERBOSE1:file_url_loader_factory.cc(452)] FileURLLoader::Start: file:///
[1439543:0902/150316.956672:VERBOSE1:network_delegate.cc(35)] NetworkDelegate::NotifyBeforeURLRequest: https://8.8.8.8/
[1439543:0902/150316.957135:VERBOSE1:tls_handshaker.cc(100)] TlsClient: Continuing handshake
[1439543:0902/150316.957422:VERBOSE1:tls_handshaker.cc(121)] TlsClient: SSL_do_handshake returned when entering early data. After retry, rv=-1, SSL_in_early_data=1
[1439543:0902/150316.977840:VERBOSE1:tls_handshaker.cc(100)] TlsClient: Continuing handshake
[1439543:0902/150316.978026:VERBOSE1:tls_handshaker.cc(100)] TlsClient: Continuing handshake
[1439543:0902/150316.978076:VERBOSE1:tls_client_handshaker.cc(508)] Client: handshake finished
[1439543:0902/150316.992624:VERBOSE1:network_delegate.cc(35)] NetworkDelegate::NotifyBeforeURLRequest: https://dns.google/
[1439464:0902/150317.309640:VERBOSE1:file_url_loader_factory.cc(452)] FileURLLoader::Start: file:///
[1439464:0902/150322.311696:VERBOSE1:file_url_loader_factory.cc(452)] FileURLLoader::Start: file:///
[1439464:0902/150327.313369:VERBOSE1:file_url_loader_factory.cc(452)] FileURLLoader::Start: file:///
[1439464:0902/150332.315037:VERBOSE1:file_url_loader_factory.cc(452)] FileURLLoader::Start: file:///
[1439464:0902/150337.316206:VERBOSE1:file_url_loader_factory.cc(452)] FileURLLoader::Start: file:///
[1439464:0902/150342.318192:VERBOSE1:file_url_loader_factory.cc(452)] FileURLLoader::Start: file:///
[1439543:0902/150346.955688:VERBOSE1:network_delegate.cc(35)] NetworkDelegate::NotifyBeforeURLRequest: https://8.8.8.8/
[1439543:0902/150346.956135:VERBOSE1:tls_handshaker.cc(100)] TlsClient: Continuing handshake
[1439543:0902/150346.956434:VERBOSE1:tls_handshaker.cc(121)] TlsClient: SSL_do_handshake returned when entering early data. After retry, rv=-1, SSL_in_early_data=1
[1439543:0902/150346.976829:VERBOSE1:tls_handshaker.cc(100)] TlsClient: Continuing handshake
[1439543:0902/150346.976989:VERBOSE1:tls_handshaker.cc(100)] TlsClient: Continuing handshake
[1439543:0902/150346.977025:VERBOSE1:tls_client_handshaker.cc(508)] Client: handshake finished
[1439543:0902/150346.991854:VERBOSE1:network_delegate.cc(35)] NetworkDelegate::NotifyBeforeURLRequest: https://dns.google/
[1439464:0902/150347.319947:VERBOSE1:file_url_loader_factory.cc(452)] FileURLLoader::Start: file:///
[1439464:0902/150352.321487:VERBOSE1:file_url_loader_factory.cc(452)] FileURLLoader::Start: file:///
[1439464:0902/150357.323277:VERBOSE1:file_url_loader_factory.cc(452)] FileURLLoader::Start: file:///
[1439464:0902/150402.325611:VERBOSE1:file_url_loader_factory.cc(452)] FileURLLoader::Start: file:///
[1439464:0902/150407.326774:VERBOSE1:file_url_loader_factory.cc(452)] FileURLLoader::Start: file:///
[1439464:0902/150412.328630:VERBOSE1:file_url_loader_factory.cc(452)] FileURLLoader::Start: file:///
[1439543:0902/150416.953727:VERBOSE1:network_delegate.cc(35)] NetworkDelegate::NotifyBeforeURLRequest: https://8.8.8.8/
[1439543:0902/150416.954207:VERBOSE1:tls_handshaker.cc(100)] TlsClient: Continuing handshake
[1439543:0902/150416.954478:VERBOSE1:tls_handshaker.cc(121)] TlsClient: SSL_do_handshake returned when entering early data. After retry, rv=-1, SSL_in_early_data=1
[1439543:0902/150416.975355:VERBOSE1:tls_handshaker.cc(100)] TlsClient: Continuing handshake
[1439543:0902/150416.976488:VERBOSE1:tls_handshaker.cc(100)] TlsClient: Continuing handshake
[1439543:0902/150416.976722:VERBOSE1:tls_client_handshaker.cc(508)] Client: handshake finished
[1439543:0902/150416.991550:VERBOSE1:network_delegate.cc(35)] NetworkDelegate::NotifyBeforeURLRequest: https://dns.google/
[1439464:0902/150417.329806:VERBOSE1:file_url_loader_factory.cc(452)] FileURLLoader::Start: file:///
[1439464:0902/150422.330985:VERBOSE1:file_url_loader_factory.cc(452)] FileURLLoader::Start: file:///
[1439464:0902/150427.332341:VERBOSE1:file_url_loader_factory.cc(452)] FileURLLoader::Start: file:///
[1439464:0902/150432.357272:VERBOSE1:file_url_loader_factory.cc(452)] FileURLLoader::Start: file:///
[1439464:0902/150437.359832:VERBOSE1:file_url_loader_factory.cc(452)] FileURLLoader::Start: file:///
[1439464:0902/150442.361063:VERBOSE1:file_url_loader_factory.cc(452)] FileURLLoader::Start: file:///
[1439543:0902/150446.953605:VERBOSE1:network_delegate.cc(35)] NetworkDelegate::NotifyBeforeURLRequest: https://8.8.8.8/
[1439543:0902/150446.954069:VERBOSE1:tls_handshaker.cc(100)] TlsClient: Continuing handshake
[1439543:0902/150446.954345:VERBOSE1:tls_handshaker.cc(121)] TlsClient: SSL_do_handshake returned when entering early data. After retry, rv=-1, SSL_in_early_data=1
[1439543:0902/150446.975676:VERBOSE1:tls_handshaker.cc(100)] TlsClient: Continuing handshake
[1439543:0902/150446.975823:VERBOSE1:tls_handshaker.cc(100)] TlsClient: Continuing handshake
[1439543:0902/150446.975856:VERBOSE1:tls_client_handshaker.cc(508)] Client: handshake finished
[1439543:0902/150446.990075:VERBOSE1:network_delegate.cc(35)] NetworkDelegate::NotifyBeforeURLRequest: https://dns.google/
[1439464:0902/150447.362151:VERBOSE1:file_url_loader_factory.cc(452)] FileURLLoader::Start: file:///
[1439464:0902/150452.363267:VERBOSE1:file_url_loader_factory.cc(452)] FileURLLoader::Start: file:///
[1439464:0902/150457.364408:VERBOSE1:file_url_loader_factory.cc(452)] FileURLLoader::Start: file:///
[1439464:0902/150502.388186:VERBOSE1:file_url_loader_factory.cc(452)] FileURLLoader::Start: file:///
[1439464:0902/150507.389293:VERBOSE1:file_url_loader_factory.cc(452)] FileURLLoader::Start: file:///
[1439464:0902/150512.390306:VERBOSE1:file_url_loader_factory.cc(452)] FileURLLoader::Start: file:///
[1439543:0902/150516.953715:VERBOSE1:network_delegate.cc(35)] NetworkDelegate::NotifyBeforeURLRequest: https://8.8.8.8/
[1439543:0902/150516.954175:VERBOSE1:tls_handshaker.cc(100)] TlsClient: Continuing handshake
[1439543:0902/150516.954459:VERBOSE1:tls_handshaker.cc(121)] TlsClient: SSL_do_handshake returned when entering early data. After retry, rv=-1, SSL_in_early_data=1
[1439543:0902/150516.974971:VERBOSE1:tls_handshaker.cc(100)] TlsClient: Continuing handshake
[1439543:0902/150516.975117:VERBOSE1:tls_handshaker.cc(100)] TlsClient: Continuing handshake
[1439543:0902/150516.975148:VERBOSE1:tls_client_handshaker.cc(508)] Client: handshake finished
[1439543:0902/150516.988959:VERBOSE1:network_delegate.cc(35)] NetworkDelegate::NotifyBeforeURLRequest: https://dns.google/
[1439464:0902/150517.391341:VERBOSE1:file_url_loader_factory.cc(452)] FileURLLoader::Start: file:///
[1439464:0902/150522.392617:VERBOSE1:file_url_loader_factory.cc(452)] FileURLLoader::Start: file:///
[1439464:0902/150527.395629:VERBOSE1:file_url_loader_factory.cc(452)] FileURLLoader::Start: file:///
[1439464:0902/150532.396795:VERBOSE1:file_url_loader_factory.cc(452)] FileURLLoader::Start: file:///
[1439464:0902/150537.397848:VERBOSE1:file_url_loader_factory.cc(452)] FileURLLoader::Start: file:///
[1439464:0902/150542.398888:VERBOSE1:file_url_loader_factory.cc(452)] FileURLLoader::Start: file:///
[1439543:0902/150546.953822:VERBOSE1:network_delegate.cc(35)] NetworkDelegate::NotifyBeforeURLRequest: https://8.8.8.8/
[1439543:0902/150546.954309:VERBOSE1:tls_handshaker.cc(100)] TlsClient: Continuing handshake
[1439543:0902/150546.954637:VERBOSE1:tls_handshaker.cc(121)] TlsClient: SSL_do_handshake returned when entering early data. After retry, rv=-1, SSL_in_early_data=1
[1439543:0902/150546.975191:VERBOSE1:tls_handshaker.cc(100)] TlsClient: Continuing handshake
[1439543:0902/150546.975323:VERBOSE1:tls_handshaker.cc(100)] TlsClient: Continuing handshake
[1439543:0902/150546.975364:VERBOSE1:tls_client_handshaker.cc(508)] Client: handshake finished
[1439543:0902/150546.989178:VERBOSE1:network_delegate.cc(35)] NetworkDelegate::NotifyBeforeURLRequest: https://dns.google/
[1439464:0902/150547.401604:VERBOSE1:file_url_loader_factory.cc(452)] FileURLLoader::Start: file:///
[1439464:0902/150552.404749:VERBOSE1:file_url_loader_factory.cc(452)] FileURLLoader::Start: file:///
[1439464:0902/150557.406464:VERBOSE1:file_url_loader_factory.cc(452)] FileURLLoader::Start: file:///
[1439464:0902/150602.407530:VERBOSE1:file_url_loader_factory.cc(452)] FileURLLoader::Start: file:///
[1439464:0902/150607.408511:VERBOSE1:file_url_loader_factory.cc(452)] FileURLLoader::Start: file:///
[1439464:0902/150612.410468:VERBOSE1:file_url_loader_factory.cc(452)] FileURLLoader::Start: file:///
[1439543:0902/150616.953755:VERBOSE1:network_delegate.cc(35)] NetworkDelegate::NotifyBeforeURLRequest: https://8.8.8.8/
[1439543:0902/150616.954161:VERBOSE1:tls_handshaker.cc(100)] TlsClient: Continuing handshake
[1439543:0902/150616.954409:VERBOSE1:tls_handshaker.cc(121)] TlsClient: SSL_do_handshake returned when entering early data. After retry, rv=-1, SSL_in_early_data=1
[1439543:0902/150616.974816:VERBOSE1:tls_handshaker.cc(100)] TlsClient: Continuing handshake
[1439543:0902/150616.974932:VERBOSE1:tls_handshaker.cc(100)] TlsClient: Continuing handshake
[1439543:0902/150616.974962:VERBOSE1:tls_client_handshaker.cc(508)] Client: handshake finished
[1439543:0902/150616.988770:VERBOSE1:network_delegate.cc(35)] NetworkDelegate::NotifyBeforeURLRequest: https://dns.google/
[1439464:0902/150617.411672:VERBOSE1:file_url_loader_factory.cc(452)] FileURLLoader::Start: file:///
[1439464:0902/150622.436658:VERBOSE1:file_url_loader_factory.cc(452)] FileURLLoader::Start: file:///
[1439464:0902/150627.437909:VERBOSE1:file_url_loader_factory.cc(452)] FileURLLoader::Start: file:///
[1439464:0902/150632.439041:VERBOSE1:file_url_loader_factory.cc(452)] FileURLLoader::Start: file:///
[1439464:0902/150637.465641:VERBOSE1:file_url_loader_factory.cc(452)] FileURLLoader::Start: file:///
[1439464:0902/150642.467110:VERBOSE1:file_url_loader_factory.cc(452)] FileURLLoader::Start: file:///
[1439543:0902/150646.953686:VERBOSE1:network_delegate.cc(35)] NetworkDelegate::NotifyBeforeURLRequest: https://8.8.8.8/
[1439543:0902/150646.954142:VERBOSE1:tls_handshaker.cc(100)] TlsClient: Continuing handshake
[1439543:0902/150646.954400:VERBOSE1:tls_handshaker.cc(121)] TlsClient: SSL_do_handshake returned when entering early data. After retry, rv=-1, SSL_in_early_data=1
[1439543:0902/150646.976598:VERBOSE1:tls_handshaker.cc(100)] TlsClient: Continuing handshake
[1439543:0902/150646.976827:VERBOSE1:tls_handshaker.cc(100)] TlsClient: Continuing handshake
[1439543:0902/150646.976872:VERBOSE1:tls_client_handshaker.cc(508)] Client: handshake finished
[1439543:0902/150646.991684:VERBOSE1:network_delegate.cc(35)] NetworkDelegate::NotifyBeforeURLRequest: https://dns.google/
[1439464:0902/150647.468685:VERBOSE1:file_url_loader_factory.cc(452)] FileURLLoader::Start: file:///
[1439464:0902/150652.472579:VERBOSE1:file_url_loader_factory.cc(452)] FileURLLoader::Start: file:///
[1439464:0902/150657.473945:VERBOSE1:file_url_loader_factory.cc(452)] FileURLLoader::Start: file:///
[1439464:0902/150702.475965:VERBOSE1:file_url_loader_factory.cc(452)] FileURLLoader::Start: file:///
[1439464:0902/150707.477221:VERBOSE1:file_url_loader_factory.cc(452)] FileURLLoader::Start: file:///
[1439464:0902/150712.478523:VERBOSE1:file_url_loader_factory.cc(452)] FileURLLoader::Start: file:///
[1439543:0902/150716.953920:VERBOSE1:network_delegate.cc(35)] NetworkDelegate::NotifyBeforeURLRequest: https://8.8.8.8/
[1439543:0902/150716.954388:VERBOSE1:tls_handshaker.cc(100)] TlsClient: Continuing handshake
[1439543:0902/150716.954677:VERBOSE1:tls_handshaker.cc(121)] TlsClient: SSL_do_handshake returned when entering early data. After retry, rv=-1, SSL_in_early_data=1
[1439543:0902/150716.974461:VERBOSE1:tls_handshaker.cc(100)] TlsClient: Continuing handshake
[1439543:0902/150716.974702:VERBOSE1:tls_handshaker.cc(100)] TlsClient: Continuing handshake
[1439543:0902/150716.974759:VERBOSE1:tls_client_handshaker.cc(508)] Client: handshake finished
[1439543:0902/150716.988848:VERBOSE1:network_delegate.cc(35)] NetworkDelegate::NotifyBeforeURLRequest: https://dns.google/
[1439464:0902/150717.479848:VERBOSE1:file_url_loader_factory.cc(452)] FileURLLoader::Start: file:///
[1439464:0902/150722.481627:VERBOSE1:file_url_loader_factory.cc(452)] FileURLLoader::Start: file:///
[1439464:0902/150727.482779:VERBOSE1:file_url_loader_factory.cc(452)] FileURLLoader::Start: file:///
[1439464:0902/150732.486362:VERBOSE1:file_url_loader_factory.cc(452)] FileURLLoader::Start: file:///
[1439464:0902/150737.488490:VERBOSE1:file_url_loader_factory.cc(452)] FileURLLoader::Start: file:///
[1439464:0902/150742.489808:VERBOSE1:file_url_loader_factory.cc(452)] FileURLLoader::Start: file:///
[1439543:0902/150746.954058:VERBOSE1:network_delegate.cc(35)] NetworkDelegate::NotifyBeforeURLRequest: https://8.8.8.8/
[1439543:0902/150746.954651:VERBOSE1:tls_handshaker.cc(100)] TlsClient: Continuing handshake
[1439543:0902/150746.978406:VERBOSE1:tls_handshaker.cc(121)] TlsClient: SSL_do_handshake returned when entering early data. After retry, rv=-1, SSL_in_early_data=1
[1439543:0902/150746.998315:VERBOSE1:tls_handshaker.cc(100)] TlsClient: Continuing handshake
[1439543:0902/150746.998596:VERBOSE1:tls_handshaker.cc(100)] TlsClient: Continuing handshake
[1439543:0902/150746.998668:VERBOSE1:tls_client_handshaker.cc(508)] Client: handshake finished
[1439543:0902/150747.013744:VERBOSE1:network_delegate.cc(35)] NetworkDelegate::NotifyBeforeURLRequest: https://dns.google/
[1439464:0902/150747.491499:VERBOSE1:file_url_loader_factory.cc(452)] FileURLLoader::Start: file:///
[1439464:0902/150752.493289:VERBOSE1:file_url_loader_factory.cc(452)] FileURLLoader::Start: file:///
[1439464:0902/150757.496800:VERBOSE1:file_url_loader_factory.cc(452)] FileURLLoader::Start: file:///
[1439464:0902/150802.498690:VERBOSE1:file_url_loader_factory.cc(452)] FileURLLoader::Start: file:///
[1439464:0902/150807.500601:VERBOSE1:file_url_loader_factory.cc(452)] FileURLLoader::Start: file:///
[1439464:0902/150812.502466:VERBOSE1:file_url_loader_factory.cc(452)] FileURLLoader::Start: file:///
[1439543:0902/150816.956673:VERBOSE1:network_delegate.cc(35)] NetworkDelegate::NotifyBeforeURLRequest: https://8.8.8.8/
[1439543:0902/150816.957241:VERBOSE1:tls_handshaker.cc(100)] TlsClient: Continuing handshake
[1439543:0902/150816.957542:VERBOSE1:tls_handshaker.cc(121)] TlsClient: SSL_do_handshake returned when entering early data. After retry, rv=-1, SSL_in_early_data=1
[1439543:0902/150816.978701:VERBOSE1:tls_handshaker.cc(100)] TlsClient: Continuing handshake
[1439543:0902/150816.978932:VERBOSE1:tls_handshaker.cc(100)] TlsClient: Continuing handshake
[1439543:0902/150816.978982:VERBOSE1:tls_client_handshaker.cc(508)] Client: handshake finished
[1439543:0902/150816.993330:VERBOSE1:network_delegate.cc(35)] NetworkDelegate::NotifyBeforeURLRequest: https://dns.google/
[1439464:0902/150817.504431:VERBOSE1:file_url_loader_factory.cc(452)] FileURLLoader::Start: file:///
[1439464:0902/150822.506777:VERBOSE1:file_url_loader_factory.cc(452)] FileURLLoader::Start: file:///
[1439464:0902/150827.508762:VERBOSE1:file_url_loader_factory.cc(452)] FileURLLoader::Start: file:///
[1439464:0902/150832.534099:VERBOSE1:file_url_loader_factory.cc(452)] FileURLLoader::Start: file:///
[1439464:0902/150837.560843:VERBOSE1:file_url_loader_factory.cc(452)] FileURLLoader::Start: file:///
[1439464:0902/150842.563502:VERBOSE1:file_url_loader_factory.cc(452)] FileURLLoader::Start: file:///
[1439543:0902/150846.955781:VERBOSE1:network_delegate.cc(35)] NetworkDelegate::NotifyBeforeURLRequest: https://8.8.8.8/
[1439543:0902/150846.956404:VERBOSE1:tls_handshaker.cc(100)] TlsClient: Continuing handshake
[1439543:0902/150846.956773:VERBOSE1:tls_handshaker.cc(121)] TlsClient: SSL_do_handshake returned when entering early data. After retry, rv=-1, SSL_in_early_data=1
[1439543:0902/150846.977123:VERBOSE1:tls_handshaker.cc(100)] TlsClient: Continuing handshake
[1439543:0902/150846.977338:VERBOSE1:tls_handshaker.cc(100)] TlsClient: Continuing handshake
[1439543:0902/150846.977387:VERBOSE1:tls_client_handshaker.cc(508)] Client: handshake finished
[1439543:0902/150846.991858:VERBOSE1:network_delegate.cc(35)] NetworkDelegate::NotifyBeforeURLRequest: https://dns.google/
[1439464:0902/150847.565455:VERBOSE1:file_url_loader_factory.cc(452)] FileURLLoader::Start: file:///
[1439464:0902/150852.567455:VERBOSE1:file_url_loader_factory.cc(452)] FileURLLoader::Start: file:///
[1439464:0902/150857.569222:VERBOSE1:file_url_loader_factory.cc(452)] FileURLLoader::Start: file:///
[1439464:0902/150902.570493:VERBOSE1:file_url_loader_factory.cc(452)] FileURLLoader::Start: file:///
[1439464:0902/150907.573509:VERBOSE1:file_url_loader_factory.cc(452)] FileURLLoader::Start: file:///
[1439464:0902/150912.575116:VERBOSE1:file_url_loader_factory.cc(452)] FileURLLoader::Start: file:///
[1439543:0902/150916.953809:VERBOSE1:network_delegate.cc(35)] NetworkDelegate::NotifyBeforeURLRequest: https://8.8.8.8/
[1439543:0902/150916.954348:VERBOSE1:tls_handshaker.cc(100)] TlsClient: Continuing handshake
[1439543:0902/150916.954658:VERBOSE1:tls_handshaker.cc(121)] TlsClient: SSL_do_handshake returned when entering early data. After retry, rv=-1, SSL_in_early_data=1
[1439543:0902/150916.975468:VERBOSE1:tls_handshaker.cc(100)] TlsClient: Continuing handshake
[1439543:0902/150916.975651:VERBOSE1:tls_handshaker.cc(100)] TlsClient: Continuing handshake
[1439543:0902/150916.975688:VERBOSE1:tls_client_handshaker.cc(508)] Client: handshake finished
[1439543:0902/150916.990092:VERBOSE1:network_delegate.cc(35)] NetworkDelegate::NotifyBeforeURLRequest: https://dns.google/
[1439464:0902/150917.576384:VERBOSE1:file_url_loader_factory.cc(452)] FileURLLoader::Start: file:///
[1439464:0902/150922.577628:VERBOSE1:file_url_loader_factory.cc(452)] FileURLLoader::Start: file:///
[1439464:0902/150927.579112:VERBOSE1:file_url_loader_factory.cc(452)] FileURLLoader::Start: file:///
[1439464:0902/150932.581464:VERBOSE1:file_url_loader_factory.cc(452)] FileURLLoader::Start: file:///
[1439464:0902/150937.582883:VERBOSE1:file_url_loader_factory.cc(452)] FileURLLoader::Start: file:///
[1439464:0902/150942.584670:VERBOSE1:file_url_loader_factory.cc(452)] FileURLLoader::Start: file:///
[1439543:0902/150946.953885:VERBOSE1:network_delegate.cc(35)] NetworkDelegate::NotifyBeforeURLRequest: https://8.8.8.8/
[1439543:0902/150946.955723:VERBOSE1:tls_handshaker.cc(100)] TlsClient: Continuing handshake
[1439543:0902/150946.956097:VERBOSE1:tls_handshaker.cc(121)] TlsClient: SSL_do_handshake returned when entering early data. After retry, rv=-1, SSL_in_early_data=1
[1439543:0902/150946.975617:VERBOSE1:tls_handshaker.cc(100)] TlsClient: Continuing handshake
[1439543:0902/150946.975819:VERBOSE1:tls_handshaker.cc(100)] TlsClient: Continuing handshake
[1439543:0902/150946.975859:VERBOSE1:tls_client_handshaker.cc(508)] Client: handshake finished
[1439543:0902/150946.990503:VERBOSE1:network_delegate.cc(35)] NetworkDelegate::NotifyBeforeURLRequest: https://dns.google/
[1439464:0902/150947.588071:VERBOSE1:file_url_loader_factory.cc(452)] FileURLLoader::Start: file:///
[1439464:0902/150952.589665:VERBOSE1:file_url_loader_factory.cc(452)] FileURLLoader::Start: file:///
[1439464:0902/150957.590849:VERBOSE1:file_url_loader_factory.cc(452)] FileURLLoader::Start: file:///
[1439464:0902/151002.592464:VERBOSE1:file_url_loader_factory.cc(452)] FileURLLoader::Start: file:///
[1439464:0902/151007.593628:VERBOSE1:file_url_loader_factory.cc(452)] FileURLLoader::Start: file:///
[1439464:0902/151012.595196:VERBOSE1:file_url_loader_factory.cc(452)] FileURLLoader::Start: file:///
[1439543:0902/151016.953703:VERBOSE1:network_delegate.cc(35)] NetworkDelegate::NotifyBeforeURLRequest: https://8.8.8.8/
[1439543:0902/151016.954116:VERBOSE1:tls_handshaker.cc(100)] TlsClient: Continuing handshake
[1439543:0902/151016.954364:VERBOSE1:tls_handshaker.cc(121)] TlsClient: SSL_do_handshake returned when entering early data. After retry, rv=-1, SSL_in_early_data=1
[1439543:0902/151016.974937:VERBOSE1:tls_handshaker.cc(100)] TlsClient: Continuing handshake
[1439543:0902/151016.975065:VERBOSE1:tls_handshaker.cc(100)] TlsClient: Continuing handshake
[1439543:0902/151016.975097:VERBOSE1:tls_client_handshaker.cc(508)] Client: handshake finished
[1439543:0902/151016.988965:VERBOSE1:network_delegate.cc(35)] NetworkDelegate::NotifyBeforeURLRequest: https://dns.google/
[1439464:0902/151017.596173:VERBOSE1:file_url_loader_factory.cc(452)] FileURLLoader::Start: file:///
[1439464:0902/151022.597754:VERBOSE1:file_url_loader_factory.cc(452)] FileURLLoader::Start: file:///
[1439464:0902/151027.599056:VERBOSE1:file_url_loader_factory.cc(452)] FileURLLoader::Start: file:///
[1439464:0902/151032.600192:VERBOSE1:file_url_loader_factory.cc(452)] FileURLLoader::Start: file:///
[1439464:0902/151037.601356:VERBOSE1:file_url_loader_factory.cc(452)] FileURLLoader::Start: file:///
[1439464:0902/151042.602439:VERBOSE1:file_url_loader_factory.cc(452)] FileURLLoader::Start: file:///
[1439543:0902/151046.953784:VERBOSE1:network_delegate.cc(35)] NetworkDelegate::NotifyBeforeURLRequest: https://8.8.8.8/
[1439543:0902/151046.954286:VERBOSE1:tls_handshaker.cc(100)] TlsClient: Continuing handshake
[1439543:0902/151046.954603:VERBOSE1:tls_handshaker.cc(121)] TlsClient: SSL_do_handshake returned when entering early data. After retry, rv=-1, SSL_in_early_data=1
[1439543:0902/151046.975542:VERBOSE1:tls_handshaker.cc(100)] TlsClient: Continuing handshake
[1439543:0902/151046.975702:VERBOSE1:tls_handshaker.cc(100)] TlsClient: Continuing handshake
[1439543:0902/151046.975737:VERBOSE1:tls_client_handshaker.cc(508)] Client: handshake finished
[1439543:0902/151046.989625:VERBOSE1:network_delegate.cc(35)] NetworkDelegate::NotifyBeforeURLRequest: https://dns.google/
[1439464:0902/151047.603539:VERBOSE1:file_url_loader_factory.cc(452)] FileURLLoader::Start: file:///
[1439464:0902/151052.604746:VERBOSE1:file_url_loader_factory.cc(452)] FileURLLoader::Start: file:///
[1439464:0902/151057.605799:VERBOSE1:file_url_loader_factory.cc(452)] FileURLLoader::Start: file:///
[1439464:0902/151102.608609:VERBOSE1:file_url_loader_factory.cc(452)] FileURLLoader::Start: file:///
[1439464:0902/151107.610426:VERBOSE1:file_url_loader_factory.cc(452)] FileURLLoader::Start: file:///
[1439464:0902/151112.611664:VERBOSE1:file_url_loader_factory.cc(452)] FileURLLoader::Start: file:///
[1439543:0902/151116.953751:VERBOSE1:network_delegate.cc(35)] NetworkDelegate::NotifyBeforeURLRequest: https://8.8.8.8/
[1439543:0902/151116.954198:VERBOSE1:tls_handshaker.cc(100)] TlsClient: Continuing handshake
[1439543:0902/151116.954489:VERBOSE1:tls_handshaker.cc(121)] TlsClient: SSL_do_handshake returned when entering early data. After retry, rv=-1, SSL_in_early_data=1
[1439543:0902/151116.975040:VERBOSE1:tls_handshaker.cc(100)] TlsClient: Continuing handshake
[1439543:0902/151116.975200:VERBOSE1:tls_handshaker.cc(100)] TlsClient: Continuing handshake
[1439543:0902/151116.975238:VERBOSE1:tls_client_handshaker.cc(508)] Client: handshake finished
[1439543:0902/151116.990355:VERBOSE1:network_delegate.cc(35)] NetworkDelegate::NotifyBeforeURLRequest: https://dns.google/
[1439464:0902/151117.612940:VERBOSE1:file_url_loader_factory.cc(452)] FileURLLoader::Start: file:///
[1439464:0902/151122.613963:VERBOSE1:file_url_loader_factory.cc(452)] FileURLLoader::Start: file:///
[1439464:0902/151127.615038:VERBOSE1:file_url_loader_factory.cc(452)] FileURLLoader::Start: file:///
[1439464:0902/151132.617424:VERBOSE1:file_url_loader_factory.cc(452)] FileURLLoader::Start: file:///
[1439464:0902/151137.618563:VERBOSE1:file_url_loader_factory.cc(452)] FileURLLoader::Start: file:///
[1439464:0902/151142.620628:VERBOSE1:file_url_loader_factory.cc(452)] FileURLLoader::Start: file:///
[1439543:0902/151146.953674:VERBOSE1:network_delegate.cc(35)] NetworkDelegate::NotifyBeforeURLRequest: https://8.8.8.8/
[1439543:0902/151146.954159:VERBOSE1:tls_handshaker.cc(100)] TlsClient: Continuing handshake
[1439543:0902/151146.954473:VERBOSE1:tls_handshaker.cc(121)] TlsClient: SSL_do_handshake returned when entering early data. After retry, rv=-1, SSL_in_early_data=1
[1439543:0902/151146.977044:VERBOSE1:tls_handshaker.cc(100)] TlsClient: Continuing handshake
[1439543:0902/151146.977195:VERBOSE1:tls_handshaker.cc(100)] TlsClient: Continuing handshake
[1439543:0902/151146.977232:VERBOSE1:tls_client_handshaker.cc(508)] Client: handshake finished
[1439543:0902/151146.991484:VERBOSE1:network_delegate.cc(35)] NetworkDelegate::NotifyBeforeURLRequest: https://dns.google/
[1439464:0902/151147.621831:VERBOSE1:file_url_loader_factory.cc(452)] FileURLLoader::Start: file:///
[1439464:0902/151152.625618:VERBOSE1:file_url_loader_factory.cc(452)] FileURLLoader::Start: file:///
[1439464:0902/151157.626712:VERBOSE1:file_url_loader_factory.cc(452)] FileURLLoader::Start: file:///
[1439464:0902/151202.628192:VERBOSE1:file_url_loader_factory.cc(452)] FileURLLoader::Start: file:///
[1439464:0902/151207.629341:VERBOSE1:file_url_loader_factory.cc(452)] FileURLLoader::Start: file:///
[1439464:0902/151212.630561:VERBOSE1:file_url_loader_factory.cc(452)] FileURLLoader::Start: file:///
[1439543:0902/151216.954625:VERBOSE1:network_delegate.cc(35)] NetworkDelegate::NotifyBeforeURLRequest: https://8.8.8.8/
[1439543:0902/151216.955119:VERBOSE1:tls_handshaker.cc(100)] TlsClient: Continuing handshake
[1439543:0902/151216.955432:VERBOSE1:tls_handshaker.cc(121)] TlsClient: SSL_do_handshake returned when entering early data. After retry, rv=-1, SSL_in_early_data=1
[1439543:0902/151216.976125:VERBOSE1:tls_handshaker.cc(100)] TlsClient: Continuing handshake
[1439543:0902/151216.976263:VERBOSE1:tls_handshaker.cc(100)] TlsClient: Continuing handshake
[1439543:0902/151216.976295:VERBOSE1:tls_client_handshaker.cc(508)] Client: handshake finished
[1439543:0902/151216.991438:VERBOSE1:network_delegate.cc(35)] NetworkDelegate::NotifyBeforeURLRequest: https://dns.google/
[1439464:0902/151217.632074:VERBOSE1:file_url_loader_factory.cc(452)] FileURLLoader::Start: file:///
[1439464:0902/151222.633142:VERBOSE1:file_url_loader_factory.cc(452)] FileURLLoader::Start: file:///
[1439464:0902/151227.635242:VERBOSE1:file_url_loader_factory.cc(452)] FileURLLoader::Start: file:///
[1439464:0902/151232.637608:VERBOSE1:file_url_loader_factory.cc(452)] FileURLLoader::Start: file:///
[1439464:0902/151237.638679:VERBOSE1:file_url_loader_factory.cc(452)] FileURLLoader::Start: file:///
[1439464:0902/151242.639897:VERBOSE1:file_url_loader_factory.cc(452)] FileURLLoader::Start: file:///
[1439543:0902/151246.953626:VERBOSE1:network_delegate.cc(35)] NetworkDelegate::NotifyBeforeURLRequest: https://8.8.8.8/
[1439543:0902/151246.955533:VERBOSE1:tls_handshaker.cc(100)] TlsClient: Continuing handshake
[1439543:0902/151246.955802:VERBOSE1:tls_handshaker.cc(121)] TlsClient: SSL_do_handshake returned when entering early data. After retry, rv=-1, SSL_in_early_data=1
[1439543:0902/151246.976475:VERBOSE1:tls_handshaker.cc(100)] TlsClient: Continuing handshake
[1439543:0902/151246.976622:VERBOSE1:tls_handshaker.cc(100)] TlsClient: Continuing handshake
[1439543:0902/151246.976654:VERBOSE1:tls_client_handshaker.cc(508)] Client: handshake finished
[1439543:0902/151246.990518:VERBOSE1:network_delegate.cc(35)] NetworkDelegate::NotifyBeforeURLRequest: https://dns.google/
[1439464:0902/151247.641211:VERBOSE1:file_url_loader_factory.cc(452)] FileURLLoader::Start: file:///
[1439464:0902/151252.642197:VERBOSE1:file_url_loader_factory.cc(452)] FileURLLoader::Start: file:///
[1439464:0902/151257.643128:VERBOSE1:file_url_loader_factory.cc(452)] FileURLLoader::Start: file:///
[1439464:0902/151302.644100:VERBOSE1:file_url_loader_factory.cc(452)] FileURLLoader::Start: file:///
[1439464:0902/151307.645114:VERBOSE1:file_url_loader_factory.cc(452)] FileURLLoader::Start: file:///
[1439464:0902/151312.646129:VERBOSE1:file_url_loader_factory.cc(452)] FileURLLoader::Start: file:///
[1439543:0902/151316.953704:VERBOSE1:network_delegate.cc(35)] NetworkDelegate::NotifyBeforeURLRequest: https://8.8.8.8/
[1439543:0902/151316.954154:VERBOSE1:tls_handshaker.cc(100)] TlsClient: Continuing handshake
[1439543:0902/151316.954464:VERBOSE1:tls_handshaker.cc(121)] TlsClient: SSL_do_handshake returned when entering early data. After retry, rv=-1, SSL_in_early_data=1
[1439543:0902/151316.974468:VERBOSE1:tls_handshaker.cc(100)] TlsClient: Continuing handshake
[1439543:0902/151316.974601:VERBOSE1:tls_handshaker.cc(100)] TlsClient: Continuing handshake
[1439543:0902/151316.974633:VERBOSE1:tls_client_handshaker.cc(508)] Client: handshake finished
[1439543:0902/151316.988435:VERBOSE1:network_delegate.cc(35)] NetworkDelegate::NotifyBeforeURLRequest: https://dns.google/
[1439464:0902/151317.647261:VERBOSE1:file_url_loader_factory.cc(452)] FileURLLoader::Start: file:///
[1439464:0902/151322.648403:VERBOSE1:file_url_loader_factory.cc(452)] FileURLLoader::Start: file:///
[1439464:0902/151327.649364:VERBOSE1:file_url_loader_factory.cc(452)] FileURLLoader::Start: file:///
[1439464:0902/151332.650415:VERBOSE1:file_url_loader_factory.cc(452)] FileURLLoader::Start: file:///
[1439464:0902/151337.651495:VERBOSE1:file_url_loader_factory.cc(452)] FileURLLoader::Start: file:///
[1439464:0902/151342.652512:VERBOSE1:file_url_loader_factory.cc(452)] FileURLLoader::Start: file:///
[1439543:0902/151346.954698:VERBOSE1:network_delegate.cc(35)] NetworkDelegate::NotifyBeforeURLRequest: https://8.8.8.8/
[1439543:0902/151346.955323:VERBOSE1:tls_handshaker.cc(100)] TlsClient: Continuing handshake
[1439543:0902/151346.955654:VERBOSE1:tls_handshaker.cc(121)] TlsClient: SSL_do_handshake returned when entering early data. After retry, rv=-1, SSL_in_early_data=1
[1439543:0902/151346.976376:VERBOSE1:tls_handshaker.cc(100)] TlsClient: Continuing handshake
[1439543:0902/151346.976574:VERBOSE1:tls_handshaker.cc(100)] TlsClient: Continuing handshake
[1439543:0902/151346.976624:VERBOSE1:tls_client_handshaker.cc(508)] Client: handshake finished
[1439543:0902/151346.991492:VERBOSE1:network_delegate.cc(35)] NetworkDelegate::NotifyBeforeURLRequest: https://dns.google/
[1439464:0902/151347.653536:VERBOSE1:file_url_loader_factory.cc(452)] FileURLLoader::Start: file:///
[1439464:0902/151352.654646:VERBOSE1:file_url_loader_factory.cc(452)] FileURLLoader::Start: file:///
[1439464:0902/151357.655716:VERBOSE1:file_url_loader_factory.cc(452)] FileURLLoader::Start: file:///
[1439464:0902/151402.656765:VERBOSE1:file_url_loader_factory.cc(452)] FileURLLoader::Start: file:///
[1439464:0902/151407.657878:VERBOSE1:file_url_loader_factory.cc(452)] FileURLLoader::Start: file:///
[1439464:0902/151412.659092:VERBOSE1:file_url_loader_factory.cc(452)] FileURLLoader::Start: file:///
[1439543:0902/151416.953782:VERBOSE1:network_delegate.cc(35)] NetworkDelegate::NotifyBeforeURLRequest: https://8.8.8.8/
[1439543:0902/151416.954204:VERBOSE1:tls_handshaker.cc(100)] TlsClient: Continuing handshake
[1439543:0902/151416.954454:VERBOSE1:tls_handshaker.cc(121)] TlsClient: SSL_do_handshake returned when entering early data. After retry, rv=-1, SSL_in_early_data=1
[1439543:0902/151416.976058:VERBOSE1:tls_handshaker.cc(100)] TlsClient: Continuing handshake
[1439543:0902/151416.976141:VERBOSE1:tls_handshaker.cc(100)] TlsClient: Continuing handshake
[1439543:0902/151416.976166:VERBOSE1:tls_client_handshaker.cc(508)] Client: handshake finished
[1439543:0902/151416.990708:VERBOSE1:network_delegate.cc(35)] NetworkDelegate::NotifyBeforeURLRequest: https://dns.google/
[1439464:0902/151417.661625:VERBOSE1:file_url_loader_factory.cc(452)] FileURLLoader::Start: file:///
[1439464:0902/151422.663612:VERBOSE1:file_url_loader_factory.cc(452)] FileURLLoader::Start: file:///
[1439464:0902/151427.667601:VERBOSE1:file_url_loader_factory.cc(452)] FileURLLoader::Start: file:///
[1439464:0902/151432.668687:VERBOSE1:file_url_loader_factory.cc(452)] FileURLLoader::Start: file:///
[1439464:0902/151437.669895:VERBOSE1:file_url_loader_factory.cc(452)] FileURLLoader::Start: file:///
[1439464:0902/151442.671119:VERBOSE1:file_url_loader_factory.cc(452)] FileURLLoader::Start: file:///
[1439543:0902/151446.953573:VERBOSE1:network_delegate.cc(35)] NetworkDelegate::NotifyBeforeURLRequest: https://8.8.8.8/
[1439543:0902/151446.954135:VERBOSE1:tls_handshaker.cc(100)] TlsClient: Continuing handshake
[1439543:0902/151446.954497:VERBOSE1:tls_handshaker.cc(121)] TlsClient: SSL_do_handshake returned when entering early data. After retry, rv=-1, SSL_in_early_data=1
[1439543:0902/151446.974002:VERBOSE1:tls_handshaker.cc(100)] TlsClient: Continuing handshake
[1439543:0902/151446.974137:VERBOSE1:tls_handshaker.cc(100)] TlsClient: Continuing handshake
[1439543:0902/151446.974165:VERBOSE1:tls_client_handshaker.cc(508)] Client: handshake finished
[1439543:0902/151446.989209:VERBOSE1:network_delegate.cc(35)] NetworkDelegate::NotifyBeforeURLRequest: https://dns.google/
[1439464:0902/151447.672354:VERBOSE1:file_url_loader_factory.cc(452)] FileURLLoader::Start: file:///
[1439464:0902/151452.673507:VERBOSE1:file_url_loader_factory.cc(452)] FileURLLoader::Start: file:///
[1439464:0902/151457.675477:VERBOSE1:file_url_loader_factory.cc(452)] FileURLLoader::Start: file:///
[1439464:0902/151502.676637:VERBOSE1:file_url_loader_factory.cc(452)] FileURLLoader::Start: file:///
[1439464:0902/151507.677695:VERBOSE1:file_url_loader_factory.cc(452)] FileURLLoader::Start: file:///
[1439464:0902/151512.678764:VERBOSE1:file_url_loader_factory.cc(452)] FileURLLoader::Start: file:///
[1439543:0902/151516.953853:VERBOSE1:network_delegate.cc(35)] NetworkDelegate::NotifyBeforeURLRequest: https://8.8.8.8/
[1439543:0902/151516.954335:VERBOSE1:tls_handshaker.cc(100)] TlsClient: Continuing handshake
[1439543:0902/151516.954606:VERBOSE1:tls_handshaker.cc(121)] TlsClient: SSL_do_handshake returned when entering early data. After retry, rv=-1, SSL_in_early_data=1
[1439543:0902/151516.975235:VERBOSE1:tls_handshaker.cc(100)] TlsClient: Continuing handshake
[1439543:0902/151516.975332:VERBOSE1:tls_handshaker.cc(100)] TlsClient: Continuing handshake
[1439543:0902/151516.975358:VERBOSE1:tls_client_handshaker.cc(508)] Client: handshake finished
[1439543:0902/151516.989208:VERBOSE1:network_delegate.cc(35)] NetworkDelegate::NotifyBeforeURLRequest: https://dns.google/
[1439464:0902/151517.681654:VERBOSE1:file_url_loader_factory.cc(452)] FileURLLoader::Start: file:///
[1439464:0902/151522.707899:VERBOSE1:file_url_loader_factory.cc(452)] FileURLLoader::Start: file:///
[1439464:0902/151527.710673:VERBOSE1:file_url_loader_factory.cc(452)] FileURLLoader::Start: file:///
[1439464:0902/151532.711767:VERBOSE1:file_url_loader_factory.cc(452)] FileURLLoader::Start: file:///
[1439464:0902/151537.712807:VERBOSE1:file_url_loader_factory.cc(452)] FileURLLoader::Start: file:///
[1439464:0902/151542.713817:VERBOSE1:file_url_loader_factory.cc(452)] FileURLLoader::Start: file:///
[1439543:0902/151546.953542:VERBOSE1:network_delegate.cc(35)] NetworkDelegate::NotifyBeforeURLRequest: https://8.8.8.8/
[1439543:0902/151546.953960:VERBOSE1:tls_handshaker.cc(100)] TlsClient: Continuing handshake
[1439543:0902/151546.954222:VERBOSE1:tls_handshaker.cc(121)] TlsClient: SSL_do_handshake returned when entering early data. After retry, rv=-1, SSL_in_early_data=1
[1439543:0902/151546.975282:VERBOSE1:tls_handshaker.cc(100)] TlsClient: Continuing handshake
[1439543:0902/151546.975426:VERBOSE1:tls_handshaker.cc(100)] TlsClient: Continuing handshake
[1439543:0902/151546.975459:VERBOSE1:tls_client_handshaker.cc(508)] Client: handshake finished
[1439543:0902/151546.989321:VERBOSE1:network_delegate.cc(35)] NetworkDelegate::NotifyBeforeURLRequest: https://dns.google/
[1439464:0902/151547.714880:VERBOSE1:file_url_loader_factory.cc(452)] FileURLLoader::Start: file:///
[1439464:0902/151552.715925:VERBOSE1:file_url_loader_factory.cc(452)] FileURLLoader::Start: file:///
[1439464:0902/151557.717062:VERBOSE1:file_url_loader_factory.cc(452)] FileURLLoader::Start: file:///
[1439464:0902/151602.718357:VERBOSE1:file_url_loader_factory.cc(452)] FileURLLoader::Start: file:///
[1439464:0902/151607.719515:VERBOSE1:file_url_loader_factory.cc(452)] FileURLLoader::Start: file:///
[1439464:0902/151612.720752:VERBOSE1:file_url_loader_factory.cc(452)] FileURLLoader::Start: file:///
[1439543:0902/151616.953711:VERBOSE1:network_delegate.cc(35)] NetworkDelegate::NotifyBeforeURLRequest: https://8.8.8.8/
[1439543:0902/151616.954123:VERBOSE1:tls_handshaker.cc(100)] TlsClient: Continuing handshake
[1439543:0902/151616.954363:VERBOSE1:tls_handshaker.cc(121)] TlsClient: SSL_do_handshake returned when entering early data. After retry, rv=-1, SSL_in_early_data=1
[1439543:0902/151616.975445:VERBOSE1:tls_handshaker.cc(100)] TlsClient: Continuing handshake
[1439543:0902/151616.975583:VERBOSE1:tls_handshaker.cc(100)] TlsClient: Continuing handshake
[1439543:0902/151616.975613:VERBOSE1:tls_client_handshaker.cc(508)] Client: handshake finished
[1439543:0902/151616.989258:VERBOSE1:network_delegate.cc(35)] NetworkDelegate::NotifyBeforeURLRequest: https://dns.google/
[1439464:0902/151617.721976:VERBOSE1:file_url_loader_factory.cc(452)] FileURLLoader::Start: file:///
[1439464:0902/151622.723084:VERBOSE1:file_url_loader_factory.cc(452)] FileURLLoader::Start: file:///
[1439464:0902/151627.724094:VERBOSE1:file_url_loader_factory.cc(452)] FileURLLoader::Start: file:///
[1439464:0902/151632.725440:VERBOSE1:file_url_loader_factory.cc(452)] FileURLLoader::Start: file:///
[1439464:0902/151637.726588:VERBOSE1:file_url_loader_factory.cc(452)] FileURLLoader::Start: file:///
[1439464:0902/151642.727791:VERBOSE1:file_url_loader_factory.cc(452)] FileURLLoader::Start: file:///
[1439543:0902/151646.954590:VERBOSE1:network_delegate.cc(35)] NetworkDelegate::NotifyBeforeURLRequest: https://8.8.8.8/
[1439543:0902/151646.955071:VERBOSE1:tls_handshaker.cc(100)] TlsClient: Continuing handshake
[1439543:0902/151646.955345:VERBOSE1:tls_handshaker.cc(121)] TlsClient: SSL_do_handshake returned when entering early data. After retry, rv=-1, SSL_in_early_data=1
[1439543:0902/151646.975850:VERBOSE1:tls_handshaker.cc(100)] TlsClient: Continuing handshake
[1439543:0902/151646.975996:VERBOSE1:tls_handshaker.cc(100)] TlsClient: Continuing handshake
[1439543:0902/151646.976028:VERBOSE1:tls_client_handshaker.cc(508)] Client: handshake finished
[1439543:0902/151646.990015:VERBOSE1:network_delegate.cc(35)] NetworkDelegate::NotifyBeforeURLRequest: https://dns.google/
[1439464:0902/151647.728908:VERBOSE1:file_url_loader_factory.cc(452)] FileURLLoader::Start: file:///
[1439464:0902/151652.729807:VERBOSE1:file_url_loader_factory.cc(452)] FileURLLoader::Start: file:///
[1439464:0902/151657.730856:VERBOSE1:file_url_loader_factory.cc(452)] FileURLLoader::Start: file:///
[1439464:0902/151702.731693:VERBOSE1:file_url_loader_factory.cc(452)] FileURLLoader::Start: file:///
[1439464:0902/151707.734298:VERBOSE1:file_url_loader_factory.cc(452)] FileURLLoader::Start: file:///
[1439464:0902/151712.736804:VERBOSE1:file_url_loader_factory.cc(452)] FileURLLoader::Start: file:///
[1439543:0902/151716.953658:VERBOSE1:network_delegate.cc(35)] NetworkDelegate::NotifyBeforeURLRequest: https://8.8.8.8/
[1439543:0902/151716.954100:VERBOSE1:tls_handshaker.cc(100)] TlsClient: Continuing handshake
[1439543:0902/151716.954361:VERBOSE1:tls_handshaker.cc(121)] TlsClient: SSL_do_handshake returned when entering early data. After retry, rv=-1, SSL_in_early_data=1
[1439543:0902/151716.974802:VERBOSE1:tls_handshaker.cc(100)] TlsClient: Continuing handshake
[1439543:0902/151716.974950:VERBOSE1:tls_handshaker.cc(100)] TlsClient: Continuing handshake
[1439543:0902/151716.974984:VERBOSE1:tls_client_handshaker.cc(508)] Client: handshake finished
[1439543:0902/151716.989573:VERBOSE1:network_delegate.cc(35)] NetworkDelegate::NotifyBeforeURLRequest: https://dns.google/
[1439464:0902/151717.737861:VERBOSE1:file_url_loader_factory.cc(452)] FileURLLoader::Start: file:///
[1439464:0902/151722.739026:VERBOSE1:file_url_loader_factory.cc(452)] FileURLLoader::Start: file:///
[1439464:0902/151727.741435:VERBOSE1:file_url_loader_factory.cc(452)] FileURLLoader::Start: file:///
[1439464:0902/151732.744699:VERBOSE1:file_url_loader_factory.cc(452)] FileURLLoader::Start: file:///
[1439464:0902/151737.745824:VERBOSE1:file_url_loader_factory.cc(452)] FileURLLoader::Start: file:///
[1439464:0902/151742.746970:VERBOSE1:file_url_loader_factory.cc(452)] FileURLLoader::Start: file:///
[1439543:0902/151746.953718:VERBOSE1:network_delegate.cc(35)] NetworkDelegate::NotifyBeforeURLRequest: https://8.8.8.8/
[1439543:0902/151746.954161:VERBOSE1:tls_handshaker.cc(100)] TlsClient: Continuing handshake
[1439543:0902/151746.954448:VERBOSE1:tls_handshaker.cc(121)] TlsClient: SSL_do_handshake returned when entering early data. After retry, rv=-1, SSL_in_early_data=1
[1439543:0902/151746.975144:VERBOSE1:tls_handshaker.cc(100)] TlsClient: Continuing handshake
[1439543:0902/151746.975225:VERBOSE1:tls_handshaker.cc(100)] TlsClient: Continuing handshake
[1439543:0902/151746.975249:VERBOSE1:tls_client_handshaker.cc(508)] Client: handshake finished
[1439543:0902/151746.988947:VERBOSE1:network_delegate.cc(35)] NetworkDelegate::NotifyBeforeURLRequest: https://dns.google/
[1439464:0902/151747.748099:VERBOSE1:file_url_loader_factory.cc(452)] FileURLLoader::Start: file:///
[1439464:0902/151752.749261:VERBOSE1:file_url_loader_factory.cc(452)] FileURLLoader::Start: file:///
[1439464:0902/151757.750592:VERBOSE1:file_url_loader_factory.cc(452)] FileURLLoader::Start: file:///
[1439464:0902/151802.751605:VERBOSE1:file_url_loader_factory.cc(452)] FileURLLoader::Start: file:///
[1439464:0902/151807.752625:VERBOSE1:file_url_loader_factory.cc(452)] FileURLLoader::Start: file:///
[1439464:0902/151812.753789:VERBOSE1:file_url_loader_factory.cc(452)] FileURLLoader::Start: file:///
[1439543:0902/151816.954716:VERBOSE1:network_delegate.cc(35)] NetworkDelegate::NotifyBeforeURLRequest: https://8.8.8.8/
[1439543:0902/151816.955123:VERBOSE1:tls_handshaker.cc(100)] TlsClient: Continuing handshake
[1439543:0902/151816.955388:VERBOSE1:tls_handshaker.cc(121)] TlsClient: SSL_do_handshake returned when entering early data. After retry, rv=-1, SSL_in_early_data=1
[1439543:0902/151816.976111:VERBOSE1:tls_handshaker.cc(100)] TlsClient: Continuing handshake
[1439543:0902/151816.976252:VERBOSE1:tls_handshaker.cc(100)] TlsClient: Continuing handshake
[1439543:0902/151816.976286:VERBOSE1:tls_client_handshaker.cc(508)] Client: handshake finished
[1439543:0902/151816.990070:VERBOSE1:network_delegate.cc(35)] NetworkDelegate::NotifyBeforeURLRequest: https://dns.google/
[1439464:0902/151817.754732:VERBOSE1:file_url_loader_factory.cc(452)] FileURLLoader::Start: file:///
[1439464:0902/151822.755834:VERBOSE1:file_url_loader_factory.cc(452)] FileURLLoader::Start: file:///
[1439464:0902/151827.756946:VERBOSE1:file_url_loader_factory.cc(452)] FileURLLoader::Start: file:///
[1439464:0902/151832.758011:VERBOSE1:file_url_loader_factory.cc(452)] FileURLLoader::Start: file:///
[1439464:0902/151837.759771:VERBOSE1:file_url_loader_factory.cc(452)] FileURLLoader::Start: file:///
[1439464:0902/151842.760903:VERBOSE1:file_url_loader_factory.cc(452)] FileURLLoader::Start: file:///
[1439543:0902/151846.953721:VERBOSE1:network_delegate.cc(35)] NetworkDelegate::NotifyBeforeURLRequest: https://8.8.8.8/
[1439543:0902/151846.954161:VERBOSE1:tls_handshaker.cc(100)] TlsClient: Continuing handshake
[1439543:0902/151846.954445:VERBOSE1:tls_handshaker.cc(121)] TlsClient: SSL_do_handshake returned when entering early data. After retry, rv=-1, SSL_in_early_data=1
[1439543:0902/151846.974175:VERBOSE1:tls_handshaker.cc(100)] TlsClient: Continuing handshake
[1439543:0902/151846.974318:VERBOSE1:tls_handshaker.cc(100)] TlsClient: Continuing handshake
[1439543:0902/151846.974349:VERBOSE1:tls_client_handshaker.cc(508)] Client: handshake finished
[1439543:0902/151846.988070:VERBOSE1:network_delegate.cc(35)] NetworkDelegate::NotifyBeforeURLRequest: https://dns.google/
[1439464:0902/151847.762133:VERBOSE1:file_url_loader_factory.cc(452)] FileURLLoader::Start: file:///
[1439464:0902/151852.763048:VERBOSE1:file_url_loader_factory.cc(452)] FileURLLoader::Start: file:///
[1439464:0902/151857.764132:VERBOSE1:file_url_loader_factory.cc(452)] FileURLLoader::Start: file:///
[1439464:0902/151902.765239:VERBOSE1:file_url_loader_factory.cc(452)] FileURLLoader::Start: file:///
[1439464:0902/151907.766296:VERBOSE1:file_url_loader_factory.cc(452)] FileURLLoader::Start: file:///
[1439464:0902/151912.767370:VERBOSE1:file_url_loader_factory.cc(452)] FileURLLoader::Start: file:///
[1439543:0902/151916.953725:VERBOSE1:network_delegate.cc(35)] NetworkDelegate::NotifyBeforeURLRequest: https://8.8.8.8/
[1439543:0902/151916.954291:VERBOSE1:tls_handshaker.cc(100)] TlsClient: Continuing handshake
[1439543:0902/151916.954600:VERBOSE1:tls_handshaker.cc(121)] TlsClient: SSL_do_handshake returned when entering early data. After retry, rv=-1, SSL_in_early_data=1
[1439543:0902/151916.976184:VERBOSE1:tls_handshaker.cc(100)] TlsClient: Continuing handshake
[1439543:0902/151916.976326:VERBOSE1:tls_handshaker.cc(100)] TlsClient: Continuing handshake
[1439543:0902/151916.976357:VERBOSE1:tls_client_handshaker.cc(508)] Client: handshake finished
[1439543:0902/151916.990733:VERBOSE1:network_delegate.cc(35)] NetworkDelegate::NotifyBeforeURLRequest: https://dns.google/
[1439464:0902/151917.768308:VERBOSE1:file_url_loader_factory.cc(452)] FileURLLoader::Start: file:///
[1439464:0902/151922.769433:VERBOSE1:file_url_loader_factory.cc(452)] FileURLLoader::Start: file:///
[1439464:0902/151927.770459:VERBOSE1:file_url_loader_factory.cc(452)] FileURLLoader::Start: file:///
[1439464:0902/151932.783949:VERBOSE1:file_url_loader_factory.cc(452)] FileURLLoader::Start: file:///
[1439464:0902/151937.784970:VERBOSE1:file_url_loader_factory.cc(452)] FileURLLoader::Start: file:///
[1439464:0902/151942.785961:VERBOSE1:file_url_loader_factory.cc(452)] FileURLLoader::Start: file:///
[1439543:0902/151946.953771:VERBOSE1:network_delegate.cc(35)] NetworkDelegate::NotifyBeforeURLRequest: https://8.8.8.8/
[1439543:0902/151946.954268:VERBOSE1:tls_handshaker.cc(100)] TlsClient: Continuing handshake
[1439543:0902/151946.954577:VERBOSE1:tls_handshaker.cc(121)] TlsClient: SSL_do_handshake returned when entering early data. After retry, rv=-1, SSL_in_early_data=1
[1439543:0902/151946.975896:VERBOSE1:tls_handshaker.cc(100)] TlsClient: Continuing handshake
[1439543:0902/151946.976032:VERBOSE1:tls_handshaker.cc(100)] TlsClient: Continuing handshake
[1439543:0902/151946.976067:VERBOSE1:tls_client_handshaker.cc(508)] Client: handshake finished
[1439543:0902/151946.990034:VERBOSE1:network_delegate.cc(35)] NetworkDelegate::NotifyBeforeURLRequest: https://dns.google/
[1439464:0902/151947.787130:VERBOSE1:file_url_loader_factory.cc(452)] FileURLLoader::Start: file:///
[1439464:0902/151952.788257:VERBOSE1:file_url_loader_factory.cc(452)] FileURLLoader::Start: file:///
[1439464:0902/151957.789532:VERBOSE1:file_url_loader_factory.cc(452)] FileURLLoader::Start: file:///
[1439464:0902/152002.790701:VERBOSE1:file_url_loader_factory.cc(452)] FileURLLoader::Start: file:///
[1439464:0902/152007.792067:VERBOSE1:file_url_loader_factory.cc(452)] FileURLLoader::Start: file:///
[1439464:0902/152012.793149:VERBOSE1:file_url_loader_factory.cc(452)] FileURLLoader::Start: file:///
[1439543:0902/152016.953697:VERBOSE1:network_delegate.cc(35)] NetworkDelegate::NotifyBeforeURLRequest: https://8.8.8.8/
[1439543:0902/152016.954165:VERBOSE1:tls_handshaker.cc(100)] TlsClient: Continuing handshake
[1439543:0902/152016.956456:VERBOSE1:tls_handshaker.cc(100)] TlsClient: Continuing handshake
[1439543:0902/152016.956574:VERBOSE1:tls_handshaker.cc(121)] TlsClient: SSL_do_handshake returned when entering early data. After retry, rv=-1, SSL_in_early_data=1
[1439543:0902/152016.974897:VERBOSE1:tls_handshaker.cc(100)] TlsClient: Continuing handshake
[1439543:0902/152016.975032:VERBOSE1:tls_handshaker.cc(100)] TlsClient: Continuing handshake
[1439543:0902/152016.975070:VERBOSE1:tls_client_handshaker.cc(508)] Client: handshake finished
[1439543:0902/152016.989095:VERBOSE1:network_delegate.cc(35)] NetworkDelegate::NotifyBeforeURLRequest: https://dns.google/
[1439464:0902/152017.794245:VERBOSE1:file_url_loader_factory.cc(452)] FileURLLoader::Start: file:///
[1439464:0902/152022.795638:VERBOSE1:file_url_loader_factory.cc(452)] FileURLLoader::Start: file:///
[1439464:0902/152027.797746:VERBOSE1:file_url_loader_factory.cc(452)] FileURLLoader::Start: file:///
[1439464:0902/152032.799010:VERBOSE1:file_url_loader_factory.cc(452)] FileURLLoader::Start: file:///
[1439464:0902/152037.800109:VERBOSE1:file_url_loader_factory.cc(452)] FileURLLoader::Start: file:///
[1439464:0902/152042.801099:VERBOSE1:file_url_loader_factory.cc(452)] FileURLLoader::Start: file:///
[1439543:0902/152046.953684:VERBOSE1:network_delegate.cc(35)] NetworkDelegate::NotifyBeforeURLRequest: https://8.8.8.8/
[1439543:0902/152046.954147:VERBOSE1:tls_handshaker.cc(100)] TlsClient: Continuing handshake
[1439543:0902/152046.954431:VERBOSE1:tls_handshaker.cc(121)] TlsClient: SSL_do_handshake returned when entering early data. After retry, rv=-1, SSL_in_early_data=1
[1439543:0902/152046.974050:VERBOSE1:tls_handshaker.cc(100)] TlsClient: Continuing handshake
[1439543:0902/152046.974190:VERBOSE1:tls_handshaker.cc(100)] TlsClient: Continuing handshake
[1439543:0902/152046.974221:VERBOSE1:tls_client_handshaker.cc(508)] Client: handshake finished
[1439543:0902/152046.988088:VERBOSE1:network_delegate.cc(35)] NetworkDelegate::NotifyBeforeURLRequest: https://dns.google/
[1439464:0902/152047.802559:VERBOSE1:file_url_loader_factory.cc(452)] FileURLLoader::Start: file:///
[1439464:0902/152052.803610:VERBOSE1:file_url_loader_factory.cc(452)] FileURLLoader::Start: file:///
[1439464:0902/152057.804789:VERBOSE1:file_url_loader_factory.cc(452)] FileURLLoader::Start: file:///
[1439464:0902/152102.805953:VERBOSE1:file_url_loader_factory.cc(452)] FileURLLoader::Start: file:///
[1439464:0902/152107.808729:VERBOSE1:file_url_loader_factory.cc(452)] FileURLLoader::Start: file:///
[1439464:0902/152112.809744:VERBOSE1:file_url_loader_factory.cc(452)] FileURLLoader::Start: file:///
[1439543:0902/152116.953799:VERBOSE1:network_delegate.cc(35)] NetworkDelegate::NotifyBeforeURLRequest: https://8.8.8.8/
[1439543:0902/152116.954243:VERBOSE1:tls_handshaker.cc(100)] TlsClient: Continuing handshake
[1439543:0902/152116.954526:VERBOSE1:tls_handshaker.cc(121)] TlsClient: SSL_do_handshake returned when entering early data. After retry, rv=-1, SSL_in_early_data=1
[1439543:0902/152116.975094:VERBOSE1:tls_handshaker.cc(100)] TlsClient: Continuing handshake
[1439543:0902/152116.975239:VERBOSE1:tls_handshaker.cc(100)] TlsClient: Continuing handshake
[1439543:0902/152116.975272:VERBOSE1:tls_client_handshaker.cc(508)] Client: handshake finished
[1439543:0902/152116.989232:VERBOSE1:network_delegate.cc(35)] NetworkDelegate::NotifyBeforeURLRequest: https://dns.google/
[1439464:0902/152117.810720:VERBOSE1:file_url_loader_factory.cc(452)] FileURLLoader::Start: file:///
[1439464:0902/152122.811880:VERBOSE1:file_url_loader_factory.cc(452)] FileURLLoader::Start: file:///
[1439464:0902/152127.814586:VERBOSE1:file_url_loader_factory.cc(452)] FileURLLoader::Start: file:///
[1439464:0902/152132.815612:VERBOSE1:file_url_loader_factory.cc(452)] FileURLLoader::Start: file:///
[1439464:0902/152137.816635:VERBOSE1:file_url_loader_factory.cc(452)] FileURLLoader::Start: file:///
[1439464:0902/152142.817720:VERBOSE1:file_url_loader_factory.cc(452)] FileURLLoader::Start: file:///
[1439543:0902/152146.953578:VERBOSE1:network_delegate.cc(35)] NetworkDelegate::NotifyBeforeURLRequest: https://8.8.8.8/
[1439543:0902/152146.954023:VERBOSE1:tls_handshaker.cc(100)] TlsClient: Continuing handshake
[1439543:0902/152146.954297:VERBOSE1:tls_handshaker.cc(121)] TlsClient: SSL_do_handshake returned when entering early data. After retry, rv=-1, SSL_in_early_data=1
[1439543:0902/152146.975464:VERBOSE1:tls_handshaker.cc(100)] TlsClient: Continuing handshake
[1439543:0902/152146.975596:VERBOSE1:tls_handshaker.cc(100)] TlsClient: Continuing handshake
[1439543:0902/152146.975625:VERBOSE1:tls_client_handshaker.cc(508)] Client: handshake finished
[1439543:0902/152146.989385:VERBOSE1:network_delegate.cc(35)] NetworkDelegate::NotifyBeforeURLRequest: https://dns.google/
[1439464:0902/152147.818593:VERBOSE1:file_url_loader_factory.cc(452)] FileURLLoader::Start: file:///
[1439464:0902/152152.820456:VERBOSE1:file_url_loader_factory.cc(452)] FileURLLoader::Start: file:///
[1439464:0902/152157.845291:VERBOSE1:file_url_loader_factory.cc(452)] FileURLLoader::Start: file:///
[1439464:0902/152202.846541:VERBOSE1:file_url_loader_factory.cc(452)] FileURLLoader::Start: file:///
[1439464:0902/152207.848322:VERBOSE1:file_url_loader_factory.cc(452)] FileURLLoader::Start: file:///
[1439464:0902/152212.851381:VERBOSE1:file_url_loader_factory.cc(452)] FileURLLoader::Start: file:///
[1439543:0902/152216.954851:VERBOSE1:network_delegate.cc(35)] NetworkDelegate::NotifyBeforeURLRequest: https://8.8.8.8/
[1439543:0902/152216.955303:VERBOSE1:tls_handshaker.cc(100)] TlsClient: Continuing handshake
[1439543:0902/152216.955580:VERBOSE1:tls_handshaker.cc(121)] TlsClient: SSL_do_handshake returned when entering early data. After retry, rv=-1, SSL_in_early_data=1
[1439543:0902/152216.975792:VERBOSE1:tls_handshaker.cc(100)] TlsClient: Continuing handshake
[1439543:0902/152216.975942:VERBOSE1:tls_handshaker.cc(100)] TlsClient: Continuing handshake
[1439543:0902/152216.975973:VERBOSE1:tls_client_handshaker.cc(508)] Client: handshake finished
[1439543:0902/152216.989659:VERBOSE1:network_delegate.cc(35)] NetworkDelegate::NotifyBeforeURLRequest: https://dns.google/
[1439464:0902/152217.852353:VERBOSE1:file_url_loader_factory.cc(452)] FileURLLoader::Start: file:///
[1439464:0902/152222.853420:VERBOSE1:file_url_loader_factory.cc(452)] FileURLLoader::Start: file:///
[1439464:0902/152227.856022:VERBOSE1:file_url_loader_factory.cc(452)] FileURLLoader::Start: file:///
[1439464:0902/152232.857671:VERBOSE1:file_url_loader_factory.cc(452)] FileURLLoader::Start: file:///
[1439464:0902/152237.859727:VERBOSE1:file_url_loader_factory.cc(452)] FileURLLoader::Start: file:///
[1439464:0902/152242.861622:VERBOSE1:file_url_loader_factory.cc(452)] FileURLLoader::Start: file:///
[1439543:0902/152246.954697:VERBOSE1:network_delegate.cc(35)] NetworkDelegate::NotifyBeforeURLRequest: https://8.8.8.8/
[1439543:0902/152246.955166:VERBOSE1:tls_handshaker.cc(100)] TlsClient: Continuing handshake
[1439543:0902/152246.955423:VERBOSE1:tls_handshaker.cc(121)] TlsClient: SSL_do_handshake returned when entering early data. After retry, rv=-1, SSL_in_early_data=1
[1439543:0902/152246.975341:VERBOSE1:tls_handshaker.cc(100)] TlsClient: Continuing handshake
[1439543:0902/152246.975576:VERBOSE1:tls_handshaker.cc(100)] TlsClient: Continuing handshake
[1439543:0902/152246.975632:VERBOSE1:tls_client_handshaker.cc(508)] Client: handshake finished
[1439543:0902/152246.991204:VERBOSE1:network_delegate.cc(35)] NetworkDelegate::NotifyBeforeURLRequest: https://dns.google/
[1439464:0902/152247.863353:VERBOSE1:file_url_loader_factory.cc(452)] FileURLLoader::Start: file:///
[1439464:0902/152252.865042:VERBOSE1:file_url_loader_factory.cc(452)] FileURLLoader::Start: file:///
[1439464:0902/152257.866346:VERBOSE1:file_url_loader_factory.cc(452)] FileURLLoader::Start: file:///
[1439464:0902/152302.867620:VERBOSE1:file_url_loader_factory.cc(452)] FileURLLoader::Start: file:///
[1439464:0902/152307.868848:VERBOSE1:file_url_loader_factory.cc(452)] FileURLLoader::Start: file:///
[1439464:0902/152312.870422:VERBOSE1:file_url_loader_factory.cc(452)] FileURLLoader::Start: file:///
[1439543:0902/152316.953991:VERBOSE1:network_delegate.cc(35)] NetworkDelegate::NotifyBeforeURLRequest: https://8.8.8.8/
[1439543:0902/152316.954691:VERBOSE1:tls_handshaker.cc(100)] TlsClient: Continuing handshake
[1439543:0902/152316.954904:VERBOSE1:tls_handshaker.cc(121)] TlsClient: SSL_do_handshake returned when entering early data. After retry, rv=-1, SSL_in_early_data=1
[1439543:0902/152316.974922:VERBOSE1:tls_handshaker.cc(100)] TlsClient: Continuing handshake
[1439543:0902/152316.975105:VERBOSE1:tls_handshaker.cc(100)] TlsClient: Continuing handshake
[1439543:0902/152316.975149:VERBOSE1:tls_client_handshaker.cc(508)] Client: handshake finished
[1439543:0902/152316.990085:VERBOSE1:network_delegate.cc(35)] NetworkDelegate::NotifyBeforeURLRequest: https://dns.google/
[1439464:0902/152317.871824:VERBOSE1:file_url_loader_factory.cc(452)] FileURLLoader::Start: file:///
[1439464:0902/152322.873126:VERBOSE1:file_url_loader_factory.cc(452)] FileURLLoader::Start: file:///
[1439464:0902/152327.874280:VERBOSE1:file_url_loader_factory.cc(452)] FileURLLoader::Start: file:///
[1439464:0902/152332.875516:VERBOSE1:file_url_loader_factory.cc(452)] FileURLLoader::Start: file:///
[1439464:0902/152337.876639:VERBOSE1:file_url_loader_factory.cc(452)] FileURLLoader::Start: file:///
[1439464:0902/152342.877912:VERBOSE1:file_url_loader_factory.cc(452)] FileURLLoader::Start: file:///
[1439543:0902/152346.953601:VERBOSE1:network_delegate.cc(35)] NetworkDelegate::NotifyBeforeURLRequest: https://8.8.8.8/
[1439543:0902/152346.954027:VERBOSE1:tls_handshaker.cc(100)] TlsClient: Continuing handshake
[1439543:0902/152346.954291:VERBOSE1:tls_handshaker.cc(121)] TlsClient: SSL_do_handshake returned when entering early data. After retry, rv=-1, SSL_in_early_data=1
[1439543:0902/152346.976534:VERBOSE1:tls_handshaker.cc(100)] TlsClient: Continuing handshake
[1439543:0902/152346.976679:VERBOSE1:tls_handshaker.cc(100)] TlsClient: Continuing handshake
[1439543:0902/152346.976711:VERBOSE1:tls_client_handshaker.cc(508)] Client: handshake finished
[1439543:0902/152346.990612:VERBOSE1:network_delegate.cc(35)] NetworkDelegate::NotifyBeforeURLRequest: https://dns.google/
[1439464:0902/152347.879062:VERBOSE1:file_url_loader_factory.cc(452)] FileURLLoader::Start: file:///
[1439464:0902/152352.880131:VERBOSE1:file_url_loader_factory.cc(452)] FileURLLoader::Start: file:///
[1439464:0902/152357.881471:VERBOSE1:file_url_loader_factory.cc(452)] FileURLLoader::Start: file:///
[1439464:0902/152402.882522:VERBOSE1:file_url_loader_factory.cc(452)] FileURLLoader::Start: file:///
[1439464:0902/152407.883474:VERBOSE1:file_url_loader_factory.cc(452)] FileURLLoader::Start: file:///
[1439464:0902/152412.884507:VERBOSE1:file_url_loader_factory.cc(452)] FileURLLoader::Start: file:///
[1439543:0902/152416.953728:VERBOSE1:network_delegate.cc(35)] NetworkDelegate::NotifyBeforeURLRequest: https://8.8.8.8/
[1439543:0902/152416.954134:VERBOSE1:tls_handshaker.cc(100)] TlsClient: Continuing handshake
[1439543:0902/152416.954380:VERBOSE1:tls_handshaker.cc(121)] TlsClient: SSL_do_handshake returned when entering early data. After retry, rv=-1, SSL_in_early_data=1
[1439543:0902/152416.975338:VERBOSE1:tls_handshaker.cc(100)] TlsClient: Continuing handshake
[1439543:0902/152416.975469:VERBOSE1:tls_handshaker.cc(100)] TlsClient: Continuing handshake
[1439543:0902/152416.975506:VERBOSE1:tls_client_handshaker.cc(508)] Client: handshake finished
[1439543:0902/152416.989438:VERBOSE1:network_delegate.cc(35)] NetworkDelegate::NotifyBeforeURLRequest: https://dns.google/
[1439464:0902/152417.885479:VERBOSE1:file_url_loader_factory.cc(452)] FileURLLoader::Start: file:///
[1439464:0902/152422.886831:VERBOSE1:file_url_loader_factory.cc(452)] FileURLLoader::Start: file:///
[1439464:0902/152427.887968:VERBOSE1:file_url_loader_factory.cc(452)] FileURLLoader::Start: file:///
[1439464:0902/152432.889104:VERBOSE1:file_url_loader_factory.cc(452)] FileURLLoader::Start: file:///
[1439464:0902/152437.890176:VERBOSE1:file_url_loader_factory.cc(452)] FileURLLoader::Start: file:///
[1439464:0902/152442.891296:VERBOSE1:file_url_loader_factory.cc(452)] FileURLLoader::Start: file:///
[1439543:0902/152446.953741:VERBOSE1:network_delegate.cc(35)] NetworkDelegate::NotifyBeforeURLRequest: https://8.8.8.8/
[1439543:0902/152446.954217:VERBOSE1:tls_handshaker.cc(100)] TlsClient: Continuing handshake
[1439543:0902/152446.954584:VERBOSE1:tls_handshaker.cc(121)] TlsClient: SSL_do_handshake returned when entering early data. After retry, rv=-1, SSL_in_early_data=1
[1439543:0902/152446.974538:VERBOSE1:tls_handshaker.cc(100)] TlsClient: Continuing handshake
[1439543:0902/152446.974676:VERBOSE1:tls_handshaker.cc(100)] TlsClient: Continuing handshake
[1439543:0902/152446.974705:VERBOSE1:tls_client_handshaker.cc(508)] Client: handshake finished
[1439543:0902/152446.988679:VERBOSE1:network_delegate.cc(35)] NetworkDelegate::NotifyBeforeURLRequest: https://dns.google/
[1439464:0902/152447.892417:VERBOSE1:file_url_loader_factory.cc(452)] FileURLLoader::Start: file:///
[1439464:0902/152452.893549:VERBOSE1:file_url_loader_factory.cc(452)] FileURLLoader::Start: file:///
[1439464:0902/152457.894714:VERBOSE1:file_url_loader_factory.cc(452)] FileURLLoader::Start: file:///
[1439464:0902/152502.896596:VERBOSE1:file_url_loader_factory.cc(452)] FileURLLoader::Start: file:///
[1439464:0902/152507.898596:VERBOSE1:file_url_loader_factory.cc(452)] FileURLLoader::Start: file:///
[1439464:0902/152512.899800:VERBOSE1:file_url_loader_factory.cc(452)] FileURLLoader::Start: file:///
[1439543:0902/152516.953718:VERBOSE1:network_delegate.cc(35)] NetworkDelegate::NotifyBeforeURLRequest: https://8.8.8.8/
[1439543:0902/152516.954252:VERBOSE1:tls_handshaker.cc(100)] TlsClient: Continuing handshake
[1439543:0902/152516.954561:VERBOSE1:tls_handshaker.cc(121)] TlsClient: SSL_do_handshake returned when entering early data. After retry, rv=-1, SSL_in_early_data=1
[1439543:0902/152516.975657:VERBOSE1:tls_handshaker.cc(100)] TlsClient: Continuing handshake
[1439543:0902/152516.975775:VERBOSE1:tls_handshaker.cc(100)] TlsClient: Continuing handshake
[1439543:0902/152516.975805:VERBOSE1:tls_client_handshaker.cc(508)] Client: handshake finished
[1439543:0902/152516.989452:VERBOSE1:network_delegate.cc(35)] NetworkDelegate::NotifyBeforeURLRequest: https://dns.google/
[1439464:0902/152517.901328:VERBOSE1:file_url_loader_factory.cc(452)] FileURLLoader::Start: file:///
[1439464:0902/152522.902460:VERBOSE1:file_url_loader_factory.cc(452)] FileURLLoader::Start: file:///
[1439464:0902/152527.903593:VERBOSE1:file_url_loader_factory.cc(452)] FileURLLoader::Start: file:///
[1439464:0902/152532.904680:VERBOSE1:file_url_loader_factory.cc(452)] FileURLLoader::Start: file:///
[1439464:0902/152537.906667:VERBOSE1:file_url_loader_factory.cc(452)] FileURLLoader::Start: file:///
[1439464:0902/152542.908143:VERBOSE1:file_url_loader_factory.cc(452)] FileURLLoader::Start: file:///
[1439543:0902/152546.955639:VERBOSE1:network_delegate.cc(35)] NetworkDelegate::NotifyBeforeURLRequest: https://8.8.8.8/
[1439543:0902/152546.956090:VERBOSE1:tls_handshaker.cc(100)] TlsClient: Continuing handshake
[1439543:0902/152546.956341:VERBOSE1:tls_handshaker.cc(121)] TlsClient: SSL_do_handshake returned when entering early data. After retry, rv=-1, SSL_in_early_data=1
[1439543:0902/152546.977409:VERBOSE1:tls_handshaker.cc(100)] TlsClient: Continuing handshake
[1439543:0902/152546.977560:VERBOSE1:tls_handshaker.cc(100)] TlsClient: Continuing handshake
[1439543:0902/152546.977593:VERBOSE1:tls_client_handshaker.cc(508)] Client: handshake finished
[1439543:0902/152546.991453:VERBOSE1:network_delegate.cc(35)] NetworkDelegate::NotifyBeforeURLRequest: https://dns.google/
[1439464:0902/152547.909217:VERBOSE1:file_url_loader_factory.cc(452)] FileURLLoader::Start: file:///
[1439464:0902/152552.910322:VERBOSE1:file_url_loader_factory.cc(452)] FileURLLoader::Start: file:///
[1439464:0902/152557.911348:VERBOSE1:file_url_loader_factory.cc(452)] FileURLLoader::Start: file:///
[1439464:0902/152602.912443:VERBOSE1:file_url_loader_factory.cc(452)] FileURLLoader::Start: file:///
[1439464:0902/152607.913538:VERBOSE1:file_url_loader_factory.cc(452)] FileURLLoader::Start: file:///
[1439464:0902/152612.914628:VERBOSE1:file_url_loader_factory.cc(452)] FileURLLoader::Start: file:///
[1439543:0902/152616.953779:VERBOSE1:network_delegate.cc(35)] NetworkDelegate::NotifyBeforeURLRequest: https://8.8.8.8/
[1439543:0902/152616.954224:VERBOSE1:tls_handshaker.cc(100)] TlsClient: Continuing handshake
[1439543:0902/152616.954516:VERBOSE1:tls_handshaker.cc(121)] TlsClient: SSL_do_handshake returned when entering early data. After retry, rv=-1, SSL_in_early_data=1
[1439543:0902/152616.974786:VERBOSE1:tls_handshaker.cc(100)] TlsClient: Continuing handshake
[1439543:0902/152616.974932:VERBOSE1:tls_handshaker.cc(100)] TlsClient: Continuing handshake
[1439543:0902/152616.974966:VERBOSE1:tls_client_handshaker.cc(508)] Client: handshake finished
[1439543:0902/152616.989183:VERBOSE1:network_delegate.cc(35)] NetworkDelegate::NotifyBeforeURLRequest: https://dns.google/
[1439464:0902/152617.915604:VERBOSE1:file_url_loader_factory.cc(452)] FileURLLoader::Start: file:///
[1439464:0902/152622.916649:VERBOSE1:file_url_loader_factory.cc(452)] FileURLLoader::Start: file:///
[1439464:0902/152627.917717:VERBOSE1:file_url_loader_factory.cc(452)] FileURLLoader::Start: file:///
[1439464:0902/152632.918770:VERBOSE1:file_url_loader_factory.cc(452)] FileURLLoader::Start: file:///
[1439464:0902/152637.919934:VERBOSE1:file_url_loader_factory.cc(452)] FileURLLoader::Start: file:///
[1439464:0902/152642.921107:VERBOSE1:file_url_loader_factory.cc(452)] FileURLLoader::Start: file:///
[1439543:0902/152646.953606:VERBOSE1:network_delegate.cc(35)] NetworkDelegate::NotifyBeforeURLRequest: https://8.8.8.8/
[1439543:0902/152646.954011:VERBOSE1:tls_handshaker.cc(100)] TlsClient: Continuing handshake
[1439543:0902/152646.954281:VERBOSE1:tls_handshaker.cc(121)] TlsClient: SSL_do_handshake returned when entering early data. After retry, rv=-1, SSL_in_early_data=1
[1439543:0902/152646.974668:VERBOSE1:tls_handshaker.cc(100)] TlsClient: Continuing handshake
[1439543:0902/152646.974809:VERBOSE1:tls_handshaker.cc(100)] TlsClient: Continuing handshake
[1439543:0902/152646.974840:VERBOSE1:tls_client_handshaker.cc(508)] Client: handshake finished
[1439543:0902/152646.988679:VERBOSE1:network_delegate.cc(35)] NetworkDelegate::NotifyBeforeURLRequest: https://dns.google/
[1439464:0902/152647.922266:VERBOSE1:file_url_loader_factory.cc(452)] FileURLLoader::Start: file:///
[1439464:0902/152652.923901:VERBOSE1:file_url_loader_factory.cc(452)] FileURLLoader::Start: file:///
[1439464:0902/152657.925111:VERBOSE1:file_url_loader_factory.cc(452)] FileURLLoader::Start: file:///
[1439464:0902/152702.926548:VERBOSE1:file_url_loader_factory.cc(452)] FileURLLoader::Start: file:///
[1439464:0902/152707.928400:VERBOSE1:file_url_loader_factory.cc(452)] FileURLLoader::Start: file:///
[1439464:0902/152712.930610:VERBOSE1:file_url_loader_factory.cc(452)] FileURLLoader::Start: file:///
[1439543:0902/152716.954713:VERBOSE1:network_delegate.cc(35)] NetworkDelegate::NotifyBeforeURLRequest: https://8.8.8.8/
[1439543:0902/152716.955196:VERBOSE1:tls_handshaker.cc(100)] TlsClient: Continuing handshake
[1439543:0902/152716.955499:VERBOSE1:tls_handshaker.cc(121)] TlsClient: SSL_do_handshake returned when entering early data. After retry, rv=-1, SSL_in_early_data=1
[1439543:0902/152716.975794:VERBOSE1:tls_handshaker.cc(100)] TlsClient: Continuing handshake
[1439543:0902/152716.975928:VERBOSE1:tls_handshaker.cc(100)] TlsClient: Continuing handshake
[1439543:0902/152716.975957:VERBOSE1:tls_client_handshaker.cc(508)] Client: handshake finished
[1439543:0902/152716.989772:VERBOSE1:network_delegate.cc(35)] NetworkDelegate::NotifyBeforeURLRequest: https://dns.google/
[1439464:0902/152717.931728:VERBOSE1:file_url_loader_factory.cc(452)] FileURLLoader::Start: file:///
[1439464:0902/152722.932796:VERBOSE1:file_url_loader_factory.cc(452)] FileURLLoader::Start: file:///
[1439464:0902/152727.933837:VERBOSE1:file_url_loader_factory.cc(452)] FileURLLoader::Start: file:///
[1439464:0902/152732.934855:VERBOSE1:file_url_loader_factory.cc(452)] FileURLLoader::Start: file:///
[1439464:0902/152737.935988:VERBOSE1:file_url_loader_factory.cc(452)] FileURLLoader::Start: file:///
[1439464:0902/152742.937061:VERBOSE1:file_url_loader_factory.cc(452)] FileURLLoader::Start: file:///
[1439543:0902/152746.953609:VERBOSE1:network_delegate.cc(35)] NetworkDelegate::NotifyBeforeURLRequest: https://8.8.8.8/
[1439543:0902/152746.954080:VERBOSE1:tls_handshaker.cc(100)] TlsClient: Continuing handshake
[1439543:0902/152746.954377:VERBOSE1:tls_handshaker.cc(121)] TlsClient: SSL_do_handshake returned when entering early data. After retry, rv=-1, SSL_in_early_data=1
[1439543:0902/152746.974627:VERBOSE1:tls_handshaker.cc(100)] TlsClient: Continuing handshake
[1439543:0902/152746.974734:VERBOSE1:tls_handshaker.cc(100)] TlsClient: Continuing handshake
[1439543:0902/152746.974764:VERBOSE1:tls_client_handshaker.cc(508)] Client: handshake finished
[1439543:0902/152746.988416:VERBOSE1:network_delegate.cc(35)] NetworkDelegate::NotifyBeforeURLRequest: https://dns.google/
[1439464:0902/152747.938270:VERBOSE1:file_url_loader_factory.cc(452)] FileURLLoader::Start: file:///
[1439464:0902/152752.940832:VERBOSE1:file_url_loader_factory.cc(452)] FileURLLoader::Start: file:///
[1439464:0902/152757.943741:VERBOSE1:file_url_loader_factory.cc(452)] FileURLLoader::Start: file:///
[1439464:0902/152802.944942:VERBOSE1:file_url_loader_factory.cc(452)] FileURLLoader::Start: file:///
[1439464:0902/152807.946005:VERBOSE1:file_url_loader_factory.cc(452)] FileURLLoader::Start: file:///
[1439464:0902/152812.947345:VERBOSE1:file_url_loader_factory.cc(452)] FileURLLoader::Start: file:///
[1439543:0902/152816.954723:VERBOSE1:network_delegate.cc(35)] NetworkDelegate::NotifyBeforeURLRequest: https://8.8.8.8/
[1439543:0902/152816.956893:VERBOSE1:tls_handshaker.cc(100)] TlsClient: Continuing handshake
[1439543:0902/152816.957190:VERBOSE1:tls_handshaker.cc(121)] TlsClient: SSL_do_handshake returned when entering early data. After retry, rv=-1, SSL_in_early_data=1
[1439543:0902/152816.977648:VERBOSE1:tls_handshaker.cc(100)] TlsClient: Continuing handshake
[1439543:0902/152816.977854:VERBOSE1:tls_handshaker.cc(100)] TlsClient: Continuing handshake
[1439543:0902/152816.977904:VERBOSE1:tls_client_handshaker.cc(508)] Client: handshake finished
[1439543:0902/152816.992110:VERBOSE1:network_delegate.cc(35)] NetworkDelegate::NotifyBeforeURLRequest: https://dns.google/
[1439464:0902/152817.948670:VERBOSE1:file_url_loader_factory.cc(452)] FileURLLoader::Start: file:///
[1439464:0902/152822.952732:VERBOSE1:file_url_loader_factory.cc(452)] FileURLLoader::Start: file:///
[1439464:0902/152827.956502:VERBOSE1:file_url_loader_factory.cc(452)] FileURLLoader::Start: file:///
[1439464:0902/152832.958765:VERBOSE1:file_url_loader_factory.cc(452)] FileURLLoader::Start: file:///
[1439464:0902/152837.962615:VERBOSE1:file_url_loader_factory.cc(452)] FileURLLoader::Start: file:///
[1439464:0902/152842.963660:VERBOSE1:file_url_loader_factory.cc(452)] FileURLLoader::Start: file:///
[1439543:0902/152846.953716:VERBOSE1:network_delegate.cc(35)] NetworkDelegate::NotifyBeforeURLRequest: https://8.8.8.8/
[1439543:0902/152846.954144:VERBOSE1:tls_handshaker.cc(100)] TlsClient: Continuing handshake
[1439543:0902/152846.954453:VERBOSE1:tls_handshaker.cc(121)] TlsClient: SSL_do_handshake returned when entering early data. After retry, rv=-1, SSL_in_early_data=1
[1439543:0902/152846.975256:VERBOSE1:tls_handshaker.cc(100)] TlsClient: Continuing handshake
[1439543:0902/152846.975418:VERBOSE1:tls_handshaker.cc(100)] TlsClient: Continuing handshake
[1439543:0902/152846.975452:VERBOSE1:tls_client_handshaker.cc(508)] Client: handshake finished
[1439543:0902/152846.991113:VERBOSE1:network_delegate.cc(35)] NetworkDelegate::NotifyBeforeURLRequest: https://dns.google/
[1439464:0902/152847.964727:VERBOSE1:file_url_loader_factory.cc(452)] FileURLLoader::Start: file:///
[1439464:0902/152852.965834:VERBOSE1:file_url_loader_factory.cc(452)] FileURLLoader::Start: file:///
[1439464:0902/152857.968677:VERBOSE1:file_url_loader_factory.cc(452)] FileURLLoader::Start: file:///
[1439464:0902/152902.969994:VERBOSE1:file_url_loader_factory.cc(452)] FileURLLoader::Start: file:///
[1439464:0902/152907.971120:VERBOSE1:file_url_loader_factory.cc(452)] FileURLLoader::Start: file:///
[1439464:0902/152912.973235:VERBOSE1:file_url_loader_factory.cc(452)] FileURLLoader::Start: file:///
[1439543:0902/152916.953762:VERBOSE1:network_delegate.cc(35)] NetworkDelegate::NotifyBeforeURLRequest: https://8.8.8.8/
[1439543:0902/152916.954239:VERBOSE1:tls_handshaker.cc(100)] TlsClient: Continuing handshake
[1439543:0902/152916.954555:VERBOSE1:tls_handshaker.cc(121)] TlsClient: SSL_do_handshake returned when entering early data. After retry, rv=-1, SSL_in_early_data=1
[1439543:0902/152916.975674:VERBOSE1:tls_handshaker.cc(100)] TlsClient: Continuing handshake
[1439543:0902/152916.975819:VERBOSE1:tls_handshaker.cc(100)] TlsClient: Continuing handshake
[1439543:0902/152916.975858:VERBOSE1:tls_client_handshaker.cc(508)] Client: handshake finished
[1439543:0902/152916.990573:VERBOSE1:network_delegate.cc(35)] NetworkDelegate::NotifyBeforeURLRequest: https://dns.google/
[1439464:0902/152917.974410:VERBOSE1:file_url_loader_factory.cc(452)] FileURLLoader::Start: file:///
[1439464:0902/152922.975466:VERBOSE1:file_url_loader_factory.cc(452)] FileURLLoader::Start: file:///
[1439464:0902/152927.976413:VERBOSE1:file_url_loader_factory.cc(452)] FileURLLoader::Start: file:///
[1439464:0902/152933.002235:VERBOSE1:file_url_loader_factory.cc(452)] FileURLLoader::Start: file:///
[1439464:0902/152938.003367:VERBOSE1:file_url_loader_factory.cc(452)] FileURLLoader::Start: file:///
[1439464:0902/152943.004491:VERBOSE1:file_url_loader_factory.cc(452)] FileURLLoader::Start: file:///
[1439543:0902/152946.953795:VERBOSE1:network_delegate.cc(35)] NetworkDelegate::NotifyBeforeURLRequest: https://8.8.8.8/
[1439543:0902/152946.954268:VERBOSE1:tls_handshaker.cc(100)] TlsClient: Continuing handshake
[1439543:0902/152946.954563:VERBOSE1:tls_handshaker.cc(121)] TlsClient: SSL_do_handshake returned when entering early data. After retry, rv=-1, SSL_in_early_data=1
[1439543:0902/152946.975686:VERBOSE1:tls_handshaker.cc(100)] TlsClient: Continuing handshake
[1439543:0902/152946.975794:VERBOSE1:tls_handshaker.cc(100)] TlsClient: Continuing handshake
[1439543:0902/152946.975823:VERBOSE1:tls_client_handshaker.cc(508)] Client: handshake finished
[1439543:0902/152946.990474:VERBOSE1:network_delegate.cc(35)] NetworkDelegate::NotifyBeforeURLRequest: https://dns.google/
[1439464:0902/152948.005557:VERBOSE1:file_url_loader_factory.cc(452)] FileURLLoader::Start: file:///
[1439464:0902/152953.006620:VERBOSE1:file_url_loader_factory.cc(452)] FileURLLoader::Start: file:///
[1439464:0902/152958.007775:VERBOSE1:file_url_loader_factory.cc(452)] FileURLLoader::Start: file:///
[1439464:0902/153003.008828:VERBOSE1:file_url_loader_factory.cc(452)] FileURLLoader::Start: file:///
[1439464:0902/153008.009817:VERBOSE1:file_url_loader_factory.cc(452)] FileURLLoader::Start: file:///
[1439464:0902/153013.011003:VERBOSE1:file_url_loader_factory.cc(452)] FileURLLoader::Start: file:///
[1439543:0902/153016.953830:VERBOSE1:network_delegate.cc(35)] NetworkDelegate::NotifyBeforeURLRequest: https://8.8.8.8/
[1439543:0902/153016.954317:VERBOSE1:tls_handshaker.cc(100)] TlsClient: Continuing handshake
[1439543:0902/153016.954616:VERBOSE1:tls_handshaker.cc(121)] TlsClient: SSL_do_handshake returned when entering early data. After retry, rv=-1, SSL_in_early_data=1
[1439543:0902/153016.974684:VERBOSE1:tls_handshaker.cc(100)] TlsClient: Continuing handshake
[1439543:0902/153016.974825:VERBOSE1:tls_handshaker.cc(100)] TlsClient: Continuing handshake
[1439543:0902/153016.974856:VERBOSE1:tls_client_handshaker.cc(508)] Client: handshake finished
[1439543:0902/153016.988778:VERBOSE1:network_delegate.cc(35)] NetworkDelegate::NotifyBeforeURLRequest: https://dns.google/
[1439464:0902/153018.036409:VERBOSE1:file_url_loader_factory.cc(452)] FileURLLoader::Start: file:///
[1439464:0902/153023.037861:VERBOSE1:file_url_loader_factory.cc(452)] FileURLLoader::Start: file:///
[1439464:0902/153028.038967:VERBOSE1:file_url_loader_factory.cc(452)] FileURLLoader::Start: file:///
[1439464:0902/153033.040122:VERBOSE1:file_url_loader_factory.cc(452)] FileURLLoader::Start: file:///
[1439464:0902/153038.041281:VERBOSE1:file_url_loader_factory.cc(452)] FileURLLoader::Start: file:///
[1439464:0902/153043.042455:VERBOSE1:file_url_loader_factory.cc(452)] FileURLLoader::Start: file:///
[1439543:0902/153046.953753:VERBOSE1:network_delegate.cc(35)] NetworkDelegate::NotifyBeforeURLRequest: https://8.8.8.8/
[1439543:0902/153046.954239:VERBOSE1:tls_handshaker.cc(100)] TlsClient: Continuing handshake
[1439543:0902/153046.954536:VERBOSE1:tls_handshaker.cc(121)] TlsClient: SSL_do_handshake returned when entering early data. After retry, rv=-1, SSL_in_early_data=1
[1439543:0902/153046.975541:VERBOSE1:tls_handshaker.cc(100)] TlsClient: Continuing handshake
[1439543:0902/153046.975720:VERBOSE1:tls_handshaker.cc(100)] TlsClient: Continuing handshake
[1439543:0902/153046.975755:VERBOSE1:tls_client_handshaker.cc(508)] Client: handshake finished
[1439543:0902/153046.989877:VERBOSE1:network_delegate.cc(35)] NetworkDelegate::NotifyBeforeURLRequest: https://dns.google/
[1439464:0902/153048.050178:VERBOSE1:file_url_loader_factory.cc(452)] FileURLLoader::Start: file:///
[1439464:0902/153053.052713:VERBOSE1:file_url_loader_factory.cc(452)] FileURLLoader::Start: file:///
[1439464:0902/153058.054159:VERBOSE1:file_url_loader_factory.cc(452)] FileURLLoader::Start: file:///
[1439464:0902/153103.055383:VERBOSE1:file_url_loader_factory.cc(452)] FileURLLoader::Start: file:///
[1439464:0902/153108.057035:VERBOSE1:file_url_loader_factory.cc(452)] FileURLLoader::Start: file:///
[1439464:0902/153113.059689:VERBOSE1:file_url_loader_factory.cc(452)] FileURLLoader::Start: file:///
[1439543:0902/153116.954179:VERBOSE1:network_delegate.cc(35)] NetworkDelegate::NotifyBeforeURLRequest: https://8.8.8.8/
[1439543:0902/153116.956873:VERBOSE1:tls_handshaker.cc(100)] TlsClient: Continuing handshake
[1439543:0902/153116.957262:VERBOSE1:tls_handshaker.cc(121)] TlsClient: SSL_do_handshake returned when entering early data. After retry, rv=-1, SSL_in_early_data=1
[1439543:0902/153116.979417:VERBOSE1:tls_handshaker.cc(100)] TlsClient: Continuing handshake
[1439543:0902/153116.979612:VERBOSE1:tls_handshaker.cc(100)] TlsClient: Continuing handshake
[1439543:0902/153116.979657:VERBOSE1:tls_client_handshaker.cc(508)] Client: handshake finished
[1439543:0902/153116.994050:VERBOSE1:network_delegate.cc(35)] NetworkDelegate::NotifyBeforeURLRequest: https://dns.google/
[1439464:0902/153118.061752:VERBOSE1:file_url_loader_factory.cc(452)] FileURLLoader::Start: file:///
[1439464:0902/153123.063626:VERBOSE1:file_url_loader_factory.cc(452)] FileURLLoader::Start: file:///
[1439464:0902/153128.064798:VERBOSE1:file_url_loader_factory.cc(452)] FileURLLoader::Start: file:///
[1439464:0902/153133.067595:VERBOSE1:file_url_loader_factory.cc(452)] FileURLLoader::Start: file:///
[1439464:0902/153138.068782:VERBOSE1:file_url_loader_factory.cc(452)] FileURLLoader::Start: file:///
[1439464:0902/153143.070197:VERBOSE1:file_url_loader_factory.cc(452)] FileURLLoader::Start: file:///
[1439543:0902/153146.953625:VERBOSE1:network_delegate.cc(35)] NetworkDelegate::NotifyBeforeURLRequest: https://8.8.8.8/
[1439543:0902/153146.954096:VERBOSE1:tls_handshaker.cc(100)] TlsClient: Continuing handshake
[1439543:0902/153146.954400:VERBOSE1:tls_handshaker.cc(121)] TlsClient: SSL_do_handshake returned when entering early data. After retry, rv=-1, SSL_in_early_data=1
[1439543:0902/153146.977025:VERBOSE1:tls_handshaker.cc(100)] TlsClient: Continuing handshake
[1439543:0902/153146.977211:VERBOSE1:tls_handshaker.cc(100)] TlsClient: Continuing handshake
[1439543:0902/153146.977257:VERBOSE1:tls_client_handshaker.cc(508)] Client: handshake finished
[1439543:0902/153146.991401:VERBOSE1:network_delegate.cc(35)] NetworkDelegate::NotifyBeforeURLRequest: https://dns.google/
[1439464:0902/153148.071972:VERBOSE1:file_url_loader_factory.cc(452)] FileURLLoader::Start: file:///
[1439464:0902/153153.073783:VERBOSE1:file_url_loader_factory.cc(452)] FileURLLoader::Start: file:///
[1439464:0902/153158.075808:VERBOSE1:file_url_loader_factory.cc(452)] FileURLLoader::Start: file:///
[1439464:0902/153203.077798:VERBOSE1:file_url_loader_factory.cc(452)] FileURLLoader::Start: file:///
[1439464:0902/153208.079099:VERBOSE1:file_url_loader_factory.cc(452)] FileURLLoader::Start: file:///
[1439464:0902/153213.080352:VERBOSE1:file_url_loader_factory.cc(452)] FileURLLoader::Start: file:///
[1439543:0902/153216.956738:VERBOSE1:network_delegate.cc(35)] NetworkDelegate::NotifyBeforeURLRequest: https://8.8.8.8/
[1439543:0902/153216.957368:VERBOSE1:tls_handshaker.cc(100)] TlsClient: Continuing handshake
[1439543:0902/153216.957768:VERBOSE1:tls_handshaker.cc(121)] TlsClient: SSL_do_handshake returned when entering early data. After retry, rv=-1, SSL_in_early_data=1
[1439543:0902/153216.977564:VERBOSE1:tls_handshaker.cc(100)] TlsClient: Continuing handshake
[1439543:0902/153216.977774:VERBOSE1:tls_handshaker.cc(100)] TlsClient: Continuing handshake
[1439543:0902/153216.977817:VERBOSE1:tls_client_handshaker.cc(508)] Client: handshake finished
[1439543:0902/153216.992278:VERBOSE1:network_delegate.cc(35)] NetworkDelegate::NotifyBeforeURLRequest: https://dns.google/
[1439464:0902/153218.083524:VERBOSE1:file_url_loader_factory.cc(452)] FileURLLoader::Start: file:///
[1439464:0902/153223.085169:VERBOSE1:file_url_loader_factory.cc(452)] FileURLLoader::Start: file:///
[1439464:0902/153228.086981:VERBOSE1:file_url_loader_factory.cc(452)] FileURLLoader::Start: file:///
[1439464:0902/153233.088568:VERBOSE1:file_url_loader_factory.cc(452)] FileURLLoader::Start: file:///
[1439464:0902/153238.089849:VERBOSE1:file_url_loader_factory.cc(452)] FileURLLoader::Start: file:///
[1439464:0902/153243.091418:VERBOSE1:file_url_loader_factory.cc(452)] FileURLLoader::Start: file:///
[1439543:0902/153246.953723:VERBOSE1:network_delegate.cc(35)] NetworkDelegate::NotifyBeforeURLRequest: https://8.8.8.8/
[1439543:0902/153246.954238:VERBOSE1:tls_handshaker.cc(100)] TlsClient: Continuing handshake
[1439543:0902/153246.954538:VERBOSE1:tls_handshaker.cc(121)] TlsClient: SSL_do_handshake returned when entering early data. After retry, rv=-1, SSL_in_early_data=1
[1439543:0902/153246.975017:VERBOSE1:tls_handshaker.cc(100)] TlsClient: Continuing handshake
[1439543:0902/153246.975194:VERBOSE1:tls_handshaker.cc(100)] TlsClient: Continuing handshake
[1439543:0902/153246.975229:VERBOSE1:tls_client_handshaker.cc(508)] Client: handshake finished
[1439543:0902/153246.989685:VERBOSE1:network_delegate.cc(35)] NetworkDelegate::NotifyBeforeURLRequest: https://dns.google/
[1439464:0902/153248.093949:VERBOSE1:file_url_loader_factory.cc(452)] FileURLLoader::Start: file:///
[1439464:0902/153253.095429:VERBOSE1:file_url_loader_factory.cc(452)] FileURLLoader::Start: file:///
[1439464:0902/153258.097470:VERBOSE1:file_url_loader_factory.cc(452)] FileURLLoader::Start: file:///
[1439464:0902/153303.099275:VERBOSE1:file_url_loader_factory.cc(452)] FileURLLoader::Start: file:///
[1439464:0902/153308.101007:VERBOSE1:file_url_loader_factory.cc(452)] FileURLLoader::Start: file:///
[1439464:0902/153313.103378:VERBOSE1:file_url_loader_factory.cc(452)] FileURLLoader::Start: file:///
[1439543:0902/153316.953837:VERBOSE1:network_delegate.cc(35)] NetworkDelegate::NotifyBeforeURLRequest: https://8.8.8.8/
[1439543:0902/153316.954311:VERBOSE1:tls_handshaker.cc(100)] TlsClient: Continuing handshake
[1439543:0902/153316.954598:VERBOSE1:tls_handshaker.cc(121)] TlsClient: SSL_do_handshake returned when entering early data. After retry, rv=-1, SSL_in_early_data=1
[1439543:0902/153316.974947:VERBOSE1:tls_handshaker.cc(100)] TlsClient: Continuing handshake
[1439543:0902/153316.975225:VERBOSE1:tls_handshaker.cc(100)] TlsClient: Continuing handshake
[1439543:0902/153316.975295:VERBOSE1:tls_client_handshaker.cc(508)] Client: handshake finished
[1439543:0902/153316.989383:VERBOSE1:network_delegate.cc(35)] NetworkDelegate::NotifyBeforeURLRequest: https://dns.google/
[1439464:0902/153318.105363:VERBOSE1:file_url_loader_factory.cc(452)] FileURLLoader::Start: file:///
[1439464:0902/153323.106895:VERBOSE1:file_url_loader_factory.cc(452)] FileURLLoader::Start: file:///
[1439464:0902/153328.108734:VERBOSE1:file_url_loader_factory.cc(452)] FileURLLoader::Start: file:///
[1439464:0902/153333.110696:VERBOSE1:file_url_loader_factory.cc(452)] FileURLLoader::Start: file:///
[1439464:0902/153338.112237:VERBOSE1:file_url_loader_factory.cc(452)] FileURLLoader::Start: file:///
[1439464:0902/153343.114011:VERBOSE1:file_url_loader_factory.cc(452)] FileURLLoader::Start: file:///
[1439543:0902/153346.953928:VERBOSE1:network_delegate.cc(35)] NetworkDelegate::NotifyBeforeURLRequest: https://8.8.8.8/
[1439543:0902/153346.954573:VERBOSE1:tls_handshaker.cc(100)] TlsClient: Continuing handshake
[1439543:0902/153346.954938:VERBOSE1:tls_handshaker.cc(121)] TlsClient: SSL_do_handshake returned when entering early data. After retry, rv=-1, SSL_in_early_data=1
[1439543:0902/153346.974946:VERBOSE1:tls_handshaker.cc(100)] TlsClient: Continuing handshake
[1439543:0902/153346.975133:VERBOSE1:tls_handshaker.cc(100)] TlsClient: Continuing handshake
[1439543:0902/153346.975183:VERBOSE1:tls_client_handshaker.cc(508)] Client: handshake finished
[1439543:0902/153346.989624:VERBOSE1:network_delegate.cc(35)] NetworkDelegate::NotifyBeforeURLRequest: https://dns.google/
[1439464:0902/153348.115360:VERBOSE1:file_url_loader_factory.cc(452)] FileURLLoader::Start: file:///
[1439464:0902/153353.116528:VERBOSE1:file_url_loader_factory.cc(452)] FileURLLoader::Start: file:///
[1439464:0902/153358.117673:VERBOSE1:file_url_loader_factory.cc(452)] FileURLLoader::Start: file:///
[1439464:0902/153403.119084:VERBOSE1:file_url_loader_factory.cc(452)] FileURLLoader::Start: file:///
[1439464:0902/153408.120688:VERBOSE1:file_url_loader_factory.cc(452)] FileURLLoader::Start: file:///
[1439464:0902/153413.122339:VERBOSE1:file_url_loader_factory.cc(452)] FileURLLoader::Start: file:///
[1439543:0902/153416.953845:VERBOSE1:network_delegate.cc(35)] NetworkDelegate::NotifyBeforeURLRequest: https://8.8.8.8/
[1439543:0902/153416.954293:VERBOSE1:tls_handshaker.cc(100)] TlsClient: Continuing handshake
[1439543:0902/153416.954588:VERBOSE1:tls_handshaker.cc(121)] TlsClient: SSL_do_handshake returned when entering early data. After retry, rv=-1, SSL_in_early_data=1
[1439543:0902/153416.975414:VERBOSE1:tls_handshaker.cc(100)] TlsClient: Continuing handshake
[1439543:0902/153416.975562:VERBOSE1:tls_handshaker.cc(100)] TlsClient: Continuing handshake
[1439543:0902/153416.975598:VERBOSE1:tls_client_handshaker.cc(508)] Client: handshake finished
[1439543:0902/153416.989762:VERBOSE1:network_delegate.cc(35)] NetworkDelegate::NotifyBeforeURLRequest: https://dns.google/
[1439464:0902/153418.124704:VERBOSE1:file_url_loader_factory.cc(452)] FileURLLoader::Start: file:///
[1439464:0902/153423.125900:VERBOSE1:file_url_loader_factory.cc(452)] FileURLLoader::Start: file:///
[1439464:0902/153428.127025:VERBOSE1:file_url_loader_factory.cc(452)] FileURLLoader::Start: file:///
[1439464:0902/153433.128096:VERBOSE1:file_url_loader_factory.cc(452)] FileURLLoader::Start: file:///
[1439464:0902/153438.129225:VERBOSE1:file_url_loader_factory.cc(452)] FileURLLoader::Start: file:///
[1439464:0902/153443.130821:VERBOSE1:file_url_loader_factory.cc(452)] FileURLLoader::Start: file:///
[1439543:0902/153446.954124:VERBOSE1:network_delegate.cc(35)] NetworkDelegate::NotifyBeforeURLRequest: https://8.8.8.8/
[1439543:0902/153446.954649:VERBOSE1:tls_handshaker.cc(100)] TlsClient: Continuing handshake
[1439543:0902/153446.954953:VERBOSE1:tls_handshaker.cc(121)] TlsClient: SSL_do_handshake returned when entering early data. After retry, rv=-1, SSL_in_early_data=1
[1439543:0902/153446.975679:VERBOSE1:tls_handshaker.cc(100)] TlsClient: Continuing handshake
[1439543:0902/153446.975803:VERBOSE1:tls_handshaker.cc(100)] TlsClient: Continuing handshake
[1439543:0902/153446.975834:VERBOSE1:tls_client_handshaker.cc(508)] Client: handshake finished
[1439543:0902/153446.989761:VERBOSE1:network_delegate.cc(35)] NetworkDelegate::NotifyBeforeURLRequest: https://dns.google/
[1439464:0902/153448.132224:VERBOSE1:file_url_loader_factory.cc(452)] FileURLLoader::Start: file:///
[1439464:0902/153453.135497:VERBOSE1:file_url_loader_factory.cc(452)] FileURLLoader::Start: file:///
[1439464:0902/153458.162588:VERBOSE1:file_url_loader_factory.cc(452)] FileURLLoader::Start: file:///
[1439464:0902/153503.163731:VERBOSE1:file_url_loader_factory.cc(452)] FileURLLoader::Start: file:///
[1439464:0902/153508.164974:VERBOSE1:file_url_loader_factory.cc(452)] FileURLLoader::Start: file:///
[1439464:0902/153513.167782:VERBOSE1:file_url_loader_factory.cc(452)] FileURLLoader::Start: file:///
[1439543:0902/153516.953963:VERBOSE1:network_delegate.cc(35)] NetworkDelegate::NotifyBeforeURLRequest: https://8.8.8.8/
[1439543:0902/153516.954466:VERBOSE1:tls_handshaker.cc(100)] TlsClient: Continuing handshake
[1439543:0902/153516.954763:VERBOSE1:tls_handshaker.cc(121)] TlsClient: SSL_do_handshake returned when entering early data. After retry, rv=-1, SSL_in_early_data=1
[1439543:0902/153516.974837:VERBOSE1:tls_handshaker.cc(100)] TlsClient: Continuing handshake
[1439543:0902/153516.974957:VERBOSE1:tls_handshaker.cc(100)] TlsClient: Continuing handshake
[1439543:0902/153516.974996:VERBOSE1:tls_client_handshaker.cc(508)] Client: handshake finished
[1439543:0902/153516.988854:VERBOSE1:network_delegate.cc(35)] NetworkDelegate::NotifyBeforeURLRequest: https://dns.google/
[1439464:0902/153518.168808:VERBOSE1:file_url_loader_factory.cc(452)] FileURLLoader::Start: file:///
[1439464:0902/153523.170143:VERBOSE1:file_url_loader_factory.cc(452)] FileURLLoader::Start: file:///
[1439464:0902/153528.172736:VERBOSE1:file_url_loader_factory.cc(452)] FileURLLoader::Start: file:///
[1439464:0902/153533.173816:VERBOSE1:file_url_loader_factory.cc(452)] FileURLLoader::Start: file:///
[1439464:0902/153538.175234:VERBOSE1:file_url_loader_factory.cc(452)] FileURLLoader::Start: file:///
[1439464:0902/153543.176434:VERBOSE1:file_url_loader_factory.cc(452)] FileURLLoader::Start: file:///
[1439543:0902/153546.953669:VERBOSE1:network_delegate.cc(35)] NetworkDelegate::NotifyBeforeURLRequest: https://8.8.8.8/
[1439543:0902/153546.954097:VERBOSE1:tls_handshaker.cc(100)] TlsClient: Continuing handshake
[1439543:0902/153546.954353:VERBOSE1:tls_handshaker.cc(121)] TlsClient: SSL_do_handshake returned when entering early data. After retry, rv=-1, SSL_in_early_data=1
[1439543:0902/153546.973951:VERBOSE1:tls_handshaker.cc(100)] TlsClient: Continuing handshake
[1439543:0902/153546.974096:VERBOSE1:tls_handshaker.cc(100)] TlsClient: Continuing handshake
[1439543:0902/153546.974127:VERBOSE1:tls_client_handshaker.cc(508)] Client: handshake finished
[1439543:0902/153546.987939:VERBOSE1:network_delegate.cc(35)] NetworkDelegate::NotifyBeforeURLRequest: https://dns.google/
[1439464:0902/153548.179502:VERBOSE1:file_url_loader_factory.cc(452)] FileURLLoader::Start: file:///
[1439464:0902/153553.181410:VERBOSE1:file_url_loader_factory.cc(452)] FileURLLoader::Start: file:///
[1439464:0902/153558.182668:VERBOSE1:file_url_loader_factory.cc(452)] FileURLLoader::Start: file:///
[1439464:0902/153603.183597:VERBOSE1:file_url_loader_factory.cc(452)] FileURLLoader::Start: file:///
[1439464:0902/153608.185765:VERBOSE1:file_url_loader_factory.cc(452)] FileURLLoader::Start: file:///
[1439464:0902/153613.188530:VERBOSE1:file_url_loader_factory.cc(452)] FileURLLoader::Start: file:///
[1439543:0902/153616.953740:VERBOSE1:network_delegate.cc(35)] NetworkDelegate::NotifyBeforeURLRequest: https://8.8.8.8/
[1439543:0902/153616.954168:VERBOSE1:tls_handshaker.cc(100)] TlsClient: Continuing handshake
[1439543:0902/153616.954454:VERBOSE1:tls_handshaker.cc(121)] TlsClient: SSL_do_handshake returned when entering early data. After retry, rv=-1, SSL_in_early_data=1
[1439543:0902/153616.974982:VERBOSE1:tls_handshaker.cc(100)] TlsClient: Continuing handshake
[1439543:0902/153616.975072:VERBOSE1:tls_handshaker.cc(100)] TlsClient: Continuing handshake
[1439543:0902/153616.975096:VERBOSE1:tls_client_handshaker.cc(508)] Client: handshake finished
[1439543:0902/153616.989059:VERBOSE1:network_delegate.cc(35)] NetworkDelegate::NotifyBeforeURLRequest: https://dns.google/
[1439464:0902/153618.189611:VERBOSE1:file_url_loader_factory.cc(452)] FileURLLoader::Start: file:///
[1439464:0902/153623.191170:VERBOSE1:file_url_loader_factory.cc(452)] FileURLLoader::Start: file:///
[1439464:0902/153628.193616:VERBOSE1:file_url_loader_factory.cc(452)] FileURLLoader::Start: file:///
[1439464:0902/153633.195693:VERBOSE1:file_url_loader_factory.cc(452)] FileURLLoader::Start: file:///
[1439464:0902/153638.197038:VERBOSE1:file_url_loader_factory.cc(452)] FileURLLoader::Start: file:///
[1439464:0902/153643.198286:VERBOSE1:file_url_loader_factory.cc(452)] FileURLLoader::Start: file:///
[1439543:0902/153646.953624:VERBOSE1:network_delegate.cc(35)] NetworkDelegate::NotifyBeforeURLRequest: https://8.8.8.8/
[1439543:0902/153646.954054:VERBOSE1:tls_handshaker.cc(100)] TlsClient: Continuing handshake
[1439543:0902/153646.954307:VERBOSE1:tls_handshaker.cc(121)] TlsClient: SSL_do_handshake returned when entering early data. After retry, rv=-1, SSL_in_early_data=1
[1439543:0902/153646.974721:VERBOSE1:tls_handshaker.cc(100)] TlsClient: Continuing handshake
[1439543:0902/153646.974829:VERBOSE1:tls_handshaker.cc(100)] TlsClient: Continuing handshake
[1439543:0902/153646.974858:VERBOSE1:tls_client_handshaker.cc(508)] Client: handshake finished
[1439543:0902/153646.989016:VERBOSE1:network_delegate.cc(35)] NetworkDelegate::NotifyBeforeURLRequest: https://dns.google/
[1439464:0902/153648.199441:VERBOSE1:file_url_loader_factory.cc(452)] FileURLLoader::Start: file:///
[1439464:0902/153653.200627:VERBOSE1:file_url_loader_factory.cc(452)] FileURLLoader::Start: file:///
[1439464:0902/153658.201779:VERBOSE1:file_url_loader_factory.cc(452)] FileURLLoader::Start: file:///
[1439464:0902/153703.203006:VERBOSE1:file_url_loader_factory.cc(452)] FileURLLoader::Start: file:///
[1439464:0902/153708.204055:VERBOSE1:file_url_loader_factory.cc(452)] FileURLLoader::Start: file:///
[1439464:0902/153713.205166:VERBOSE1:file_url_loader_factory.cc(452)] FileURLLoader::Start: file:///
[1439543:0902/153716.953812:VERBOSE1:network_delegate.cc(35)] NetworkDelegate::NotifyBeforeURLRequest: https://8.8.8.8/
[1439543:0902/153716.954304:VERBOSE1:tls_handshaker.cc(100)] TlsClient: Continuing handshake
[1439543:0902/153716.954615:VERBOSE1:tls_handshaker.cc(121)] TlsClient: SSL_do_handshake returned when entering early data. After retry, rv=-1, SSL_in_early_data=1
[1439543:0902/153716.976241:VERBOSE1:tls_handshaker.cc(100)] TlsClient: Continuing handshake
[1439543:0902/153716.976371:VERBOSE1:tls_handshaker.cc(100)] TlsClient: Continuing handshake
[1439543:0902/153716.976410:VERBOSE1:tls_client_handshaker.cc(508)] Client: handshake finished
[1439543:0902/153716.990953:VERBOSE1:network_delegate.cc(35)] NetworkDelegate::NotifyBeforeURLRequest: https://dns.google/
[1439464:0902/153718.206197:VERBOSE1:file_url_loader_factory.cc(452)] FileURLLoader::Start: file:///
[1439464:0902/153723.207250:VERBOSE1:file_url_loader_factory.cc(452)] FileURLLoader::Start: file:///
[1439464:0902/153728.232097:VERBOSE1:file_url_loader_factory.cc(452)] FileURLLoader::Start: file:///
[1439464:0902/153733.233201:VERBOSE1:file_url_loader_factory.cc(452)] FileURLLoader::Start: file:///
[1439464:0902/153738.235681:VERBOSE1:file_url_loader_factory.cc(452)] FileURLLoader::Start: file:///
[1439464:0902/153743.237085:VERBOSE1:file_url_loader_factory.cc(452)] FileURLLoader::Start: file:///
[1439543:0902/153746.953637:VERBOSE1:network_delegate.cc(35)] NetworkDelegate::NotifyBeforeURLRequest: https://8.8.8.8/
[1439543:0902/153746.977924:VERBOSE1:tls_handshaker.cc(100)] TlsClient: Continuing handshake
[1439543:0902/153746.978215:VERBOSE1:tls_handshaker.cc(121)] TlsClient: SSL_do_handshake returned when entering early data. After retry, rv=-1, SSL_in_early_data=1
[1439543:0902/153746.998476:VERBOSE1:tls_handshaker.cc(100)] TlsClient: Continuing handshake
[1439543:0902/153746.998609:VERBOSE1:tls_handshaker.cc(100)] TlsClient: Continuing handshake
[1439543:0902/153746.998637:VERBOSE1:tls_client_handshaker.cc(508)] Client: handshake finished
[1439543:0902/153747.012498:VERBOSE1:network_delegate.cc(35)] NetworkDelegate::NotifyBeforeURLRequest: https://dns.google/
[1439464:0902/153748.238478:VERBOSE1:file_url_loader_factory.cc(452)] FileURLLoader::Start: file:///
[1439464:0902/153753.239720:VERBOSE1:file_url_loader_factory.cc(452)] FileURLLoader::Start: file:///
[1439464:0902/153758.240864:VERBOSE1:file_url_loader_factory.cc(452)] FileURLLoader::Start: file:///
[1439464:0902/153803.242036:VERBOSE1:file_url_loader_factory.cc(452)] FileURLLoader::Start: file:///
[1439464:0902/153808.243093:VERBOSE1:file_url_loader_factory.cc(452)] FileURLLoader::Start: file:///
[1439464:0902/153813.244184:VERBOSE1:file_url_loader_factory.cc(452)] FileURLLoader::Start: file:///
[1439543:0902/153816.953677:VERBOSE1:network_delegate.cc(35)] NetworkDelegate::NotifyBeforeURLRequest: https://8.8.8.8/
[1439543:0902/153816.954108:VERBOSE1:tls_handshaker.cc(100)] TlsClient: Continuing handshake
[1439543:0902/153816.954370:VERBOSE1:tls_handshaker.cc(121)] TlsClient: SSL_do_handshake returned when entering early data. After retry, rv=-1, SSL_in_early_data=1
[1439543:0902/153816.979912:VERBOSE1:tls_handshaker.cc(100)] TlsClient: Continuing handshake
[1439543:0902/153816.980050:VERBOSE1:tls_handshaker.cc(100)] TlsClient: Continuing handshake
[1439543:0902/153816.980083:VERBOSE1:tls_client_handshaker.cc(508)] Client: handshake finished
[1439543:0902/153816.994055:VERBOSE1:network_delegate.cc(35)] NetworkDelegate::NotifyBeforeURLRequest: https://dns.google/
[1439464:0902/153818.245325:VERBOSE1:file_url_loader_factory.cc(452)] FileURLLoader::Start: file:///
[1439464:0902/153823.246692:VERBOSE1:file_url_loader_factory.cc(452)] FileURLLoader::Start: file:///
[1439464:0902/153828.247727:VERBOSE1:file_url_loader_factory.cc(452)] FileURLLoader::Start: file:///
[1439464:0902/153833.248880:VERBOSE1:file_url_loader_factory.cc(452)] FileURLLoader::Start: file:///
[1439464:0902/153838.249956:VERBOSE1:file_url_loader_factory.cc(452)] FileURLLoader::Start: file:///
[1439464:0902/153843.252598:VERBOSE1:file_url_loader_factory.cc(452)] FileURLLoader::Start: file:///
[1439543:0902/153846.953659:VERBOSE1:network_delegate.cc(35)] NetworkDelegate::NotifyBeforeURLRequest: https://8.8.8.8/
[1439543:0902/153846.954068:VERBOSE1:tls_handshaker.cc(100)] TlsClient: Continuing handshake
[1439543:0902/153846.954335:VERBOSE1:tls_handshaker.cc(121)] TlsClient: SSL_do_handshake returned when entering early data. After retry, rv=-1, SSL_in_early_data=1
[1439543:0902/153846.974786:VERBOSE1:tls_handshaker.cc(100)] TlsClient: Continuing handshake
[1439543:0902/153846.974927:VERBOSE1:tls_handshaker.cc(100)] TlsClient: Continuing handshake
[1439543:0902/153846.974960:VERBOSE1:tls_client_handshaker.cc(508)] Client: handshake finished
[1439543:0902/153846.989067:VERBOSE1:network_delegate.cc(35)] NetworkDelegate::NotifyBeforeURLRequest: https://dns.google/
[1439464:0902/153848.253647:VERBOSE1:file_url_loader_factory.cc(452)] FileURLLoader::Start: file:///
[1439464:0902/153853.254697:VERBOSE1:file_url_loader_factory.cc(452)] FileURLLoader::Start: file:///
[1439464:0902/153858.255907:VERBOSE1:file_url_loader_factory.cc(452)] FileURLLoader::Start: file:///
[1439464:0902/153903.257890:VERBOSE1:file_url_loader_factory.cc(452)] FileURLLoader::Start: file:///
[1439464:0902/153908.260171:VERBOSE1:file_url_loader_factory.cc(452)] FileURLLoader::Start: file:///
[1439464:0902/153913.261899:VERBOSE1:file_url_loader_factory.cc(452)] FileURLLoader::Start: file:///
[1439543:0902/153916.953683:VERBOSE1:network_delegate.cc(35)] NetworkDelegate::NotifyBeforeURLRequest: https://8.8.8.8/
[1439543:0902/153916.965588:VERBOSE1:tls_handshaker.cc(100)] TlsClient: Continuing handshake
[1439543:0902/153916.965864:VERBOSE1:tls_handshaker.cc(121)] TlsClient: SSL_do_handshake returned when entering early data. After retry, rv=-1, SSL_in_early_data=1
[1439543:0902/153916.985450:VERBOSE1:tls_handshaker.cc(100)] TlsClient: Continuing handshake
[1439543:0902/153916.985584:VERBOSE1:tls_handshaker.cc(100)] TlsClient: Continuing handshake
[1439543:0902/153916.985618:VERBOSE1:tls_client_handshaker.cc(508)] Client: handshake finished
[1439543:0902/153916.999743:VERBOSE1:network_delegate.cc(35)] NetworkDelegate::NotifyBeforeURLRequest: https://dns.google/
[1439464:0902/153918.263306:VERBOSE1:file_url_loader_factory.cc(452)] FileURLLoader::Start: file:///
[1439464:0902/153923.267396:VERBOSE1:file_url_loader_factory.cc(452)] FileURLLoader::Start: file:///
[1439464:0902/153928.268623:VERBOSE1:file_url_loader_factory.cc(452)] FileURLLoader::Start: file:///
[1439464:0902/153933.271612:VERBOSE1:file_url_loader_factory.cc(452)] FileURLLoader::Start: file:///
[1439464:0902/153938.272741:VERBOSE1:file_url_loader_factory.cc(452)] FileURLLoader::Start: file:///
[1439464:0902/153943.275676:VERBOSE1:file_url_loader_factory.cc(452)] FileURLLoader::Start: file:///
[1439543:0902/153946.953758:VERBOSE1:network_delegate.cc(35)] NetworkDelegate::NotifyBeforeURLRequest: https://8.8.8.8/
[1439543:0902/153946.955536:VERBOSE1:tls_handshaker.cc(100)] TlsClient: Continuing handshake
[1439543:0902/153946.955840:VERBOSE1:tls_handshaker.cc(121)] TlsClient: SSL_do_handshake returned when entering early data. After retry, rv=-1, SSL_in_early_data=1
[1439543:0902/153946.976049:VERBOSE1:tls_handshaker.cc(100)] TlsClient: Continuing handshake
[1439543:0902/153946.976168:VERBOSE1:tls_handshaker.cc(100)] TlsClient: Continuing handshake
[1439543:0902/153946.976199:VERBOSE1:tls_client_handshaker.cc(508)] Client: handshake finished
[1439543:0902/153946.990220:VERBOSE1:network_delegate.cc(35)] NetworkDelegate::NotifyBeforeURLRequest: https://dns.google/
[1439464:0902/153948.276724:VERBOSE1:file_url_loader_factory.cc(452)] FileURLLoader::Start: file:///
[1439464:0902/153953.277853:VERBOSE1:file_url_loader_factory.cc(452)] FileURLLoader::Start: file:///
[1439464:0902/153958.280469:VERBOSE1:file_url_loader_factory.cc(452)] FileURLLoader::Start: file:///
[1439464:0902/154003.305438:VERBOSE1:file_url_loader_factory.cc(452)] FileURLLoader::Start: file:///
[1439464:0902/154008.306595:VERBOSE1:file_url_loader_factory.cc(452)] FileURLLoader::Start: file:///
[1439464:0902/154013.308607:VERBOSE1:file_url_loader_factory.cc(452)] FileURLLoader::Start: file:///
[1439543:0902/154016.954729:VERBOSE1:network_delegate.cc(35)] NetworkDelegate::NotifyBeforeURLRequest: https://8.8.8.8/
[1439543:0902/154016.955175:VERBOSE1:tls_handshaker.cc(100)] TlsClient: Continuing handshake
[1439543:0902/154016.955442:VERBOSE1:tls_handshaker.cc(121)] TlsClient: SSL_do_handshake returned when entering early data. After retry, rv=-1, SSL_in_early_data=1
[1439543:0902/154016.975992:VERBOSE1:tls_handshaker.cc(100)] TlsClient: Continuing handshake
[1439543:0902/154016.976131:VERBOSE1:tls_handshaker.cc(100)] TlsClient: Continuing handshake
[1439543:0902/154016.976164:VERBOSE1:tls_client_handshaker.cc(508)] Client: handshake finished
[1439543:0902/154016.990320:VERBOSE1:network_delegate.cc(35)] NetworkDelegate::NotifyBeforeURLRequest: https://dns.google/
[1439464:0902/154018.309779:VERBOSE1:file_url_loader_factory.cc(452)] FileURLLoader::Start: file:///
[1439464:0902/154023.335274:VERBOSE1:file_url_loader_factory.cc(452)] FileURLLoader::Start: file:///
[1439464:0902/154028.336544:VERBOSE1:file_url_loader_factory.cc(452)] FileURLLoader::Start: file:///
[1439464:0902/154033.341642:VERBOSE1:file_url_loader_factory.cc(452)] FileURLLoader::Start: file:///
[1439464:0902/154038.343225:VERBOSE1:file_url_loader_factory.cc(452)] FileURLLoader::Start: file:///
[1439464:0902/154043.344512:VERBOSE1:file_url_loader_factory.cc(452)] FileURLLoader::Start: file:///
[1439543:0902/154046.953616:VERBOSE1:network_delegate.cc(35)] NetworkDelegate::NotifyBeforeURLRequest: https://8.8.8.8/
[1439543:0902/154046.954048:VERBOSE1:tls_handshaker.cc(100)] TlsClient: Continuing handshake
[1439543:0902/154046.954291:VERBOSE1:tls_handshaker.cc(121)] TlsClient: SSL_do_handshake returned when entering early data. After retry, rv=-1, SSL_in_early_data=1
[1439543:0902/154046.974186:VERBOSE1:tls_handshaker.cc(100)] TlsClient: Continuing handshake
[1439543:0902/154046.974354:VERBOSE1:tls_handshaker.cc(100)] TlsClient: Continuing handshake
[1439543:0902/154046.974387:VERBOSE1:tls_client_handshaker.cc(508)] Client: handshake finished
[1439543:0902/154046.988530:VERBOSE1:network_delegate.cc(35)] NetworkDelegate::NotifyBeforeURLRequest: https://dns.google/
[1439464:0902/154048.345733:VERBOSE1:file_url_loader_factory.cc(452)] FileURLLoader::Start: file:///
[1439464:0902/154053.346931:VERBOSE1:file_url_loader_factory.cc(452)] FileURLLoader::Start: file:///
[1439464:0902/154058.347993:VERBOSE1:file_url_loader_factory.cc(452)] FileURLLoader::Start: file:///
[1439464:0902/154103.349095:VERBOSE1:file_url_loader_factory.cc(452)] FileURLLoader::Start: file:///
[1439464:0902/154108.352611:VERBOSE1:file_url_loader_factory.cc(452)] FileURLLoader::Start: file:///
[1439464:0902/154113.353653:VERBOSE1:file_url_loader_factory.cc(452)] FileURLLoader::Start: file:///
[1439543:0902/154116.955671:VERBOSE1:network_delegate.cc(35)] NetworkDelegate::NotifyBeforeURLRequest: https://8.8.8.8/
[1439543:0902/154116.956088:VERBOSE1:tls_handshaker.cc(100)] TlsClient: Continuing handshake
[1439543:0902/154116.956354:VERBOSE1:tls_handshaker.cc(121)] TlsClient: SSL_do_handshake returned when entering early data. After retry, rv=-1, SSL_in_early_data=1
[1439543:0902/154116.976184:VERBOSE1:tls_handshaker.cc(100)] TlsClient: Continuing handshake
[1439543:0902/154116.976322:VERBOSE1:tls_handshaker.cc(100)] TlsClient: Continuing handshake
[1439543:0902/154116.976354:VERBOSE1:tls_client_handshaker.cc(508)] Client: handshake finished
[1439543:0902/154116.990209:VERBOSE1:network_delegate.cc(35)] NetworkDelegate::NotifyBeforeURLRequest: https://dns.google/
[1439464:0902/154118.354817:VERBOSE1:file_url_loader_factory.cc(452)] FileURLLoader::Start: file:///
[1439464:0902/154123.355875:VERBOSE1:file_url_loader_factory.cc(452)] FileURLLoader::Start: file:///
[1439464:0902/154128.357084:VERBOSE1:file_url_loader_factory.cc(452)] FileURLLoader::Start: file:///
[1439464:0902/154133.358144:VERBOSE1:file_url_loader_factory.cc(452)] FileURLLoader::Start: file:///
[1439464:0902/154138.360662:VERBOSE1:file_url_loader_factory.cc(452)] FileURLLoader::Start: file:///
[1439464:0902/154143.361853:VERBOSE1:file_url_loader_factory.cc(452)] FileURLLoader::Start: file:///
[1439543:0902/154146.953790:VERBOSE1:network_delegate.cc(35)] NetworkDelegate::NotifyBeforeURLRequest: https://8.8.8.8/
[1439543:0902/154146.954235:VERBOSE1:tls_handshaker.cc(100)] TlsClient: Continuing handshake
[1439543:0902/154146.954535:VERBOSE1:tls_handshaker.cc(121)] TlsClient: SSL_do_handshake returned when entering early data. After retry, rv=-1, SSL_in_early_data=1
[1439543:0902/154146.975394:VERBOSE1:tls_handshaker.cc(100)] TlsClient: Continuing handshake
[1439543:0902/154146.975547:VERBOSE1:tls_handshaker.cc(100)] TlsClient: Continuing handshake
[1439543:0902/154146.975578:VERBOSE1:tls_client_handshaker.cc(508)] Client: handshake finished
[1439543:0902/154146.989421:VERBOSE1:network_delegate.cc(35)] NetworkDelegate::NotifyBeforeURLRequest: https://dns.google/
[1439464:0902/154148.363000:VERBOSE1:file_url_loader_factory.cc(452)] FileURLLoader::Start: file:///
[1439464:0902/154153.364157:VERBOSE1:file_url_loader_factory.cc(452)] FileURLLoader::Start: file:///
[1439464:0902/154158.365402:VERBOSE1:file_url_loader_factory.cc(452)] FileURLLoader::Start: file:///
[1439464:0902/154203.366639:VERBOSE1:file_url_loader_factory.cc(452)] FileURLLoader::Start: file:///
[1439464:0902/154208.367680:VERBOSE1:file_url_loader_factory.cc(452)] FileURLLoader::Start: file:///
[1439464:0902/154213.368726:VERBOSE1:file_url_loader_factory.cc(452)] FileURLLoader::Start: file:///
[1439543:0902/154216.953687:VERBOSE1:network_delegate.cc(35)] NetworkDelegate::NotifyBeforeURLRequest: https://8.8.8.8/
[1439543:0902/154216.954130:VERBOSE1:tls_handshaker.cc(100)] TlsClient: Continuing handshake
[1439543:0902/154216.954384:VERBOSE1:tls_handshaker.cc(121)] TlsClient: SSL_do_handshake returned when entering early data. After retry, rv=-1, SSL_in_early_data=1
[1439543:0902/154216.975554:VERBOSE1:tls_handshaker.cc(100)] TlsClient: Continuing handshake
[1439543:0902/154216.975701:VERBOSE1:tls_handshaker.cc(100)] TlsClient: Continuing handshake
[1439543:0902/154216.975736:VERBOSE1:tls_client_handshaker.cc(508)] Client: handshake finished
[1439543:0902/154216.989635:VERBOSE1:network_delegate.cc(35)] NetworkDelegate::NotifyBeforeURLRequest: https://dns.google/
[1439464:0902/154218.369634:VERBOSE1:file_url_loader_factory.cc(452)] FileURLLoader::Start: file:///
[1439464:0902/154223.370578:VERBOSE1:file_url_loader_factory.cc(452)] FileURLLoader::Start: file:///
[1439464:0902/154228.371649:VERBOSE1:file_url_loader_factory.cc(452)] FileURLLoader::Start: file:///
[1439464:0902/154233.372776:VERBOSE1:file_url_loader_factory.cc(452)] FileURLLoader::Start: file:///
[1439464:0902/154238.375636:VERBOSE1:file_url_loader_factory.cc(452)] FileURLLoader::Start: file:///
[1439464:0902/154243.376766:VERBOSE1:file_url_loader_factory.cc(452)] FileURLLoader::Start: file:///
[1439543:0902/154246.953669:VERBOSE1:network_delegate.cc(35)] NetworkDelegate::NotifyBeforeURLRequest: https://8.8.8.8/
[1439543:0902/154246.954089:VERBOSE1:tls_handshaker.cc(100)] TlsClient: Continuing handshake
[1439543:0902/154246.954333:VERBOSE1:tls_handshaker.cc(121)] TlsClient: SSL_do_handshake returned when entering early data. After retry, rv=-1, SSL_in_early_data=1
[1439543:0902/154246.978540:VERBOSE1:tls_handshaker.cc(100)] TlsClient: Continuing handshake
[1439543:0902/154246.978714:VERBOSE1:tls_handshaker.cc(100)] TlsClient: Continuing handshake
[1439543:0902/154246.978754:VERBOSE1:tls_client_handshaker.cc(508)] Client: handshake finished
[1439543:0902/154246.992871:VERBOSE1:network_delegate.cc(35)] NetworkDelegate::NotifyBeforeURLRequest: https://dns.google/
[1439464:0902/154248.378022:VERBOSE1:file_url_loader_factory.cc(452)] FileURLLoader::Start: file:///
[1439464:0902/154253.379944:VERBOSE1:file_url_loader_factory.cc(452)] FileURLLoader::Start: file:///
[1439464:0902/154258.384749:VERBOSE1:file_url_loader_factory.cc(452)] FileURLLoader::Start: file:///
[1439464:0902/154303.385891:VERBOSE1:file_url_loader_factory.cc(452)] FileURLLoader::Start: file:///
[1439464:0902/154308.387022:VERBOSE1:file_url_loader_factory.cc(452)] FileURLLoader::Start: file:///
[1439464:0902/154313.388218:VERBOSE1:file_url_loader_factory.cc(452)] FileURLLoader::Start: file:///
[1439543:0902/154316.953754:VERBOSE1:network_delegate.cc(35)] NetworkDelegate::NotifyBeforeURLRequest: https://8.8.8.8/
[1439543:0902/154316.954190:VERBOSE1:tls_handshaker.cc(100)] TlsClient: Continuing handshake
[1439543:0902/154316.954469:VERBOSE1:tls_handshaker.cc(121)] TlsClient: SSL_do_handshake returned when entering early data. After retry, rv=-1, SSL_in_early_data=1
[1439543:0902/154316.975286:VERBOSE1:tls_handshaker.cc(100)] TlsClient: Continuing handshake
[1439543:0902/154316.975437:VERBOSE1:tls_handshaker.cc(100)] TlsClient: Continuing handshake
[1439543:0902/154316.975479:VERBOSE1:tls_client_handshaker.cc(508)] Client: handshake finished
[1439543:0902/154316.989270:VERBOSE1:network_delegate.cc(35)] NetworkDelegate::NotifyBeforeURLRequest: https://dns.google/
[1439464:0902/154318.389368:VERBOSE1:file_url_loader_factory.cc(452)] FileURLLoader::Start: file:///
[1439464:0902/154323.390504:VERBOSE1:file_url_loader_factory.cc(452)] FileURLLoader::Start: file:///
[1439464:0902/154328.391586:VERBOSE1:file_url_loader_factory.cc(452)] FileURLLoader::Start: file:///
[1439464:0902/154333.392827:VERBOSE1:file_url_loader_factory.cc(452)] FileURLLoader::Start: file:///
[1439464:0902/154338.395664:VERBOSE1:file_url_loader_factory.cc(452)] FileURLLoader::Start: file:///
[1439464:0902/154343.396729:VERBOSE1:file_url_loader_factory.cc(452)] FileURLLoader::Start: file:///
[1439543:0902/154346.954927:VERBOSE1:network_delegate.cc(35)] NetworkDelegate::NotifyBeforeURLRequest: https://8.8.8.8/
[1439543:0902/154346.957786:VERBOSE1:tls_handshaker.cc(100)] TlsClient: Continuing handshake
[1439543:0902/154346.958258:VERBOSE1:tls_handshaker.cc(121)] TlsClient: SSL_do_handshake returned when entering early data. After retry, rv=-1, SSL_in_early_data=1
[1439543:0902/154346.978579:VERBOSE1:tls_handshaker.cc(100)] TlsClient: Continuing handshake
[1439543:0902/154346.978836:VERBOSE1:tls_handshaker.cc(100)] TlsClient: Continuing handshake
[1439543:0902/154346.978897:VERBOSE1:tls_client_handshaker.cc(508)] Client: handshake finished
[1439543:0902/154346.993266:VERBOSE1:network_delegate.cc(35)] NetworkDelegate::NotifyBeforeURLRequest: https://dns.google/
[1439464:0902/154348.398434:VERBOSE1:file_url_loader_factory.cc(452)] FileURLLoader::Start: file:///
[1439464:0902/154353.400671:VERBOSE1:file_url_loader_factory.cc(452)] FileURLLoader::Start: file:///
[1439464:0902/154358.404607:VERBOSE1:file_url_loader_factory.cc(452)] FileURLLoader::Start: file:///
[1439464:0902/154403.430459:VERBOSE1:file_url_loader_factory.cc(452)] FileURLLoader::Start: file:///
[1439464:0902/154408.433628:VERBOSE1:file_url_loader_factory.cc(452)] FileURLLoader::Start: file:///
[1439464:0902/154413.434813:VERBOSE1:file_url_loader_factory.cc(452)] FileURLLoader::Start: file:///
[1439543:0902/154416.955035:VERBOSE1:network_delegate.cc(35)] NetworkDelegate::NotifyBeforeURLRequest: https://8.8.8.8/
[1439543:0902/154416.955691:VERBOSE1:tls_handshaker.cc(100)] TlsClient: Continuing handshake
[1439543:0902/154416.956024:VERBOSE1:tls_handshaker.cc(121)] TlsClient: SSL_do_handshake returned when entering early data. After retry, rv=-1, SSL_in_early_data=1
[1439543:0902/154416.977817:VERBOSE1:tls_handshaker.cc(100)] TlsClient: Continuing handshake
[1439543:0902/154416.978015:VERBOSE1:tls_handshaker.cc(100)] TlsClient: Continuing handshake
[1439543:0902/154416.978054:VERBOSE1:tls_client_handshaker.cc(508)] Client: handshake finished
[1439543:0902/154416.992302:VERBOSE1:network_delegate.cc(35)] NetworkDelegate::NotifyBeforeURLRequest: https://dns.google/
[1439464:0902/154418.436551:VERBOSE1:file_url_loader_factory.cc(452)] FileURLLoader::Start: file:///
[1439464:0902/154423.438461:VERBOSE1:file_url_loader_factory.cc(452)] FileURLLoader::Start: file:///
[1439464:0902/154428.439880:VERBOSE1:file_url_loader_factory.cc(452)] FileURLLoader::Start: file:///
[1439464:0902/154433.441505:VERBOSE1:file_url_loader_factory.cc(452)] FileURLLoader::Start: file:///
[1439464:0902/154438.442958:VERBOSE1:file_url_loader_factory.cc(452)] FileURLLoader::Start: file:///
[1439464:0902/154443.446007:VERBOSE1:file_url_loader_factory.cc(452)] FileURLLoader::Start: file:///
[1439543:0902/154446.953643:VERBOSE1:network_delegate.cc(35)] NetworkDelegate::NotifyBeforeURLRequest: https://8.8.8.8/
[1439543:0902/154446.954144:VERBOSE1:tls_handshaker.cc(100)] TlsClient: Continuing handshake
[1439543:0902/154446.954439:VERBOSE1:tls_handshaker.cc(121)] TlsClient: SSL_do_handshake returned when entering early data. After retry, rv=-1, SSL_in_early_data=1
[1439543:0902/154446.974758:VERBOSE1:tls_handshaker.cc(100)] TlsClient: Continuing handshake
[1439543:0902/154446.974975:VERBOSE1:tls_handshaker.cc(100)] TlsClient: Continuing handshake
[1439543:0902/154446.975021:VERBOSE1:tls_client_handshaker.cc(508)] Client: handshake finished
[1439543:0902/154446.989912:VERBOSE1:network_delegate.cc(35)] NetworkDelegate::NotifyBeforeURLRequest: https://dns.google/
[1439464:0902/154448.447288:VERBOSE1:file_url_loader_factory.cc(452)] FileURLLoader::Start: file:///
[1439464:0902/154453.448534:VERBOSE1:file_url_loader_factory.cc(452)] FileURLLoader::Start: file:///
[1439464:0902/154458.450800:VERBOSE1:file_url_loader_factory.cc(452)] FileURLLoader::Start: file:///
[1439464:0902/154503.453515:VERBOSE1:file_url_loader_factory.cc(452)] FileURLLoader::Start: file:///
[1439464:0902/154508.456713:VERBOSE1:file_url_loader_factory.cc(452)] FileURLLoader::Start: file:///
[1439464:0902/154513.457902:VERBOSE1:file_url_loader_factory.cc(452)] FileURLLoader::Start: file:///
[1439543:0902/154516.953718:VERBOSE1:network_delegate.cc(35)] NetworkDelegate::NotifyBeforeURLRequest: https://8.8.8.8/
[1439543:0902/154516.954206:VERBOSE1:tls_handshaker.cc(100)] TlsClient: Continuing handshake
[1439543:0902/154516.954520:VERBOSE1:tls_handshaker.cc(121)] TlsClient: SSL_do_handshake returned when entering early data. After retry, rv=-1, SSL_in_early_data=1
[1439543:0902/154516.975315:VERBOSE1:tls_handshaker.cc(100)] TlsClient: Continuing handshake
[1439543:0902/154516.975531:VERBOSE1:tls_handshaker.cc(100)] TlsClient: Continuing handshake
[1439543:0902/154516.975591:VERBOSE1:tls_client_handshaker.cc(508)] Client: handshake finished
[1439543:0902/154516.989768:VERBOSE1:network_delegate.cc(35)] NetworkDelegate::NotifyBeforeURLRequest: https://dns.google/
[1439464:0902/154518.459293:VERBOSE1:file_url_loader_factory.cc(452)] FileURLLoader::Start: file:///
[1439464:0902/154523.460641:VERBOSE1:file_url_loader_factory.cc(452)] FileURLLoader::Start: file:///
[1439464:0902/154528.461934:VERBOSE1:file_url_loader_factory.cc(452)] FileURLLoader::Start: file:///
[1439464:0902/154533.463359:VERBOSE1:file_url_loader_factory.cc(452)] FileURLLoader::Start: file:///
[1439464:0902/154538.464468:VERBOSE1:file_url_loader_factory.cc(452)] FileURLLoader::Start: file:///
[1439464:0902/154543.465545:VERBOSE1:file_url_loader_factory.cc(452)] FileURLLoader::Start: file:///
[1439543:0902/154546.953660:VERBOSE1:network_delegate.cc(35)] NetworkDelegate::NotifyBeforeURLRequest: https://8.8.8.8/
[1439543:0902/154546.954249:VERBOSE1:tls_handshaker.cc(100)] TlsClient: Continuing handshake
[1439543:0902/154546.954590:VERBOSE1:tls_handshaker.cc(121)] TlsClient: SSL_do_handshake returned when entering early data. After retry, rv=-1, SSL_in_early_data=1
[1439543:0902/154546.975362:VERBOSE1:tls_handshaker.cc(100)] TlsClient: Continuing handshake
[1439543:0902/154546.975598:VERBOSE1:tls_handshaker.cc(100)] TlsClient: Continuing handshake
[1439543:0902/154546.975656:VERBOSE1:tls_client_handshaker.cc(508)] Client: handshake finished
[1439543:0902/154546.989805:VERBOSE1:network_delegate.cc(35)] NetworkDelegate::NotifyBeforeURLRequest: https://dns.google/
[1439464:0902/154548.466635:VERBOSE1:file_url_loader_factory.cc(452)] FileURLLoader::Start: file:///
[1439464:0902/154553.467664:VERBOSE1:file_url_loader_factory.cc(452)] FileURLLoader::Start: file:///
[1439464:0902/154558.468646:VERBOSE1:file_url_loader_factory.cc(452)] FileURLLoader::Start: file:///
[1439464:0902/154603.470415:VERBOSE1:file_url_loader_factory.cc(452)] FileURLLoader::Start: file:///
[1439464:0902/154608.471492:VERBOSE1:file_url_loader_factory.cc(452)] FileURLLoader::Start: file:///
[1439464:0902/154613.473083:VERBOSE1:file_url_loader_factory.cc(452)] FileURLLoader::Start: file:///
[1439543:0902/154616.954468:VERBOSE1:network_delegate.cc(35)] NetworkDelegate::NotifyBeforeURLRequest: https://8.8.8.8/
[1439543:0902/154616.954910:VERBOSE1:tls_handshaker.cc(100)] TlsClient: Continuing handshake
[1439543:0902/154616.955217:VERBOSE1:tls_handshaker.cc(121)] TlsClient: SSL_do_handshake returned when entering early data. After retry, rv=-1, SSL_in_early_data=1
[1439543:0902/154616.976031:VERBOSE1:tls_handshaker.cc(100)] TlsClient: Continuing handshake
[1439543:0902/154616.976131:VERBOSE1:tls_handshaker.cc(100)] TlsClient: Continuing handshake
[1439543:0902/154616.976157:VERBOSE1:tls_client_handshaker.cc(508)] Client: handshake finished
[1439543:0902/154616.990093:VERBOSE1:network_delegate.cc(35)] NetworkDelegate::NotifyBeforeURLRequest: https://dns.google/
[1439464:0902/154618.474435:VERBOSE1:file_url_loader_factory.cc(452)] FileURLLoader::Start: file:///
[1439464:0902/154623.475777:VERBOSE1:file_url_loader_factory.cc(452)] FileURLLoader::Start: file:///
[1439464:0902/154628.477474:VERBOSE1:file_url_loader_factory.cc(452)] FileURLLoader::Start: file:///
[1439464:0902/154633.478889:VERBOSE1:file_url_loader_factory.cc(452)] FileURLLoader::Start: file:///
[1439464:0902/154638.480834:VERBOSE1:file_url_loader_factory.cc(452)] FileURLLoader::Start: file:///
[1439464:0902/154643.482290:VERBOSE1:file_url_loader_factory.cc(452)] FileURLLoader::Start: file:///
[1439543:0902/154646.953710:VERBOSE1:network_delegate.cc(35)] NetworkDelegate::NotifyBeforeURLRequest: https://8.8.8.8/
[1439543:0902/154646.954090:VERBOSE1:tls_handshaker.cc(100)] TlsClient: Continuing handshake
[1439543:0902/154646.954293:VERBOSE1:tls_handshaker.cc(121)] TlsClient: SSL_do_handshake returned when entering early data. After retry, rv=-1, SSL_in_early_data=1
[1439543:0902/154646.974482:VERBOSE1:tls_handshaker.cc(100)] TlsClient: Continuing handshake
[1439543:0902/154646.974656:VERBOSE1:tls_handshaker.cc(100)] TlsClient: Continuing handshake
[1439543:0902/154646.974690:VERBOSE1:tls_client_handshaker.cc(508)] Client: handshake finished
[1439543:0902/154646.989379:VERBOSE1:network_delegate.cc(35)] NetworkDelegate::NotifyBeforeURLRequest: https://dns.google/
[1439464:0902/154648.483723:VERBOSE1:file_url_loader_factory.cc(452)] FileURLLoader::Start: file:///
[1439464:0902/154653.485456:VERBOSE1:file_url_loader_factory.cc(452)] FileURLLoader::Start: file:///
[1439464:0902/154658.486622:VERBOSE1:file_url_loader_factory.cc(452)] FileURLLoader::Start: file:///
[1439464:0902/154703.488476:VERBOSE1:file_url_loader_factory.cc(452)] FileURLLoader::Start: file:///
[1439464:0902/154708.490715:VERBOSE1:file_url_loader_factory.cc(452)] FileURLLoader::Start: file:///
[1439464:0902/154713.493537:VERBOSE1:file_url_loader_factory.cc(452)] FileURLLoader::Start: file:///
[1439543:0902/154716.954360:VERBOSE1:network_delegate.cc(35)] NetworkDelegate::NotifyBeforeURLRequest: https://8.8.8.8/
[1439543:0902/154716.955109:VERBOSE1:tls_handshaker.cc(100)] TlsClient: Continuing handshake
[1439543:0902/154716.955621:VERBOSE1:tls_handshaker.cc(121)] TlsClient: SSL_do_handshake returned when entering early data. After retry, rv=-1, SSL_in_early_data=1
[1439543:0902/154716.974985:VERBOSE1:tls_handshaker.cc(100)] TlsClient: Continuing handshake
[1439543:0902/154716.975149:VERBOSE1:tls_handshaker.cc(100)] TlsClient: Continuing handshake
[1439543:0902/154716.975185:VERBOSE1:tls_client_handshaker.cc(508)] Client: handshake finished
[1439543:0902/154716.990092:VERBOSE1:network_delegate.cc(35)] NetworkDelegate::NotifyBeforeURLRequest: https://dns.google/
[1439464:0902/154718.495350:VERBOSE1:file_url_loader_factory.cc(452)] FileURLLoader::Start: file:///
[1439464:0902/154723.496696:VERBOSE1:file_url_loader_factory.cc(452)] FileURLLoader::Start: file:///
[1439464:0902/154728.499430:VERBOSE1:file_url_loader_factory.cc(452)] FileURLLoader::Start: file:///
[1439464:0902/154733.500658:VERBOSE1:file_url_loader_factory.cc(452)] FileURLLoader::Start: file:///
[1439464:0902/154738.501852:VERBOSE1:file_url_loader_factory.cc(452)] FileURLLoader::Start: file:///
[1439464:0902/154743.504613:VERBOSE1:file_url_loader_factory.cc(452)] FileURLLoader::Start: file:///
[1439543:0902/154746.954107:VERBOSE1:network_delegate.cc(35)] NetworkDelegate::NotifyBeforeURLRequest: https://8.8.8.8/
[1439543:0902/154746.954767:VERBOSE1:tls_handshaker.cc(100)] TlsClient: Continuing handshake
[1439543:0902/154746.955097:VERBOSE1:tls_handshaker.cc(121)] TlsClient: SSL_do_handshake returned when entering early data. After retry, rv=-1, SSL_in_early_data=1
[1439543:0902/154746.977072:VERBOSE1:tls_handshaker.cc(100)] TlsClient: Continuing handshake
[1439543:0902/154746.977275:VERBOSE1:tls_handshaker.cc(100)] TlsClient: Continuing handshake
[1439543:0902/154746.977328:VERBOSE1:tls_client_handshaker.cc(508)] Client: handshake finished
[1439543:0902/154746.991932:VERBOSE1:network_delegate.cc(35)] NetworkDelegate::NotifyBeforeURLRequest: https://dns.google/
[1439464:0902/154748.507050:VERBOSE1:file_url_loader_factory.cc(452)] FileURLLoader::Start: file:///
[1439464:0902/154753.508789:VERBOSE1:file_url_loader_factory.cc(452)] FileURLLoader::Start: file:///
[1439464:0902/154758.510513:VERBOSE1:file_url_loader_factory.cc(452)] FileURLLoader::Start: file:///
[1439464:0902/154803.512558:VERBOSE1:file_url_loader_factory.cc(452)] FileURLLoader::Start: file:///
[1439464:0902/154808.514036:VERBOSE1:file_url_loader_factory.cc(452)] FileURLLoader::Start: file:///
[1439464:0902/154813.515267:VERBOSE1:file_url_loader_factory.cc(452)] FileURLLoader::Start: file:///
[1439543:0902/154816.953800:VERBOSE1:network_delegate.cc(35)] NetworkDelegate::NotifyBeforeURLRequest: https://8.8.8.8/
[1439543:0902/154816.954306:VERBOSE1:tls_handshaker.cc(100)] TlsClient: Continuing handshake
[1439543:0902/154816.954584:VERBOSE1:tls_handshaker.cc(121)] TlsClient: SSL_do_handshake returned when entering early data. After retry, rv=-1, SSL_in_early_data=1
[1439543:0902/154816.975153:VERBOSE1:tls_handshaker.cc(100)] TlsClient: Continuing handshake
[1439543:0902/154816.975295:VERBOSE1:tls_handshaker.cc(100)] TlsClient: Continuing handshake
[1439543:0902/154816.975327:VERBOSE1:tls_client_handshaker.cc(508)] Client: handshake finished
[1439543:0902/154816.989172:VERBOSE1:network_delegate.cc(35)] NetworkDelegate::NotifyBeforeURLRequest: https://dns.google/
[1439464:0902/154818.517418:VERBOSE1:file_url_loader_factory.cc(452)] FileURLLoader::Start: file:///
[1439464:0902/154823.519689:VERBOSE1:file_url_loader_factory.cc(452)] FileURLLoader::Start: file:///
[1439464:0902/154828.520756:VERBOSE1:file_url_loader_factory.cc(452)] FileURLLoader::Start: file:///
[1439464:0902/154833.521772:VERBOSE1:file_url_loader_factory.cc(452)] FileURLLoader::Start: file:///
[1439464:0902/154838.522775:VERBOSE1:file_url_loader_factory.cc(452)] FileURLLoader::Start: file:///
[1439464:0902/154843.523828:VERBOSE1:file_url_loader_factory.cc(452)] FileURLLoader::Start: file:///
[1439543:0902/154846.953717:VERBOSE1:network_delegate.cc(35)] NetworkDelegate::NotifyBeforeURLRequest: https://8.8.8.8/
[1439543:0902/154846.954167:VERBOSE1:tls_handshaker.cc(100)] TlsClient: Continuing handshake
[1439543:0902/154846.954452:VERBOSE1:tls_handshaker.cc(121)] TlsClient: SSL_do_handshake returned when entering early data. After retry, rv=-1, SSL_in_early_data=1
[1439543:0902/154846.974645:VERBOSE1:tls_handshaker.cc(100)] TlsClient: Continuing handshake
[1439543:0902/154846.974796:VERBOSE1:tls_handshaker.cc(100)] TlsClient: Continuing handshake
[1439543:0902/154846.974828:VERBOSE1:tls_client_handshaker.cc(508)] Client: handshake finished
[1439543:0902/154846.988737:VERBOSE1:network_delegate.cc(35)] NetworkDelegate::NotifyBeforeURLRequest: https://dns.google/
[1439464:0902/154848.524955:VERBOSE1:file_url_loader_factory.cc(452)] FileURLLoader::Start: file:///
[1439464:0902/154853.526050:VERBOSE1:file_url_loader_factory.cc(452)] FileURLLoader::Start: file:///
[1439464:0902/154858.527122:VERBOSE1:file_url_loader_factory.cc(452)] FileURLLoader::Start: file:///
[1439464:0902/154903.529709:VERBOSE1:file_url_loader_factory.cc(452)] FileURLLoader::Start: file:///
[1439464:0902/154908.532862:VERBOSE1:file_url_loader_factory.cc(452)] FileURLLoader::Start: file:///
[1439464:0902/154913.534222:VERBOSE1:file_url_loader_factory.cc(452)] FileURLLoader::Start: file:///
[1439543:0902/154916.953626:VERBOSE1:network_delegate.cc(35)] NetworkDelegate::NotifyBeforeURLRequest: https://8.8.8.8/
[1439543:0902/154916.954040:VERBOSE1:tls_handshaker.cc(100)] TlsClient: Continuing handshake
[1439543:0902/154916.954305:VERBOSE1:tls_handshaker.cc(121)] TlsClient: SSL_do_handshake returned when entering early data. After retry, rv=-1, SSL_in_early_data=1
[1439543:0902/154916.975297:VERBOSE1:tls_handshaker.cc(100)] TlsClient: Continuing handshake
[1439543:0902/154916.975445:VERBOSE1:tls_handshaker.cc(100)] TlsClient: Continuing handshake
[1439543:0902/154916.975479:VERBOSE1:tls_client_handshaker.cc(508)] Client: handshake finished
[1439543:0902/154916.990520:VERBOSE1:network_delegate.cc(35)] NetworkDelegate::NotifyBeforeURLRequest: https://dns.google/
[1439464:0902/154918.535707:VERBOSE1:file_url_loader_factory.cc(452)] FileURLLoader::Start: file:///
[1439464:0902/154923.538632:VERBOSE1:file_url_loader_factory.cc(452)] FileURLLoader::Start: file:///
[1439464:0902/154928.541595:VERBOSE1:file_url_loader_factory.cc(452)] FileURLLoader::Start: file:///
[1439543:0902/154928.722123:VERBOSE1:network_delegate.cc(35)] NetworkDelegate::NotifyBeforeURLRequest: https://user-settings.s3.amazonaws.com/conf/services/all.json?X-Amz-Algorithm=AWS4-HMAC-SHA256&X-Amz-Credential=AKIAU2SWVLYMUSVPDRVF%2F20250902%2Fus-east-1%2Fs3%2Faws4_request&X-Amz-Date=20250902T214928Z&X-Amz-Expires=86400&X-Amz-SignedHeaders=host&X-Amz-Signature=d21ae73a554cdca34000a16684d2c2893dc8c2491959f5c0ca9446600fa5c383
[1439543:0902/154928.742197:VERBOSE1:network_delegate.cc(35)] NetworkDelegate::NotifyBeforeURLRequest: https://user-settings.s3.amazonaws.com/conf/domains/all.json?X-Amz-Algorithm=AWS4-HMAC-SHA256&X-Amz-Credential=AKIAU2SWVLYMUSVPDRVF%2F20250902%2Fus-east-1%2Fs3%2Faws4_request&X-Amz-Date=20250902T214928Z&X-Amz-Expires=86400&X-Amz-SignedHeaders=host&X-Amz-Signature=44d2d503acb260771a0f7fb5cfc8edda269b168e2c6e3ea0e983e524b94a6a7d
[1439464:0902/154933.543405:VERBOSE1:file_url_loader_factory.cc(452)] FileURLLoader::Start: file:///
[1439464:0902/154938.544436:VERBOSE1:file_url_loader_factory.cc(452)] FileURLLoader::Start: file:///
[1439464:0902/154943.545546:VERBOSE1:file_url_loader_factory.cc(452)] FileURLLoader::Start: file:///
[1439543:0902/154946.954566:VERBOSE1:network_delegate.cc(35)] NetworkDelegate::NotifyBeforeURLRequest: https://8.8.8.8/
[1439543:0902/154946.955026:VERBOSE1:tls_handshaker.cc(100)] TlsClient: Continuing handshake
[1439543:0902/154946.955298:VERBOSE1:tls_handshaker.cc(121)] TlsClient: SSL_do_handshake returned when entering early data. After retry, rv=-1, SSL_in_early_data=1
[1439543:0902/154946.976922:VERBOSE1:tls_handshaker.cc(100)] TlsClient: Continuing handshake
[1439543:0902/154946.977074:VERBOSE1:tls_handshaker.cc(100)] TlsClient: Continuing handshake
[1439543:0902/154946.977107:VERBOSE1:tls_client_handshaker.cc(508)] Client: handshake finished
[1439543:0902/154946.992211:VERBOSE1:network_delegate.cc(35)] NetworkDelegate::NotifyBeforeURLRequest: https://dns.google/
[1439464:0902/154948.546658:VERBOSE1:file_url_loader_factory.cc(452)] FileURLLoader::Start: file:///
[1439464:0902/154953.547742:VERBOSE1:file_url_loader_factory.cc(452)] FileURLLoader::Start: file:///
[1439464:0902/154958.548800:VERBOSE1:file_url_loader_factory.cc(452)] FileURLLoader::Start: file:///
[1439464:0902/155003.549829:VERBOSE1:file_url_loader_factory.cc(452)] FileURLLoader::Start: file:///
[1439464:0902/155008.550883:VERBOSE1:file_url_loader_factory.cc(452)] FileURLLoader::Start: file:///
[1439464:0902/155013.552397:VERBOSE1:file_url_loader_factory.cc(452)] FileURLLoader::Start: file:///
[1439543:0902/155016.953756:VERBOSE1:network_delegate.cc(35)] NetworkDelegate::NotifyBeforeURLRequest: https://8.8.8.8/
[1439543:0902/155016.954243:VERBOSE1:tls_handshaker.cc(100)] TlsClient: Continuing handshake
[1439543:0902/155016.956458:VERBOSE1:tls_handshaker.cc(100)] TlsClient: Continuing handshake
[1439543:0902/155016.956587:VERBOSE1:tls_handshaker.cc(121)] TlsClient: SSL_do_handshake returned when entering early data. After retry, rv=-1, SSL_in_early_data=1
[1439543:0902/155016.973985:VERBOSE1:tls_handshaker.cc(100)] TlsClient: Continuing handshake
[1439543:0902/155016.974126:VERBOSE1:tls_handshaker.cc(100)] TlsClient: Continuing handshake
[1439543:0902/155016.974164:VERBOSE1:tls_client_handshaker.cc(508)] Client: handshake finished
[1439543:0902/155016.987887:VERBOSE1:network_delegate.cc(35)] NetworkDelegate::NotifyBeforeURLRequest: https://dns.google/
[1439464:0902/155018.553628:VERBOSE1:file_url_loader_factory.cc(452)] FileURLLoader::Start: file:///
[1439464:0902/155023.554722:VERBOSE1:file_url_loader_factory.cc(452)] FileURLLoader::Start: file:///
[1439464:0902/155028.555772:VERBOSE1:file_url_loader_factory.cc(452)] FileURLLoader::Start: file:///
[1439464:0902/155033.556833:VERBOSE1:file_url_loader_factory.cc(452)] FileURLLoader::Start: file:///
[1439464:0902/155038.559076:VERBOSE1:file_url_loader_factory.cc(452)] FileURLLoader::Start: file:///
[1439464:0902/155043.560174:VERBOSE1:file_url_loader_factory.cc(452)] FileURLLoader::Start: file:///
[1439543:0902/155046.953746:VERBOSE1:network_delegate.cc(35)] NetworkDelegate::NotifyBeforeURLRequest: https://8.8.8.8/
[1439543:0902/155046.955700:VERBOSE1:tls_handshaker.cc(100)] TlsClient: Continuing handshake
[1439543:0902/155046.977793:VERBOSE1:tls_handshaker.cc(121)] TlsClient: SSL_do_handshake returned when entering early data. After retry, rv=-1, SSL_in_early_data=1
[1439543:0902/155046.998828:VERBOSE1:tls_handshaker.cc(100)] TlsClient: Continuing handshake
[1439543:0902/155046.998976:VERBOSE1:tls_handshaker.cc(100)] TlsClient: Continuing handshake
[1439543:0902/155046.999007:VERBOSE1:tls_client_handshaker.cc(508)] Client: handshake finished
[1439543:0902/155047.013150:VERBOSE1:network_delegate.cc(35)] NetworkDelegate::NotifyBeforeURLRequest: https://dns.google/
[1439464:0902/155048.561325:VERBOSE1:file_url_loader_factory.cc(452)] FileURLLoader::Start: file:///
[1439464:0902/155053.562400:VERBOSE1:file_url_loader_factory.cc(452)] FileURLLoader::Start: file:///
[1439464:0902/155058.563600:VERBOSE1:file_url_loader_factory.cc(452)] FileURLLoader::Start: file:///
[1439464:0902/155103.565147:VERBOSE1:file_url_loader_factory.cc(452)] FileURLLoader::Start: file:///
[1439464:0902/155108.566208:VERBOSE1:file_url_loader_factory.cc(452)] FileURLLoader::Start: file:///
[1439464:0902/155113.567331:VERBOSE1:file_url_loader_factory.cc(452)] FileURLLoader::Start: file:///
[1439543:0902/155116.953471:VERBOSE1:network_delegate.cc(35)] NetworkDelegate::NotifyBeforeURLRequest: https://8.8.8.8/
[1439543:0902/155116.953926:VERBOSE1:tls_handshaker.cc(100)] TlsClient: Continuing handshake
[1439543:0902/155116.954218:VERBOSE1:tls_handshaker.cc(121)] TlsClient: SSL_do_handshake returned when entering early data. After retry, rv=-1, SSL_in_early_data=1
[1439543:0902/155116.974517:VERBOSE1:tls_handshaker.cc(100)] TlsClient: Continuing handshake
[1439543:0902/155116.974639:VERBOSE1:tls_handshaker.cc(100)] TlsClient: Continuing handshake
[1439543:0902/155116.974671:VERBOSE1:tls_client_handshaker.cc(508)] Client: handshake finished
[1439543:0902/155116.988894:VERBOSE1:network_delegate.cc(35)] NetworkDelegate::NotifyBeforeURLRequest: https://dns.google/
[1439464:0902/155118.568465:VERBOSE1:file_url_loader_factory.cc(452)] FileURLLoader::Start: file:///
[1439464:0902/155123.569644:VERBOSE1:file_url_loader_factory.cc(452)] FileURLLoader::Start: file:///
[1439464:0902/155128.570678:VERBOSE1:file_url_loader_factory.cc(452)] FileURLLoader::Start: file:///
[1439464:0902/155133.572698:VERBOSE1:file_url_loader_factory.cc(452)] FileURLLoader::Start: file:///
[1439464:0902/155138.574468:VERBOSE1:file_url_loader_factory.cc(452)] FileURLLoader::Start: file:///
[1439464:0902/155143.575831:VERBOSE1:file_url_loader_factory.cc(452)] FileURLLoader::Start: file:///
[1439543:0902/155146.953605:VERBOSE1:network_delegate.cc(35)] NetworkDelegate::NotifyBeforeURLRequest: https://8.8.8.8/
[1439543:0902/155146.954048:VERBOSE1:tls_handshaker.cc(100)] TlsClient: Continuing handshake
[1439543:0902/155146.954323:VERBOSE1:tls_handshaker.cc(121)] TlsClient: SSL_do_handshake returned when entering early data. After retry, rv=-1, SSL_in_early_data=1
[1439543:0902/155146.975317:VERBOSE1:tls_handshaker.cc(100)] TlsClient: Continuing handshake
[1439543:0902/155146.975462:VERBOSE1:tls_handshaker.cc(100)] TlsClient: Continuing handshake
[1439543:0902/155146.975492:VERBOSE1:tls_client_handshaker.cc(508)] Client: handshake finished
[1439543:0902/155146.989529:VERBOSE1:network_delegate.cc(35)] NetworkDelegate::NotifyBeforeURLRequest: https://dns.google/
[1439464:0902/155148.576881:VERBOSE1:file_url_loader_factory.cc(452)] FileURLLoader::Start: file:///
[1439464:0902/155153.577887:VERBOSE1:file_url_loader_factory.cc(452)] FileURLLoader::Start: file:///
[1439464:0902/155158.578939:VERBOSE1:file_url_loader_factory.cc(452)] FileURLLoader::Start: file:///
[1439464:0902/155203.580016:VERBOSE1:file_url_loader_factory.cc(452)] FileURLLoader::Start: file:///
[1439464:0902/155208.581111:VERBOSE1:file_url_loader_factory.cc(452)] FileURLLoader::Start: file:///
[1439464:0902/155213.582194:VERBOSE1:file_url_loader_factory.cc(452)] FileURLLoader::Start: file:///
[1439543:0902/155216.953729:VERBOSE1:network_delegate.cc(35)] NetworkDelegate::NotifyBeforeURLRequest: https://8.8.8.8/
[1439543:0902/155216.954168:VERBOSE1:tls_handshaker.cc(100)] TlsClient: Continuing handshake
[1439543:0902/155216.954450:VERBOSE1:tls_handshaker.cc(121)] TlsClient: SSL_do_handshake returned when entering early data. After retry, rv=-1, SSL_in_early_data=1
[1439543:0902/155216.974956:VERBOSE1:tls_handshaker.cc(100)] TlsClient: Continuing handshake
[1439543:0902/155216.975117:VERBOSE1:tls_handshaker.cc(100)] TlsClient: Continuing handshake
[1439543:0902/155216.975153:VERBOSE1:tls_client_handshaker.cc(508)] Client: handshake finished
[1439543:0902/155216.989127:VERBOSE1:network_delegate.cc(35)] NetworkDelegate::NotifyBeforeURLRequest: https://dns.google/
[1439464:0902/155218.583154:VERBOSE1:file_url_loader_factory.cc(452)] FileURLLoader::Start: file:///
[1439464:0902/155223.584100:VERBOSE1:file_url_loader_factory.cc(452)] FileURLLoader::Start: file:///
[1439464:0902/155228.609616:VERBOSE1:file_url_loader_factory.cc(452)] FileURLLoader::Start: file:///
[1439464:0902/155233.610743:VERBOSE1:file_url_loader_factory.cc(452)] FileURLLoader::Start: file:///
[1439464:0902/155238.611930:VERBOSE1:file_url_loader_factory.cc(452)] FileURLLoader::Start: file:///
[1439464:0902/155243.612977:VERBOSE1:file_url_loader_factory.cc(452)] FileURLLoader::Start: file:///
[1439543:0902/155246.954685:VERBOSE1:network_delegate.cc(35)] NetworkDelegate::NotifyBeforeURLRequest: https://8.8.8.8/
[1439543:0902/155246.955153:VERBOSE1:tls_handshaker.cc(100)] TlsClient: Continuing handshake
[1439543:0902/155246.955527:VERBOSE1:tls_handshaker.cc(121)] TlsClient: SSL_do_handshake returned when entering early data. After retry, rv=-1, SSL_in_early_data=1
[1439543:0902/155246.978477:VERBOSE1:tls_handshaker.cc(100)] TlsClient: Continuing handshake
[1439543:0902/155246.978618:VERBOSE1:tls_handshaker.cc(100)] TlsClient: Continuing handshake
[1439543:0902/155246.978649:VERBOSE1:tls_client_handshaker.cc(508)] Client: handshake finished
[1439543:0902/155246.992478:VERBOSE1:network_delegate.cc(35)] NetworkDelegate::NotifyBeforeURLRequest: https://dns.google/
[1439464:0902/155248.614115:VERBOSE1:file_url_loader_factory.cc(452)] FileURLLoader::Start: file:///
[1439464:0902/155253.615157:VERBOSE1:file_url_loader_factory.cc(452)] FileURLLoader::Start: file:///
[1439464:0902/155258.616218:VERBOSE1:file_url_loader_factory.cc(452)] FileURLLoader::Start: file:///
[1439464:0902/155303.617267:VERBOSE1:file_url_loader_factory.cc(452)] FileURLLoader::Start: file:///
[1439464:0902/155308.618432:VERBOSE1:file_url_loader_factory.cc(452)] FileURLLoader::Start: file:///
[1439464:0902/155313.619477:VERBOSE1:file_url_loader_factory.cc(452)] FileURLLoader::Start: file:///
[1439543:0902/155316.953665:VERBOSE1:network_delegate.cc(35)] NetworkDelegate::NotifyBeforeURLRequest: https://8.8.8.8/
[1439543:0902/155316.954105:VERBOSE1:tls_handshaker.cc(100)] TlsClient: Continuing handshake
[1439543:0902/155316.954370:VERBOSE1:tls_handshaker.cc(121)] TlsClient: SSL_do_handshake returned when entering early data. After retry, rv=-1, SSL_in_early_data=1
[1439543:0902/155316.974663:VERBOSE1:tls_handshaker.cc(100)] TlsClient: Continuing handshake
[1439543:0902/155316.974798:VERBOSE1:tls_handshaker.cc(100)] TlsClient: Continuing handshake
[1439543:0902/155316.974829:VERBOSE1:tls_client_handshaker.cc(508)] Client: handshake finished
[1439543:0902/155316.988887:VERBOSE1:network_delegate.cc(35)] NetworkDelegate::NotifyBeforeURLRequest: https://dns.google/
[1439464:0902/155318.620488:VERBOSE1:file_url_loader_factory.cc(452)] FileURLLoader::Start: file:///
[1439464:0902/155323.621638:VERBOSE1:file_url_loader_factory.cc(452)] FileURLLoader::Start: file:///
[1439464:0902/155328.622697:VERBOSE1:file_url_loader_factory.cc(452)] FileURLLoader::Start: file:///
[1439464:0902/155333.647594:VERBOSE1:file_url_loader_factory.cc(452)] FileURLLoader::Start: file:///
[1439464:0902/155338.672769:VERBOSE1:file_url_loader_factory.cc(452)] FileURLLoader::Start: file:///
[1439464:0902/155343.673942:VERBOSE1:file_url_loader_factory.cc(452)] FileURLLoader::Start: file:///
[1439543:0902/155346.953631:VERBOSE1:network_delegate.cc(35)] NetworkDelegate::NotifyBeforeURLRequest: https://8.8.8.8/
[1439543:0902/155346.954125:VERBOSE1:tls_handshaker.cc(100)] TlsClient: Continuing handshake
[1439543:0902/155346.954428:VERBOSE1:tls_handshaker.cc(121)] TlsClient: SSL_do_handshake returned when entering early data. After retry, rv=-1, SSL_in_early_data=1
[1439543:0902/155346.974458:VERBOSE1:tls_handshaker.cc(100)] TlsClient: Continuing handshake
[1439543:0902/155346.974577:VERBOSE1:tls_handshaker.cc(100)] TlsClient: Continuing handshake
[1439543:0902/155346.974607:VERBOSE1:tls_client_handshaker.cc(508)] Client: handshake finished
[1439543:0902/155346.988470:VERBOSE1:network_delegate.cc(35)] NetworkDelegate::NotifyBeforeURLRequest: https://dns.google/
[1439464:0902/155348.675151:VERBOSE1:file_url_loader_factory.cc(452)] FileURLLoader::Start: file:///
[1439464:0902/155353.676124:VERBOSE1:file_url_loader_factory.cc(452)] FileURLLoader::Start: file:///
[1439464:0902/155358.677229:VERBOSE1:file_url_loader_factory.cc(452)] FileURLLoader::Start: file:///
[1439464:0902/155403.678704:VERBOSE1:file_url_loader_factory.cc(452)] FileURLLoader::Start: file:///
[1439464:0902/155408.679860:VERBOSE1:file_url_loader_factory.cc(452)] FileURLLoader::Start: file:///
[1439464:0902/155413.680971:VERBOSE1:file_url_loader_factory.cc(452)] FileURLLoader::Start: file:///
[1439543:0902/155416.953850:VERBOSE1:network_delegate.cc(35)] NetworkDelegate::NotifyBeforeURLRequest: https://8.8.8.8/
[1439543:0902/155416.954337:VERBOSE1:tls_handshaker.cc(100)] TlsClient: Continuing handshake
[1439543:0902/155416.954654:VERBOSE1:tls_handshaker.cc(121)] TlsClient: SSL_do_handshake returned when entering early data. After retry, rv=-1, SSL_in_early_data=1
[1439543:0902/155416.975632:VERBOSE1:tls_handshaker.cc(100)] TlsClient: Continuing handshake
[1439543:0902/155416.975719:VERBOSE1:tls_handshaker.cc(100)] TlsClient: Continuing handshake
[1439543:0902/155416.975743:VERBOSE1:tls_client_handshaker.cc(508)] Client: handshake finished
[1439543:0902/155416.989447:VERBOSE1:network_delegate.cc(35)] NetworkDelegate::NotifyBeforeURLRequest: https://dns.google/
[1439464:0902/155418.682316:VERBOSE1:file_url_loader_factory.cc(452)] FileURLLoader::Start: file:///
[1439464:0902/155423.683581:VERBOSE1:file_url_loader_factory.cc(452)] FileURLLoader::Start: file:///
[1439464:0902/155428.684848:VERBOSE1:file_url_loader_factory.cc(452)] FileURLLoader::Start: file:///
[1439464:0902/155433.685991:VERBOSE1:file_url_loader_factory.cc(452)] FileURLLoader::Start: file:///
[1439464:0902/155438.687206:VERBOSE1:file_url_loader_factory.cc(452)] FileURLLoader::Start: file:///
[1439464:0902/155443.688285:VERBOSE1:file_url_loader_factory.cc(452)] FileURLLoader::Start: file:///
[1439543:0902/155446.956702:VERBOSE1:network_delegate.cc(35)] NetworkDelegate::NotifyBeforeURLRequest: https://8.8.8.8/
[1439543:0902/155446.957139:VERBOSE1:tls_handshaker.cc(100)] TlsClient: Continuing handshake
[1439543:0902/155446.957426:VERBOSE1:tls_handshaker.cc(121)] TlsClient: SSL_do_handshake returned when entering early data. After retry, rv=-1, SSL_in_early_data=1
[1439543:0902/155446.977931:VERBOSE1:tls_handshaker.cc(100)] TlsClient: Continuing handshake
[1439543:0902/155446.978085:VERBOSE1:tls_handshaker.cc(100)] TlsClient: Continuing handshake
[1439543:0902/155446.978122:VERBOSE1:tls_client_handshaker.cc(508)] Client: handshake finished
[1439543:0902/155446.992130:VERBOSE1:network_delegate.cc(35)] NetworkDelegate::NotifyBeforeURLRequest: https://dns.google/
[1439464:0902/155448.689679:VERBOSE1:file_url_loader_factory.cc(452)] FileURLLoader::Start: file:///
[1439464:0902/155453.690814:VERBOSE1:file_url_loader_factory.cc(452)] FileURLLoader::Start: file:///
[1439464:0902/155458.691918:VERBOSE1:file_url_loader_factory.cc(452)] FileURLLoader::Start: file:///
[1439464:0902/155503.693019:VERBOSE1:file_url_loader_factory.cc(452)] FileURLLoader::Start: file:///
[1439464:0902/155508.694288:VERBOSE1:file_url_loader_factory.cc(452)] FileURLLoader::Start: file:///
[1439464:0902/155513.697652:VERBOSE1:file_url_loader_factory.cc(452)] FileURLLoader::Start: file:///
[1439543:0902/155516.954425:VERBOSE1:network_delegate.cc(35)] NetworkDelegate::NotifyBeforeURLRequest: https://8.8.8.8/
[1439543:0902/155516.955275:VERBOSE1:tls_handshaker.cc(100)] TlsClient: Continuing handshake
[1439543:0902/155516.955800:VERBOSE1:tls_handshaker.cc(121)] TlsClient: SSL_do_handshake returned when entering early data. After retry, rv=-1, SSL_in_early_data=1
[1439543:0902/155516.976986:VERBOSE1:tls_handshaker.cc(100)] TlsClient: Continuing handshake
[1439543:0902/155516.977210:VERBOSE1:tls_handshaker.cc(100)] TlsClient: Continuing handshake
[1439543:0902/155516.977253:VERBOSE1:tls_client_handshaker.cc(508)] Client: handshake finished
[1439543:0902/155516.992768:VERBOSE1:network_delegate.cc(35)] NetworkDelegate::NotifyBeforeURLRequest: https://dns.google/
[1439464:0902/155518.698872:VERBOSE1:file_url_loader_factory.cc(452)] FileURLLoader::Start: file:///
[1439464:0902/155523.701816:VERBOSE1:file_url_loader_factory.cc(452)] FileURLLoader::Start: file:///
[1439464:0902/155528.703452:VERBOSE1:file_url_loader_factory.cc(452)] FileURLLoader::Start: file:///
[1439464:0902/155533.705106:VERBOSE1:file_url_loader_factory.cc(452)] FileURLLoader::Start: file:///
[1439464:0902/155538.706483:VERBOSE1:file_url_loader_factory.cc(452)] FileURLLoader::Start: file:///
[1439464:0902/155543.707702:VERBOSE1:file_url_loader_factory.cc(452)] FileURLLoader::Start: file:///
[1439543:0902/155546.954351:VERBOSE1:network_delegate.cc(35)] NetworkDelegate::NotifyBeforeURLRequest: https://8.8.8.8/
[1439543:0902/155546.955010:VERBOSE1:tls_handshaker.cc(100)] TlsClient: Continuing handshake
[1439543:0902/155546.955354:VERBOSE1:tls_handshaker.cc(121)] TlsClient: SSL_do_handshake returned when entering early data. After retry, rv=-1, SSL_in_early_data=1
[1439543:0902/155546.977040:VERBOSE1:tls_handshaker.cc(100)] TlsClient: Continuing handshake
[1439543:0902/155546.977197:VERBOSE1:tls_handshaker.cc(100)] TlsClient: Continuing handshake
[1439543:0902/155546.977229:VERBOSE1:tls_client_handshaker.cc(508)] Client: handshake finished
[1439543:0902/155546.991888:VERBOSE1:network_delegate.cc(35)] NetworkDelegate::NotifyBeforeURLRequest: https://dns.google/
[1439464:0902/155548.708754:VERBOSE1:file_url_loader_factory.cc(452)] FileURLLoader::Start: file:///
[1439464:0902/155553.710213:VERBOSE1:file_url_loader_factory.cc(452)] FileURLLoader::Start: file:///
[1439464:0902/155558.711963:VERBOSE1:file_url_loader_factory.cc(452)] FileURLLoader::Start: file:///
[1439464:0902/155603.713206:VERBOSE1:file_url_loader_factory.cc(452)] FileURLLoader::Start: file:///
[1439464:0902/155608.714322:VERBOSE1:file_url_loader_factory.cc(452)] FileURLLoader::Start: file:///
[1439464:0902/155613.715450:VERBOSE1:file_url_loader_factory.cc(452)] FileURLLoader::Start: file:///
[1439543:0902/155616.953777:VERBOSE1:network_delegate.cc(35)] NetworkDelegate::NotifyBeforeURLRequest: https://8.8.8.8/
[1439543:0902/155616.954267:VERBOSE1:tls_handshaker.cc(100)] TlsClient: Continuing handshake
[1439543:0902/155616.954554:VERBOSE1:tls_handshaker.cc(121)] TlsClient: SSL_do_handshake returned when entering early data. After retry, rv=-1, SSL_in_early_data=1
[1439543:0902/155616.975635:VERBOSE1:tls_handshaker.cc(100)] TlsClient: Continuing handshake
[1439543:0902/155616.975820:VERBOSE1:tls_handshaker.cc(100)] TlsClient: Continuing handshake
[1439543:0902/155616.975858:VERBOSE1:tls_client_handshaker.cc(508)] Client: handshake finished
[1439543:0902/155616.989924:VERBOSE1:network_delegate.cc(35)] NetworkDelegate::NotifyBeforeURLRequest: https://dns.google/
[1439464:0902/155618.717057:VERBOSE1:file_url_loader_factory.cc(452)] FileURLLoader::Start: file:///
[1439464:0902/155623.718093:VERBOSE1:file_url_loader_factory.cc(452)] FileURLLoader::Start: file:///
[1439464:0902/155628.719121:VERBOSE1:file_url_loader_factory.cc(452)] FileURLLoader::Start: file:///
[1439464:0902/155633.720229:VERBOSE1:file_url_loader_factory.cc(452)] FileURLLoader::Start: file:///
[1439464:0902/155638.721323:VERBOSE1:file_url_loader_factory.cc(452)] FileURLLoader::Start: file:///
[1439464:0902/155643.722492:VERBOSE1:file_url_loader_factory.cc(452)] FileURLLoader::Start: file:///
[1439543:0902/155646.953637:VERBOSE1:network_delegate.cc(35)] NetworkDelegate::NotifyBeforeURLRequest: https://8.8.8.8/
[1439543:0902/155646.954052:VERBOSE1:tls_handshaker.cc(100)] TlsClient: Continuing handshake
[1439543:0902/155646.954324:VERBOSE1:tls_handshaker.cc(121)] TlsClient: SSL_do_handshake returned when entering early data. After retry, rv=-1, SSL_in_early_data=1
[1439543:0902/155646.974008:VERBOSE1:tls_handshaker.cc(100)] TlsClient: Continuing handshake
[1439543:0902/155646.974159:VERBOSE1:tls_handshaker.cc(100)] TlsClient: Continuing handshake
[1439543:0902/155646.974192:VERBOSE1:tls_client_handshaker.cc(508)] Client: handshake finished
[1439543:0902/155646.988286:VERBOSE1:network_delegate.cc(35)] NetworkDelegate::NotifyBeforeURLRequest: https://dns.google/
[1439464:0902/155648.723661:VERBOSE1:file_url_loader_factory.cc(452)] FileURLLoader::Start: file:///
[1439464:0902/155653.724683:VERBOSE1:file_url_loader_factory.cc(452)] FileURLLoader::Start: file:///
[1439464:0902/155658.725753:VERBOSE1:file_url_loader_factory.cc(452)] FileURLLoader::Start: file:///
[1439464:0902/155703.726887:VERBOSE1:file_url_loader_factory.cc(452)] FileURLLoader::Start: file:///
[1439464:0902/155708.727959:VERBOSE1:file_url_loader_factory.cc(452)] FileURLLoader::Start: file:///
[1439464:0902/155713.728960:VERBOSE1:file_url_loader_factory.cc(452)] FileURLLoader::Start: file:///
[1439543:0902/155716.953740:VERBOSE1:network_delegate.cc(35)] NetworkDelegate::NotifyBeforeURLRequest: https://8.8.8.8/
[1439543:0902/155716.954171:VERBOSE1:tls_handshaker.cc(100)] TlsClient: Continuing handshake
[1439543:0902/155716.954459:VERBOSE1:tls_handshaker.cc(121)] TlsClient: SSL_do_handshake returned when entering early data. After retry, rv=-1, SSL_in_early_data=1
[1439543:0902/155716.975225:VERBOSE1:tls_handshaker.cc(100)] TlsClient: Continuing handshake
[1439543:0902/155716.975368:VERBOSE1:tls_handshaker.cc(100)] TlsClient: Continuing handshake
[1439543:0902/155716.975407:VERBOSE1:tls_client_handshaker.cc(508)] Client: handshake finished
[1439543:0902/155716.989319:VERBOSE1:network_delegate.cc(35)] NetworkDelegate::NotifyBeforeURLRequest: https://dns.google/
[1439464:0902/155718.731092:VERBOSE1:file_url_loader_factory.cc(452)] FileURLLoader::Start: file:///
[1439464:0902/155723.732113:VERBOSE1:file_url_loader_factory.cc(452)] FileURLLoader::Start: file:///
[1439464:0902/155728.733427:VERBOSE1:file_url_loader_factory.cc(452)] FileURLLoader::Start: file:///
[1439464:0902/155733.734597:VERBOSE1:file_url_loader_factory.cc(452)] FileURLLoader::Start: file:///
[1439464:0902/155738.735692:VERBOSE1:file_url_loader_factory.cc(452)] FileURLLoader::Start: file:///
[1439464:0902/155743.736780:VERBOSE1:file_url_loader_factory.cc(452)] FileURLLoader::Start: file:///
[1439543:0902/155746.953637:VERBOSE1:network_delegate.cc(35)] NetworkDelegate::NotifyBeforeURLRequest: https://8.8.8.8/
[1439543:0902/155746.954103:VERBOSE1:tls_handshaker.cc(100)] TlsClient: Continuing handshake
[1439543:0902/155746.954378:VERBOSE1:tls_handshaker.cc(121)] TlsClient: SSL_do_handshake returned when entering early data. After retry, rv=-1, SSL_in_early_data=1
[1439543:0902/155746.974756:VERBOSE1:tls_handshaker.cc(100)] TlsClient: Continuing handshake
[1439543:0902/155746.974897:VERBOSE1:tls_handshaker.cc(100)] TlsClient: Continuing handshake
[1439543:0902/155746.974929:VERBOSE1:tls_client_handshaker.cc(508)] Client: handshake finished
[1439543:0902/155746.989032:VERBOSE1:network_delegate.cc(35)] NetworkDelegate::NotifyBeforeURLRequest: https://dns.google/
[1439464:0902/155748.737901:VERBOSE1:file_url_loader_factory.cc(452)] FileURLLoader::Start: file:///
[1439464:0902/155753.738941:VERBOSE1:file_url_loader_factory.cc(452)] FileURLLoader::Start: file:///
[1439464:0902/155758.741635:VERBOSE1:file_url_loader_factory.cc(452)] FileURLLoader::Start: file:///
[1439464:0902/155803.742773:VERBOSE1:file_url_loader_factory.cc(452)] FileURLLoader::Start: file:///
[1439464:0902/155808.743927:VERBOSE1:file_url_loader_factory.cc(452)] FileURLLoader::Start: file:///
[1439464:0902/155813.745323:VERBOSE1:file_url_loader_factory.cc(452)] FileURLLoader::Start: file:///
[1439543:0902/155816.953750:VERBOSE1:network_delegate.cc(35)] NetworkDelegate::NotifyBeforeURLRequest: https://8.8.8.8/
[1439543:0902/155816.954184:VERBOSE1:tls_handshaker.cc(100)] TlsClient: Continuing handshake
[1439543:0902/155816.954700:VERBOSE1:tls_handshaker.cc(121)] TlsClient: SSL_do_handshake returned when entering early data. After retry, rv=-1, SSL_in_early_data=1
[1439543:0902/155816.974316:VERBOSE1:tls_handshaker.cc(100)] TlsClient: Continuing handshake
[1439543:0902/155816.974465:VERBOSE1:tls_handshaker.cc(100)] TlsClient: Continuing handshake
[1439543:0902/155816.974502:VERBOSE1:tls_client_handshaker.cc(508)] Client: handshake finished
[1439543:0902/155816.989230:VERBOSE1:network_delegate.cc(35)] NetworkDelegate::NotifyBeforeURLRequest: https://dns.google/
[1439464:0902/155818.746338:VERBOSE1:file_url_loader_factory.cc(452)] FileURLLoader::Start: file:///
[1439464:0902/155823.748571:VERBOSE1:file_url_loader_factory.cc(452)] FileURLLoader::Start: file:///
[1439464:0902/155828.749650:VERBOSE1:file_url_loader_factory.cc(452)] FileURLLoader::Start: file:///
[1439464:0902/155833.750761:VERBOSE1:file_url_loader_factory.cc(452)] FileURLLoader::Start: file:///
[1439464:0902/155838.752237:VERBOSE1:file_url_loader_factory.cc(452)] FileURLLoader::Start: file:///
[1439464:0902/155843.753501:VERBOSE1:file_url_loader_factory.cc(452)] FileURLLoader::Start: file:///
[1439543:0902/155846.953640:VERBOSE1:network_delegate.cc(35)] NetworkDelegate::NotifyBeforeURLRequest: https://8.8.8.8/
[1439543:0902/155846.954172:VERBOSE1:tls_handshaker.cc(100)] TlsClient: Continuing handshake
[1439543:0902/155846.954483:VERBOSE1:tls_handshaker.cc(121)] TlsClient: SSL_do_handshake returned when entering early data. After retry, rv=-1, SSL_in_early_data=1
[1439543:0902/155846.974730:VERBOSE1:tls_handshaker.cc(100)] TlsClient: Continuing handshake
[1439543:0902/155846.974862:VERBOSE1:tls_handshaker.cc(100)] TlsClient: Continuing handshake
[1439543:0902/155846.974889:VERBOSE1:tls_client_handshaker.cc(508)] Client: handshake finished
[1439543:0902/155846.988970:VERBOSE1:network_delegate.cc(35)] NetworkDelegate::NotifyBeforeURLRequest: https://dns.google/
[1439464:0902/155848.754771:VERBOSE1:file_url_loader_factory.cc(452)] FileURLLoader::Start: file:///
[1439464:0902/155853.755858:VERBOSE1:file_url_loader_factory.cc(452)] FileURLLoader::Start: file:///
[1439464:0902/155858.756983:VERBOSE1:file_url_loader_factory.cc(452)] FileURLLoader::Start: file:///
[1439464:0902/155903.759280:VERBOSE1:file_url_loader_factory.cc(452)] FileURLLoader::Start: file:///
[1439464:0902/155908.761377:VERBOSE1:file_url_loader_factory.cc(452)] FileURLLoader::Start: file:///
[1439464:0902/155913.762754:VERBOSE1:file_url_loader_factory.cc(452)] FileURLLoader::Start: file:///
[1439543:0902/155916.953827:VERBOSE1:network_delegate.cc(35)] NetworkDelegate::NotifyBeforeURLRequest: https://8.8.8.8/
[1439543:0902/155916.954334:VERBOSE1:tls_handshaker.cc(100)] TlsClient: Continuing handshake
[1439543:0902/155916.954663:VERBOSE1:tls_handshaker.cc(121)] TlsClient: SSL_do_handshake returned when entering early data. After retry, rv=-1, SSL_in_early_data=1
[1439543:0902/155916.975772:VERBOSE1:tls_handshaker.cc(100)] TlsClient: Continuing handshake
[1439543:0902/155916.975903:VERBOSE1:tls_handshaker.cc(100)] TlsClient: Continuing handshake
[1439543:0902/155916.975936:VERBOSE1:tls_client_handshaker.cc(508)] Client: handshake finished
[1439543:0902/155916.989885:VERBOSE1:network_delegate.cc(35)] NetworkDelegate::NotifyBeforeURLRequest: https://dns.google/
[1439464:0902/155918.764025:VERBOSE1:file_url_loader_factory.cc(452)] FileURLLoader::Start: file:///
[1439464:0902/155923.765411:VERBOSE1:file_url_loader_factory.cc(452)] FileURLLoader::Start: file:///
[1439464:0902/155928.766740:VERBOSE1:file_url_loader_factory.cc(452)] FileURLLoader::Start: file:///
[1439464:0902/155933.767869:VERBOSE1:file_url_loader_factory.cc(452)] FileURLLoader::Start: file:///
[1439464:0902/155938.769053:VERBOSE1:file_url_loader_factory.cc(452)] FileURLLoader::Start: file:///
[1439464:0902/155943.770372:VERBOSE1:file_url_loader_factory.cc(452)] FileURLLoader::Start: file:///
[1439543:0902/155946.953803:VERBOSE1:network_delegate.cc(35)] NetworkDelegate::NotifyBeforeURLRequest: https://8.8.8.8/
[1439543:0902/155946.954642:VERBOSE1:tls_handshaker.cc(100)] TlsClient: Continuing handshake
[1439543:0902/155946.954967:VERBOSE1:tls_handshaker.cc(121)] TlsClient: SSL_do_handshake returned when entering early data. After retry, rv=-1, SSL_in_early_data=1
[1439543:0902/155946.976425:VERBOSE1:tls_handshaker.cc(100)] TlsClient: Continuing handshake
[1439543:0902/155946.976603:VERBOSE1:tls_handshaker.cc(100)] TlsClient: Continuing handshake
[1439543:0902/155946.976642:VERBOSE1:tls_client_handshaker.cc(508)] Client: handshake finished
[1439543:0902/155946.990776:VERBOSE1:network_delegate.cc(35)] NetworkDelegate::NotifyBeforeURLRequest: https://dns.google/
[1439464:0902/155948.771559:VERBOSE1:file_url_loader_factory.cc(452)] FileURLLoader::Start: file:///
[1439464:0902/155953.773105:VERBOSE1:file_url_loader_factory.cc(452)] FileURLLoader::Start: file:///
[1439464:0902/155958.774811:VERBOSE1:file_url_loader_factory.cc(452)] FileURLLoader::Start: file:///
[1439464:0902/160003.776507:VERBOSE1:file_url_loader_factory.cc(452)] FileURLLoader::Start: file:///
[1439464:0902/160008.777894:VERBOSE1:file_url_loader_factory.cc(452)] FileURLLoader::Start: file:///
[1439464:0902/160013.779560:VERBOSE1:file_url_loader_factory.cc(452)] FileURLLoader::Start: file:///
[1439543:0902/160016.953889:VERBOSE1:network_delegate.cc(35)] NetworkDelegate::NotifyBeforeURLRequest: https://8.8.8.8/
[1439543:0902/160016.955737:VERBOSE1:tls_handshaker.cc(100)] TlsClient: Continuing handshake
[1439543:0902/160016.956008:VERBOSE1:tls_handshaker.cc(121)] TlsClient: SSL_do_handshake returned when entering early data. After retry, rv=-1, SSL_in_early_data=1
[1439543:0902/160016.976695:VERBOSE1:tls_handshaker.cc(100)] TlsClient: Continuing handshake
[1439543:0902/160016.976913:VERBOSE1:tls_handshaker.cc(100)] TlsClient: Continuing handshake
[1439543:0902/160016.976959:VERBOSE1:tls_client_handshaker.cc(508)] Client: handshake finished
[1439543:0902/160016.991916:VERBOSE1:network_delegate.cc(35)] NetworkDelegate::NotifyBeforeURLRequest: https://dns.google/
[1439464:0902/160018.781509:VERBOSE1:file_url_loader_factory.cc(452)] FileURLLoader::Start: file:///
[1439464:0902/160023.783493:VERBOSE1:file_url_loader_factory.cc(452)] FileURLLoader::Start: file:///
[1439464:0902/160028.785003:VERBOSE1:file_url_loader_factory.cc(452)] FileURLLoader::Start: file:///
[1439464:0902/160033.786231:VERBOSE1:file_url_loader_factory.cc(452)] FileURLLoader::Start: file:///
[1439464:0902/160038.788701:VERBOSE1:file_url_loader_factory.cc(452)] FileURLLoader::Start: file:///
[1439464:0902/160043.790069:VERBOSE1:file_url_loader_factory.cc(452)] FileURLLoader::Start: file:///
[1439543:0902/160046.953515:VERBOSE1:network_delegate.cc(35)] NetworkDelegate::NotifyBeforeURLRequest: https://8.8.8.8/
[1439543:0902/160046.953921:VERBOSE1:tls_handshaker.cc(100)] TlsClient: Continuing handshake
[1439543:0902/160046.954111:VERBOSE1:tls_handshaker.cc(121)] TlsClient: SSL_do_handshake returned when entering early data. After retry, rv=-1, SSL_in_early_data=1
[1439543:0902/160046.974931:VERBOSE1:tls_handshaker.cc(100)] TlsClient: Continuing handshake
[1439543:0902/160046.975058:VERBOSE1:tls_handshaker.cc(100)] TlsClient: Continuing handshake
[1439543:0902/160046.975094:VERBOSE1:tls_client_handshaker.cc(508)] Client: handshake finished
[1439543:0902/160046.990059:VERBOSE1:network_delegate.cc(35)] NetworkDelegate::NotifyBeforeURLRequest: https://dns.google/
[1439464:0902/160048.791261:VERBOSE1:file_url_loader_factory.cc(452)] FileURLLoader::Start: file:///
[1439464:0902/160053.792305:VERBOSE1:file_url_loader_factory.cc(452)] FileURLLoader::Start: file:///
[1439464:0902/160058.793379:VERBOSE1:file_url_loader_factory.cc(452)] FileURLLoader::Start: file:///
[1439464:0902/160103.794705:VERBOSE1:file_url_loader_factory.cc(452)] FileURLLoader::Start: file:///
[1439464:0902/160108.795786:VERBOSE1:file_url_loader_factory.cc(452)] FileURLLoader::Start: file:///
[1439464:0902/160113.797345:VERBOSE1:file_url_loader_factory.cc(452)] FileURLLoader::Start: file:///
[1439543:0902/160116.953639:VERBOSE1:network_delegate.cc(35)] NetworkDelegate::NotifyBeforeURLRequest: https://8.8.8.8/
[1439543:0902/160116.954086:VERBOSE1:tls_handshaker.cc(100)] TlsClient: Continuing handshake
[1439543:0902/160116.954344:VERBOSE1:tls_handshaker.cc(121)] TlsClient: SSL_do_handshake returned when entering early data. After retry, rv=-1, SSL_in_early_data=1
[1439543:0902/160116.977768:VERBOSE1:tls_handshaker.cc(100)] TlsClient: Continuing handshake
[1439543:0902/160116.977930:VERBOSE1:tls_handshaker.cc(100)] TlsClient: Continuing handshake
[1439543:0902/160116.977967:VERBOSE1:tls_client_handshaker.cc(508)] Client: handshake finished
[1439543:0902/160116.992148:VERBOSE1:network_delegate.cc(35)] NetworkDelegate::NotifyBeforeURLRequest: https://dns.google/
[1439464:0902/160118.798425:VERBOSE1:file_url_loader_factory.cc(452)] FileURLLoader::Start: file:///
[1439464:0902/160123.799407:VERBOSE1:file_url_loader_factory.cc(452)] FileURLLoader::Start: file:///
[1439464:0902/160128.800418:VERBOSE1:file_url_loader_factory.cc(452)] FileURLLoader::Start: file:///
[1439464:0902/160133.802661:VERBOSE1:file_url_loader_factory.cc(452)] FileURLLoader::Start: file:///
[1439464:0902/160138.803781:VERBOSE1:file_url_loader_factory.cc(452)] FileURLLoader::Start: file:///
[1439464:0902/160143.805650:VERBOSE1:file_url_loader_factory.cc(452)] FileURLLoader::Start: file:///
[1439543:0902/160146.953644:VERBOSE1:network_delegate.cc(35)] NetworkDelegate::NotifyBeforeURLRequest: https://8.8.8.8/
[1439543:0902/160146.954056:VERBOSE1:tls_handshaker.cc(100)] TlsClient: Continuing handshake
[1439543:0902/160146.954317:VERBOSE1:tls_handshaker.cc(121)] TlsClient: SSL_do_handshake returned when entering early data. After retry, rv=-1, SSL_in_early_data=1
[1439543:0902/160146.975780:VERBOSE1:tls_handshaker.cc(100)] TlsClient: Continuing handshake
[1439543:0902/160146.975932:VERBOSE1:tls_handshaker.cc(100)] TlsClient: Continuing handshake
[1439543:0902/160146.975965:VERBOSE1:tls_client_handshaker.cc(508)] Client: handshake finished
[1439543:0902/160146.990354:VERBOSE1:network_delegate.cc(35)] NetworkDelegate::NotifyBeforeURLRequest: https://dns.google/
[1439464:0902/160148.806928:VERBOSE1:file_url_loader_factory.cc(452)] FileURLLoader::Start: file:///
[1439464:0902/160153.808255:VERBOSE1:file_url_loader_factory.cc(452)] FileURLLoader::Start: file:///
[1439464:0902/160158.809510:VERBOSE1:file_url_loader_factory.cc(452)] FileURLLoader::Start: file:///
[1439464:0902/160203.810681:VERBOSE1:file_url_loader_factory.cc(452)] FileURLLoader::Start: file:///
[1439464:0902/160208.835833:VERBOSE1:file_url_loader_factory.cc(452)] FileURLLoader::Start: file:///
[1439464:0902/160213.838307:VERBOSE1:file_url_loader_factory.cc(452)] FileURLLoader::Start: file:///
[1439543:0902/160216.953795:VERBOSE1:network_delegate.cc(35)] NetworkDelegate::NotifyBeforeURLRequest: https://8.8.8.8/
[1439543:0902/160216.954208:VERBOSE1:tls_handshaker.cc(100)] TlsClient: Continuing handshake
[1439543:0902/160216.954489:VERBOSE1:tls_handshaker.cc(121)] TlsClient: SSL_do_handshake returned when entering early data. After retry, rv=-1, SSL_in_early_data=1
[1439543:0902/160216.974761:VERBOSE1:tls_handshaker.cc(100)] TlsClient: Continuing handshake
[1439543:0902/160216.974906:VERBOSE1:tls_handshaker.cc(100)] TlsClient: Continuing handshake
[1439543:0902/160216.974937:VERBOSE1:tls_client_handshaker.cc(508)] Client: handshake finished
[1439543:0902/160216.988676:VERBOSE1:network_delegate.cc(35)] NetworkDelegate::NotifyBeforeURLRequest: https://dns.google/
[1439464:0902/160218.839613:VERBOSE1:file_url_loader_factory.cc(452)] FileURLLoader::Start: file:///
[1439464:0902/160223.840682:VERBOSE1:file_url_loader_factory.cc(452)] FileURLLoader::Start: file:///
[1439464:0902/160228.841822:VERBOSE1:file_url_loader_factory.cc(452)] FileURLLoader::Start: file:///
[1439464:0902/160233.843227:VERBOSE1:file_url_loader_factory.cc(452)] FileURLLoader::Start: file:///
[1439464:0902/160238.844683:VERBOSE1:file_url_loader_factory.cc(452)] FileURLLoader::Start: file:///
[1439464:0902/160243.845860:VERBOSE1:file_url_loader_factory.cc(452)] FileURLLoader::Start: file:///
[1439543:0902/160246.953600:VERBOSE1:network_delegate.cc(35)] NetworkDelegate::NotifyBeforeURLRequest: https://8.8.8.8/
[1439543:0902/160246.954078:VERBOSE1:tls_handshaker.cc(100)] TlsClient: Continuing handshake
[1439543:0902/160246.954352:VERBOSE1:tls_handshaker.cc(121)] TlsClient: SSL_do_handshake returned when entering early data. After retry, rv=-1, SSL_in_early_data=1
[1439543:0902/160246.975792:VERBOSE1:tls_handshaker.cc(100)] TlsClient: Continuing handshake
[1439543:0902/160246.975930:VERBOSE1:tls_handshaker.cc(100)] TlsClient: Continuing handshake
[1439543:0902/160246.975961:VERBOSE1:tls_client_handshaker.cc(508)] Client: handshake finished
[1439543:0902/160246.989922:VERBOSE1:network_delegate.cc(35)] NetworkDelegate::NotifyBeforeURLRequest: https://dns.google/
[1439464:0902/160248.847047:VERBOSE1:file_url_loader_factory.cc(452)] FileURLLoader::Start: file:///
[1439464:0902/160253.848126:VERBOSE1:file_url_loader_factory.cc(452)] FileURLLoader::Start: file:///
[1439464:0902/160258.849226:VERBOSE1:file_url_loader_factory.cc(452)] FileURLLoader::Start: file:///
[1439464:0902/160303.850376:VERBOSE1:file_url_loader_factory.cc(452)] FileURLLoader::Start: file:///
[1439464:0902/160308.852140:VERBOSE1:file_url_loader_factory.cc(452)] FileURLLoader::Start: file:///
[1439464:0902/160313.853482:VERBOSE1:file_url_loader_factory.cc(452)] FileURLLoader::Start: file:///
[1439543:0902/160316.953689:VERBOSE1:network_delegate.cc(35)] NetworkDelegate::NotifyBeforeURLRequest: https://8.8.8.8/
[1439543:0902/160316.954214:VERBOSE1:tls_handshaker.cc(100)] TlsClient: Continuing handshake
[1439543:0902/160316.954512:VERBOSE1:tls_handshaker.cc(121)] TlsClient: SSL_do_handshake returned when entering early data. After retry, rv=-1, SSL_in_early_data=1
[1439543:0902/160316.975874:VERBOSE1:tls_handshaker.cc(100)] TlsClient: Continuing handshake
[1439543:0902/160316.976024:VERBOSE1:tls_handshaker.cc(100)] TlsClient: Continuing handshake
[1439543:0902/160316.976056:VERBOSE1:tls_client_handshaker.cc(508)] Client: handshake finished
[1439543:0902/160316.989773:VERBOSE1:network_delegate.cc(35)] NetworkDelegate::NotifyBeforeURLRequest: https://dns.google/
[1439464:0902/160318.854654:VERBOSE1:file_url_loader_factory.cc(452)] FileURLLoader::Start: file:///
[1439464:0902/160323.855793:VERBOSE1:file_url_loader_factory.cc(452)] FileURLLoader::Start: file:///
[1439464:0902/160328.859709:VERBOSE1:file_url_loader_factory.cc(452)] FileURLLoader::Start: file:///
[1439464:0902/160333.861420:VERBOSE1:file_url_loader_factory.cc(452)] FileURLLoader::Start: file:///
[1439464:0902/160338.863666:VERBOSE1:file_url_loader_factory.cc(452)] FileURLLoader::Start: file:///
[1439464:0902/160343.867473:VERBOSE1:file_url_loader_factory.cc(452)] FileURLLoader::Start: file:///
[1439543:0902/160346.953727:VERBOSE1:network_delegate.cc(35)] NetworkDelegate::NotifyBeforeURLRequest: https://8.8.8.8/
[1439543:0902/160346.954248:VERBOSE1:tls_handshaker.cc(100)] TlsClient: Continuing handshake
[1439543:0902/160346.954542:VERBOSE1:tls_handshaker.cc(121)] TlsClient: SSL_do_handshake returned when entering early data. After retry, rv=-1, SSL_in_early_data=1
[1439543:0902/160346.976036:VERBOSE1:tls_handshaker.cc(100)] TlsClient: Continuing handshake
[1439543:0902/160346.976213:VERBOSE1:tls_handshaker.cc(100)] TlsClient: Continuing handshake
[1439543:0902/160346.976250:VERBOSE1:tls_client_handshaker.cc(508)] Client: handshake finished
[1439543:0902/160346.990656:VERBOSE1:network_delegate.cc(35)] NetworkDelegate::NotifyBeforeURLRequest: https://dns.google/
[1439464:0902/160348.868932:VERBOSE1:file_url_loader_factory.cc(452)] FileURLLoader::Start: file:///
[1439464:0902/160353.870791:VERBOSE1:file_url_loader_factory.cc(452)] FileURLLoader::Start: file:///
[1439464:0902/160358.872660:VERBOSE1:file_url_loader_factory.cc(452)] FileURLLoader::Start: file:///
[1439464:0902/160403.874809:VERBOSE1:file_url_loader_factory.cc(452)] FileURLLoader::Start: file:///
[1439464:0902/160408.876623:VERBOSE1:file_url_loader_factory.cc(452)] FileURLLoader::Start: file:///
[1439464:0902/160413.877707:VERBOSE1:file_url_loader_factory.cc(452)] FileURLLoader::Start: file:///
[1439543:0902/160416.954368:VERBOSE1:network_delegate.cc(35)] NetworkDelegate::NotifyBeforeURLRequest: https://8.8.8.8/
[1439543:0902/160416.954989:VERBOSE1:tls_handshaker.cc(100)] TlsClient: Continuing handshake
[1439543:0902/160416.955376:VERBOSE1:tls_handshaker.cc(121)] TlsClient: SSL_do_handshake returned when entering early data. After retry, rv=-1, SSL_in_early_data=1
[1439543:0902/160416.976839:VERBOSE1:tls_handshaker.cc(100)] TlsClient: Continuing handshake
[1439543:0902/160416.977103:VERBOSE1:tls_handshaker.cc(100)] TlsClient: Continuing handshake
[1439543:0902/160416.977166:VERBOSE1:tls_client_handshaker.cc(508)] Client: handshake finished
[1439543:0902/160416.992240:VERBOSE1:network_delegate.cc(35)] NetworkDelegate::NotifyBeforeURLRequest: https://dns.google/
[1439464:0902/160418.879206:VERBOSE1:file_url_loader_factory.cc(452)] FileURLLoader::Start: file:///
[1439464:0902/160423.880706:VERBOSE1:file_url_loader_factory.cc(452)] FileURLLoader::Start: file:///
[1439464:0902/160428.881887:VERBOSE1:file_url_loader_factory.cc(452)] FileURLLoader::Start: file:///
[1439464:0902/160433.884784:VERBOSE1:file_url_loader_factory.cc(452)] FileURLLoader::Start: file:///
[1439464:0902/160438.886009:VERBOSE1:file_url_loader_factory.cc(452)] FileURLLoader::Start: file:///
[1439464:0902/160443.887589:VERBOSE1:file_url_loader_factory.cc(452)] FileURLLoader::Start: file:///
[1439543:0902/160446.953627:VERBOSE1:network_delegate.cc(35)] NetworkDelegate::NotifyBeforeURLRequest: https://8.8.8.8/
[1439543:0902/160446.954049:VERBOSE1:tls_handshaker.cc(100)] TlsClient: Continuing handshake
[1439543:0902/160446.954331:VERBOSE1:tls_handshaker.cc(121)] TlsClient: SSL_do_handshake returned when entering early data. After retry, rv=-1, SSL_in_early_data=1
[1439543:0902/160446.975296:VERBOSE1:tls_handshaker.cc(100)] TlsClient: Continuing handshake
[1439543:0902/160446.975449:VERBOSE1:tls_handshaker.cc(100)] TlsClient: Continuing handshake
[1439543:0902/160446.975481:VERBOSE1:tls_client_handshaker.cc(508)] Client: handshake finished
[1439543:0902/160446.989417:VERBOSE1:network_delegate.cc(35)] NetworkDelegate::NotifyBeforeURLRequest: https://dns.google/
[1439464:0902/160448.891350:VERBOSE1:file_url_loader_factory.cc(452)] FileURLLoader::Start: file:///
[1439464:0902/160453.892275:VERBOSE1:file_url_loader_factory.cc(452)] FileURLLoader::Start: file:///
[1439464:0902/160458.893262:VERBOSE1:file_url_loader_factory.cc(452)] FileURLLoader::Start: file:///
[1439464:0902/160503.894512:VERBOSE1:file_url_loader_factory.cc(452)] FileURLLoader::Start: file:///
[1439464:0902/160508.895961:VERBOSE1:file_url_loader_factory.cc(452)] FileURLLoader::Start: file:///
[1439464:0902/160513.897445:VERBOSE1:file_url_loader_factory.cc(452)] FileURLLoader::Start: file:///
[1439543:0902/160516.953704:VERBOSE1:network_delegate.cc(35)] NetworkDelegate::NotifyBeforeURLRequest: https://8.8.8.8/
[1439543:0902/160516.954181:VERBOSE1:tls_handshaker.cc(100)] TlsClient: Continuing handshake
[1439543:0902/160516.954532:VERBOSE1:tls_handshaker.cc(121)] TlsClient: SSL_do_handshake returned when entering early data. After retry, rv=-1, SSL_in_early_data=1
[1439543:0902/160516.976466:VERBOSE1:tls_handshaker.cc(100)] TlsClient: Continuing handshake
[1439543:0902/160516.976606:VERBOSE1:tls_handshaker.cc(100)] TlsClient: Continuing handshake
[1439543:0902/160516.976639:VERBOSE1:tls_client_handshaker.cc(508)] Client: handshake finished
[1439543:0902/160516.990707:VERBOSE1:network_delegate.cc(35)] NetworkDelegate::NotifyBeforeURLRequest: https://dns.google/
[1439464:0902/160518.898860:VERBOSE1:file_url_loader_factory.cc(452)] FileURLLoader::Start: file:///
[1439464:0902/160523.901584:VERBOSE1:file_url_loader_factory.cc(452)] FileURLLoader::Start: file:///
[1439464:0902/160528.902580:VERBOSE1:file_url_loader_factory.cc(452)] FileURLLoader::Start: file:///
[1439464:0902/160533.904465:VERBOSE1:file_url_loader_factory.cc(452)] FileURLLoader::Start: file:///
[1439464:0902/160538.907347:VERBOSE1:file_url_loader_factory.cc(452)] FileURLLoader::Start: file:///
[1439464:0902/160543.908419:VERBOSE1:file_url_loader_factory.cc(452)] FileURLLoader::Start: file:///
[1439543:0902/160546.953613:VERBOSE1:network_delegate.cc(35)] NetworkDelegate::NotifyBeforeURLRequest: https://8.8.8.8/
[1439543:0902/160546.977914:VERBOSE1:tls_handshaker.cc(100)] TlsClient: Continuing handshake
[1439543:0902/160546.978209:VERBOSE1:tls_handshaker.cc(121)] TlsClient: SSL_do_handshake returned when entering early data. After retry, rv=-1, SSL_in_early_data=1
[1439543:0902/160547.002433:VERBOSE1:tls_handshaker.cc(100)] TlsClient: Continuing handshake
[1439543:0902/160547.002585:VERBOSE1:tls_handshaker.cc(100)] TlsClient: Continuing handshake
[1439543:0902/160547.002618:VERBOSE1:tls_client_handshaker.cc(508)] Client: handshake finished
[1439543:0902/160547.017994:VERBOSE1:network_delegate.cc(35)] NetworkDelegate::NotifyBeforeURLRequest: https://dns.google/
[1439464:0902/160548.910127:VERBOSE1:file_url_loader_factory.cc(452)] FileURLLoader::Start: file:///
[1439464:0902/160553.912629:VERBOSE1:file_url_loader_factory.cc(452)] FileURLLoader::Start: file:///
[1439464:0902/160558.913667:VERBOSE1:file_url_loader_factory.cc(452)] FileURLLoader::Start: file:///
[1439464:0902/160603.914789:VERBOSE1:file_url_loader_factory.cc(452)] FileURLLoader::Start: file:///
[1439464:0902/160608.916016:VERBOSE1:file_url_loader_factory.cc(452)] FileURLLoader::Start: file:///
[1439464:0902/160613.917096:VERBOSE1:file_url_loader_factory.cc(452)] FileURLLoader::Start: file:///
[1439543:0902/160616.953723:VERBOSE1:network_delegate.cc(35)] NetworkDelegate::NotifyBeforeURLRequest: https://8.8.8.8/
[1439543:0902/160616.954245:VERBOSE1:tls_handshaker.cc(100)] TlsClient: Continuing handshake
[1439543:0902/160616.954559:VERBOSE1:tls_handshaker.cc(121)] TlsClient: SSL_do_handshake returned when entering early data. After retry, rv=-1, SSL_in_early_data=1
[1439543:0902/160616.974883:VERBOSE1:tls_handshaker.cc(100)] TlsClient: Continuing handshake
[1439543:0902/160616.975001:VERBOSE1:tls_handshaker.cc(100)] TlsClient: Continuing handshake
[1439543:0902/160616.975033:VERBOSE1:tls_client_handshaker.cc(508)] Client: handshake finished
[1439543:0902/160616.990647:VERBOSE1:network_delegate.cc(35)] NetworkDelegate::NotifyBeforeURLRequest: https://dns.google/
[1439464:0902/160618.917987:VERBOSE1:file_url_loader_factory.cc(452)] FileURLLoader::Start: file:///
[1439464:0902/160623.919056:VERBOSE1:file_url_loader_factory.cc(452)] FileURLLoader::Start: file:///
[1439464:0902/160628.920240:VERBOSE1:file_url_loader_factory.cc(452)] FileURLLoader::Start: file:///
[1439464:0902/160633.921417:VERBOSE1:file_url_loader_factory.cc(452)] FileURLLoader::Start: file:///
[1439464:0902/160638.923305:VERBOSE1:file_url_loader_factory.cc(452)] FileURLLoader::Start: file:///
[1439464:0902/160643.924401:VERBOSE1:file_url_loader_factory.cc(452)] FileURLLoader::Start: file:///
[1439543:0902/160646.953692:VERBOSE1:network_delegate.cc(35)] NetworkDelegate::NotifyBeforeURLRequest: https://8.8.8.8/
[1439543:0902/160646.954150:VERBOSE1:tls_handshaker.cc(100)] TlsClient: Continuing handshake
[1439543:0902/160646.954460:VERBOSE1:tls_handshaker.cc(121)] TlsClient: SSL_do_handshake returned when entering early data. After retry, rv=-1, SSL_in_early_data=1
[1439543:0902/160646.975278:VERBOSE1:tls_handshaker.cc(100)] TlsClient: Continuing handshake
[1439543:0902/160646.976596:VERBOSE1:tls_handshaker.cc(100)] TlsClient: Continuing handshake
[1439543:0902/160646.976631:VERBOSE1:tls_client_handshaker.cc(508)] Client: handshake finished
[1439543:0902/160646.990861:VERBOSE1:network_delegate.cc(35)] NetworkDelegate::NotifyBeforeURLRequest: https://dns.google/
[1439464:0902/160648.925498:VERBOSE1:file_url_loader_factory.cc(452)] FileURLLoader::Start: file:///
[1439464:0902/160653.926499:VERBOSE1:file_url_loader_factory.cc(452)] FileURLLoader::Start: file:///
[1439464:0902/160658.927687:VERBOSE1:file_url_loader_factory.cc(452)] FileURLLoader::Start: file:///
[1439464:0902/160703.930337:VERBOSE1:file_url_loader_factory.cc(452)] FileURLLoader::Start: file:///
[1439464:0902/160708.931429:VERBOSE1:file_url_loader_factory.cc(452)] FileURLLoader::Start: file:///
[1439464:0902/160713.932484:VERBOSE1:file_url_loader_factory.cc(452)] FileURLLoader::Start: file:///
[1439543:0902/160716.953953:VERBOSE1:network_delegate.cc(35)] NetworkDelegate::NotifyBeforeURLRequest: https://8.8.8.8/
[1439543:0902/160716.954432:VERBOSE1:tls_handshaker.cc(100)] TlsClient: Continuing handshake
[1439543:0902/160716.954743:VERBOSE1:tls_handshaker.cc(121)] TlsClient: SSL_do_handshake returned when entering early data. After retry, rv=-1, SSL_in_early_data=1
[1439543:0902/160716.975388:VERBOSE1:tls_handshaker.cc(100)] TlsClient: Continuing handshake
[1439543:0902/160716.975520:VERBOSE1:tls_handshaker.cc(100)] TlsClient: Continuing handshake
[1439543:0902/160716.975553:VERBOSE1:tls_client_handshaker.cc(508)] Client: handshake finished
[1439543:0902/160716.989386:VERBOSE1:network_delegate.cc(35)] NetworkDelegate::NotifyBeforeURLRequest: https://dns.google/
[1439464:0902/160718.933718:VERBOSE1:file_url_loader_factory.cc(452)] FileURLLoader::Start: file:///
[1439464:0902/160723.937604:VERBOSE1:file_url_loader_factory.cc(452)] FileURLLoader::Start: file:///
[1439464:0902/160728.939219:VERBOSE1:file_url_loader_factory.cc(452)] FileURLLoader::Start: file:///
[1439464:0902/160733.940483:VERBOSE1:file_url_loader_factory.cc(452)] FileURLLoader::Start: file:///
[1439464:0902/160738.941619:VERBOSE1:file_url_loader_factory.cc(452)] FileURLLoader::Start: file:///
[1439464:0902/160743.942801:VERBOSE1:file_url_loader_factory.cc(452)] FileURLLoader::Start: file:///
[1439543:0902/160746.955581:VERBOSE1:network_delegate.cc(35)] NetworkDelegate::NotifyBeforeURLRequest: https://8.8.8.8/
[1439543:0902/160746.956064:VERBOSE1:tls_handshaker.cc(100)] TlsClient: Continuing handshake
[1439543:0902/160746.956334:VERBOSE1:tls_handshaker.cc(121)] TlsClient: SSL_do_handshake returned when entering early data. After retry, rv=-1, SSL_in_early_data=1
[1439543:0902/160746.976969:VERBOSE1:tls_handshaker.cc(100)] TlsClient: Continuing handshake
[1439543:0902/160746.977147:VERBOSE1:tls_handshaker.cc(100)] TlsClient: Continuing handshake
[1439543:0902/160746.977195:VERBOSE1:tls_client_handshaker.cc(508)] Client: handshake finished
[1439543:0902/160746.991187:VERBOSE1:network_delegate.cc(35)] NetworkDelegate::NotifyBeforeURLRequest: https://dns.google/
[1439464:0902/160748.943889:VERBOSE1:file_url_loader_factory.cc(452)] FileURLLoader::Start: file:///
[1439464:0902/160753.944962:VERBOSE1:file_url_loader_factory.cc(452)] FileURLLoader::Start: file:///
[1439464:0902/160758.948453:VERBOSE1:file_url_loader_factory.cc(452)] FileURLLoader::Start: file:///
[1439464:0902/160803.949590:VERBOSE1:file_url_loader_factory.cc(452)] FileURLLoader::Start: file:///
[1439464:0902/160808.951702:VERBOSE1:file_url_loader_factory.cc(452)] FileURLLoader::Start: file:///
[1439464:0902/160813.953452:VERBOSE1:file_url_loader_factory.cc(452)] FileURLLoader::Start: file:///
[1439543:0902/160816.953705:VERBOSE1:network_delegate.cc(35)] NetworkDelegate::NotifyBeforeURLRequest: https://8.8.8.8/
[1439543:0902/160816.954174:VERBOSE1:tls_handshaker.cc(100)] TlsClient: Continuing handshake
[1439543:0902/160816.954449:VERBOSE1:tls_handshaker.cc(121)] TlsClient: SSL_do_handshake returned when entering early data. After retry, rv=-1, SSL_in_early_data=1
[1439543:0902/160816.974499:VERBOSE1:tls_handshaker.cc(100)] TlsClient: Continuing handshake
[1439543:0902/160816.974637:VERBOSE1:tls_handshaker.cc(100)] TlsClient: Continuing handshake
[1439543:0902/160816.974670:VERBOSE1:tls_client_handshaker.cc(508)] Client: handshake finished
[1439543:0902/160816.988543:VERBOSE1:network_delegate.cc(35)] NetworkDelegate::NotifyBeforeURLRequest: https://dns.google/
[1439464:0902/160818.955467:VERBOSE1:file_url_loader_factory.cc(452)] FileURLLoader::Start: file:///
[1439464:0902/160823.956500:VERBOSE1:file_url_loader_factory.cc(452)] FileURLLoader::Start: file:///
[1439464:0902/160828.957923:VERBOSE1:file_url_loader_factory.cc(452)] FileURLLoader::Start: file:///
[1439464:0902/160833.959360:VERBOSE1:file_url_loader_factory.cc(452)] FileURLLoader::Start: file:///
[1439464:0902/160838.961489:VERBOSE1:file_url_loader_factory.cc(452)] FileURLLoader::Start: file:///
[1439464:0902/160843.963128:VERBOSE1:file_url_loader_factory.cc(452)] FileURLLoader::Start: file:///
[1439543:0902/160846.953826:VERBOSE1:network_delegate.cc(35)] NetworkDelegate::NotifyBeforeURLRequest: https://8.8.8.8/
[1439543:0902/160846.954336:VERBOSE1:tls_handshaker.cc(100)] TlsClient: Continuing handshake
[1439543:0902/160846.954623:VERBOSE1:tls_handshaker.cc(121)] TlsClient: SSL_do_handshake returned when entering early data. After retry, rv=-1, SSL_in_early_data=1
[1439543:0902/160846.976140:VERBOSE1:tls_handshaker.cc(100)] TlsClient: Continuing handshake
[1439543:0902/160846.976385:VERBOSE1:tls_handshaker.cc(100)] TlsClient: Continuing handshake
[1439543:0902/160847.000109:VERBOSE1:tls_client_handshaker.cc(508)] Client: handshake finished
[1439543:0902/160847.014518:VERBOSE1:network_delegate.cc(35)] NetworkDelegate::NotifyBeforeURLRequest: https://dns.google/
[1439464:0902/160848.965621:VERBOSE1:file_url_loader_factory.cc(452)] FileURLLoader::Start: file:///
[1439464:0902/160853.968508:VERBOSE1:file_url_loader_factory.cc(452)] FileURLLoader::Start: file:///
[1439464:0902/160858.970175:VERBOSE1:file_url_loader_factory.cc(452)] FileURLLoader::Start: file:///
[1439464:0902/160903.971797:VERBOSE1:file_url_loader_factory.cc(452)] FileURLLoader::Start: file:///
[1439464:0902/160908.973075:VERBOSE1:file_url_loader_factory.cc(452)] FileURLLoader::Start: file:///
[1439464:0902/160913.975513:VERBOSE1:file_url_loader_factory.cc(452)] FileURLLoader::Start: file:///
[1439543:0902/160916.955686:VERBOSE1:network_delegate.cc(35)] NetworkDelegate::NotifyBeforeURLRequest: https://8.8.8.8/
[1439543:0902/160916.956307:VERBOSE1:tls_handshaker.cc(100)] TlsClient: Continuing handshake
[1439543:0902/160916.956605:VERBOSE1:tls_handshaker.cc(121)] TlsClient: SSL_do_handshake returned when entering early data. After retry, rv=-1, SSL_in_early_data=1
[1439543:0902/160916.976565:VERBOSE1:tls_handshaker.cc(100)] TlsClient: Continuing handshake
[1439543:0902/160916.976799:VERBOSE1:tls_handshaker.cc(100)] TlsClient: Continuing handshake
[1439543:0902/160916.976858:VERBOSE1:tls_client_handshaker.cc(508)] Client: handshake finished
[1439543:0902/160916.991187:VERBOSE1:network_delegate.cc(35)] NetworkDelegate::NotifyBeforeURLRequest: https://dns.google/
[1439464:0902/160918.978493:VERBOSE1:file_url_loader_factory.cc(452)] FileURLLoader::Start: file:///
[1439464:0902/160923.979962:VERBOSE1:file_url_loader_factory.cc(452)] FileURLLoader::Start: file:///
[1439464:0902/160928.981598:VERBOSE1:file_url_loader_factory.cc(452)] FileURLLoader::Start: file:///
[1439464:0902/160933.982954:VERBOSE1:file_url_loader_factory.cc(452)] FileURLLoader::Start: file:///
[1439464:0902/160938.988500:VERBOSE1:file_url_loader_factory.cc(452)] FileURLLoader::Start: file:///
[1439464:0902/160943.990074:VERBOSE1:file_url_loader_factory.cc(452)] FileURLLoader::Start: file:///
[1439543:0902/160946.953845:VERBOSE1:network_delegate.cc(35)] NetworkDelegate::NotifyBeforeURLRequest: https://8.8.8.8/
[1439543:0902/160946.954386:VERBOSE1:tls_handshaker.cc(100)] TlsClient: Continuing handshake
[1439543:0902/160946.954682:VERBOSE1:tls_handshaker.cc(121)] TlsClient: SSL_do_handshake returned when entering early data. After retry, rv=-1, SSL_in_early_data=1
[1439543:0902/160946.975684:VERBOSE1:tls_handshaker.cc(100)] TlsClient: Continuing handshake
[1439543:0902/160946.975932:VERBOSE1:tls_handshaker.cc(100)] TlsClient: Continuing handshake
[1439543:0902/160946.975991:VERBOSE1:tls_client_handshaker.cc(508)] Client: handshake finished
[1439543:0902/160946.990755:VERBOSE1:network_delegate.cc(35)] NetworkDelegate::NotifyBeforeURLRequest: https://dns.google/
[1439464:0902/160948.992732:VERBOSE1:file_url_loader_factory.cc(452)] FileURLLoader::Start: file:///
[1439464:0902/160953.993793:VERBOSE1:file_url_loader_factory.cc(452)] FileURLLoader::Start: file:///
[1439464:0902/160958.997474:VERBOSE1:file_url_loader_factory.cc(452)] FileURLLoader::Start: file:///
[1439464:0902/161003.999165:VERBOSE1:file_url_loader_factory.cc(452)] FileURLLoader::Start: file:///
[1439464:0902/161009.002671:VERBOSE1:file_url_loader_factory.cc(452)] FileURLLoader::Start: file:///
[1439464:0902/161014.004413:VERBOSE1:file_url_loader_factory.cc(452)] FileURLLoader::Start: file:///
[1439543:0902/161016.954729:VERBOSE1:network_delegate.cc(35)] NetworkDelegate::NotifyBeforeURLRequest: https://8.8.8.8/
[1439543:0902/161016.955558:VERBOSE1:tls_handshaker.cc(100)] TlsClient: Continuing handshake
[1439543:0902/161016.955929:VERBOSE1:tls_handshaker.cc(121)] TlsClient: SSL_do_handshake returned when entering early data. After retry, rv=-1, SSL_in_early_data=1
[1439543:0902/161016.976191:VERBOSE1:tls_handshaker.cc(100)] TlsClient: Continuing handshake
[1439543:0902/161016.976477:VERBOSE1:tls_handshaker.cc(100)] TlsClient: Continuing handshake
[1439543:0902/161016.976533:VERBOSE1:tls_client_handshaker.cc(508)] Client: handshake finished
[1439543:0902/161016.991792:VERBOSE1:network_delegate.cc(35)] NetworkDelegate::NotifyBeforeURLRequest: https://dns.google/
[1439464:0902/161019.006208:VERBOSE1:file_url_loader_factory.cc(452)] FileURLLoader::Start: file:///
[1439464:0902/161024.008221:VERBOSE1:file_url_loader_factory.cc(452)] FileURLLoader::Start: file:///
[1439464:0902/161029.010265:VERBOSE1:file_url_loader_factory.cc(452)] FileURLLoader::Start: file:///
[1439464:0902/161034.011683:VERBOSE1:file_url_loader_factory.cc(452)] FileURLLoader::Start: file:///
[1439464:0902/161039.012880:VERBOSE1:file_url_loader_factory.cc(452)] FileURLLoader::Start: file:///
[1439464:0902/161044.016016:VERBOSE1:file_url_loader_factory.cc(452)] FileURLLoader::Start: file:///
[1439543:0902/161046.954855:VERBOSE1:network_delegate.cc(35)] NetworkDelegate::NotifyBeforeURLRequest: https://8.8.8.8/
[1439543:0902/161046.955443:VERBOSE1:tls_handshaker.cc(100)] TlsClient: Continuing handshake
[1439543:0902/161046.955764:VERBOSE1:tls_handshaker.cc(121)] TlsClient: SSL_do_handshake returned when entering early data. After retry, rv=-1, SSL_in_early_data=1
[1439543:0902/161046.977331:VERBOSE1:tls_handshaker.cc(100)] TlsClient: Continuing handshake
[1439543:0902/161046.977582:VERBOSE1:tls_handshaker.cc(100)] TlsClient: Continuing handshake
[1439543:0902/161046.977640:VERBOSE1:tls_client_handshaker.cc(508)] Client: handshake finished
[1439543:0902/161046.992038:VERBOSE1:network_delegate.cc(35)] NetworkDelegate::NotifyBeforeURLRequest: https://dns.google/
[1439464:0902/161049.017652:VERBOSE1:file_url_loader_factory.cc(452)] FileURLLoader::Start: file:///
[1439464:0902/161054.019070:VERBOSE1:file_url_loader_factory.cc(452)] FileURLLoader::Start: file:///
[1439464:0902/161059.020433:VERBOSE1:file_url_loader_factory.cc(452)] FileURLLoader::Start: file:///
[1439464:0902/161104.021708:VERBOSE1:file_url_loader_factory.cc(452)] FileURLLoader::Start: file:///
[1439464:0902/161109.022881:VERBOSE1:file_url_loader_factory.cc(452)] FileURLLoader::Start: file:///
[1439464:0902/161114.025613:VERBOSE1:file_url_loader_factory.cc(452)] FileURLLoader::Start: file:///
[1439543:0902/161116.953833:VERBOSE1:network_delegate.cc(35)] NetworkDelegate::NotifyBeforeURLRequest: https://8.8.8.8/
[1439543:0902/161116.954348:VERBOSE1:tls_handshaker.cc(100)] TlsClient: Continuing handshake
[1439543:0902/161116.954638:VERBOSE1:tls_handshaker.cc(121)] TlsClient: SSL_do_handshake returned when entering early data. After retry, rv=-1, SSL_in_early_data=1
[1439543:0902/161116.975050:VERBOSE1:tls_handshaker.cc(100)] TlsClient: Continuing handshake
[1439543:0902/161116.975196:VERBOSE1:tls_handshaker.cc(100)] TlsClient: Continuing handshake
[1439543:0902/161116.975231:VERBOSE1:tls_client_handshaker.cc(508)] Client: handshake finished
[1439543:0902/161116.989273:VERBOSE1:network_delegate.cc(35)] NetworkDelegate::NotifyBeforeURLRequest: https://dns.google/
[1439464:0902/161119.027741:VERBOSE1:file_url_loader_factory.cc(452)] FileURLLoader::Start: file:///
[1439464:0902/161124.028872:VERBOSE1:file_url_loader_factory.cc(452)] FileURLLoader::Start: file:///
[1439464:0902/161129.029893:VERBOSE1:file_url_loader_factory.cc(452)] FileURLLoader::Start: file:///
[1439464:0902/161134.031670:VERBOSE1:file_url_loader_factory.cc(452)] FileURLLoader::Start: file:///
[1439464:0902/161139.034627:VERBOSE1:file_url_loader_factory.cc(452)] FileURLLoader::Start: file:///
[1439464:0902/161144.035662:VERBOSE1:file_url_loader_factory.cc(452)] FileURLLoader::Start: file:///
[1439543:0902/161146.953634:VERBOSE1:network_delegate.cc(35)] NetworkDelegate::NotifyBeforeURLRequest: https://8.8.8.8/
[1439543:0902/161146.954029:VERBOSE1:tls_handshaker.cc(100)] TlsClient: Continuing handshake
[1439543:0902/161146.954284:VERBOSE1:tls_handshaker.cc(121)] TlsClient: SSL_do_handshake returned when entering early data. After retry, rv=-1, SSL_in_early_data=1
[1439543:0902/161146.974841:VERBOSE1:tls_handshaker.cc(100)] TlsClient: Continuing handshake
[1439543:0902/161146.974916:VERBOSE1:tls_handshaker.cc(100)] TlsClient: Continuing handshake
[1439543:0902/161146.974938:VERBOSE1:tls_client_handshaker.cc(508)] Client: handshake finished
[1439543:0902/161146.989324:VERBOSE1:network_delegate.cc(35)] NetworkDelegate::NotifyBeforeURLRequest: https://dns.google/
[1439464:0902/161149.036712:VERBOSE1:file_url_loader_factory.cc(452)] FileURLLoader::Start: file:///
[1439464:0902/161154.039582:VERBOSE1:file_url_loader_factory.cc(452)] FileURLLoader::Start: file:///
[1439464:0902/161159.042594:VERBOSE1:file_url_loader_factory.cc(452)] FileURLLoader::Start: file:///
[1439464:0902/161204.043728:VERBOSE1:file_url_loader_factory.cc(452)] FileURLLoader::Start: file:///
[1439464:0902/161209.044729:VERBOSE1:file_url_loader_factory.cc(452)] FileURLLoader::Start: file:///
[1439464:0902/161214.045951:VERBOSE1:file_url_loader_factory.cc(452)] FileURLLoader::Start: file:///
[1439543:0902/161216.953969:VERBOSE1:network_delegate.cc(35)] NetworkDelegate::NotifyBeforeURLRequest: https://8.8.8.8/
[1439543:0902/161216.954462:VERBOSE1:tls_handshaker.cc(100)] TlsClient: Continuing handshake
[1439543:0902/161216.954744:VERBOSE1:tls_handshaker.cc(121)] TlsClient: SSL_do_handshake returned when entering early data. After retry, rv=-1, SSL_in_early_data=1
[1439543:0902/161216.976071:VERBOSE1:tls_handshaker.cc(100)] TlsClient: Continuing handshake
[1439543:0902/161216.976225:VERBOSE1:tls_handshaker.cc(100)] TlsClient: Continuing handshake
[1439543:0902/161216.976261:VERBOSE1:tls_client_handshaker.cc(508)] Client: handshake finished
[1439543:0902/161216.993340:VERBOSE1:network_delegate.cc(35)] NetworkDelegate::NotifyBeforeURLRequest: https://dns.google/
[1439464:0902/161219.047175:VERBOSE1:file_url_loader_factory.cc(452)] FileURLLoader::Start: file:///
[1439464:0902/161224.049457:VERBOSE1:file_url_loader_factory.cc(452)] FileURLLoader::Start: file:///
[1439464:0902/161229.050516:VERBOSE1:file_url_loader_factory.cc(452)] FileURLLoader::Start: file:///
[1439464:0902/161234.051645:VERBOSE1:file_url_loader_factory.cc(452)] FileURLLoader::Start: file:///
[1439464:0902/161239.052668:VERBOSE1:file_url_loader_factory.cc(452)] FileURLLoader::Start: file:///
[1439464:0902/161244.054596:VERBOSE1:file_url_loader_factory.cc(452)] FileURLLoader::Start: file:///
[1439543:0902/161246.953703:VERBOSE1:network_delegate.cc(35)] NetworkDelegate::NotifyBeforeURLRequest: https://8.8.8.8/
[1439543:0902/161246.954202:VERBOSE1:tls_handshaker.cc(100)] TlsClient: Continuing handshake
[1439543:0902/161246.954484:VERBOSE1:tls_handshaker.cc(121)] TlsClient: SSL_do_handshake returned when entering early data. After retry, rv=-1, SSL_in_early_data=1
[1439543:0902/161246.974292:VERBOSE1:tls_handshaker.cc(100)] TlsClient: Continuing handshake
[1439543:0902/161246.974443:VERBOSE1:tls_handshaker.cc(100)] TlsClient: Continuing handshake
[1439543:0902/161246.974476:VERBOSE1:tls_client_handshaker.cc(508)] Client: handshake finished
[1439543:0902/161246.989961:VERBOSE1:network_delegate.cc(35)] NetworkDelegate::NotifyBeforeURLRequest: https://dns.google/
[1439464:0902/161249.055650:VERBOSE1:file_url_loader_factory.cc(452)] FileURLLoader::Start: file:///
[1439464:0902/161254.056591:VERBOSE1:file_url_loader_factory.cc(452)] FileURLLoader::Start: file:///
[1439464:0902/161259.057485:VERBOSE1:file_url_loader_factory.cc(452)] FileURLLoader::Start: file:///
[1439464:0902/161304.058466:VERBOSE1:file_url_loader_factory.cc(452)] FileURLLoader::Start: file:///
[1439464:0902/161309.059481:VERBOSE1:file_url_loader_factory.cc(452)] FileURLLoader::Start: file:///
[1439464:0902/161314.060528:VERBOSE1:file_url_loader_factory.cc(452)] FileURLLoader::Start: file:///
[1439543:0902/161316.953661:VERBOSE1:network_delegate.cc(35)] NetworkDelegate::NotifyBeforeURLRequest: https://8.8.8.8/
[1439543:0902/161316.954086:VERBOSE1:tls_handshaker.cc(100)] TlsClient: Continuing handshake
[1439543:0902/161316.954332:VERBOSE1:tls_handshaker.cc(121)] TlsClient: SSL_do_handshake returned when entering early data. After retry, rv=-1, SSL_in_early_data=1
[1439543:0902/161316.976591:VERBOSE1:tls_handshaker.cc(100)] TlsClient: Continuing handshake
[1439543:0902/161316.976728:VERBOSE1:tls_handshaker.cc(100)] TlsClient: Continuing handshake
[1439543:0902/161316.976761:VERBOSE1:tls_client_handshaker.cc(508)] Client: handshake finished
[1439543:0902/161316.990465:VERBOSE1:network_delegate.cc(35)] NetworkDelegate::NotifyBeforeURLRequest: https://dns.google/
[1439464:0902/161319.085580:VERBOSE1:file_url_loader_factory.cc(452)] FileURLLoader::Start: file:///
[1439464:0902/161324.087161:VERBOSE1:file_url_loader_factory.cc(452)] FileURLLoader::Start: file:///
[1439464:0902/161329.088565:VERBOSE1:file_url_loader_factory.cc(452)] FileURLLoader::Start: file:///
[1439464:0902/161334.089555:VERBOSE1:file_url_loader_factory.cc(452)] FileURLLoader::Start: file:///
[1439464:0902/161339.090621:VERBOSE1:file_url_loader_factory.cc(452)] FileURLLoader::Start: file:///
[1439464:0902/161344.091833:VERBOSE1:file_url_loader_factory.cc(452)] FileURLLoader::Start: file:///
[1439543:0902/161346.953628:VERBOSE1:network_delegate.cc(35)] NetworkDelegate::NotifyBeforeURLRequest: https://8.8.8.8/
[1439543:0902/161346.954130:VERBOSE1:tls_handshaker.cc(100)] TlsClient: Continuing handshake
[1439543:0902/161346.954434:VERBOSE1:tls_handshaker.cc(121)] TlsClient: SSL_do_handshake returned when entering early data. After retry, rv=-1, SSL_in_early_data=1
[1439543:0902/161346.975735:VERBOSE1:tls_handshaker.cc(100)] TlsClient: Continuing handshake
[1439543:0902/161346.975877:VERBOSE1:tls_handshaker.cc(100)] TlsClient: Continuing handshake
[1439543:0902/161346.975910:VERBOSE1:tls_client_handshaker.cc(508)] Client: handshake finished
[1439543:0902/161346.989742:VERBOSE1:network_delegate.cc(35)] NetworkDelegate::NotifyBeforeURLRequest: https://dns.google/
[1439464:0902/161349.092915:VERBOSE1:file_url_loader_factory.cc(452)] FileURLLoader::Start: file:///
[1439464:0902/161354.094059:VERBOSE1:file_url_loader_factory.cc(452)] FileURLLoader::Start: file:///
[1439464:0902/161359.095234:VERBOSE1:file_url_loader_factory.cc(452)] FileURLLoader::Start: file:///
[1439464:0902/161404.096439:VERBOSE1:file_url_loader_factory.cc(452)] FileURLLoader::Start: file:///
[1439464:0902/161409.097697:VERBOSE1:file_url_loader_factory.cc(452)] FileURLLoader::Start: file:///
[1439464:0902/161414.098870:VERBOSE1:file_url_loader_factory.cc(452)] FileURLLoader::Start: file:///
[1439543:0902/161416.953712:VERBOSE1:network_delegate.cc(35)] NetworkDelegate::NotifyBeforeURLRequest: https://8.8.8.8/
[1439543:0902/161416.977988:VERBOSE1:tls_handshaker.cc(100)] TlsClient: Continuing handshake
[1439543:0902/161416.978307:VERBOSE1:tls_handshaker.cc(121)] TlsClient: SSL_do_handshake returned when entering early data. After retry, rv=-1, SSL_in_early_data=1
[1439543:0902/161416.999309:VERBOSE1:tls_handshaker.cc(100)] TlsClient: Continuing handshake
[1439543:0902/161416.999451:VERBOSE1:tls_handshaker.cc(100)] TlsClient: Continuing handshake
[1439543:0902/161416.999482:VERBOSE1:tls_client_handshaker.cc(508)] Client: handshake finished
[1439543:0902/161417.013296:VERBOSE1:network_delegate.cc(35)] NetworkDelegate::NotifyBeforeURLRequest: https://dns.google/
[1439464:0902/161419.100399:VERBOSE1:file_url_loader_factory.cc(452)] FileURLLoader::Start: file:///
[1439464:0902/161424.101467:VERBOSE1:file_url_loader_factory.cc(452)] FileURLLoader::Start: file:///
[1439464:0902/161429.102534:VERBOSE1:file_url_loader_factory.cc(452)] FileURLLoader::Start: file:///
[1439464:0902/161434.103848:VERBOSE1:file_url_loader_factory.cc(452)] FileURLLoader::Start: file:///
[1439464:0902/161439.105433:VERBOSE1:file_url_loader_factory.cc(452)] FileURLLoader::Start: file:///
[1439464:0902/161444.107759:VERBOSE1:file_url_loader_factory.cc(452)] FileURLLoader::Start: file:///
[1439543:0902/161446.953579:VERBOSE1:network_delegate.cc(35)] NetworkDelegate::NotifyBeforeURLRequest: https://8.8.8.8/
[1439543:0902/161446.954033:VERBOSE1:tls_handshaker.cc(100)] TlsClient: Continuing handshake
[1439543:0902/161446.954302:VERBOSE1:tls_handshaker.cc(121)] TlsClient: SSL_do_handshake returned when entering early data. After retry, rv=-1, SSL_in_early_data=1
[1439543:0902/161446.974255:VERBOSE1:tls_handshaker.cc(100)] TlsClient: Continuing handshake
[1439543:0902/161446.974417:VERBOSE1:tls_handshaker.cc(100)] TlsClient: Continuing handshake
[1439543:0902/161446.974468:VERBOSE1:tls_client_handshaker.cc(508)] Client: handshake finished
[1439543:0902/161446.989119:VERBOSE1:network_delegate.cc(35)] NetworkDelegate::NotifyBeforeURLRequest: https://dns.google/
[1439464:0902/161449.108881:VERBOSE1:file_url_loader_factory.cc(452)] FileURLLoader::Start: file:///
[1439464:0902/161454.109945:VERBOSE1:file_url_loader_factory.cc(452)] FileURLLoader::Start: file:///
[1439464:0902/161459.111034:VERBOSE1:file_url_loader_factory.cc(452)] FileURLLoader::Start: file:///
[1439464:0902/161504.112098:VERBOSE1:file_url_loader_factory.cc(452)] FileURLLoader::Start: file:///
[1439464:0902/161509.113255:VERBOSE1:file_url_loader_factory.cc(452)] FileURLLoader::Start: file:///
[1439464:0902/161514.114361:VERBOSE1:file_url_loader_factory.cc(452)] FileURLLoader::Start: file:///
[1439543:0902/161516.953736:VERBOSE1:network_delegate.cc(35)] NetworkDelegate::NotifyBeforeURLRequest: https://8.8.8.8/
[1439543:0902/161516.954192:VERBOSE1:tls_handshaker.cc(100)] TlsClient: Continuing handshake
[1439543:0902/161516.954473:VERBOSE1:tls_handshaker.cc(121)] TlsClient: SSL_do_handshake returned when entering early data. After retry, rv=-1, SSL_in_early_data=1
[1439543:0902/161516.974774:VERBOSE1:tls_handshaker.cc(100)] TlsClient: Continuing handshake
[1439543:0902/161516.974914:VERBOSE1:tls_handshaker.cc(100)] TlsClient: Continuing handshake
[1439543:0902/161516.974947:VERBOSE1:tls_client_handshaker.cc(508)] Client: handshake finished
[1439543:0902/161516.988774:VERBOSE1:network_delegate.cc(35)] NetworkDelegate::NotifyBeforeURLRequest: https://dns.google/
[1439464:0902/161519.115468:VERBOSE1:file_url_loader_factory.cc(452)] FileURLLoader::Start: file:///
[1439464:0902/161524.116562:VERBOSE1:file_url_loader_factory.cc(452)] FileURLLoader::Start: file:///
[1439464:0902/161529.118450:VERBOSE1:file_url_loader_factory.cc(452)] FileURLLoader::Start: file:///
[1439464:0902/161534.119782:VERBOSE1:file_url_loader_factory.cc(452)] FileURLLoader::Start: file:///
[1439464:0902/161539.120958:VERBOSE1:file_url_loader_factory.cc(452)] FileURLLoader::Start: file:///
[1439464:0902/161544.122071:VERBOSE1:file_url_loader_factory.cc(452)] FileURLLoader::Start: file:///
[1439543:0902/161546.953617:VERBOSE1:network_delegate.cc(35)] NetworkDelegate::NotifyBeforeURLRequest: https://8.8.8.8/
[1439543:0902/161546.954110:VERBOSE1:tls_handshaker.cc(100)] TlsClient: Continuing handshake
[1439543:0902/161546.954386:VERBOSE1:tls_handshaker.cc(121)] TlsClient: SSL_do_handshake returned when entering early data. After retry, rv=-1, SSL_in_early_data=1
[1439543:0902/161546.975548:VERBOSE1:tls_handshaker.cc(100)] TlsClient: Continuing handshake
[1439543:0902/161546.975691:VERBOSE1:tls_handshaker.cc(100)] TlsClient: Continuing handshake
[1439543:0902/161546.975721:VERBOSE1:tls_client_handshaker.cc(508)] Client: handshake finished
[1439543:0902/161546.989650:VERBOSE1:network_delegate.cc(35)] NetworkDelegate::NotifyBeforeURLRequest: https://dns.google/
[1439464:0902/161549.123368:VERBOSE1:file_url_loader_factory.cc(452)] FileURLLoader::Start: file:///
[1439464:0902/161554.124454:VERBOSE1:file_url_loader_factory.cc(452)] FileURLLoader::Start: file:///
[1439464:0902/161559.125537:VERBOSE1:file_url_loader_factory.cc(452)] FileURLLoader::Start: file:///
[1439464:0902/161604.126668:VERBOSE1:file_url_loader_factory.cc(452)] FileURLLoader::Start: file:///
[1439464:0902/161609.128126:VERBOSE1:file_url_loader_factory.cc(452)] FileURLLoader::Start: file:///
[1439464:0902/161614.130684:VERBOSE1:file_url_loader_factory.cc(452)] FileURLLoader::Start: file:///
[1439543:0902/161616.953784:VERBOSE1:network_delegate.cc(35)] NetworkDelegate::NotifyBeforeURLRequest: https://8.8.8.8/
[1439543:0902/161616.954276:VERBOSE1:tls_handshaker.cc(100)] TlsClient: Continuing handshake
[1439543:0902/161616.954563:VERBOSE1:tls_handshaker.cc(121)] TlsClient: SSL_do_handshake returned when entering early data. After retry, rv=-1, SSL_in_early_data=1
[1439543:0902/161616.974823:VERBOSE1:tls_handshaker.cc(100)] TlsClient: Continuing handshake
[1439543:0902/161616.974970:VERBOSE1:tls_handshaker.cc(100)] TlsClient: Continuing handshake
[1439543:0902/161616.975014:VERBOSE1:tls_client_handshaker.cc(508)] Client: handshake finished
[1439543:0902/161616.988832:VERBOSE1:network_delegate.cc(35)] NetworkDelegate::NotifyBeforeURLRequest: https://dns.google/
[1439464:0902/161619.131846:VERBOSE1:file_url_loader_factory.cc(452)] FileURLLoader::Start: file:///
[1439464:0902/161624.133195:VERBOSE1:file_url_loader_factory.cc(452)] FileURLLoader::Start: file:///
[1439464:0902/161629.136670:VERBOSE1:file_url_loader_factory.cc(452)] FileURLLoader::Start: file:///
[1439464:0902/161634.138909:VERBOSE1:file_url_loader_factory.cc(452)] FileURLLoader::Start: file:///
[1439464:0902/161639.140401:VERBOSE1:file_url_loader_factory.cc(452)] FileURLLoader::Start: file:///
[1439464:0902/161644.141827:VERBOSE1:file_url_loader_factory.cc(452)] FileURLLoader::Start: file:///
[1439543:0902/161646.953740:VERBOSE1:network_delegate.cc(35)] NetworkDelegate::NotifyBeforeURLRequest: https://8.8.8.8/
[1439543:0902/161646.978059:VERBOSE1:tls_handshaker.cc(100)] TlsClient: Continuing handshake
[1439543:0902/161646.978350:VERBOSE1:tls_handshaker.cc(121)] TlsClient: SSL_do_handshake returned when entering early data. After retry, rv=-1, SSL_in_early_data=1
[1439543:0902/161646.998939:VERBOSE1:tls_handshaker.cc(100)] TlsClient: Continuing handshake
[1439543:0902/161646.999051:VERBOSE1:tls_handshaker.cc(100)] TlsClient: Continuing handshake
[1439543:0902/161646.999076:VERBOSE1:tls_client_handshaker.cc(508)] Client: handshake finished
[1439543:0902/161647.014180:VERBOSE1:network_delegate.cc(35)] NetworkDelegate::NotifyBeforeURLRequest: https://dns.google/
[1439464:0902/161649.143387:VERBOSE1:file_url_loader_factory.cc(452)] FileURLLoader::Start: file:///
[1439464:0902/161654.144940:VERBOSE1:file_url_loader_factory.cc(452)] FileURLLoader::Start: file:///
[1439464:0902/161659.147711:VERBOSE1:file_url_loader_factory.cc(452)] FileURLLoader::Start: file:///
[1439464:0902/161704.149920:VERBOSE1:file_url_loader_factory.cc(452)] FileURLLoader::Start: file:///
[1439464:0902/161709.151578:VERBOSE1:file_url_loader_factory.cc(452)] FileURLLoader::Start: file:///
[1439464:0902/161714.153053:VERBOSE1:file_url_loader_factory.cc(452)] FileURLLoader::Start: file:///
[1439543:0902/161716.953790:VERBOSE1:network_delegate.cc(35)] NetworkDelegate::NotifyBeforeURLRequest: https://8.8.8.8/
[1439543:0902/161716.954234:VERBOSE1:tls_handshaker.cc(100)] TlsClient: Continuing handshake
[1439543:0902/161716.954531:VERBOSE1:tls_handshaker.cc(121)] TlsClient: SSL_do_handshake returned when entering early data. After retry, rv=-1, SSL_in_early_data=1
[1439543:0902/161716.974171:VERBOSE1:tls_handshaker.cc(100)] TlsClient: Continuing handshake
[1439543:0902/161716.974315:VERBOSE1:tls_handshaker.cc(100)] TlsClient: Continuing handshake
[1439543:0902/161716.974347:VERBOSE1:tls_client_handshaker.cc(508)] Client: handshake finished
[1439543:0902/161716.988377:VERBOSE1:network_delegate.cc(35)] NetworkDelegate::NotifyBeforeURLRequest: https://dns.google/
[1439464:0902/161719.154326:VERBOSE1:file_url_loader_factory.cc(452)] FileURLLoader::Start: file:///
[1439464:0902/161724.155361:VERBOSE1:file_url_loader_factory.cc(452)] FileURLLoader::Start: file:///
[1439464:0902/161729.156457:VERBOSE1:file_url_loader_factory.cc(452)] FileURLLoader::Start: file:///
[1439464:0902/161734.157655:VERBOSE1:file_url_loader_factory.cc(452)] FileURLLoader::Start: file:///
[1439464:0902/161739.158783:VERBOSE1:file_url_loader_factory.cc(452)] FileURLLoader::Start: file:///
[1439464:0902/161744.159888:VERBOSE1:file_url_loader_factory.cc(452)] FileURLLoader::Start: file:///
[1439543:0902/161746.953660:VERBOSE1:network_delegate.cc(35)] NetworkDelegate::NotifyBeforeURLRequest: https://8.8.8.8/
[1439543:0902/161746.954151:VERBOSE1:tls_handshaker.cc(100)] TlsClient: Continuing handshake
[1439543:0902/161746.954435:VERBOSE1:tls_handshaker.cc(121)] TlsClient: SSL_do_handshake returned when entering early data. After retry, rv=-1, SSL_in_early_data=1
[1439543:0902/161746.976541:VERBOSE1:tls_handshaker.cc(100)] TlsClient: Continuing handshake
[1439543:0902/161746.976700:VERBOSE1:tls_handshaker.cc(100)] TlsClient: Continuing handshake
[1439543:0902/161746.976731:VERBOSE1:tls_client_handshaker.cc(508)] Client: handshake finished
[1439543:0902/161746.991708:VERBOSE1:network_delegate.cc(35)] NetworkDelegate::NotifyBeforeURLRequest: https://dns.google/
[1439464:0902/161749.161002:VERBOSE1:file_url_loader_factory.cc(452)] FileURLLoader::Start: file:///
[1439464:0902/161754.162093:VERBOSE1:file_url_loader_factory.cc(452)] FileURLLoader::Start: file:///
[1439464:0902/161759.163226:VERBOSE1:file_url_loader_factory.cc(452)] FileURLLoader::Start: file:///
[1439464:0902/161804.164288:VERBOSE1:file_url_loader_factory.cc(452)] FileURLLoader::Start: file:///
[1439464:0902/161809.165335:VERBOSE1:file_url_loader_factory.cc(452)] FileURLLoader::Start: file:///
[1439464:0902/161814.166325:VERBOSE1:file_url_loader_factory.cc(452)] FileURLLoader::Start: file:///
[1439543:0902/161816.953797:VERBOSE1:network_delegate.cc(35)] NetworkDelegate::NotifyBeforeURLRequest: https://8.8.8.8/
[1439543:0902/161816.954278:VERBOSE1:tls_handshaker.cc(100)] TlsClient: Continuing handshake
[1439543:0902/161816.954570:VERBOSE1:tls_handshaker.cc(121)] TlsClient: SSL_do_handshake returned when entering early data. After retry, rv=-1, SSL_in_early_data=1
[1439543:0902/161816.977356:VERBOSE1:tls_handshaker.cc(100)] TlsClient: Continuing handshake
[1439543:0902/161816.977513:VERBOSE1:tls_handshaker.cc(100)] TlsClient: Continuing handshake
[1439543:0902/161816.977550:VERBOSE1:tls_client_handshaker.cc(508)] Client: handshake finished
[1439543:0902/161816.991471:VERBOSE1:network_delegate.cc(35)] NetworkDelegate::NotifyBeforeURLRequest: https://dns.google/
[1439464:0902/161819.167375:VERBOSE1:file_url_loader_factory.cc(452)] FileURLLoader::Start: file:///
[1439464:0902/161824.168451:VERBOSE1:file_url_loader_factory.cc(452)] FileURLLoader::Start: file:///
[1439464:0902/161829.169561:VERBOSE1:file_url_loader_factory.cc(452)] FileURLLoader::Start: file:///
[1439464:0902/161834.170608:VERBOSE1:file_url_loader_factory.cc(452)] FileURLLoader::Start: file:///
[1439464:0902/161839.171702:VERBOSE1:file_url_loader_factory.cc(452)] FileURLLoader::Start: file:///
[1439464:0902/161844.172788:VERBOSE1:file_url_loader_factory.cc(452)] FileURLLoader::Start: file:///
[1439543:0902/161846.953620:VERBOSE1:network_delegate.cc(35)] NetworkDelegate::NotifyBeforeURLRequest: https://8.8.8.8/
[1439543:0902/161846.954052:VERBOSE1:tls_handshaker.cc(100)] TlsClient: Continuing handshake
[1439543:0902/161846.954302:VERBOSE1:tls_handshaker.cc(121)] TlsClient: SSL_do_handshake returned when entering early data. After retry, rv=-1, SSL_in_early_data=1
[1439543:0902/161846.975707:VERBOSE1:tls_handshaker.cc(100)] TlsClient: Continuing handshake
[1439543:0902/161846.975777:VERBOSE1:tls_handshaker.cc(100)] TlsClient: Continuing handshake
[1439543:0902/161846.975796:VERBOSE1:tls_client_handshaker.cc(508)] Client: handshake finished
[1439543:0902/161846.990059:VERBOSE1:network_delegate.cc(35)] NetworkDelegate::NotifyBeforeURLRequest: https://dns.google/
[1439464:0902/161849.174146:VERBOSE1:file_url_loader_factory.cc(452)] FileURLLoader::Start: file:///
[1439464:0902/161854.175615:VERBOSE1:file_url_loader_factory.cc(452)] FileURLLoader::Start: file:///
[1439464:0902/161859.177095:VERBOSE1:file_url_loader_factory.cc(452)] FileURLLoader::Start: file:///
[1439464:0902/161904.178458:VERBOSE1:file_url_loader_factory.cc(452)] FileURLLoader::Start: file:///
[1439464:0902/161909.179568:VERBOSE1:file_url_loader_factory.cc(452)] FileURLLoader::Start: file:///
[1439464:0902/161914.182691:VERBOSE1:file_url_loader_factory.cc(452)] FileURLLoader::Start: file:///
[1439543:0902/161916.953784:VERBOSE1:network_delegate.cc(35)] NetworkDelegate::NotifyBeforeURLRequest: https://8.8.8.8/
[1439543:0902/161916.954220:VERBOSE1:tls_handshaker.cc(100)] TlsClient: Continuing handshake
[1439543:0902/161916.954514:VERBOSE1:tls_handshaker.cc(121)] TlsClient: SSL_do_handshake returned when entering early data. After retry, rv=-1, SSL_in_early_data=1
[1439543:0902/161916.975043:VERBOSE1:tls_handshaker.cc(100)] TlsClient: Continuing handshake
[1439543:0902/161916.975190:VERBOSE1:tls_handshaker.cc(100)] TlsClient: Continuing handshake
[1439543:0902/161916.975220:VERBOSE1:tls_client_handshaker.cc(508)] Client: handshake finished
[1439543:0902/161916.988985:VERBOSE1:network_delegate.cc(35)] NetworkDelegate::NotifyBeforeURLRequest: https://dns.google/
[1439464:0902/161919.183745:VERBOSE1:file_url_loader_factory.cc(452)] FileURLLoader::Start: file:///
[1439464:0902/161924.186138:VERBOSE1:file_url_loader_factory.cc(452)] FileURLLoader::Start: file:///
[1439464:0902/161929.187227:VERBOSE1:file_url_loader_factory.cc(452)] FileURLLoader::Start: file:///
[1439464:0902/161934.188333:VERBOSE1:file_url_loader_factory.cc(452)] FileURLLoader::Start: file:///
[1439464:0902/161939.189524:VERBOSE1:file_url_loader_factory.cc(452)] FileURLLoader::Start: file:///
[1439464:0902/161944.190749:VERBOSE1:file_url_loader_factory.cc(452)] FileURLLoader::Start: file:///
[1439543:0902/161946.953665:VERBOSE1:network_delegate.cc(35)] NetworkDelegate::NotifyBeforeURLRequest: https://8.8.8.8/
[1439543:0902/161946.954120:VERBOSE1:tls_handshaker.cc(100)] TlsClient: Continuing handshake
[1439543:0902/161946.954402:VERBOSE1:tls_handshaker.cc(121)] TlsClient: SSL_do_handshake returned when entering early data. After retry, rv=-1, SSL_in_early_data=1
[1439543:0902/161946.974639:VERBOSE1:tls_handshaker.cc(100)] TlsClient: Continuing handshake
[1439543:0902/161946.974783:VERBOSE1:tls_handshaker.cc(100)] TlsClient: Continuing handshake
[1439543:0902/161946.974815:VERBOSE1:tls_client_handshaker.cc(508)] Client: handshake finished
[1439543:0902/161946.988674:VERBOSE1:network_delegate.cc(35)] NetworkDelegate::NotifyBeforeURLRequest: https://dns.google/
[1439464:0902/161949.191781:VERBOSE1:file_url_loader_factory.cc(452)] FileURLLoader::Start: file:///
[1439464:0902/161954.192844:VERBOSE1:file_url_loader_factory.cc(452)] FileURLLoader::Start: file:///
[1439464:0902/161959.193951:VERBOSE1:file_url_loader_factory.cc(452)] FileURLLoader::Start: file:///
[1439464:0902/162004.195298:VERBOSE1:file_url_loader_factory.cc(452)] FileURLLoader::Start: file:///
[1439464:0902/162009.197853:VERBOSE1:file_url_loader_factory.cc(452)] FileURLLoader::Start: file:///
[1439464:0902/162014.199409:VERBOSE1:file_url_loader_factory.cc(452)] FileURLLoader::Start: file:///
[1439543:0902/162016.953926:VERBOSE1:network_delegate.cc(35)] NetworkDelegate::NotifyBeforeURLRequest: https://8.8.8.8/
[1439543:0902/162016.954579:VERBOSE1:tls_handshaker.cc(100)] TlsClient: Continuing handshake
[1439543:0902/162016.956734:VERBOSE1:tls_handshaker.cc(100)] TlsClient: Continuing handshake
[1439543:0902/162016.956887:VERBOSE1:tls_handshaker.cc(121)] TlsClient: SSL_do_handshake returned when entering early data. After retry, rv=-1, SSL_in_early_data=1
[1439543:0902/162016.974683:VERBOSE1:tls_handshaker.cc(100)] TlsClient: Continuing handshake
[1439543:0902/162016.974893:VERBOSE1:tls_handshaker.cc(100)] TlsClient: Continuing handshake
[1439543:0902/162016.974937:VERBOSE1:tls_client_handshaker.cc(508)] Client: handshake finished
[1439543:0902/162016.989607:VERBOSE1:network_delegate.cc(35)] NetworkDelegate::NotifyBeforeURLRequest: https://dns.google/
[1439464:0902/162019.201306:VERBOSE1:file_url_loader_factory.cc(452)] FileURLLoader::Start: file:///
[1439464:0902/162024.202880:VERBOSE1:file_url_loader_factory.cc(452)] FileURLLoader::Start: file:///
[1439464:0902/162029.204707:VERBOSE1:file_url_loader_factory.cc(452)] FileURLLoader::Start: file:///
[1439464:0902/162034.206546:VERBOSE1:file_url_loader_factory.cc(452)] FileURLLoader::Start: file:///
[1439464:0902/162039.208580:VERBOSE1:file_url_loader_factory.cc(452)] FileURLLoader::Start: file:///
[1439464:0902/162044.210674:VERBOSE1:file_url_loader_factory.cc(452)] FileURLLoader::Start: file:///
[1439543:0902/162046.953571:VERBOSE1:network_delegate.cc(35)] NetworkDelegate::NotifyBeforeURLRequest: https://8.8.8.8/
[1439543:0902/162046.954026:VERBOSE1:tls_handshaker.cc(100)] TlsClient: Continuing handshake
[1439543:0902/162046.954299:VERBOSE1:tls_handshaker.cc(121)] TlsClient: SSL_do_handshake returned when entering early data. After retry, rv=-1, SSL_in_early_data=1
[1439543:0902/162046.974879:VERBOSE1:tls_handshaker.cc(100)] TlsClient: Continuing handshake
[1439543:0902/162046.975020:VERBOSE1:tls_handshaker.cc(100)] TlsClient: Continuing handshake
[1439543:0902/162046.975051:VERBOSE1:tls_client_handshaker.cc(508)] Client: handshake finished
[1439543:0902/162046.988890:VERBOSE1:network_delegate.cc(35)] NetworkDelegate::NotifyBeforeURLRequest: https://dns.google/
[1439464:0902/162049.213637:VERBOSE1:file_url_loader_factory.cc(452)] FileURLLoader::Start: file:///
[1439464:0902/162054.215286:VERBOSE1:file_url_loader_factory.cc(452)] FileURLLoader::Start: file:///
[1439464:0902/162059.216841:VERBOSE1:file_url_loader_factory.cc(452)] FileURLLoader::Start: file:///
[1439464:0902/162104.218121:VERBOSE1:file_url_loader_factory.cc(452)] FileURLLoader::Start: file:///
[1439464:0902/162109.219213:VERBOSE1:file_url_loader_factory.cc(452)] FileURLLoader::Start: file:///
[1439464:0902/162114.220426:VERBOSE1:file_url_loader_factory.cc(452)] FileURLLoader::Start: file:///
[1439543:0902/162116.953775:VERBOSE1:network_delegate.cc(35)] NetworkDelegate::NotifyBeforeURLRequest: https://8.8.8.8/
[1439543:0902/162116.954245:VERBOSE1:tls_handshaker.cc(100)] TlsClient: Continuing handshake
[1439543:0902/162116.954543:VERBOSE1:tls_handshaker.cc(121)] TlsClient: SSL_do_handshake returned when entering early data. After retry, rv=-1, SSL_in_early_data=1
[1439543:0902/162116.975712:VERBOSE1:tls_handshaker.cc(100)] TlsClient: Continuing handshake
[1439543:0902/162116.975863:VERBOSE1:tls_handshaker.cc(100)] TlsClient: Continuing handshake
[1439543:0902/162116.975899:VERBOSE1:tls_client_handshaker.cc(508)] Client: handshake finished
[1439543:0902/162116.989866:VERBOSE1:network_delegate.cc(35)] NetworkDelegate::NotifyBeforeURLRequest: https://dns.google/
[1439464:0902/162119.223615:VERBOSE1:file_url_loader_factory.cc(452)] FileURLLoader::Start: file:///
[1439464:0902/162124.224774:VERBOSE1:file_url_loader_factory.cc(452)] FileURLLoader::Start: file:///
[1439464:0902/162129.226075:VERBOSE1:file_url_loader_factory.cc(452)] FileURLLoader::Start: file:///
[1439464:0902/162134.227284:VERBOSE1:file_url_loader_factory.cc(452)] FileURLLoader::Start: file:///
[1439464:0902/162139.228343:VERBOSE1:file_url_loader_factory.cc(452)] FileURLLoader::Start: file:///
[1439464:0902/162144.229439:VERBOSE1:file_url_loader_factory.cc(452)] FileURLLoader::Start: file:///
[1439543:0902/162146.954547:VERBOSE1:network_delegate.cc(35)] NetworkDelegate::NotifyBeforeURLRequest: https://8.8.8.8/
[1439543:0902/162146.955066:VERBOSE1:tls_handshaker.cc(100)] TlsClient: Continuing handshake
[1439543:0902/162146.955370:VERBOSE1:tls_handshaker.cc(121)] TlsClient: SSL_do_handshake returned when entering early data. After retry, rv=-1, SSL_in_early_data=1
[1439543:0902/162146.975097:VERBOSE1:tls_handshaker.cc(100)] TlsClient: Continuing handshake
[1439543:0902/162146.975223:VERBOSE1:tls_handshaker.cc(100)] TlsClient: Continuing handshake
[1439543:0902/162146.975256:VERBOSE1:tls_client_handshaker.cc(508)] Client: handshake finished
[1439543:0902/162146.989181:VERBOSE1:network_delegate.cc(35)] NetworkDelegate::NotifyBeforeURLRequest: https://dns.google/
[1439464:0902/162149.230710:VERBOSE1:file_url_loader_factory.cc(452)] FileURLLoader::Start: file:///
[1439464:0902/162154.231898:VERBOSE1:file_url_loader_factory.cc(452)] FileURLLoader::Start: file:///
[1439464:0902/162159.233114:VERBOSE1:file_url_loader_factory.cc(452)] FileURLLoader::Start: file:///
[1439464:0902/162204.234128:VERBOSE1:file_url_loader_factory.cc(452)] FileURLLoader::Start: file:///
[1439464:0902/162209.235232:VERBOSE1:file_url_loader_factory.cc(452)] FileURLLoader::Start: file:///
[1439464:0902/162214.237606:VERBOSE1:file_url_loader_factory.cc(452)] FileURLLoader::Start: file:///
[1439543:0902/162216.953743:VERBOSE1:network_delegate.cc(35)] NetworkDelegate::NotifyBeforeURLRequest: https://8.8.8.8/
[1439543:0902/162216.954161:VERBOSE1:tls_handshaker.cc(100)] TlsClient: Continuing handshake
[1439543:0902/162216.954455:VERBOSE1:tls_handshaker.cc(121)] TlsClient: SSL_do_handshake returned when entering early data. After retry, rv=-1, SSL_in_early_data=1
[1439543:0902/162216.975274:VERBOSE1:tls_handshaker.cc(100)] TlsClient: Continuing handshake
[1439543:0902/162216.975427:VERBOSE1:tls_handshaker.cc(100)] TlsClient: Continuing handshake
[1439543:0902/162216.975464:VERBOSE1:tls_client_handshaker.cc(508)] Client: handshake finished
[1439543:0902/162216.989276:VERBOSE1:network_delegate.cc(35)] NetworkDelegate::NotifyBeforeURLRequest: https://dns.google/
[1439464:0902/162219.239464:VERBOSE1:file_url_loader_factory.cc(452)] FileURLLoader::Start: file:///
[1439464:0902/162224.240660:VERBOSE1:file_url_loader_factory.cc(452)] FileURLLoader::Start: file:///
[1439464:0902/162229.241886:VERBOSE1:file_url_loader_factory.cc(452)] FileURLLoader::Start: file:///
[1439464:0902/162234.244766:VERBOSE1:file_url_loader_factory.cc(452)] FileURLLoader::Start: file:///
[1439464:0902/162239.245899:VERBOSE1:file_url_loader_factory.cc(452)] FileURLLoader::Start: file:///
[1439464:0902/162244.247035:VERBOSE1:file_url_loader_factory.cc(452)] FileURLLoader::Start: file:///
[1439543:0902/162246.953631:VERBOSE1:network_delegate.cc(35)] NetworkDelegate::NotifyBeforeURLRequest: https://8.8.8.8/
[1439543:0902/162246.954107:VERBOSE1:tls_handshaker.cc(100)] TlsClient: Continuing handshake
[1439543:0902/162246.954382:VERBOSE1:tls_handshaker.cc(121)] TlsClient: SSL_do_handshake returned when entering early data. After retry, rv=-1, SSL_in_early_data=1
[1439543:0902/162246.975924:VERBOSE1:tls_handshaker.cc(100)] TlsClient: Continuing handshake
[1439543:0902/162246.976072:VERBOSE1:tls_handshaker.cc(100)] TlsClient: Continuing handshake
[1439543:0902/162246.976103:VERBOSE1:tls_client_handshaker.cc(508)] Client: handshake finished
[1439543:0902/162246.989767:VERBOSE1:network_delegate.cc(35)] NetworkDelegate::NotifyBeforeURLRequest: https://dns.google/
[1439464:0902/162249.248695:VERBOSE1:file_url_loader_factory.cc(452)] FileURLLoader::Start: file:///
[1439464:0902/162254.249843:VERBOSE1:file_url_loader_factory.cc(452)] FileURLLoader::Start: file:///
[1439464:0902/162259.250921:VERBOSE1:file_url_loader_factory.cc(452)] FileURLLoader::Start: file:///
[1439464:0902/162304.252118:VERBOSE1:file_url_loader_factory.cc(452)] FileURLLoader::Start: file:///
[1439464:0902/162309.253371:VERBOSE1:file_url_loader_factory.cc(452)] FileURLLoader::Start: file:///
[1439464:0902/162314.254686:VERBOSE1:file_url_loader_factory.cc(452)] FileURLLoader::Start: file:///
[1439543:0902/162316.954354:VERBOSE1:network_delegate.cc(35)] NetworkDelegate::NotifyBeforeURLRequest: https://8.8.8.8/
[1439543:0902/162316.954856:VERBOSE1:tls_handshaker.cc(100)] TlsClient: Continuing handshake
[1439543:0902/162316.955133:VERBOSE1:tls_handshaker.cc(121)] TlsClient: SSL_do_handshake returned when entering early data. After retry, rv=-1, SSL_in_early_data=1
[1439543:0902/162316.975321:VERBOSE1:tls_handshaker.cc(100)] TlsClient: Continuing handshake
[1439543:0902/162316.975483:VERBOSE1:tls_handshaker.cc(100)] TlsClient: Continuing handshake
[1439543:0902/162316.975519:VERBOSE1:tls_client_handshaker.cc(508)] Client: handshake finished
[1439543:0902/162316.989520:VERBOSE1:network_delegate.cc(35)] NetworkDelegate::NotifyBeforeURLRequest: https://dns.google/
[1439464:0902/162319.256192:VERBOSE1:file_url_loader_factory.cc(452)] FileURLLoader::Start: file:///
[1439464:0902/162324.257188:VERBOSE1:file_url_loader_factory.cc(452)] FileURLLoader::Start: file:///
[1439464:0902/162329.258262:VERBOSE1:file_url_loader_factory.cc(452)] FileURLLoader::Start: file:///
[1439464:0902/162334.259308:VERBOSE1:file_url_loader_factory.cc(452)] FileURLLoader::Start: file:///
[1439464:0902/162339.260370:VERBOSE1:file_url_loader_factory.cc(452)] FileURLLoader::Start: file:///
[1439464:0902/162344.261522:VERBOSE1:file_url_loader_factory.cc(452)] FileURLLoader::Start: file:///
[1439543:0902/162346.953666:VERBOSE1:network_delegate.cc(35)] NetworkDelegate::NotifyBeforeURLRequest: https://8.8.8.8/
[1439543:0902/162346.954181:VERBOSE1:tls_handshaker.cc(100)] TlsClient: Continuing handshake
[1439543:0902/162346.954483:VERBOSE1:tls_handshaker.cc(121)] TlsClient: SSL_do_handshake returned when entering early data. After retry, rv=-1, SSL_in_early_data=1
[1439543:0902/162346.975675:VERBOSE1:tls_handshaker.cc(100)] TlsClient: Continuing handshake
[1439543:0902/162346.975819:VERBOSE1:tls_handshaker.cc(100)] TlsClient: Continuing handshake
[1439543:0902/162346.975856:VERBOSE1:tls_client_handshaker.cc(508)] Client: handshake finished
[1439543:0902/162346.989688:VERBOSE1:network_delegate.cc(35)] NetworkDelegate::NotifyBeforeURLRequest: https://dns.google/
[1439464:0902/162349.262531:VERBOSE1:file_url_loader_factory.cc(452)] FileURLLoader::Start: file:///
[1439464:0902/162354.264609:VERBOSE1:file_url_loader_factory.cc(452)] FileURLLoader::Start: file:///
[1439464:0902/162359.265755:VERBOSE1:file_url_loader_factory.cc(452)] FileURLLoader::Start: file:///
[1439464:0902/162404.268669:VERBOSE1:file_url_loader_factory.cc(452)] FileURLLoader::Start: file:///
[1439464:0902/162409.269940:VERBOSE1:file_url_loader_factory.cc(452)] FileURLLoader::Start: file:///
[1439464:0902/162414.271258:VERBOSE1:file_url_loader_factory.cc(452)] FileURLLoader::Start: file:///
[1439543:0902/162416.953700:VERBOSE1:network_delegate.cc(35)] NetworkDelegate::NotifyBeforeURLRequest: https://8.8.8.8/
[1439543:0902/162416.954141:VERBOSE1:tls_handshaker.cc(100)] TlsClient: Continuing handshake
[1439543:0902/162416.954430:VERBOSE1:tls_handshaker.cc(121)] TlsClient: SSL_do_handshake returned when entering early data. After retry, rv=-1, SSL_in_early_data=1
[1439543:0902/162416.975490:VERBOSE1:tls_handshaker.cc(100)] TlsClient: Continuing handshake
[1439543:0902/162416.975643:VERBOSE1:tls_handshaker.cc(100)] TlsClient: Continuing handshake
[1439543:0902/162416.975677:VERBOSE1:tls_client_handshaker.cc(508)] Client: handshake finished
[1439543:0902/162416.989471:VERBOSE1:network_delegate.cc(35)] NetworkDelegate::NotifyBeforeURLRequest: https://dns.google/
[1439464:0902/162419.272409:VERBOSE1:file_url_loader_factory.cc(452)] FileURLLoader::Start: file:///
[1439464:0902/162424.273660:VERBOSE1:file_url_loader_factory.cc(452)] FileURLLoader::Start: file:///
[1439464:0902/162429.274927:VERBOSE1:file_url_loader_factory.cc(452)] FileURLLoader::Start: file:///
[1439464:0902/162434.276252:VERBOSE1:file_url_loader_factory.cc(452)] FileURLLoader::Start: file:///
[1439464:0902/162439.277425:VERBOSE1:file_url_loader_factory.cc(452)] FileURLLoader::Start: file:///
[1439464:0902/162444.278658:VERBOSE1:file_url_loader_factory.cc(452)] FileURLLoader::Start: file:///
[1439543:0902/162446.953761:VERBOSE1:network_delegate.cc(35)] NetworkDelegate::NotifyBeforeURLRequest: https://8.8.8.8/
[1439543:0902/162446.954233:VERBOSE1:tls_handshaker.cc(100)] TlsClient: Continuing handshake
[1439543:0902/162446.954530:VERBOSE1:tls_handshaker.cc(121)] TlsClient: SSL_do_handshake returned when entering early data. After retry, rv=-1, SSL_in_early_data=1
[1439543:0902/162446.974837:VERBOSE1:tls_handshaker.cc(100)] TlsClient: Continuing handshake
[1439543:0902/162446.974976:VERBOSE1:tls_handshaker.cc(100)] TlsClient: Continuing handshake
[1439543:0902/162446.975007:VERBOSE1:tls_client_handshaker.cc(508)] Client: handshake finished
[1439543:0902/162446.989195:VERBOSE1:network_delegate.cc(35)] NetworkDelegate::NotifyBeforeURLRequest: https://dns.google/
[1439464:0902/162449.281569:VERBOSE1:file_url_loader_factory.cc(452)] FileURLLoader::Start: file:///
[1439464:0902/162454.282600:VERBOSE1:file_url_loader_factory.cc(452)] FileURLLoader::Start: file:///
[1439464:0902/162459.283679:VERBOSE1:file_url_loader_factory.cc(452)] FileURLLoader::Start: file:///
[1439464:0902/162504.285506:VERBOSE1:file_url_loader_factory.cc(452)] FileURLLoader::Start: file:///
[1439464:0902/162509.287311:VERBOSE1:file_url_loader_factory.cc(452)] FileURLLoader::Start: file:///
[1439464:0902/162514.288611:VERBOSE1:file_url_loader_factory.cc(452)] FileURLLoader::Start: file:///
[1439543:0902/162516.954802:VERBOSE1:network_delegate.cc(35)] NetworkDelegate::NotifyBeforeURLRequest: https://8.8.8.8/
[1439543:0902/162516.955301:VERBOSE1:tls_handshaker.cc(100)] TlsClient: Continuing handshake
[1439543:0902/162516.955579:VERBOSE1:tls_handshaker.cc(121)] TlsClient: SSL_do_handshake returned when entering early data. After retry, rv=-1, SSL_in_early_data=1
[1439543:0902/162516.976190:VERBOSE1:tls_handshaker.cc(100)] TlsClient: Continuing handshake
[1439543:0902/162516.976346:VERBOSE1:tls_handshaker.cc(100)] TlsClient: Continuing handshake
[1439543:0902/162516.976381:VERBOSE1:tls_client_handshaker.cc(508)] Client: handshake finished
[1439543:0902/162516.990144:VERBOSE1:network_delegate.cc(35)] NetworkDelegate::NotifyBeforeURLRequest: https://dns.google/
[1439464:0902/162519.292608:VERBOSE1:file_url_loader_factory.cc(452)] FileURLLoader::Start: file:///
[1439464:0902/162524.293769:VERBOSE1:file_url_loader_factory.cc(452)] FileURLLoader::Start: file:///
[1439464:0902/162529.294865:VERBOSE1:file_url_loader_factory.cc(452)] FileURLLoader::Start: file:///
[1439464:0902/162534.295953:VERBOSE1:file_url_loader_factory.cc(452)] FileURLLoader::Start: file:///
[1439464:0902/162539.297365:VERBOSE1:file_url_loader_factory.cc(452)] FileURLLoader::Start: file:///
[1439464:0902/162544.298730:VERBOSE1:file_url_loader_factory.cc(452)] FileURLLoader::Start: file:///
[1439543:0902/162546.953624:VERBOSE1:network_delegate.cc(35)] NetworkDelegate::NotifyBeforeURLRequest: https://8.8.8.8/
[1439543:0902/162546.954119:VERBOSE1:tls_handshaker.cc(100)] TlsClient: Continuing handshake
[1439543:0902/162546.954387:VERBOSE1:tls_handshaker.cc(121)] TlsClient: SSL_do_handshake returned when entering early data. After retry, rv=-1, SSL_in_early_data=1
[1439543:0902/162546.974854:VERBOSE1:tls_handshaker.cc(100)] TlsClient: Continuing handshake
[1439543:0902/162546.975004:VERBOSE1:tls_handshaker.cc(100)] TlsClient: Continuing handshake
[1439543:0902/162546.975036:VERBOSE1:tls_client_handshaker.cc(508)] Client: handshake finished
[1439543:0902/162546.988933:VERBOSE1:network_delegate.cc(35)] NetworkDelegate::NotifyBeforeURLRequest: https://dns.google/
[1439464:0902/162549.300130:VERBOSE1:file_url_loader_factory.cc(452)] FileURLLoader::Start: file:///
[1439464:0902/162554.302366:VERBOSE1:file_url_loader_factory.cc(452)] FileURLLoader::Start: file:///
[1439464:0902/162559.304660:VERBOSE1:file_url_loader_factory.cc(452)] FileURLLoader::Start: file:///
[1439464:0902/162604.305950:VERBOSE1:file_url_loader_factory.cc(452)] FileURLLoader::Start: file:///
[1439464:0902/162609.306968:VERBOSE1:file_url_loader_factory.cc(452)] FileURLLoader::Start: file:///
[1439464:0902/162614.308084:VERBOSE1:file_url_loader_factory.cc(452)] FileURLLoader::Start: file:///
[1439543:0902/162616.953786:VERBOSE1:network_delegate.cc(35)] NetworkDelegate::NotifyBeforeURLRequest: https://8.8.8.8/
[1439543:0902/162616.954270:VERBOSE1:tls_handshaker.cc(100)] TlsClient: Continuing handshake
[1439543:0902/162616.954556:VERBOSE1:tls_handshaker.cc(121)] TlsClient: SSL_do_handshake returned when entering early data. After retry, rv=-1, SSL_in_early_data=1
[1439543:0902/162616.976087:VERBOSE1:tls_handshaker.cc(100)] TlsClient: Continuing handshake
[1439543:0902/162616.976239:VERBOSE1:tls_handshaker.cc(100)] TlsClient: Continuing handshake
[1439543:0902/162616.976275:VERBOSE1:tls_client_handshaker.cc(508)] Client: handshake finished
[1439543:0902/162616.990138:VERBOSE1:network_delegate.cc(35)] NetworkDelegate::NotifyBeforeURLRequest: https://dns.google/
[1439464:0902/162619.309152:VERBOSE1:file_url_loader_factory.cc(452)] FileURLLoader::Start: file:///
[1439464:0902/162624.310479:VERBOSE1:file_url_loader_factory.cc(452)] FileURLLoader::Start: file:///
[1439464:0902/162629.311573:VERBOSE1:file_url_loader_factory.cc(452)] FileURLLoader::Start: file:///
[1439464:0902/162634.313601:VERBOSE1:file_url_loader_factory.cc(452)] FileURLLoader::Start: file:///
[1439464:0902/162639.314648:VERBOSE1:file_url_loader_factory.cc(452)] FileURLLoader::Start: file:///
[1439464:0902/162644.315717:VERBOSE1:file_url_loader_factory.cc(452)] FileURLLoader::Start: file:///
[1439543:0902/162646.953672:VERBOSE1:network_delegate.cc(35)] NetworkDelegate::NotifyBeforeURLRequest: https://8.8.8.8/
[1439543:0902/162646.954181:VERBOSE1:tls_handshaker.cc(100)] TlsClient: Continuing handshake
[1439543:0902/162646.954503:VERBOSE1:tls_handshaker.cc(121)] TlsClient: SSL_do_handshake returned when entering early data. After retry, rv=-1, SSL_in_early_data=1
[1439543:0902/162646.974732:VERBOSE1:tls_handshaker.cc(100)] TlsClient: Continuing handshake
[1439543:0902/162646.974893:VERBOSE1:tls_handshaker.cc(100)] TlsClient: Continuing handshake
[1439543:0902/162646.974932:VERBOSE1:tls_client_handshaker.cc(508)] Client: handshake finished
[1439543:0902/162646.991447:VERBOSE1:network_delegate.cc(35)] NetworkDelegate::NotifyBeforeURLRequest: https://dns.google/
[1439464:0902/162649.316846:VERBOSE1:file_url_loader_factory.cc(452)] FileURLLoader::Start: file:///
[1439464:0902/162654.319599:VERBOSE1:file_url_loader_factory.cc(452)] FileURLLoader::Start: file:///
[1439464:0902/162659.320662:VERBOSE1:file_url_loader_factory.cc(452)] FileURLLoader::Start: file:///
[1439464:0902/162704.323597:VERBOSE1:file_url_loader_factory.cc(452)] FileURLLoader::Start: file:///
[1439464:0902/162709.327168:VERBOSE1:file_url_loader_factory.cc(452)] FileURLLoader::Start: file:///
[1439464:0902/162714.329713:VERBOSE1:file_url_loader_factory.cc(452)] FileURLLoader::Start: file:///
[1439543:0902/162716.954759:VERBOSE1:network_delegate.cc(35)] NetworkDelegate::NotifyBeforeURLRequest: https://8.8.8.8/
[1439543:0902/162716.955188:VERBOSE1:tls_handshaker.cc(100)] TlsClient: Continuing handshake
[1439543:0902/162716.955467:VERBOSE1:tls_handshaker.cc(121)] TlsClient: SSL_do_handshake returned when entering early data. After retry, rv=-1, SSL_in_early_data=1
[1439543:0902/162716.977202:VERBOSE1:tls_handshaker.cc(100)] TlsClient: Continuing handshake
[1439543:0902/162716.977334:VERBOSE1:tls_handshaker.cc(100)] TlsClient: Continuing handshake
[1439543:0902/162716.977363:VERBOSE1:tls_client_handshaker.cc(508)] Client: handshake finished
[1439543:0902/162716.992927:VERBOSE1:network_delegate.cc(35)] NetworkDelegate::NotifyBeforeURLRequest: https://dns.google/
[1439464:0902/162719.331172:VERBOSE1:file_url_loader_factory.cc(452)] FileURLLoader::Start: file:///
[1439464:0902/162724.332467:VERBOSE1:file_url_loader_factory.cc(452)] FileURLLoader::Start: file:///
[1439464:0902/162729.333768:VERBOSE1:file_url_loader_factory.cc(452)] FileURLLoader::Start: file:///
[1439464:0902/162734.335422:VERBOSE1:file_url_loader_factory.cc(452)] FileURLLoader::Start: file:///
[1439464:0902/162739.336819:VERBOSE1:file_url_loader_factory.cc(452)] FileURLLoader::Start: file:///
[1439464:0902/162744.338076:VERBOSE1:file_url_loader_factory.cc(452)] FileURLLoader::Start: file:///
[1439543:0902/162746.953699:VERBOSE1:network_delegate.cc(35)] NetworkDelegate::NotifyBeforeURLRequest: https://8.8.8.8/
[1439543:0902/162746.954182:VERBOSE1:tls_handshaker.cc(100)] TlsClient: Continuing handshake
[1439543:0902/162746.954466:VERBOSE1:tls_handshaker.cc(121)] TlsClient: SSL_do_handshake returned when entering early data. After retry, rv=-1, SSL_in_early_data=1
[1439543:0902/162746.978106:VERBOSE1:tls_handshaker.cc(100)] TlsClient: Continuing handshake
[1439543:0902/162746.978267:VERBOSE1:tls_handshaker.cc(100)] TlsClient: Continuing handshake
[1439543:0902/162746.978302:VERBOSE1:tls_client_handshaker.cc(508)] Client: handshake finished
[1439543:0902/162746.992171:VERBOSE1:network_delegate.cc(35)] NetworkDelegate::NotifyBeforeURLRequest: https://dns.google/
[1439464:0902/162749.339660:VERBOSE1:file_url_loader_factory.cc(452)] FileURLLoader::Start: file:///
[1439464:0902/162754.340834:VERBOSE1:file_url_loader_factory.cc(452)] FileURLLoader::Start: file:///
[1439464:0902/162759.342091:VERBOSE1:file_url_loader_factory.cc(452)] FileURLLoader::Start: file:///
[1439464:0902/162804.343760:VERBOSE1:file_url_loader_factory.cc(452)] FileURLLoader::Start: file:///
[1439464:0902/162809.345074:VERBOSE1:file_url_loader_factory.cc(452)] FileURLLoader::Start: file:///
[1439464:0902/162814.346315:VERBOSE1:file_url_loader_factory.cc(452)] FileURLLoader::Start: file:///
[1439543:0902/162816.953775:VERBOSE1:network_delegate.cc(35)] NetworkDelegate::NotifyBeforeURLRequest: https://8.8.8.8/
[1439543:0902/162816.954298:VERBOSE1:tls_handshaker.cc(100)] TlsClient: Continuing handshake
[1439543:0902/162816.954679:VERBOSE1:tls_handshaker.cc(121)] TlsClient: SSL_do_handshake returned when entering early data. After retry, rv=-1, SSL_in_early_data=1
[1439543:0902/162816.976208:VERBOSE1:tls_handshaker.cc(100)] TlsClient: Continuing handshake
[1439543:0902/162816.976377:VERBOSE1:tls_handshaker.cc(100)] TlsClient: Continuing handshake
[1439543:0902/162816.976420:VERBOSE1:tls_client_handshaker.cc(508)] Client: handshake finished
[1439543:0902/162816.992016:VERBOSE1:network_delegate.cc(35)] NetworkDelegate::NotifyBeforeURLRequest: https://dns.google/
[1439464:0902/162819.347770:VERBOSE1:file_url_loader_factory.cc(452)] FileURLLoader::Start: file:///
[1439464:0902/162824.349445:VERBOSE1:file_url_loader_factory.cc(452)] FileURLLoader::Start: file:///
[1439464:0902/162829.351396:VERBOSE1:file_url_loader_factory.cc(452)] FileURLLoader::Start: file:///
[1439464:0902/162834.352536:VERBOSE1:file_url_loader_factory.cc(452)] FileURLLoader::Start: file:///
[1439464:0902/162839.355742:VERBOSE1:file_url_loader_factory.cc(452)] FileURLLoader::Start: file:///
[1439464:0902/162844.357132:VERBOSE1:file_url_loader_factory.cc(452)] FileURLLoader::Start: file:///
[1439543:0902/162846.953739:VERBOSE1:network_delegate.cc(35)] NetworkDelegate::NotifyBeforeURLRequest: https://8.8.8.8/
[1439543:0902/162846.954243:VERBOSE1:tls_handshaker.cc(100)] TlsClient: Continuing handshake
[1439543:0902/162846.954536:VERBOSE1:tls_handshaker.cc(121)] TlsClient: SSL_do_handshake returned when entering early data. After retry, rv=-1, SSL_in_early_data=1
[1439543:0902/162846.976532:VERBOSE1:tls_handshaker.cc(100)] TlsClient: Continuing handshake
[1439543:0902/162846.976776:VERBOSE1:tls_handshaker.cc(100)] TlsClient: Continuing handshake
[1439543:0902/162846.976834:VERBOSE1:tls_client_handshaker.cc(508)] Client: handshake finished
[1439543:0902/162846.991181:VERBOSE1:network_delegate.cc(35)] NetworkDelegate::NotifyBeforeURLRequest: https://dns.google/
[1439464:0902/162849.358771:VERBOSE1:file_url_loader_factory.cc(452)] FileURLLoader::Start: file:///
[1439464:0902/162854.360972:VERBOSE1:file_url_loader_factory.cc(452)] FileURLLoader::Start: file:///
[1439464:0902/162859.362568:VERBOSE1:file_url_loader_factory.cc(452)] FileURLLoader::Start: file:///
[1439464:0902/162904.363736:VERBOSE1:file_url_loader_factory.cc(452)] FileURLLoader::Start: file:///
[1439464:0902/162909.364830:VERBOSE1:file_url_loader_factory.cc(452)] FileURLLoader::Start: file:///
[1439464:0902/162914.365892:VERBOSE1:file_url_loader_factory.cc(452)] FileURLLoader::Start: file:///
[1439543:0902/162916.953820:VERBOSE1:network_delegate.cc(35)] NetworkDelegate::NotifyBeforeURLRequest: https://8.8.8.8/
[1439543:0902/162916.954292:VERBOSE1:tls_handshaker.cc(100)] TlsClient: Continuing handshake
[1439543:0902/162916.954608:VERBOSE1:tls_handshaker.cc(121)] TlsClient: SSL_do_handshake returned when entering early data. After retry, rv=-1, SSL_in_early_data=1
[1439543:0902/162916.975285:VERBOSE1:tls_handshaker.cc(100)] TlsClient: Continuing handshake
[1439543:0902/162916.975439:VERBOSE1:tls_handshaker.cc(100)] TlsClient: Continuing handshake
[1439543:0902/162916.975474:VERBOSE1:tls_client_handshaker.cc(508)] Client: handshake finished
[1439543:0902/162916.989361:VERBOSE1:network_delegate.cc(35)] NetworkDelegate::NotifyBeforeURLRequest: https://dns.google/
[1439464:0902/162919.366986:VERBOSE1:file_url_loader_factory.cc(452)] FileURLLoader::Start: file:///
[1439464:0902/162924.368612:VERBOSE1:file_url_loader_factory.cc(452)] FileURLLoader::Start: file:///
[1439464:0902/162929.370579:VERBOSE1:file_url_loader_factory.cc(452)] FileURLLoader::Start: file:///
[1439464:0902/162933.422716:VERBOSE1:object_manager.cc(296)] Signal received: message_type: MESSAGE_SIGNAL
path: /org/bluez/hci0/dev_74_65_0C_56_5C_9E
interface: org.freedesktop.DBus.Properties
member: PropertiesChanged
sender: :1.4
signature: sa{sv}as
serial: 2552

string "org.bluez.Device1"
array [
  dict entry {
    string "Connected"
    variant       bool true
  }
]
array [
]

[1439464:0902/162933.642152:VERBOSE1:object_proxy.cc(527)] Signal received: message_type: MESSAGE_SIGNAL
path: /
interface: org.freedesktop.DBus.ObjectManager
member: InterfacesAdded
sender: :1.4
signature: oa{sa{sv}}
serial: 2554

object_path "/org/bluez/hci0/dev_74_65_0C_56_5C_9E/sep1"
array [
  dict entry {
    string "org.freedesktop.DBus.Introspectable"
    array [
    ]
  }
  dict entry {
    string "org.bluez.MediaEndpoint1"
    array [
      dict entry {
        string "UUID"
        variant           string "0000110b-0000-1000-8000-00805f9b34fb"
      }
      dict entry {
        string "Codec"
        variant           byte 0
      }
      dict entry {
        string "Capabilities"
        variant           array [
            byte 63
            byte 255
            byte 2
            byte 53
          ]
      }
      dict entry {
        string "Device"
        variant           object_path "/org/bluez/hci0/dev_74_65_0C_56_5C_9E"
      }
      dict entry {
        string "DelayReporting"
        variant           bool true
      }
    ]
  }
  dict entry {
    string "org.freedesktop.DBus.Properties"
    array [
    ]
  }
]

[1439464:0902/162933.642231:VERBOSE1:object_proxy.cc(527)] Signal received: message_type: MESSAGE_SIGNAL
path: /
interface: org.freedesktop.DBus.ObjectManager
member: InterfacesAdded
sender: :1.4
signature: oa{sa{sv}}
serial: 2555

object_path "/org/bluez/hci0/dev_74_65_0C_56_5C_9E/sep2"
array [
  dict entry {
    string "org.freedesktop.DBus.Introspectable"
    array [
    ]
  }
  dict entry {
    string "org.bluez.MediaEndpoint1"
    array [
      dict entry {
        string "UUID"
        variant           string "0000110b-0000-1000-8000-00805f9b34fb"
      }
      dict entry {
        string "Codec"
        variant           byte 2
      }
      dict entry {
        string "Capabilities"
        variant           array [
            byte 192
            byte 1
            byte 140
            byte 131
            byte 232
            byte 0
          ]
      }
      dict entry {
        string "Device"
        variant           object_path "/org/bluez/hci0/dev_74_65_0C_56_5C_9E"
      }
      dict entry {
        string "DelayReporting"
        variant           bool true
      }
    ]
  }
  dict entry {
    string "org.freedesktop.DBus.Properties"
    array [
    ]
  }
]

[1439464:0902/162933.642257:VERBOSE1:object_proxy.cc(527)] Signal received: message_type: MESSAGE_SIGNAL
path: /
interface: org.freedesktop.DBus.ObjectManager
member: InterfacesAdded
sender: :1.4
signature: oa{sa{sv}}
serial: 2556

object_path "/org/bluez/hci0/dev_74_65_0C_56_5C_9E/sep3"
array [
  dict entry {
    string "org.freedesktop.DBus.Introspectable"
    array [
    ]
  }
  dict entry {
    string "org.bluez.MediaEndpoint1"
    array [
      dict entry {
        string "UUID"
        variant           string "0000110b-0000-1000-8000-00805f9b34fb"
      }
      dict entry {
        string "Codec"
        variant           byte 255
      }
      dict entry {
        string "Capabilities"
        variant           array [
            byte 76
            byte 0
            byte 0
            byte 0
            byte 1
            byte 128
            byte 0
            byte 128
            byte 0
            byte 140
            byte 0
            byte 131
            byte 232
            byte 0
          ]
      }
      dict entry {
        string "Device"
        variant           object_path "/org/bluez/hci0/dev_74_65_0C_56_5C_9E"
      }
      dict entry {
        string "DelayReporting"
        variant           bool true
      }
    ]
  }
  dict entry {
    string "org.freedesktop.DBus.Properties"
    array [
    ]
  }
]

[1439464:0902/162933.643946:VERBOSE1:object_manager.cc(296)] Signal received: message_type: MESSAGE_SIGNAL
path: /org/bluez/hci0/dev_74_65_0C_56_5C_9E
interface: org.freedesktop.DBus.Properties
member: PropertiesChanged
sender: :1.4
signature: sa{sv}as
serial: 2557

string "org.bluez.MediaControl1"
array [
  dict entry {
    string "Connected"
    variant       bool true
  }
]
array [
]

[1439464:0902/162933.819864:VERBOSE1:object_proxy.cc(527)] Signal received: message_type: MESSAGE_SIGNAL
path: /
interface: org.freedesktop.DBus.ObjectManager
member: InterfacesAdded
sender: :1.4
signature: oa{sa{sv}}
serial: 2558

object_path "/org/bluez/hci0/dev_74_65_0C_56_5C_9E/fd6"
array [
  dict entry {
    string "org.freedesktop.DBus.Introspectable"
    array [
    ]
  }
  dict entry {
    string "org.bluez.MediaTransport1"
    array [
      dict entry {
        string "Device"
        variant           object_path "/org/bluez/hci0/dev_74_65_0C_56_5C_9E"
      }
      dict entry {
        string "UUID"
        variant           string "0000110a-0000-1000-8000-00805f9b34fb"
      }
      dict entry {
        string "Codec"
        variant           byte 2
      }
      dict entry {
        string "Configuration"
        variant           array [
            byte 194
            byte 1
            byte 4
            byte 132
            byte 226
            byte 0
          ]
      }
      dict entry {
        string "State"
        variant           string "idle"
      }
      dict entry {
        string "Volume"
        variant           uint16_t 86
      }
    ]
  }
  dict entry {
    string "org.freedesktop.DBus.Properties"
    array [
    ]
  }
]

[1439464:0902/162933.829578:VERBOSE1:object_manager.cc(296)] Signal received: message_type: MESSAGE_SIGNAL
path: /org/bluez/hci0/dev_74_65_0C_56_5C_9E/fd6
interface: org.freedesktop.DBus.Properties
member: PropertiesChanged
sender: :1.4
signature: sa{sv}as
serial: 2560

string "org.bluez.MediaTransport1"
array [
]
array [
  string "Delay"
]

[1439464:0902/162934.371696:VERBOSE1:file_url_loader_factory.cc(452)] FileURLLoader::Start: file:///
[1439464:0902/162939.373587:VERBOSE1:file_url_loader_factory.cc(452)] FileURLLoader::Start: file:///
[1439464:0902/162944.374680:VERBOSE1:file_url_loader_factory.cc(452)] FileURLLoader::Start: file:///
[1439464:0902/162944.654675:VERBOSE1:object_manager.cc(296)] Signal received: message_type: MESSAGE_SIGNAL
path: /org/bluez/hci0/dev_74_65_0C_56_5C_9E
interface: org.freedesktop.DBus.Properties
member: PropertiesChanged
sender: :1.4
signature: sa{sv}as
serial: 2562

string "org.bluez.Device1"
array [
  dict entry {
    string "Connected"
    variant       bool false
  }
]
array [
]

[1439464:0902/162944.654721:VERBOSE1:object_proxy.cc(527)] Signal received: message_type: MESSAGE_SIGNAL
path: /
interface: org.freedesktop.DBus.ObjectManager
member: InterfacesRemoved
sender: :1.4
signature: oas
serial: 2564

object_path "/org/bluez/hci0/dev_74_65_0C_56_5C_9E/fd6"
array [
  string "org.freedesktop.DBus.Properties"
  string "org.freedesktop.DBus.Introspectable"
  string "org.bluez.MediaTransport1"
]

[1439464:0902/162944.677734:VERBOSE1:object_proxy.cc(527)] Signal received: message_type: MESSAGE_SIGNAL
path: /
interface: org.freedesktop.DBus.ObjectManager
member: InterfacesRemoved
sender: :1.4
signature: oas
serial: 2565

object_path "/org/bluez/hci0/dev_74_65_0C_56_5C_9E/sep1"
array [
  string "org.freedesktop.DBus.Properties"
  string "org.freedesktop.DBus.Introspectable"
  string "org.bluez.MediaEndpoint1"
]

[1439464:0902/162944.677758:VERBOSE1:object_proxy.cc(527)] Signal received: message_type: MESSAGE_SIGNAL
path: /
interface: org.freedesktop.DBus.ObjectManager
member: InterfacesRemoved
sender: :1.4
signature: oas
serial: 2566

object_path "/org/bluez/hci0/dev_74_65_0C_56_5C_9E/sep2"
array [
  string "org.freedesktop.DBus.Properties"
  string "org.freedesktop.DBus.Introspectable"
  string "org.bluez.MediaEndpoint1"
]

[1439464:0902/162944.677768:VERBOSE1:object_proxy.cc(527)] Signal received: message_type: MESSAGE_SIGNAL
path: /
interface: org.freedesktop.DBus.ObjectManager
member: InterfacesRemoved
sender: :1.4
signature: oas
serial: 2567

object_path "/org/bluez/hci0/dev_74_65_0C_56_5C_9E/sep3"
array [
  string "org.freedesktop.DBus.Properties"
  string "org.freedesktop.DBus.Introspectable"
  string "org.bluez.MediaEndpoint1"
]

[1439464:0902/162944.677916:VERBOSE1:object_manager.cc(296)] Signal received: message_type: MESSAGE_SIGNAL
path: /org/bluez/hci0/dev_74_65_0C_56_5C_9E
interface: org.freedesktop.DBus.Properties
member: PropertiesChanged
sender: :1.4
signature: sa{sv}as
serial: 2568

string "org.bluez.MediaControl1"
array [
  dict entry {
    string "Connected"
    variant       bool false
  }
]
array [
  string "Player"
]

[1439543:0902/162946.953739:VERBOSE1:network_delegate.cc(35)] NetworkDelegate::NotifyBeforeURLRequest: https://8.8.8.8/
[1439543:0902/162946.954515:VERBOSE1:tls_handshaker.cc(100)] TlsClient: Continuing handshake
[1439543:0902/162946.977887:VERBOSE1:tls_handshaker.cc(121)] TlsClient: SSL_do_handshake returned when entering early data. After retry, rv=-1, SSL_in_early_data=1
[1439543:0902/162946.998913:VERBOSE1:tls_handshaker.cc(100)] TlsClient: Continuing handshake
[1439543:0902/162946.999053:VERBOSE1:tls_handshaker.cc(100)] TlsClient: Continuing handshake
[1439543:0902/162946.999083:VERBOSE1:tls_client_handshaker.cc(508)] Client: handshake finished
[1439543:0902/162947.013368:VERBOSE1:network_delegate.cc(35)] NetworkDelegate::NotifyBeforeURLRequest: https://dns.google/
[1439464:0902/162949.375769:VERBOSE1:file_url_loader_factory.cc(452)] FileURLLoader::Start: file:///
[1439464:0902/162954.378632:VERBOSE1:file_url_loader_factory.cc(452)] FileURLLoader::Start: file:///
[1439464:0902/162959.382612:VERBOSE1:file_url_loader_factory.cc(452)] FileURLLoader::Start: file:///
[1439464:0902/163004.384165:VERBOSE1:file_url_loader_factory.cc(452)] FileURLLoader::Start: file:///
[1439464:0902/163009.386589:VERBOSE1:file_url_loader_factory.cc(452)] FileURLLoader::Start: file:///
[1439464:0902/163014.388933:VERBOSE1:file_url_loader_factory.cc(452)] FileURLLoader::Start: file:///
[1439543:0902/163016.953733:VERBOSE1:network_delegate.cc(35)] NetworkDelegate::NotifyBeforeURLRequest: https://8.8.8.8/
[1439543:0902/163016.978013:VERBOSE1:tls_handshaker.cc(100)] TlsClient: Continuing handshake
[1439543:0902/163016.978320:VERBOSE1:tls_handshaker.cc(121)] TlsClient: SSL_do_handshake returned when entering early data. After retry, rv=-1, SSL_in_early_data=1
[1439543:0902/163016.998897:VERBOSE1:tls_handshaker.cc(100)] TlsClient: Continuing handshake
[1439543:0902/163016.999033:VERBOSE1:tls_handshaker.cc(100)] TlsClient: Continuing handshake
[1439543:0902/163016.999065:VERBOSE1:tls_client_handshaker.cc(508)] Client: handshake finished
[1439543:0902/163017.014099:VERBOSE1:network_delegate.cc(35)] NetworkDelegate::NotifyBeforeURLRequest: https://dns.google/
[1439464:0902/163019.390135:VERBOSE1:file_url_loader_factory.cc(452)] FileURLLoader::Start: file:///
[1439464:0902/163024.391367:VERBOSE1:file_url_loader_factory.cc(452)] FileURLLoader::Start: file:///
[1439464:0902/163029.393605:VERBOSE1:file_url_loader_factory.cc(452)] FileURLLoader::Start: file:///
[1439464:0902/163034.397348:VERBOSE1:file_url_loader_factory.cc(452)] FileURLLoader::Start: file:///
[1439464:0902/163039.399510:VERBOSE1:file_url_loader_factory.cc(452)] FileURLLoader::Start: file:///
[1439464:0902/163044.400739:VERBOSE1:file_url_loader_factory.cc(452)] FileURLLoader::Start: file:///
[1439543:0902/163046.953740:VERBOSE1:network_delegate.cc(35)] NetworkDelegate::NotifyBeforeURLRequest: https://8.8.8.8/
[1439543:0902/163046.954198:VERBOSE1:tls_handshaker.cc(100)] TlsClient: Continuing handshake
[1439543:0902/163046.954472:VERBOSE1:tls_handshaker.cc(121)] TlsClient: SSL_do_handshake returned when entering early data. After retry, rv=-1, SSL_in_early_data=1
[1439543:0902/163046.975822:VERBOSE1:tls_handshaker.cc(100)] TlsClient: Continuing handshake
[1439543:0902/163046.975966:VERBOSE1:tls_handshaker.cc(100)] TlsClient: Continuing handshake
[1439543:0902/163046.975999:VERBOSE1:tls_client_handshaker.cc(508)] Client: handshake finished
[1439543:0902/163046.989657:VERBOSE1:network_delegate.cc(35)] NetworkDelegate::NotifyBeforeURLRequest: https://dns.google/
[1439464:0902/163049.401917:VERBOSE1:file_url_loader_factory.cc(452)] FileURLLoader::Start: file:///
[1439464:0902/163054.403138:VERBOSE1:file_url_loader_factory.cc(452)] FileURLLoader::Start: file:///
[1439464:0902/163059.405628:VERBOSE1:file_url_loader_factory.cc(452)] FileURLLoader::Start: file:///
[1439464:0902/163104.406750:VERBOSE1:file_url_loader_factory.cc(452)] FileURLLoader::Start: file:///
[1439464:0902/163109.407871:VERBOSE1:file_url_loader_factory.cc(452)] FileURLLoader::Start: file:///
[1439464:0902/163114.409017:VERBOSE1:file_url_loader_factory.cc(452)] FileURLLoader::Start: file:///
[1439543:0902/163116.953851:VERBOSE1:network_delegate.cc(35)] NetworkDelegate::NotifyBeforeURLRequest: https://8.8.8.8/
[1439543:0902/163116.954335:VERBOSE1:tls_handshaker.cc(100)] TlsClient: Continuing handshake
[1439543:0902/163116.954591:VERBOSE1:tls_handshaker.cc(121)] TlsClient: SSL_do_handshake returned when entering early data. After retry, rv=-1, SSL_in_early_data=1
[1439543:0902/163116.974951:VERBOSE1:tls_handshaker.cc(100)] TlsClient: Continuing handshake
[1439543:0902/163116.975104:VERBOSE1:tls_handshaker.cc(100)] TlsClient: Continuing handshake
[1439543:0902/163116.975141:VERBOSE1:tls_client_handshaker.cc(508)] Client: handshake finished
[1439543:0902/163116.989244:VERBOSE1:network_delegate.cc(35)] NetworkDelegate::NotifyBeforeURLRequest: https://dns.google/
[1439464:0902/163119.410195:VERBOSE1:file_url_loader_factory.cc(452)] FileURLLoader::Start: file:///
[1439464:0902/163124.411419:VERBOSE1:file_url_loader_factory.cc(452)] FileURLLoader::Start: file:///
[1439464:0902/163129.412725:VERBOSE1:file_url_loader_factory.cc(452)] FileURLLoader::Start: file:///
[1439464:0902/163134.413864:VERBOSE1:file_url_loader_factory.cc(452)] FileURLLoader::Start: file:///
[1439464:0902/163139.414942:VERBOSE1:file_url_loader_factory.cc(452)] FileURLLoader::Start: file:///
[1439464:0902/163144.416079:VERBOSE1:file_url_loader_factory.cc(452)] FileURLLoader::Start: file:///
[1439543:0902/163146.953815:VERBOSE1:network_delegate.cc(35)] NetworkDelegate::NotifyBeforeURLRequest: https://8.8.8.8/
[1439543:0902/163146.954312:VERBOSE1:tls_handshaker.cc(100)] TlsClient: Continuing handshake
[1439543:0902/163146.954600:VERBOSE1:tls_handshaker.cc(121)] TlsClient: SSL_do_handshake returned when entering early data. After retry, rv=-1, SSL_in_early_data=1
[1439543:0902/163146.975224:VERBOSE1:tls_handshaker.cc(100)] TlsClient: Continuing handshake
[1439543:0902/163146.975397:VERBOSE1:tls_handshaker.cc(100)] TlsClient: Continuing handshake
[1439543:0902/163146.975436:VERBOSE1:tls_client_handshaker.cc(508)] Client: handshake finished
[1439543:0902/163146.989580:VERBOSE1:network_delegate.cc(35)] NetworkDelegate::NotifyBeforeURLRequest: https://dns.google/
[1439464:0902/163149.417237:VERBOSE1:file_url_loader_factory.cc(452)] FileURLLoader::Start: file:///
[1439464:0902/163154.418533:VERBOSE1:file_url_loader_factory.cc(452)] FileURLLoader::Start: file:///
[1439464:0902/163159.419639:VERBOSE1:file_url_loader_factory.cc(452)] FileURLLoader::Start: file:///
[1439464:0902/163204.420830:VERBOSE1:file_url_loader_factory.cc(452)] FileURLLoader::Start: file:///
[1439464:0902/163209.421922:VERBOSE1:file_url_loader_factory.cc(452)] FileURLLoader::Start: file:///
[1439464:0902/163214.424600:VERBOSE1:file_url_loader_factory.cc(452)] FileURLLoader::Start: file:///
[1439543:0902/163216.953803:VERBOSE1:network_delegate.cc(35)] NetworkDelegate::NotifyBeforeURLRequest: https://8.8.8.8/
[1439543:0902/163216.954268:VERBOSE1:tls_handshaker.cc(100)] TlsClient: Continuing handshake
[1439543:0902/163216.954578:VERBOSE1:tls_handshaker.cc(121)] TlsClient: SSL_do_handshake returned when entering early data. After retry, rv=-1, SSL_in_early_data=1
[1439543:0902/163216.974648:VERBOSE1:tls_handshaker.cc(100)] TlsClient: Continuing handshake
[1439543:0902/163216.974838:VERBOSE1:tls_handshaker.cc(100)] TlsClient: Continuing handshake
[1439543:0902/163216.974880:VERBOSE1:tls_client_handshaker.cc(508)] Client: handshake finished
[1439543:0902/163216.988925:VERBOSE1:network_delegate.cc(35)] NetworkDelegate::NotifyBeforeURLRequest: https://dns.google/
[1439464:0902/163219.450243:VERBOSE1:file_url_loader_factory.cc(452)] FileURLLoader::Start: file:///
[1439464:0902/163224.451704:VERBOSE1:file_url_loader_factory.cc(452)] FileURLLoader::Start: file:///
[1439464:0902/163229.452772:VERBOSE1:file_url_loader_factory.cc(452)] FileURLLoader::Start: file:///
[1439464:0902/163234.453846:VERBOSE1:file_url_loader_factory.cc(452)] FileURLLoader::Start: file:///
[1439464:0902/163239.454855:VERBOSE1:file_url_loader_factory.cc(452)] FileURLLoader::Start: file:///
[1439464:0902/163244.455865:VERBOSE1:file_url_loader_factory.cc(452)] FileURLLoader::Start: file:///
[1439543:0902/163246.953515:VERBOSE1:network_delegate.cc(35)] NetworkDelegate::NotifyBeforeURLRequest: https://8.8.8.8/
[1439543:0902/163246.953922:VERBOSE1:tls_handshaker.cc(100)] TlsClient: Continuing handshake
[1439543:0902/163246.954173:VERBOSE1:tls_handshaker.cc(121)] TlsClient: SSL_do_handshake returned when entering early data. After retry, rv=-1, SSL_in_early_data=1
[1439543:0902/163246.974618:VERBOSE1:tls_handshaker.cc(100)] TlsClient: Continuing handshake
[1439543:0902/163246.974783:VERBOSE1:tls_handshaker.cc(100)] TlsClient: Continuing handshake
[1439543:0902/163246.974818:VERBOSE1:tls_client_handshaker.cc(508)] Client: handshake finished
[1439543:0902/163246.989609:VERBOSE1:network_delegate.cc(35)] NetworkDelegate::NotifyBeforeURLRequest: https://dns.google/
[1439464:0902/163249.458632:VERBOSE1:file_url_loader_factory.cc(452)] FileURLLoader::Start: file:///
[1439464:0902/163254.461707:VERBOSE1:file_url_loader_factory.cc(452)] FileURLLoader::Start: file:///
[1439464:0902/163259.462791:VERBOSE1:file_url_loader_factory.cc(452)] FileURLLoader::Start: file:///
[1439464:0902/163304.463838:VERBOSE1:file_url_loader_factory.cc(452)] FileURLLoader::Start: file:///
[1439464:0902/163309.464842:VERBOSE1:file_url_loader_factory.cc(452)] FileURLLoader::Start: file:///
[1439464:0902/163314.465943:VERBOSE1:file_url_loader_factory.cc(452)] FileURLLoader::Start: file:///
[1439543:0902/163316.953783:VERBOSE1:network_delegate.cc(35)] NetworkDelegate::NotifyBeforeURLRequest: https://8.8.8.8/
[1439543:0902/163316.954246:VERBOSE1:tls_handshaker.cc(100)] TlsClient: Continuing handshake
[1439543:0902/163316.954527:VERBOSE1:tls_handshaker.cc(121)] TlsClient: SSL_do_handshake returned when entering early data. After retry, rv=-1, SSL_in_early_data=1
[1439543:0902/163316.974367:VERBOSE1:tls_handshaker.cc(100)] TlsClient: Continuing handshake
[1439543:0902/163316.974525:VERBOSE1:tls_handshaker.cc(100)] TlsClient: Continuing handshake
[1439543:0902/163316.974562:VERBOSE1:tls_client_handshaker.cc(508)] Client: handshake finished
[1439543:0902/163316.988403:VERBOSE1:network_delegate.cc(35)] NetworkDelegate::NotifyBeforeURLRequest: https://dns.google/
[1439464:0902/163319.466889:VERBOSE1:file_url_loader_factory.cc(452)] FileURLLoader::Start: file:///
[1439464:0902/163324.467930:VERBOSE1:file_url_loader_factory.cc(452)] FileURLLoader::Start: file:///
[1439464:0902/163329.469192:VERBOSE1:file_url_loader_factory.cc(452)] FileURLLoader::Start: file:///
[1439464:0902/163334.470436:VERBOSE1:file_url_loader_factory.cc(452)] FileURLLoader::Start: file:///
[1439464:0902/163339.471528:VERBOSE1:file_url_loader_factory.cc(452)] FileURLLoader::Start: file:///
[1439464:0902/163344.472517:VERBOSE1:file_url_loader_factory.cc(452)] FileURLLoader::Start: file:///
[1439543:0902/163346.954562:VERBOSE1:network_delegate.cc(35)] NetworkDelegate::NotifyBeforeURLRequest: https://8.8.8.8/
[1439543:0902/163346.955013:VERBOSE1:tls_handshaker.cc(100)] TlsClient: Continuing handshake
[1439543:0902/163346.955263:VERBOSE1:tls_handshaker.cc(121)] TlsClient: SSL_do_handshake returned when entering early data. After retry, rv=-1, SSL_in_early_data=1
[1439543:0902/163346.975526:VERBOSE1:tls_handshaker.cc(100)] TlsClient: Continuing handshake
[1439543:0902/163346.975618:VERBOSE1:tls_handshaker.cc(100)] TlsClient: Continuing handshake
[1439543:0902/163346.975643:VERBOSE1:tls_client_handshaker.cc(508)] Client: handshake finished
[1439543:0902/163346.989281:VERBOSE1:network_delegate.cc(35)] NetworkDelegate::NotifyBeforeURLRequest: https://dns.google/
[1439464:0902/163349.473531:VERBOSE1:file_url_loader_factory.cc(452)] FileURLLoader::Start: file:///
[1439464:0902/163354.474673:VERBOSE1:file_url_loader_factory.cc(452)] FileURLLoader::Start: file:///
[1439464:0902/163359.475774:VERBOSE1:file_url_loader_factory.cc(452)] FileURLLoader::Start: file:///
[1439464:0902/163404.476808:VERBOSE1:file_url_loader_factory.cc(452)] FileURLLoader::Start: file:///
[1439464:0902/163409.477853:VERBOSE1:file_url_loader_factory.cc(452)] FileURLLoader::Start: file:///
[1439464:0902/163414.482455:VERBOSE1:file_url_loader_factory.cc(452)] FileURLLoader::Start: file:///
[1439543:0902/163416.953957:VERBOSE1:network_delegate.cc(35)] NetworkDelegate::NotifyBeforeURLRequest: https://8.8.8.8/
[1439543:0902/163416.954503:VERBOSE1:tls_handshaker.cc(100)] TlsClient: Continuing handshake
[1439543:0902/163416.954807:VERBOSE1:tls_handshaker.cc(121)] TlsClient: SSL_do_handshake returned when entering early data. After retry, rv=-1, SSL_in_early_data=1
[1439543:0902/163416.974352:VERBOSE1:tls_handshaker.cc(100)] TlsClient: Continuing handshake
[1439543:0902/163416.974495:VERBOSE1:tls_handshaker.cc(100)] TlsClient: Continuing handshake
[1439543:0902/163416.974536:VERBOSE1:tls_client_handshaker.cc(508)] Client: handshake finished
[1439543:0902/163416.988481:VERBOSE1:network_delegate.cc(35)] NetworkDelegate::NotifyBeforeURLRequest: https://dns.google/
[1439464:0902/163419.483542:VERBOSE1:file_url_loader_factory.cc(452)] FileURLLoader::Start: file:///
[1439464:0902/163424.484574:VERBOSE1:file_url_loader_factory.cc(452)] FileURLLoader::Start: file:///
[1439464:0902/163429.485620:VERBOSE1:file_url_loader_factory.cc(452)] FileURLLoader::Start: file:///
[1439464:0902/163434.486638:VERBOSE1:file_url_loader_factory.cc(452)] FileURLLoader::Start: file:///
[1439464:0902/163439.489711:VERBOSE1:file_url_loader_factory.cc(452)] FileURLLoader::Start: file:///
[1439464:0902/163444.490784:VERBOSE1:file_url_loader_factory.cc(452)] FileURLLoader::Start: file:///
[1439543:0902/163446.953848:VERBOSE1:network_delegate.cc(35)] NetworkDelegate::NotifyBeforeURLRequest: https://8.8.8.8/
[1439543:0902/163446.954319:VERBOSE1:tls_handshaker.cc(100)] TlsClient: Continuing handshake
[1439543:0902/163446.954621:VERBOSE1:tls_handshaker.cc(121)] TlsClient: SSL_do_handshake returned when entering early data. After retry, rv=-1, SSL_in_early_data=1
[1439543:0902/163446.974458:VERBOSE1:tls_handshaker.cc(100)] TlsClient: Continuing handshake
[1439543:0902/163446.974619:VERBOSE1:tls_handshaker.cc(100)] TlsClient: Continuing handshake
[1439543:0902/163446.974653:VERBOSE1:tls_client_handshaker.cc(508)] Client: handshake finished
[1439543:0902/163446.989688:VERBOSE1:network_delegate.cc(35)] NetworkDelegate::NotifyBeforeURLRequest: https://dns.google/
[1439464:0902/163449.492787:VERBOSE1:file_url_loader_factory.cc(452)] FileURLLoader::Start: file:///
[1439464:0902/163454.494059:VERBOSE1:file_url_loader_factory.cc(452)] FileURLLoader::Start: file:///
[1439464:0902/163459.495717:VERBOSE1:file_url_loader_factory.cc(452)] FileURLLoader::Start: file:///
[1439464:0902/163504.497731:VERBOSE1:file_url_loader_factory.cc(452)] FileURLLoader::Start: file:///
[1439464:0902/163509.498996:VERBOSE1:file_url_loader_factory.cc(452)] FileURLLoader::Start: file:///
[1439464:0902/163514.500167:VERBOSE1:file_url_loader_factory.cc(452)] FileURLLoader::Start: file:///
[1439543:0902/163516.953737:VERBOSE1:network_delegate.cc(35)] NetworkDelegate::NotifyBeforeURLRequest: https://8.8.8.8/
[1439543:0902/163516.954172:VERBOSE1:tls_handshaker.cc(100)] TlsClient: Continuing handshake
[1439543:0902/163516.954454:VERBOSE1:tls_handshaker.cc(121)] TlsClient: SSL_do_handshake returned when entering early data. After retry, rv=-1, SSL_in_early_data=1
[1439543:0902/163516.976833:VERBOSE1:tls_handshaker.cc(100)] TlsClient: Continuing handshake
[1439543:0902/163516.976975:VERBOSE1:tls_handshaker.cc(100)] TlsClient: Continuing handshake
[1439543:0902/163516.977015:VERBOSE1:tls_client_handshaker.cc(508)] Client: handshake finished
[1439543:0902/163516.991222:VERBOSE1:network_delegate.cc(35)] NetworkDelegate::NotifyBeforeURLRequest: https://dns.google/
[1439464:0902/163519.501337:VERBOSE1:file_url_loader_factory.cc(452)] FileURLLoader::Start: file:///
[1439464:0902/163524.503725:VERBOSE1:file_url_loader_factory.cc(452)] FileURLLoader::Start: file:///
[1439464:0902/163529.506671:VERBOSE1:file_url_loader_factory.cc(452)] FileURLLoader::Start: file:///
[1439464:0902/163534.511636:VERBOSE1:file_url_loader_factory.cc(452)] FileURLLoader::Start: file:///
[1439464:0902/163539.447525:VERBOSE1:bus.cc(709)] Requested to remove an unknown filter function: 1 with associated data: 0x73400f301c0
[1439464:0902/163539.448404:VERBOSE1:device_event_log_impl.cc(224)] [16:35:39.448] Bluetooth: EVENT: bluetooth_api.cc:109 BluetoothAPI: Shutdown
[1439464:0902/163539.448540:VERBOSE1:device_event_log_impl.cc(224)] [16:35:39.448] Bluetooth: EVENT: bluetooth_api.cc:95 ~BluetoothAPI: 0x734002a5880
[1439543:0902/163539.456653:VERBOSE1:statistics_recorder.cc(486)] Collections of all histograms
Histogram: API.StorageAccess.AllowedRequests2 recorded 920 samples, mean = 1.0 (flags = 0x1)
0  O                                                                         (0 = 0.0%)
1  ------------------------------------------------------------------------O (920 = 100.0%) {0.0%}
2  ... 

Histogram: ChildProcess.FieldTrials.CreateFromShmemSuccess recorded 1 samples, mean = 1.0 (flags = 0x1)
0  O                                                                         (0 = 0.0%)
1  -O                                                                        (1 = 100.0%) {0.0%}
2  O                                                                         (0 = 0.0%) {100.0%}

Histogram: Cookie.ClockSkew.AddMinutes recorded 6 samples, mean = 0.0 (flags = 0x1)
0  ------O                                                                   (6 = 100.0%)
1  ... 

Histogram: Cookie.ClockSkew.AddMinutes12To24Hours recorded 6 samples, mean = 0.0 (flags = 0x1)
0  ------O                                                                   (6 = 100.0%)
720... 

Histogram: Cookie.ClockSkew.ExpiredWithoutSkew recorded 6 samples, mean = 0.0 (flags = 0x1)
0  ------O                                                                   (6 = 100.0%)
1  ... 

Histogram: Cookie.CookiePrefix recorded 6 samples, mean = 0.0 (flags = 0x1)
0  ------O                                                                   (6 = 100.0%)
1  ... 

Histogram: Cookie.Count2 recorded 10 samples, mean = 0.0 (flags = 0x1)
0  ----------O                                                               (10 = 100.0%)
1  ... 

Histogram: Cookie.CrossSiteRedirectType.Write recorded 6 samples, mean = 1.0 (flags = 0x1)
0  O                                                                         (0 = 0.0%)
1  ------O                                                                   (6 = 100.0%) {0.0%}
2  ... 

Histogram: Cookie.DomainHasNonASCII recorded 6 samples, mean = 0.0 (flags = 0x1)
0  ------O                                                                   (6 = 100.0%)
1  ... 

Histogram: Cookie.DoubleUnderscorePrefixedName recorded 6 samples, mean = 0.0 (flags = 0x1)
0  ------O                                                                   (6 = 100.0%)
1  ... 

Histogram: Cookie.FirstPartySets.ComputeContext.Latency recorded 457 samples, mean = 0.9 (flags = 0x1)
0  -----------------O                                                        (82 = 17.9%)
1  ------------------------------------------------------------------------O (338 = 74.0%) {17.9%}
2  -------O                                                                  (35 = 7.7%) {91.9%}
3  ... 
5  O                                                                         (2 = 0.4%) {99.6%}
6  ... 

Histogram: Cookie.FirstPartySets.InitializationDuration.ReadyToServeQueries2 recorded 1 samples, mean = 0.0 (flags = 0x1)
0  -O                                                                        (1 = 100.0%)
1  ... 

Histogram: Cookie.FirstPartySets.Network.DelayedQueriesCount recorded 1 samples, mean = 0.0 (flags = 0x1)
0  -O                                                                        (1 = 100.0%)
1  ... 

Histogram: Cookie.FirstPartySets.Network.MostDelayedQueryDelta recorded 1 samples, mean = 0.0 (flags = 0x1)
0  -O                                                                        (1 = 100.0%)
1  ... 

Histogram: Cookie.HasNonASCII.Name recorded 6 samples, mean = 0.0 (flags = 0x1)
0  ------O                                                                   (6 = 100.0%)
1  ... 

Histogram: Cookie.HasNonASCII.Value recorded 6 samples, mean = 0.0 (flags = 0x1)
0  ------O                                                                   (6 = 100.0%)
1  ... 

Histogram: Cookie.MaxSameSiteNoneCookiesPerKey recorded 10 samples, mean = 0.0 (flags = 0x1)
0  ----------O                                                               (10 = 100.0%)
1  ... 

Histogram: Cookie.NameOrValueHtab recorded 6 samples, mean = 0.0 (flags = 0x1)
0  ------O                                                                   (6 = 100.0%)
1  ... 

Histogram: Cookie.NumKeys recorded 10 samples, mean = 0.0 (flags = 0x1)
0  ----------O                                                               (10 = 100.0%)
1  ... 

Histogram: Cookie.PartitionCount recorded 10 samples, mean = 0.0 (flags = 0x1)
0  ----------O                                                               (10 = 100.0%)
1  ... 

Histogram: Cookie.PartitionedCookieCount recorded 10 samples, mean = 0.0 (flags = 0x1)
0  ----------O                                                               (10 = 100.0%)
1  ... 

Histogram: Cookie.SameSiteAttributeValue recorded 6 samples, mean = 0.0 (flags = 0x1)
0  ------O                                                                   (6 = 100.0%)
1  ... 

Histogram: Cookie.TimeBlockedOnLoad recorded 1 samples, mean = 0.0 (flags = 0x1)
0  -O                                                                        (1 = 100.0%)
1  ... 

Histogram: Cookie.TimeInitializeDB recorded 1 samples, mean = 0.0 (flags = 0x1)
0  -O                                                                        (1 = 100.0%)
1  ... 

Histogram: Cookie.TruncatingCharacterInCookieString recorded 6 samples, mean = 0.0 (flags = 0x1)
0  ------O                                                                   (6 = 100.0%)
1  ... 

Histogram: HttpCache.AccessToDone recorded 434 samples, mean = 22.2 (flags = 0x1)
0    -----------O                                                              (32 = 7.4%)
1    ---------------------------------------------------O                      (145 = 33.4%) {7.4%}
2    ---O                                                                      (9 = 2.1%) {40.8%}
3    -O                                                                        (2 = 0.5%) {42.9%}
4    O                                                                         (0 = 0.0%) {43.3%}
5    O                                                                         (1 = 0.2%) {43.3%}
6    ... 
14   -----O                                                                    (15 = 3.5%) {43.5%}
17   ----O                                                                     (10 = 2.3%) {47.0%}
20   ... 
29   -O                                                                        (2 = 0.5%) {49.3%}
34   ------------------------------------------------------------------------O (203 = 46.8%) {49.8%}
40   -O                                                                        (2 = 0.5%) {96.5%}
48   -O                                                                        (3 = 0.7%) {97.0%}
57   -O                                                                        (4 = 0.9%) {97.7%}
68   ... 
96   O                                                                         (1 = 0.2%) {98.6%}
114  ... 
160  -O                                                                        (2 = 0.5%) {98.8%}
190  O                                                                         (0 = 0.0%) {99.3%}
226  O                                                                         (1 = 0.2%) {99.3%}
268  O                                                                         (1 = 0.2%) {99.5%}
318  O                                                                         (1 = 0.2%) {99.8%}
378  ... 

Histogram: HttpCache.AccessToDone.SentRequest recorded 245 samples, mean = 38.7 (flags = 0x1)
0    ... 
14   -----O                                                                    (15 = 6.1%) {0.0%}
17   ----O                                                                     (10 = 4.1%) {6.1%}
20   ... 
29   -O                                                                        (2 = 0.8%) {10.2%}
34   ------------------------------------------------------------------------O (203 = 82.9%) {11.0%}
40   -O                                                                        (2 = 0.8%) {93.9%}
48   -O                                                                        (3 = 1.2%) {94.7%}
57   -O                                                                        (4 = 1.6%) {95.9%}
68   ... 
96   O                                                                         (1 = 0.4%) {97.6%}
114  ... 
160  -O                                                                        (2 = 0.8%) {98.0%}
190  O                                                                         (0 = 0.0%) {98.8%}
226  O                                                                         (1 = 0.4%) {98.8%}
268  O                                                                         (1 = 0.4%) {99.2%}
318  O                                                                         (1 = 0.4%) {99.6%}
378  ... 

Histogram: HttpCache.AccessToDone.Used recorded 189 samples, mean = 0.9 (flags = 0x1)
0  ----------------O                                                         (32 = 16.9%)
1  ------------------------------------------------------------------------O (145 = 76.7%) {16.9%}
2  ----O                                                                     (9 = 4.8%) {93.7%}
3  -O                                                                        (2 = 1.1%) {98.4%}
4  O                                                                         (0 = 0.0%) {99.5%}
5  O                                                                         (1 = 0.5%) {99.5%}
6  ... 

Histogram: HttpCache.AddTransactionToEntry recorded 439 samples, mean = 0.1 (flags = 0x1)
0   ------------------------------------------------------------------------O (438 = 99.8%)
1   ... 
29  O                                                                         (1 = 0.2%) {99.8%}
34  ... 

Histogram: HttpCache.BeforeSend recorded 245 samples, mean = 0.0 (flags = 0x1)
0  ------------------------------------------------------------------------O (245 = 100.0%)
1  ... 

Histogram: HttpCache.BeforeSend.CantConditionalize recorded 240 samples, mean = 0.0 (flags = 0x1)
0  ------------------------------------------------------------------------O (240 = 100.0%)
1  ... 

Histogram: HttpCache.BeforeSend.NotCached recorded 4 samples, mean = 0.0 (flags = 0x1)
0  ----O                                                                     (4 = 100.0%)
1  ... 

Histogram: HttpCache.BeforeSend.Validated recorded 1 samples, mean = 0.0 (flags = 0x1)
0  -O                                                                        (1 = 100.0%)
1  ... 

Histogram: HttpCache.CreateDiskEntry recorded 219 samples, mean = 0.0 (flags = 0x1)
0  ------------------------------------------------------------------------O (219 = 100.0%)
1  ... 

Histogram: HttpCache.HardReset recorded 1 samples, mean = 0.0
0  -O                                                                        (1 = 100.0%)
1  ... 

Histogram: HttpCache.IsNoStore recorded 438 samples, mean = 0.0 (flags = 0x1)
0  ------------------------------------------------------------------------O (438 = 100.0%)
1  ... 

Histogram: HttpCache.MaxFileSizeOnInit recorded 1 samples, mean = 40960.0 (flags = 0x1)
0      ... 
37526  -O                                                                        (1 = 100.0%) {0.0%}
42713  ... 

Histogram: HttpCache.OpenDiskEntry recorded 218 samples, mean = 0.0 (flags = 0x1)
0  ------------------------------------------------------------------------O (218 = 100.0%)
1  ... 

Histogram: HttpCache.Pattern recorded 438 samples, mean = 4.6 (flags = 0x1)
0  O                                                                         (0 = 0.0%)
1  -O                                                                        (4 = 0.9%) {0.0%}
2  -O                                                                        (4 = 0.9%) {0.9%}
3  ---------------------------------------------------------O                (189 = 43.2%) {1.8%}
4  O                                                                         (1 = 0.2%) {45.0%}
5  O                                                                         (0 = 0.0%) {45.2%}
6  ------------------------------------------------------------------------O (240 = 54.8%) {45.2%}
7  O                                                                         (0 = 0.0%) {100.0%}

Histogram: HttpCache.Pattern.CSS recorded 2 samples, mean = 3.0 (flags = 0x1)
0  ... 
3  --O                                                                       (2 = 100.0%) {0.0%}
4  ... 

Histogram: HttpCache.Pattern.CSSThirdParty recorded 2 samples, mean = 3.0 (flags = 0x1)
0  ... 
3  --O                                                                       (2 = 100.0%) {0.0%}
4  ... 

Histogram: HttpCache.Pattern.Font recorded 1 samples, mean = 3.0 (flags = 0x1)
0  ... 
3  -O                                                                        (1 = 100.0%) {0.0%}
4  ... 

Histogram: HttpCache.Pattern.FontThirdParty recorded 1 samples, mean = 3.0 (flags = 0x1)
0  ... 
3  -O                                                                        (1 = 100.0%) {0.0%}
4  ... 

Histogram: HttpCache.Pattern.JavaScript recorded 2 samples, mean = 3.0 (flags = 0x1)
0  ... 
3  --O                                                                       (2 = 100.0%) {0.0%}
4  ... 

Histogram: HttpCache.Pattern.JavaScriptThirdParty recorded 2 samples, mean = 3.0 (flags = 0x1)
0  ... 
3  --O                                                                       (2 = 100.0%) {0.0%}
4  ... 

Histogram: HttpCache.Pattern.NonMainFrameHTML recorded 424 samples, mean = 4.7 (flags = 0x1)
0  ... 
3  -------------------------------------------------------O                  (184 = 43.4%) {0.0%}
4  ... 
6  ------------------------------------------------------------------------O (240 = 56.6%) {43.4%}
7  O                                                                         (0 = 0.0%) {100.0%}

Histogram: HttpCache.PrefetchReuseState recorded 218 samples, mean = 3.0 (flags = 0x1)
0   --O                                                                       (5 = 2.3%)
1   O                                                                         (0 = 0.0%) {2.3%}
2   ------------------------------------------------------------------------O (184 = 84.4%) {2.3%}
3   ... 
8   -O                                                                        (2 = 0.9%) {86.7%}
9   O                                                                         (0 = 0.0%) {87.6%}
10  -----------O                                                              (27 = 12.4%) {87.6%}
11  ... 

Histogram: HttpCache.PrefetchReuseTime recorded 218 samples, mean = 195075.4 (flags = 0x1)
0        ... 
27929    ----------------------------O                                             (28 = 12.8%) {0.0%}
37840    O                                                                         (0 = 0.0%) {12.8%}
51267    ---------------------O                                                    (21 = 9.6%) {12.8%}
69459    ---------------------O                                                    (21 = 9.6%) {22.5%}
94106    ---------------------O                                                    (21 = 9.6%) {32.1%}
127499   ----------------------O                                                   (22 = 10.1%) {41.7%}
172742   --------------------------------------------O                             (44 = 20.2%) {51.8%}
234039   -------------------------------------------------------O                  (55 = 25.2%) {72.0%}
317087   ... 
582049   -O                                                                        (1 = 0.5%) {97.2%}
788588   ... 
1447542  -----O                                                                    (5 = 2.3%) {97.7%}
1961199  ... 

Histogram: HttpCache.TotalDiskCacheTimePerTransaction.Read recorded 29 samples, mean = 0.0 (flags = 0x1)
0  -----------------------------O                                            (29 = 100.0%)
1  ... 

Histogram: HttpCache.TotalDiskCacheTimePerTransaction.Write recorded 245 samples, mean = 0.0 (flags = 0x1)
0  ------------------------------------------------------------------------O (244 = 99.6%)
1  O                                                                         (0 = 0.0%) {99.6%}
2  O                                                                         (1 = 0.4%) {99.6%}
3  ... 

Histogram: ImportantFile.SerializationDuration recorded 108 samples, mean = 0.0 (flags = 0x1)
0  ------------------------------------------------------------------------O (108 = 100.0%)
1  ... 

Histogram: ImportantFile.WriteDuration recorded 108 samples, mean = 31.6 (flags = 0x1)
0   ... 
2   -O                                                                        (1 = 0.9%) {0.0%}
3   -O                                                                        (1 = 0.9%) {0.9%}
4   ----------------------------------O                                       (34 = 31.5%) {1.9%}
5   -----O                                                                    (5 = 4.6%) {33.3%}
6   --O                                                                       (2 = 1.9%) {38.0%}
7   ... 
20  -O                                                                        (1 = 0.9%) {39.8%}
24  O                                                                         (0 = 0.0%) {40.7%}
29  ------------------------O                                                 (24 = 22.2%) {40.7%}
34  ... 
48  ---O                                                                      (3 = 2.8%) {63.0%}
57  -----------------------------------O                                      (35 = 32.4%) {65.7%}
68  --O                                                                       (2 = 1.9%) {98.1%}
81  ... 

Histogram: Memory.PartitionAlloc.MemoryReclaim recorded 1596 samples, mean = 123.5 (flags = 0x1)
0    ... 
49   O                                                                         (2 = 0.1%) {0.0%}
65   --------------O                                                           (128 = 8.0%) {0.1%}
86   ------------------------------------------------------------------------O (651 = 40.8%) {8.1%}
113  ----------------------------------------------------------------O         (575 = 36.0%) {48.9%}
149  ----------------O                                                         (141 = 8.8%) {85.0%}
196  -------O                                                                  (64 = 4.0%) {93.8%}
258  ---O                                                                      (24 = 1.5%) {97.8%}
340  -O                                                                        (9 = 0.6%) {99.3%}
448  O                                                                         (2 = 0.1%) {99.9%}
590  ... 

Histogram: Memory.PartitionAlloc.PeriodicPurge recorded 110 samples, mean = 15.1 (flags = 0x1)
0   ... 
7   -O                                                                        (1 = 0.9%) {0.0%}
9   ----O                                                                     (4 = 3.6%) {0.9%}
12  ----------------------------------------------------------------------O   (70 = 63.6%) {4.5%}
16  ------------------------------O                                           (30 = 27.3%) {68.2%}
21  ---O                                                                      (3 = 2.7%) {95.5%}
28  --O                                                                       (2 = 1.8%) {98.2%}
37  ... 

Histogram: Mojo.Channel.WriteMessageHandles recorded 3551 samples, mean = 0.1 (flags = 0x1)
0  ------------------------------------------------------------------------O (3308 = 93.2%)
1  -----O                                                                    (242 = 6.8%) {93.2%}
2  O                                                                         (1 = 0.0%) {100.0%}
3  ... 

Histogram: Mojo.Channel.WriteMessageLatency recorded 3551 samples, mean = 0.0 (flags = 0x1)
0  ------------------------------------------------------------------------O (3546 = 99.9%)
1  O                                                                         (4 = 0.1%) {99.9%}
2  O                                                                         (1 = 0.0%) {100.0%}
3  ... 

Histogram: Mojo.Channel.WriteMessageSize recorded 3551 samples, mean = 406.5 (flags = 0x1)
0     ... 
39    O                                                                         (4 = 0.1%) {0.0%}
49    -----------------------O                                                  (783 = 22.1%) {0.1%}
61    O                                                                         (1 = 0.0%) {22.2%}
76    O                                                                         (2 = 0.1%) {22.2%}
95    ------------------------------------------------------------------------O (2496 = 70.3%) {22.2%}
119   O                                                                         (0 = 0.0%) {92.5%}
149   O                                                                         (2 = 0.1%) {92.5%}
186   O                                                                         (0 = 0.0%) {92.6%}
233   O                                                                         (7 = 0.2%) {92.6%}
292   -O                                                                        (32 = 0.9%) {92.8%}
365   O                                                                         (2 = 0.1%) {93.7%}
457   ... 
716   O                                                                         (1 = 0.0%) {93.7%}
896   ... 
1757  O                                                                         (1 = 0.0%) {93.8%}
2199  ... 
4313  ------O                                                                   (216 = 6.1%) {93.8%}
5399  O                                                                         (2 = 0.1%) {99.9%}
6758  O                                                                         (2 = 0.1%) {99.9%}
8459  ... 

Histogram: Mojo.Channel.WriteReceiveMessageProcessType recorded 2 samples, mean = 9.0 (flags = 0x1)
0  ... 
9  --O                                                                       (2 = 100.0%) {0.0%}
10 ... 

Histogram: Mojo.Channel.WriteSendMessageProcessType recorded 1 samples, mean = 9.0 (flags = 0x1)
0  ... 
9  -O                                                                        (1 = 100.0%) {0.0%}
10 ... 

Histogram: NQE.Prefs.ReadCount recorded 2 samples, mean = 1.0 (flags = 0x1)
0  O                                                                         (0 = 0.0%)
1  --O                                                                       (2 = 100.0%) {0.0%}
2  O                                                                         (0 = 0.0%) {100.0%}

Histogram: NQE.Prefs.ReadSize recorded 1 samples, mean = 1.0 (flags = 0x1)
0  O                                                                         (0 = 0.0%)
1  -O                                                                        (1 = 100.0%) {0.0%}
2  ... 

Histogram: NQE.Prefs.WriteCount recorded 2 samples, mean = 1.0 (flags = 0x1)
0  O                                                                         (0 = 0.0%)
1  --O                                                                       (2 = 100.0%) {0.0%}
2  O                                                                         (0 = 0.0%) {100.0%}

Histogram: NQE.RTT.ObservationSource recorded 537 samples, mean = 1.4 (flags = 0x1)
0  --------O                                                                 (32 = 6.0%)
1  ------------------------------------------------------------------------O (286 = 53.3%) {6.0%}
2  ------------------------------------------------------O                   (213 = 39.7%) {59.2%}
3  O                                                                         (1 = 0.2%) {98.9%}
4  O                                                                         (1 = 0.2%) {99.1%}
5  O                                                                         (0 = 0.0%) {99.3%}
6  O                                                                         (1 = 0.2%) {99.3%}
7  O                                                                         (1 = 0.2%) {99.4%}
8  -O                                                                        (2 = 0.4%) {99.6%}
9  O                                                                         (0 = 0.0%) {100.0%}

Histogram: NQE.RTT.OnECTComputation recorded 308 samples, mean = 54.8 (flags = 0x1)
0    ... 
40   O                                                                         (1 = 0.3%) {0.0%}
48   ------------------------------------------------------------------------O (287 = 93.2%) {0.3%}
57   --O                                                                       (8 = 2.6%) {93.5%}
68   O                                                                         (0 = 0.0%) {96.1%}
81   --O                                                                       (8 = 2.6%) {96.1%}
96   ... 
160  -O                                                                        (4 = 1.3%) {98.7%}
190  ... 

Histogram: Net.AlternateProtocolUsage recorded 265 samples, mean = 0.7 (flags = 0x1)
0  ------------------------------------------------------------------------O (215 = 81.1%)
1  ---------O                                                                (27 = 10.2%) {81.1%}
2  ... 
7  --------O                                                                 (23 = 8.7%) {91.3%}
8  O                                                                         (0 = 0.0%) {100.0%}

Histogram: Net.AlternateProtocolUsageGoogle recorded 2 samples, mean = 1.0 (flags = 0x1)
0  O                                                                         (0 = 0.0%)
1  --O                                                                       (2 = 100.0%) {0.0%}
2  ... 

Histogram: Net.AlternativeServiceTypeForRequest recorded 268 samples, mean = 0.9 (flags = 0x1)
0  --------O                                                                 (26 = 9.7%)
1  ------------------------------------------------------------------------O (242 = 90.3%) {9.7%}
2  ... 

Histogram: Net.CertVerifier_First_Job_Latency recorded 1 samples, mean = 43.0 (flags = 0x1)
0   ... 
42  -O                                                                        (1 = 100.0%) {0.0%}
48  ... 

Histogram: Net.CertVerifier_Job_Latency recorded 11 samples, mean = 5.8 (flags = 0x1)
0   O                                                                         (0 = 0.0%)
1   -------O                                                                  (7 = 63.6%) {0.0%}
2   --O                                                                       (2 = 18.2%) {63.6%}
3   ... 
10  -O                                                                        (1 = 9.1%) {81.8%}
11  ... 
42  -O                                                                        (1 = 9.1%) {90.9%}
48  ... 

Histogram: Net.Certificate.IgnoreCertificateErrorsSPKIListPresent recorded 1 samples, mean = 0.0 (flags = 0x1)
0  -O                                                                        (1 = 100.0%)
1  ... 

Histogram: Net.Certificate.IgnoreErrors recorded 2 samples, mean = 0.0 (flags = 0x1)
0  --O                                                                       (2 = 100.0%)
1  ... 

Histogram: Net.Certificate.TrustAnchor.Request recorded 265 samples (flags = 0x1)
182  ---O                                                                      (9 = 3.4%)
210  ----O                                                                     (14 = 5.3%)
483  ------------------------------------------------------------------------O (240 = 90.6%)
486  -O                                                                        (2 = 0.8%)

Histogram: Net.CountOfQuicServerInfos recorded 1 samples, mean = 0.0 (flags = 0x1)
0  -O                                                                        (1 = 100.0%)
1  ... 

Histogram: Net.DNS.DnsConfig.Nsswitch.Compatible recorded 1 samples, mean = 0.0 (flags = 0x1)
0  -O                                                                        (1 = 100.0%)
1  ... 

Histogram: Net.DNS.DnsConfig.Nsswitch.HostsFound recorded 1 samples, mean = 1.0 (flags = 0x1)
0  O                                                                         (0 = 0.0%)
1  -O                                                                        (1 = 100.0%) {0.0%}
2  O                                                                         (0 = 0.0%) {100.0%}

Histogram: Net.DNS.DnsConfig.Nsswitch.IncompatibleService recorded 1 samples, mean = 0.0 (flags = 0x1)
0  -O                                                                        (1 = 100.0%)
1  ... 

Histogram: Net.DNS.DnsConfig.Nsswitch.Read recorded 1 samples, mean = 1.0 (flags = 0x1)
0  O                                                                         (0 = 0.0%)
1  -O                                                                        (1 = 100.0%) {0.0%}
2  O                                                                         (0 = 0.0%) {100.0%}

Histogram: Net.DNS.DnsConfig.Nsswitch.TooLarge recorded 1 samples, mean = 0.0 (flags = 0x1)
0  -O                                                                        (1 = 100.0%)
1  ... 

Histogram: Net.DNS.DnsConfig.Resolv.Compatible recorded 1 samples, mean = 1.0 (flags = 0x1)
0  O                                                                         (0 = 0.0%)
1  -O                                                                        (1 = 100.0%) {0.0%}
2  O                                                                         (0 = 0.0%) {100.0%}

Histogram: Net.DNS.DnsConfig.Resolv.Read recorded 1 samples, mean = 1.0 (flags = 0x1)
0  O                                                                         (0 = 0.0%)
1  -O                                                                        (1 = 100.0%) {0.0%}
2  O                                                                         (0 = 0.0%) {100.0%}

Histogram: Net.DNS.DnsConfig.Resolv.Valid recorded 1 samples, mean = 1.0 (flags = 0x1)
0  O                                                                         (0 = 0.0%)
1  -O                                                                        (1 = 100.0%) {0.0%}
2  O                                                                         (0 = 0.0%) {100.0%}

Histogram: Net.DNS.DnsHosts.Count recorded 1 samples, mean = 2.0 (flags = 0x1)
0  ... 
2  -O                                                                        (1 = 100.0%) {0.0%}
3  ... 

Histogram: Net.DNS.DnsHosts.EstimateMemoryUsage recorded 1 samples, mean = 160.0 (flags = 0x1)
0  -O                                                                        (1 = 100.0%)
1000... 

Histogram: Net.DNS.DnsHosts.FileSize recorded 1 samples, mean = 119.0 (flags = 0x1)
0    ... 
117  -O                                                                        (1 = 100.0%) {0.0%}
169  ... 

Histogram: Net.DNS.Request.TotalTime recorded 949 samples, mean = 0.2 (flags = 0x1)
0   ------------------------------------------------------------------------O (943 = 99.4%)
10  O                                                                         (0 = 0.0%) {99.4%}
12  O                                                                         (2 = 0.2%) {99.4%}
15  O                                                                         (0 = 0.0%) {99.6%}
18  O                                                                         (2 = 0.2%) {99.6%}
22  O                                                                         (0 = 0.0%) {99.8%}
27  O                                                                         (1 = 0.1%) {99.8%}
33  O                                                                         (1 = 0.1%) {99.9%}
41  ... 

Histogram: Net.DNS.Request.TotalTimeAsync recorded 34 samples, mean = 4.3 (flags = 0x1)
0   ----------------------------O                                             (28 = 82.4%)
10  O                                                                         (0 = 0.0%) {82.4%}
12  --O                                                                       (2 = 5.9%) {82.4%}
15  O                                                                         (0 = 0.0%) {88.2%}
18  --O                                                                       (2 = 5.9%) {88.2%}
22  O                                                                         (0 = 0.0%) {94.1%}
27  -O                                                                        (1 = 2.9%) {94.1%}
33  -O                                                                        (1 = 2.9%) {97.1%}
41  ... 

Histogram: Net.DNS.ResolveCategory recorded 30 samples, mean = 0.0 (flags = 0x1)
0  -----------------------------O                                            (29 = 96.7%)
1  -O                                                                        (1 = 3.3%) {96.7%}
2  ... 

Histogram: Net.DNS.ResolveError.Fast recorded 1 samples (flags = 0x1)
105  -O                                                                        (1 = 100.0%)

Histogram: Net.DNS.ResolveFailureTime recorded 1 samples, mean = 4.0 (flags = 0x1)
0  ... 
4  -O                                                                        (1 = 100.0%) {0.0%}
5  ... 

Histogram: Net.DNS.ResolveSuccessTime recorded 29 samples, mean = 4.4 (flags = 0x1)
0   --------------O                                                           (14 = 48.3%)
1   ----------O                                                               (10 = 34.5%) {48.3%}
2   ... 
14  -O                                                                        (1 = 3.4%) {82.8%}
16  O                                                                         (0 = 0.0%) {86.2%}
18  -O                                                                        (1 = 3.4%) {86.2%}
21  -O                                                                        (1 = 3.4%) {89.7%}
24  ... 
32  --O                                                                       (2 = 6.9%) {93.1%}
37  ... 

Histogram: Net.DNS.SecureDnsMode.Off.ResolveTime recorded 30 samples, mean = 4.4 (flags = 0x1)
0   --------------O                                                           (14 = 46.7%)
1   ----------O                                                               (10 = 33.3%) {46.7%}
2   ... 
4   -O                                                                        (1 = 3.3%) {80.0%}
5   ... 
13  -O                                                                        (1 = 3.3%) {83.3%}
16  -O                                                                        (1 = 3.3%) {86.7%}
20  -O                                                                        (1 = 3.3%) {90.0%}
25  O                                                                         (0 = 0.0%) {93.3%}
32  --O                                                                       (2 = 6.7%) {93.3%}
41  ... 

Histogram: Net.DNS.SystemTask.FailureTime recorded 1 samples, mean = 4.0 (flags = 0x1)
0  ... 
4  -O                                                                        (1 = 100.0%) {0.0%}
5  ... 

Histogram: Net.DNS.SystemTask.SuccessTime recorded 29 samples, mean = 4.4 (flags = 0x1)
0   --------------O                                                           (14 = 48.3%)
1   ----------O                                                               (10 = 34.5%) {48.3%}
2   ... 
14  -O                                                                        (1 = 3.4%) {82.8%}
16  O                                                                         (0 = 0.0%) {86.2%}
18  -O                                                                        (1 = 3.4%) {86.2%}
21  -O                                                                        (1 = 3.4%) {89.7%}
24  ... 
32  --O                                                                       (2 = 6.9%) {93.1%}
37  ... 

Histogram: Net.DNS.UpgradeConfig.Ineligible.DohSpecified recorded 1 samples, mean = 0.0 (flags = 0x1)
0  -O                                                                        (1 = 100.0%)
1  ... 

Histogram: Net.DNS.UpgradeConfig.Ineligible.UnhandledOptions recorded 1 samples, mean = 1.0 (flags = 0x1)
0  O                                                                         (0 = 0.0%)
1  -O                                                                        (1 = 100.0%) {0.0%}
2  O                                                                         (0 = 0.0%) {100.0%}

Histogram: Net.DNS_Resolution_And_TCP_Connection_Latency2 recorded 13 samples, mean = 28.3 (flags = 0x1)
0   O                                                                         (0 = 0.0%)
1   ---O                                                                      (3 = 23.1%) {0.0%}
2   --O                                                                       (2 = 15.4%) {23.1%}
3   ... 
12  --O                                                                       (2 = 15.4%) {38.5%}
14  ... 
48  -----O                                                                    (5 = 38.5%) {53.8%}
54  ... 
69  -O                                                                        (1 = 7.7%) {92.3%}
78  ... 

Histogram: Net.HttpJob.CanIncludeCookies recorded 457 samples, mean = 1.0 (flags = 0x1)
0  O                                                                         (0 = 0.0%)
1  ------------------------------------------------------------------------O (457 = 100.0%) {0.0%}
2  O                                                                         (0 = 0.0%) {100.0%}

Histogram: Net.HttpJob.MainJobWaitTimeWithoutAvailableSpdySession recorded 27 samples, mean = 29.0 (flags = 0x1)
0   ... 
20  --O                                                                       (2 = 7.4%) {0.0%}
24  ----------O                                                               (10 = 37.0%) {7.4%}
29  --------------O                                                           (14 = 51.9%) {44.4%}
34  -O                                                                        (1 = 3.7%) {96.3%}
40  ... 

Histogram: Net.HttpJob.PrefilterBytesRead recorded 457 samples, mean = 632.5 (flags = 0x1)
0      ------------------------------------------------------------------------O (221 = 48.4%)
1      O                                                                         (0 = 0.0%) {48.4%}
2      O                                                                         (1 = 0.2%) {48.4%}
3      ... 
13     ---O                                                                      (8 = 1.8%) {48.6%}
19     ... 
80     -O                                                                        (4 = 0.9%) {50.3%}
115    ... 
237    -O                                                                        (2 = 0.4%) {51.2%}
340    -O                                                                        (4 = 0.9%) {51.6%}
488    O                                                                         (0 = 0.0%) {52.5%}
700    ---------------------------------------------------------------------O    (212 = 46.4%) {52.5%}
1004   O                                                                         (0 = 0.0%) {98.9%}
1440   -O                                                                        (2 = 0.4%) {98.9%}
2065   O                                                                         (0 = 0.0%) {99.3%}
2961   O                                                                         (1 = 0.2%) {99.3%}
4246   ... 
17959  O                                                                         (1 = 0.2%) {99.6%}
25755  ... 
75961  O                                                                         (1 = 0.2%) {99.8%}
108935 ... 

Histogram: Net.HttpJob.PrefilterBytesRead.Cache recorded 190 samples, mean = 1399.8 (flags = 0x1)
0      ... 
2      O                                                                         (1 = 0.5%) {0.0%}
3      ... 
700    ------------------------------------------------------------------------O (184 = 96.8%) {0.5%}
1004   O                                                                         (0 = 0.0%) {97.4%}
1440   -O                                                                        (2 = 1.1%) {97.4%}
2065   O                                                                         (0 = 0.0%) {98.4%}
2961   O                                                                         (1 = 0.5%) {98.4%}
4246   ... 
17959  O                                                                         (1 = 0.5%) {98.9%}
25755  ... 
75961  O                                                                         (1 = 0.5%) {99.5%}
108935 ... 

Histogram: Net.HttpJob.PrefilterBytesRead.Net recorded 267 samples, mean = 86.4 (flags = 0x1)
0    ------------------------------------------------------------------------O (221 = 82.8%)
1    ... 
13   ---O                                                                      (8 = 3.0%) {82.8%}
19   ... 
80   -O                                                                        (4 = 1.5%) {85.8%}
115  ... 
237  -O                                                                        (2 = 0.7%) {87.3%}
340  -O                                                                        (4 = 1.5%) {88.0%}
488  O                                                                         (0 = 0.0%) {89.5%}
700  ---------O                                                                (28 = 10.5%) {89.5%}
1004 ... 

Histogram: Net.HttpJob.ProxyTypeFailed recorded 3 samples, mean = 2.0 (flags = 0x1)
0  ... 
2  ---O                                                                      (3 = 100.0%) {0.0%}
3  ... 

Histogram: Net.HttpJob.ProxyTypeSuccess recorded 264 samples, mean = 2.0 (flags = 0x1)
0  ... 
2  ------------------------------------------------------------------------O (264 = 100.0%) {0.0%}
3  ... 

Histogram: Net.HttpJob.TotalTime recorded 457 samples, mean = 25.6 (flags = 0x1)
0    ---------------------------------O                                        (92 = 20.1%)
1    -------------------------------O                                          (87 = 19.0%) {20.1%}
2    ---O                                                                      (8 = 1.8%) {39.2%}
3    O                                                                         (1 = 0.2%) {40.9%}
4    O                                                                         (1 = 0.2%) {41.1%}
5    O                                                                         (1 = 0.2%) {41.4%}
6    O                                                                         (0 = 0.0%) {41.6%}
7    O                                                                         (1 = 0.2%) {41.6%}
8    ... 
14   ------O                                                                   (16 = 3.5%) {41.8%}
17   ---O                                                                      (9 = 2.0%) {45.3%}
20   ... 
29   ---O                                                                      (8 = 1.8%) {47.3%}
34   ------------------------------------------------------------------------O (202 = 44.2%) {49.0%}
40   -O                                                                        (2 = 0.4%) {93.2%}
48   -O                                                                        (4 = 0.9%) {93.7%}
57   --O                                                                       (7 = 1.5%) {94.5%}
68   O                                                                         (0 = 0.0%) {96.1%}
81   -O                                                                        (2 = 0.4%) {96.1%}
96   -O                                                                        (3 = 0.7%) {96.5%}
114  O                                                                         (0 = 0.0%) {97.2%}
135  -O                                                                        (2 = 0.4%) {97.2%}
160  --O                                                                       (7 = 1.5%) {97.6%}
190  O                                                                         (1 = 0.2%) {99.1%}
226  O                                                                         (1 = 0.2%) {99.3%}
268  O                                                                         (1 = 0.2%) {99.6%}
318  O                                                                         (1 = 0.2%) {99.8%}
378  ... 

Histogram: Net.HttpJob.TotalTime.Secure.Quic recorded 2 samples, mean = 87.0 (flags = 0x1)
0   ... 
75  --O                                                                       (2 = 100.0%) {0.0%}
92  ... 

Histogram: Net.HttpJob.TotalTime.TLS13 recorded 18 samples, mean = 95.4 (flags = 0x1)
0    -O                                                                        (1 = 5.6%)
1    ----O                                                                     (4 = 22.2%) {5.6%}
2    ... 
7    -O                                                                        (1 = 5.6%) {27.8%}
8    ... 
29   -O                                                                        (1 = 5.6%) {33.3%}
34   --O                                                                       (2 = 11.1%) {38.9%}
40   -O                                                                        (1 = 5.6%) {50.0%}
48   ... 
135  --O                                                                       (2 = 11.1%) {55.6%}
160  ----O                                                                     (4 = 22.2%) {66.7%}
190  O                                                                         (0 = 0.0%) {88.9%}
226  -O                                                                        (1 = 5.6%) {88.9%}
268  -O                                                                        (1 = 5.6%) {94.4%}
318  ... 

Histogram: Net.HttpJob.TotalTime.TLS13.Google recorded 5 samples, mean = 0.8 (flags = 0x1)
0  -O                                                                        (1 = 20.0%)
1  ----O                                                                     (4 = 80.0%) {20.0%}
2  ... 

Histogram: Net.HttpJob.TotalTimeCached recorded 190 samples, mean = 2.3 (flags = 0x1)
0    ------------------------------------------------------------------------O (92 = 48.4%)
1    --------------------------------------------------------------------O     (87 = 45.8%) {48.4%}
2    ------O                                                                   (8 = 4.2%) {94.2%}
3    -O                                                                        (1 = 0.5%) {98.4%}
4    O                                                                         (0 = 0.0%) {98.9%}
5    -O                                                                        (1 = 0.5%) {98.9%}
6    ... 
318  -O                                                                        (1 = 0.5%) {99.5%}
378  ... 

Histogram: Net.HttpJob.TotalTimeCancel recorded 4 samples, mean = 77.2 (flags = 0x1)
0    ... 
4    -O                                                                        (1 = 25.0%) {0.0%}
5    ... 
57   --O                                                                       (2 = 50.0%) {25.0%}
68   ... 
160  -O                                                                        (1 = 25.0%) {75.0%}
190  ... 

Histogram: Net.HttpJob.TotalTimeNotCached recorded 267 samples, mean = 42.2 (flags = 0x1)
0    ... 
4    O                                                                         (1 = 0.4%) {0.0%}
5    ... 
7    O                                                                         (1 = 0.4%) {0.4%}
8    ... 
14   ------O                                                                   (16 = 6.0%) {0.7%}
17   ---O                                                                      (9 = 3.4%) {6.7%}
20   ... 
29   ---O                                                                      (8 = 3.0%) {10.1%}
34   ------------------------------------------------------------------------O (202 = 75.7%) {13.1%}
40   -O                                                                        (2 = 0.7%) {88.8%}
48   -O                                                                        (4 = 1.5%) {89.5%}
57   --O                                                                       (7 = 2.6%) {91.0%}
68   O                                                                         (0 = 0.0%) {93.6%}
81   -O                                                                        (2 = 0.7%) {93.6%}
96   -O                                                                        (3 = 1.1%) {94.4%}
114  O                                                                         (0 = 0.0%) {95.5%}
135  -O                                                                        (2 = 0.7%) {95.5%}
160  --O                                                                       (7 = 2.6%) {96.3%}
190  O                                                                         (1 = 0.4%) {98.9%}
226  O                                                                         (1 = 0.4%) {99.3%}
268  O                                                                         (1 = 0.4%) {99.6%}
318  ... 

Histogram: Net.HttpJob.TotalTimeNotCached.Secure.Quic recorded 2 samples, mean = 87.0 (flags = 0x1)
0   ... 
75  --O                                                                       (2 = 100.0%) {0.0%}
92  ... 

Histogram: Net.HttpJob.TotalTimeSuccess recorded 453 samples, mean = 25.2 (flags = 0x1)
0    ---------------------------------O                                        (92 = 20.3%)
1    -------------------------------O                                          (87 = 19.2%) {20.3%}
2    ---O                                                                      (8 = 1.8%) {39.5%}
3    O                                                                         (1 = 0.2%) {41.3%}
4    O                                                                         (0 = 0.0%) {41.5%}
5    O                                                                         (1 = 0.2%) {41.5%}
6    O                                                                         (0 = 0.0%) {41.7%}
7    O                                                                         (1 = 0.2%) {41.7%}
8    ... 
14   ------O                                                                   (16 = 3.5%) {41.9%}
17   ---O                                                                      (9 = 2.0%) {45.5%}
20   ... 
29   ---O                                                                      (8 = 1.8%) {47.5%}
34   ------------------------------------------------------------------------O (202 = 44.6%) {49.2%}
40   -O                                                                        (2 = 0.4%) {93.8%}
48   -O                                                                        (4 = 0.9%) {94.3%}
57   --O                                                                       (5 = 1.1%) {95.1%}
68   O                                                                         (0 = 0.0%) {96.2%}
81   -O                                                                        (2 = 0.4%) {96.2%}
96   -O                                                                        (3 = 0.7%) {96.7%}
114  O                                                                         (0 = 0.0%) {97.4%}
135  -O                                                                        (2 = 0.4%) {97.4%}
160  --O                                                                       (6 = 1.3%) {97.8%}
190  O                                                                         (1 = 0.2%) {99.1%}
226  O                                                                         (1 = 0.2%) {99.3%}
268  O                                                                         (1 = 0.2%) {99.6%}
318  O                                                                         (1 = 0.2%) {99.8%}
378  ... 

Histogram: Net.HttpJob.TotalTimeSuccess.Priority2 recorded 2 samples, mean = 0.5 (flags = 0x1)
0  -O                                                                        (1 = 50.0%)
1  -O                                                                        (1 = 50.0%) {50.0%}
2  ... 

Histogram: Net.HttpJob.TotalTimeSuccess.Priority4 recorded 448 samples, mean = 25.5 (flags = 0x1)
0    --------------------------------O                                         (91 = 20.3%)
1    ------------------------------O                                           (83 = 18.5%) {20.3%}
2    ---O                                                                      (8 = 1.8%) {38.8%}
3    O                                                                         (1 = 0.2%) {40.6%}
4    O                                                                         (0 = 0.0%) {40.8%}
5    O                                                                         (1 = 0.2%) {40.8%}
6    O                                                                         (0 = 0.0%) {41.1%}
7    O                                                                         (1 = 0.2%) {41.1%}
8    ... 
14   ------O                                                                   (16 = 3.6%) {41.3%}
17   ---O                                                                      (9 = 2.0%) {44.9%}
20   ... 
29   ---O                                                                      (8 = 1.8%) {46.9%}
34   ------------------------------------------------------------------------O (202 = 45.1%) {48.7%}
40   -O                                                                        (2 = 0.4%) {93.7%}
48   -O                                                                        (4 = 0.9%) {94.2%}
57   --O                                                                       (5 = 1.1%) {95.1%}
68   O                                                                         (0 = 0.0%) {96.2%}
81   -O                                                                        (2 = 0.4%) {96.2%}
96   -O                                                                        (3 = 0.7%) {96.7%}
114  O                                                                         (0 = 0.0%) {97.3%}
135  -O                                                                        (2 = 0.4%) {97.3%}
160  --O                                                                       (6 = 1.3%) {97.8%}
190  O                                                                         (1 = 0.2%) {99.1%}
226  O                                                                         (1 = 0.2%) {99.3%}
268  O                                                                         (1 = 0.2%) {99.6%}
318  O                                                                         (1 = 0.2%) {99.8%}
378  ... 

Histogram: Net.HttpJob.TotalTimeSuccess.Priority5 recorded 3 samples, mean = 1.0 (flags = 0x1)
0  O                                                                         (0 = 0.0%)
1  ---O                                                                      (3 = 100.0%) {0.0%}
2  ... 

Histogram: Net.HttpResponseCode recorded 265 samples, mean = 283.9 (flags = 0x1)
0    ... 
101  O                                                                         (1 = 0.4%) {0.0%}
102  ... 
200  ----------------O                                                         (46 = 17.4%) {0.4%}
201  ... 
204  -O                                                                        (2 = 0.8%) {17.7%}
205  ... 
302  ------------------------------------------------------------------------O (212 = 80.0%) {18.5%}
303  O                                                                         (0 = 0.0%) {98.5%}
304  O                                                                         (1 = 0.4%) {98.5%}
305  ... 
401  -O                                                                        (3 = 1.1%) {98.9%}
402  ... 

Histogram: Net.HttpServerProperties.CountOfServers recorded 1 samples, mean = 9.0 (flags = 0x1)
0  ... 
9  -O                                                                        (1 = 100.0%) {0.0%}
12 ... 

Histogram: Net.HttpTimeToFirstByte recorded 457 samples, mean = 25.3 (flags = 0x1)
0    ------------------------------------------------------------------O       (191 = 41.8%)
10   O                                                                         (0 = 0.0%) {41.8%}
12   ---O                                                                      (10 = 2.2%) {41.8%}
15   -----O                                                                    (15 = 3.3%) {44.0%}
18   ... 
27   -O                                                                        (2 = 0.4%) {47.3%}
33   ------------------------------------------------------------------------O (209 = 45.7%) {47.7%}
41   -O                                                                        (2 = 0.4%) {93.4%}
50   ---O                                                                      (9 = 2.0%) {93.9%}
61   O                                                                         (1 = 0.2%) {95.8%}
75   -O                                                                        (2 = 0.4%) {96.1%}
92   -O                                                                        (3 = 0.7%) {96.5%}
113  O                                                                         (0 = 0.0%) {97.2%}
139  -O                                                                        (4 = 0.9%) {97.2%}
171  --O                                                                       (5 = 1.1%) {98.0%}
210  O                                                                         (1 = 0.2%) {99.1%}
258  -O                                                                        (2 = 0.4%) {99.3%}
317  O                                                                         (1 = 0.2%) {99.8%}
389  ... 

Histogram: Net.HttpTimeToFirstByte.TLS13 recorded 18 samples, mean = 94.3 (flags = 0x1)
0    -----O                                                                    (5 = 27.8%)
1    ... 
5    -O                                                                        (1 = 5.6%) {27.8%}
6    ... 
32   ----O                                                                     (4 = 22.2%) {33.3%}
41   ... 
136  ----O                                                                     (4 = 22.2%) {55.6%}
173  --O                                                                       (2 = 11.1%) {77.8%}
220  --O                                                                       (2 = 11.1%) {88.9%}
280  ... 

Histogram: Net.HttpTimeToFirstByte.TLS13.Google recorded 5 samples, mean = 0.0 (flags = 0x1)
0  -----O                                                                    (5 = 100.0%)
1  ... 

Histogram: Net.NumQuicSessionsAtShutdown recorded 2 samples, mean = 0.5 (flags = 0x1)
0  -O                                                                        (1 = 50.0%)
1  -O                                                                        (1 = 50.0%) {50.0%}
2  ... 

Histogram: Net.QuicActiveSessions recorded 213 samples, mean = 0.0 (flags = 0x1)
0  ------------------------------------------------------------------------O (213 = 100.0%)
1  ... 

Histogram: Net.QuicChromiumClientStream.HandleOnCloseConnectionError recorded 242 samples (flags = 0x1)
0  ------------------------------------------------------------------------O (242 = 100.0%)

Histogram: Net.QuicChromiumClientStream.HandleOnCloseNetError recorded 242 samples (flags = 0x1)
100  ----------O                                                               (30 = 12.4%)
356  ------------------------------------------------------------------------O (212 = 87.6%)

Histogram: Net.QuicChromiumClientStream.HandleOnCloseStreamError recorded 242 samples (flags = 0x1)
0  ----------O                                                               (30 = 12.4%)
6  ------------------------------------------------------------------------O (212 = 87.6%)

Histogram: Net.QuicConnection.WritePacketStatus recorded 2016 samples, mean = 0.0 (flags = 0x1)
0  ------------------------------------------------------------------------O (2016 = 100.0%)
1  ... 

Histogram: Net.QuicCryptoClientConfig.PopulatedFromCanonicalConfig recorded 2 samples, mean = 0.0 (flags = 0x1)
0  --O                                                                       (2 = 100.0%)
1  ... 

Histogram: Net.QuicDroppedPacketReason recorded 4 samples, mean = 6.0 (flags = 0x1)
0  ... 
6  ----O                                                                     (4 = 100.0%) {0.0%}
7  O                                                                         (0 = 0.0%) {100.0%}

Histogram: Net.QuicHandshakeState recorded 639 samples, mean = 1.0 (flags = 0x1)
0  ------------------------------------------------------------------------O (213 = 33.3%)
1  ------------------------------------------------------------------------O (213 = 33.3%) {33.3%}
2  ------------------------------------------------------------------------O (213 = 33.3%) {66.7%}
3  ... 

Histogram: Net.QuicHttpStream.ProcessResponseHeaderSuccess recorded 242 samples, mean = 1.0 (flags = 0x1)
0  O                                                                         (0 = 0.0%)
1  ------------------------------------------------------------------------O (242 = 100.0%) {0.0%}
2  O                                                                         (0 = 0.0%) {100.0%}

Histogram: Net.QuicSession.AbortedPendingStreamRequests recorded 213 samples, mean = 0.0 (flags = 0x1)
0  ------------------------------------------------------------------------O (213 = 100.0%)
1  ... 

Histogram: Net.QuicSession.AcceptChForOrigin recorded 242 samples, mean = 0.0 (flags = 0x1)
0  ------------------------------------------------------------------------O (240 = 99.2%)
1  -O                                                                        (2 = 0.8%) {99.2%}
2  O                                                                         (0 = 0.0%) {100.0%}

Histogram: Net.QuicSession.AcceptChFrameReceivedViaAlps recorded 213 samples, mean = 2.0 (flags = 0x1)
0  O                                                                         (0 = 0.0%)
1  O                                                                         (1 = 0.5%) {0.0%}
2  ------------------------------------------------------------------------O (212 = 99.5%) {0.5%}
3  ... 

Histogram: Net.QuicSession.AsyncRead recorded 2421 samples, mean = 0.7 (flags = 0x1)
0  -------------------------------O                                          (733 = 30.3%)
1  ------------------------------------------------------------------------O (1688 = 69.7%) {30.3%}
2  O                                                                         (0 = 0.0%) {100.0%}

Histogram: Net.QuicSession.BlockedFrames.Received recorded 213 samples, mean = 0.0 (flags = 0x1)
0  ------------------------------------------------------------------------O (213 = 100.0%)
1  ... 

Histogram: Net.QuicSession.BlockedFrames.Sent recorded 213 samples, mean = 0.0 (flags = 0x1)
0  ------------------------------------------------------------------------O (213 = 100.0%)
1  ... 

Histogram: Net.QuicSession.CertVerificationResult recorded 213 samples (flags = 0x1)
0  ------------------------------------------------------------------------O (213 = 100.0%)

Histogram: Net.QuicSession.ClientSideMtu recorded 213 samples (flags = 0x1)
1250  ------------------------------------------------------------------------O (213 = 100.0%)

Histogram: Net.QuicSession.CloseAllSessionsError recorded 2 samples (flags = 0x1)
3  --O                                                                       (2 = 100.0%)

Histogram: Net.QuicSession.CloseSessionOnError recorded 1 samples (flags = 0x1)
3  -O                                                                        (1 = 100.0%)

Histogram: Net.QuicSession.ClosedDuringInitializeSession recorded 213 samples, mean = 0.0 (flags = 0x1)
0  ------------------------------------------------------------------------O (213 = 100.0%)
1  ... 

Histogram: Net.QuicSession.CoalesceStreamFrameStatus recorded 1609 samples, mean = 0.3 (flags = 0x1)
0  ------------------------------------------------------------------------O (1183 = 73.5%)
1  --------------------------O                                               (426 = 26.5%) {73.5%}
2  O                                                                         (0 = 0.0%) {100.0%}

Histogram: Net.QuicSession.ConnectRandomPortForHTTPS recorded 213 samples, mean = 0.0 (flags = 0x1)
0  ------------------------------------------------------------------------O (213 = 100.0%)
1  ... 

Histogram: Net.QuicSession.ConnectionClose.NumOpenStreams.TimedOut recorded 212 samples, mean = 0.0 (flags = 0x1)
0  ------------------------------------------------------------------------O (212 = 100.0%)
1  ... 

Histogram: Net.QuicSession.ConnectionCloseErrorCodeClient recorded 213 samples (flags = 0x1)
25  ------------------------------------------------------------------------O (212 = 99.5%)
70  O                                                                         (1 = 0.5%)

Histogram: Net.QuicSession.ConnectionCloseErrorCodeClient.HandshakeConfirmed recorded 213 samples (flags = 0x1)
25  ------------------------------------------------------------------------O (212 = 99.5%)
70  O                                                                         (1 = 0.5%)

Histogram: Net.QuicSession.ConnectionCloseErrorCodeClientGoogle recorded 1 samples (flags = 0x1)
25  -O                                                                        (1 = 100.0%)

Histogram: Net.QuicSession.ConnectionCloseErrorCodeClientGoogle.HandshakeConfirmed recorded 1 samples (flags = 0x1)
25  -O                                                                        (1 = 100.0%)

Histogram: Net.QuicSession.ConnectionDuration recorded 213 samples, mean = 29025.3 (flags = 0x1)
0      ... 
20585  O                                                                         (1 = 0.5%) {0.0%}
23760  O                                                                         (0 = 0.0%) {0.5%}
27425  ------------------------------------------------------------------------O (212 = 99.5%) {0.5%}
31655  ... 

Histogram: Net.QuicSession.ConnectionFlowControlBlocked recorded 1 samples, mean = 1.0 (flags = 0x1)
0  O                                                                         (0 = 0.0%)
1  -O                                                                        (1 = 100.0%) {0.0%}
2  O                                                                         (0 = 0.0%) {100.0%}

Histogram: Net.QuicSession.ConnectionIpPooled recorded 241 samples, mean = 0.1 (flags = 0x1)
0  ------------------------------------------------------------------------O (213 = 88.4%)
1  ---------O                                                                (28 = 11.6%) {88.4%}
2  O                                                                         (0 = 0.0%) {100.0%}

Histogram: Net.QuicSession.ConnectionTypeFromSelf recorded 213 samples, mean = 1.0 (flags = 0x1)
0  O                                                                         (0 = 0.0%)
1  ------------------------------------------------------------------------O (213 = 100.0%) {0.0%}
2  O                                                                         (0 = 0.0%) {100.0%}

Histogram: Net.QuicSession.CryptoRetransmitCount.HandshakeConfirmed recorded 213 samples, mean = 0.0 (flags = 0x1)
0  ------------------------------------------------------------------------O (211 = 99.1%)
1  -O                                                                        (2 = 0.9%) {99.1%}
2  ... 

Histogram: Net.QuicSession.DuplicatePacketsReceived recorded 213 samples, mean = 0.0 (flags = 0x1)
0  ------------------------------------------------------------------------O (213 = 100.0%)
1  ... 

Histogram: Net.QuicSession.EncryptionEstablishedTime recorded 213 samples, mean = 0.8 (flags = 0x1)
0   ------------------------------------------------------------------------O (203 = 95.3%)
1   O                                                                         (1 = 0.5%) {95.3%}
2   -O                                                                        (4 = 1.9%) {95.8%}
3   ... 
20  -O                                                                        (3 = 1.4%) {97.7%}
24  O                                                                         (0 = 0.0%) {99.1%}
29  O                                                                         (1 = 0.5%) {99.1%}
34  ... 
57  O                                                                         (1 = 0.5%) {99.5%}
68  ... 

Histogram: Net.QuicSession.FinchConfigIsValid recorded 2 samples, mean = 1.0 (flags = 0x1)
0  O                                                                         (0 = 0.0%)
1  --O                                                                       (2 = 100.0%) {0.0%}
2  O                                                                         (0 = 0.0%) {100.0%}

Histogram: Net.QuicSession.FreshDnsResolutionTime recorded 241 samples, mean = 0.4 (flags = 0x1)
0   ------------------------------------------------------------------------O (233 = 96.7%)
1   --O                                                                       (5 = 2.1%) {96.7%}
2   ... 
17  O                                                                         (1 = 0.4%) {98.8%}
20  ... 
29  O                                                                         (1 = 0.4%) {99.2%}
34  O                                                                         (1 = 0.4%) {99.6%}
40  ... 

Histogram: Net.QuicSession.HandshakeConfirmedTime recorded 213 samples, mean = 21.9 (flags = 0x1)
0   ... 
17  O                                                                         (1 = 0.5%) {0.0%}
20  ------------------------------------------------------------------------O (201 = 94.4%) {0.5%}
24  -O                                                                        (4 = 1.9%) {94.8%}
29  O                                                                         (1 = 0.5%) {96.7%}
34  O                                                                         (0 = 0.0%) {97.2%}
40  -O                                                                        (4 = 1.9%) {97.2%}
48  O                                                                         (0 = 0.0%) {99.1%}
57  O                                                                         (1 = 0.5%) {99.1%}
68  O                                                                         (0 = 0.0%) {99.5%}
81  O                                                                         (1 = 0.5%) {99.5%}
96  ... 

Histogram: Net.QuicSession.HeaderCompressionRatioQpackReceived recorded 242 samples, mean = 3.6 (flags = 0x1)
0  O                                                                         (0 = 0.0%)
1  ----------O                                                               (28 = 11.6%) {0.0%}
2  -O                                                                        (2 = 0.8%) {11.6%}
3  O                                                                         (0 = 0.0%) {12.4%}
4  ------------------------------------------------------------------------O (212 = 87.6%) {12.4%}
5  ... 

Histogram: Net.QuicSession.HeaderCompressionRatioQpackSent recorded 242 samples, mean = 58.9 (flags = 0x1)
0   ... 
6   ----------O                                                               (28 = 11.6%) {0.0%}
7   ... 
25  O                                                                         (1 = 0.4%) {11.6%}
26  ... 
66  ------------------------------------------------------------------------O (212 = 87.6%) {12.0%}
67  O                                                                         (0 = 0.0%) {99.6%}
68  O                                                                         (1 = 0.4%) {99.6%}
69  ... 

Histogram: Net.QuicSession.HostResolution.HandshakeConfirmedTime recorded 213 samples, mean = 22.1 (flags = 0x1)
0   ... 
20  ------------------------------------------------------------------------O (201 = 94.4%) {0.0%}
24  --O                                                                       (5 = 2.3%) {94.4%}
29  O                                                                         (1 = 0.5%) {96.7%}
34  O                                                                         (0 = 0.0%) {97.2%}
40  -O                                                                        (4 = 1.9%) {97.2%}
48  O                                                                         (0 = 0.0%) {99.1%}
57  O                                                                         (1 = 0.5%) {99.1%}
68  O                                                                         (0 = 0.0%) {99.5%}
81  O                                                                         (1 = 0.5%) {99.5%}
96  ... 

Histogram: Net.QuicSession.IncorrectConnectionIDsReceived recorded 213 samples, mean = 0.0 (flags = 0x1)
0  ------------------------------------------------------------------------O (213 = 100.0%)
1  ... 

Histogram: Net.QuicSession.InitialRttEsitmateSource recorded 213 samples, mean = 1.0 (flags = 0x1)
0  O                                                                         (0 = 0.0%)
1  ------------------------------------------------------------------------O (213 = 100.0%) {0.0%}
2  ... 

Histogram: Net.QuicSession.KeyUpdate.PerConnection2 recorded 213 samples, mean = 0.0 (flags = 0x1)
0  ------------------------------------------------------------------------O (213 = 100.0%)
1  ... 

Histogram: Net.QuicSession.KeyUpdate.PotentialPeerKeyUpdateAttemptCount recorded 213 samples, mean = 0.0 (flags = 0x1)
0  ------------------------------------------------------------------------O (213 = 100.0%)
1  ... 

Histogram: Net.QuicSession.MaxConsecutiveRtoWithForwardProgress recorded 213 samples, mean = 0.0 (flags = 0x1)
0  ------------------------------------------------------------------------O (211 = 99.1%)
1  -O                                                                        (2 = 0.9%) {99.1%}
2  ... 

Histogram: Net.QuicSession.MinRTT recorded 213 samples, mean = 13.0 (flags = 0x1)
0   ... 
12  ------------------------------------------------------------------------O (200 = 93.9%) {0.0%}
14  -----O                                                                    (13 = 6.1%) {93.9%}
17  ... 

Histogram: Net.QuicSession.MtuProbesSent recorded 213 samples, mean = 0.0 (flags = 0x1)
0  ------------------------------------------------------------------------O (213 = 100.0%)
1  ... 

Histogram: Net.QuicSession.NumMigrations recorded 213 samples, mean = 0.0 (flags = 0x1)
0  ------------------------------------------------------------------------O (213 = 100.0%)
1  ... 

Histogram: Net.QuicSession.NumOpenStreams recorded 242 samples, mean = 1.0 (flags = 0x1)
0  O                                                                         (0 = 0.0%)
1  ------------------------------------------------------------------------O (241 = 99.6%) {0.0%}
2  O                                                                         (1 = 0.4%) {99.6%}
3  ... 

Histogram: Net.QuicSession.NumPingsSent recorded 213 samples, mean = 0.0 (flags = 0x1)
0  ------------------------------------------------------------------------O (212 = 99.5%)
1  O                                                                         (1 = 0.5%) {99.5%}
2  ... 

Histogram: Net.QuicSession.NumQueuedPacketsBeforeWrite recorded 2209 samples, mean = 0.0 (flags = 0x1)
0  ------------------------------------------------------------------------O (2209 = 100.0%)
1  ... 

Histogram: Net.QuicSession.NumTotalStreams recorded 213 samples, mean = 1.1 (flags = 0x1)
0  O                                                                         (0 = 0.0%)
1  ------------------------------------------------------------------------O (184 = 86.4%) {0.0%}
2  -----------O                                                              (29 = 13.6%) {86.4%}
3  ... 

Histogram: Net.QuicSession.OutOfOrderGapReceived recorded 1 samples, mean = 1.0 (flags = 0x1)
0  O                                                                         (0 = 0.0%)
1  -O                                                                        (1 = 100.0%) {0.0%}
2  ... 

Histogram: Net.QuicSession.OutOfOrderLargePacketsReceived recorded 213 samples, mean = 0.0 (flags = 0x1)
0  ------------------------------------------------------------------------O (213 = 100.0%)
1  ... 

Histogram: Net.QuicSession.OutOfOrderPacketsReceived recorded 213 samples, mean = 0.0 (flags = 0x1)
0  ------------------------------------------------------------------------O (212 = 99.5%)
1  O                                                                         (1 = 0.5%) {99.5%}
2  ... 

Histogram: Net.QuicSession.PacketGapReceived recorded 1 samples, mean = 1.0 (flags = 0x1)
0  O                                                                         (0 = 0.0%)
1  -O                                                                        (1 = 100.0%) {0.0%}
2  ... 

Histogram: Net.QuicSession.PacketGapReceivedNearPing recorded 1 samples, mean = 2.0 (flags = 0x1)
0  ... 
2  -O                                                                        (1 = 100.0%) {0.0%}
3  ... 

Histogram: Net.QuicSession.PacketWriteTime.Synchronous recorded 2013 samples, mean = 0.0 (flags = 0x1)
0  ------------------------------------------------------------------------O (2012 = 100.0%)
1  O                                                                         (0 = 0.0%) {100.0%}
2  O                                                                         (1 = 0.0%) {100.0%}
3  ... 

Histogram: Net.QuicSession.PreferAesGcm recorded 1 samples, mean = 1.0 (flags = 0x1)
0  O                                                                         (0 = 0.0%)
1  -O                                                                        (1 = 100.0%) {0.0%}
2  O                                                                         (0 = 0.0%) {100.0%}

Histogram: Net.QuicSession.Pushed recorded 213 samples, mean = 0.0 (flags = 0x1)
0  ------------------------------------------------------------------------O (213 = 100.0%)
1  ... 

Histogram: Net.QuicSession.PushedAndClaimed recorded 213 samples, mean = 0.0 (flags = 0x1)
0  ------------------------------------------------------------------------O (213 = 100.0%)
1  ... 

Histogram: Net.QuicSession.PushedAndUnclaimedBytes recorded 213 samples, mean = 0.0 (flags = 0x1)
0  ------------------------------------------------------------------------O (213 = 100.0%)
1  ... 

Histogram: Net.QuicSession.PushedBytes recorded 213 samples, mean = 0.0 (flags = 0x1)
0  ------------------------------------------------------------------------O (213 = 100.0%)
1  ... 

Histogram: Net.QuicSession.Qpack.HeaderListCountWhenInsertionNotBlocked recorded 242 samples, mean = 1.1 (flags = 0x1)
0  O                                                                         (0 = 0.0%)
1  ------------------------------------------------------------------------O (213 = 88.0%) {0.0%}
2  ----------O                                                               (29 = 12.0%) {88.0%}
3  ... 

Histogram: Net.QuicSession.Qpack.HeaderListCountWhenNotBlockedStreamLimited recorded 242 samples, mean = 1.1 (flags = 0x1)
0  O                                                                         (0 = 0.0%)
1  ------------------------------------------------------------------------O (213 = 88.0%) {0.0%}
2  ----------O                                                               (29 = 12.0%) {88.0%}
3  ... 

Histogram: Net.QuicSession.QuicVersion recorded 213 samples (flags = 0x1)
80  ------------------------------------------------------------------------O (213 = 100.0%)

Histogram: Net.QuicSession.ReceivedSettings.BlockedStreams recorded 213 samples, mean = 100.0 (flags = 0x1)
0   ... 
95  ------------------------------------------------------------------------O (213 = 100.0%) {0.0%}
107 ... 

Histogram: Net.QuicSession.ReceivedSettings.CountPlusOne recorded 213 samples, mean = 7.0 (flags = 0x1)
0  ... 
7  ------------------------------------------------------------------------O (213 = 100.0%) {0.0%}
8  ... 

Histogram: Net.QuicSession.ReceivedSettings.EnableExtendedConnect recorded 213 samples, mean = 1.0 (flags = 0x1)
0  O                                                                         (0 = 0.0%)
1  ------------------------------------------------------------------------O (213 = 100.0%) {0.0%}
2  O                                                                         (0 = 0.0%) {100.0%}

Histogram: Net.QuicSession.ReceivedSettings.MaxHeaderListSize2 recorded 213 samples, mean = 65536.0 (flags = 0x1)
0      ... 
63662  ------------------------------------------------------------------------O (213 = 100.0%) {0.0%}
83848  ... 

Histogram: Net.QuicSession.ReceivedSettings.MaxTableCapacity2 recorded 213 samples, mean = 65536.0 (flags = 0x1)
0      ... 
63662  ------------------------------------------------------------------------O (213 = 100.0%) {0.0%}
83848  ... 

Histogram: Net.QuicSession.ReceivedSettings.ReservedCountPlusOne recorded 213 samples, mean = 2.0 (flags = 0x1)
0  ... 
2  ------------------------------------------------------------------------O (213 = 100.0%) {0.0%}
3  ... 

Histogram: Net.QuicSession.RstStreamErrorCodeClient recorded 212 samples (flags = 0x1)
6  ------------------------------------------------------------------------O (212 = 100.0%)

Histogram: Net.QuicSession.RstStreamErrorCodeServer recorded 2 samples (flags = 0x1)
6  --O                                                                       (2 = 100.0%)

Histogram: Net.QuicSession.SendPacketSize.0RTT recorded 422 samples, mean = 206.8 (flags = 0x1)
0    ... 
68   -------------------O                                                      (55 = 13.0%) {0.0%}
77   -----------------------------------------------------O                    (156 = 37.0%) {13.0%}
87   ... 
314  ------------------------------------------------------------------------O (211 = 50.0%) {50.0%}
357  ... 

Histogram: Net.QuicSession.SendPacketSize.ForwardSecure recorded 1155 samples, mean = 34.7 (flags = 0x1)
0    ... 
28   ------------------------------------------------------------------------O (634 = 54.9%) {0.0%}
32   -------------------------------------------------------O                  (485 = 42.0%) {54.9%}
36   O                                                                         (2 = 0.2%) {96.9%}
41   O                                                                         (0 = 0.0%) {97.1%}
47   O                                                                         (1 = 0.1%) {97.1%}
53   ... 
68   O                                                                         (2 = 0.2%) {97.1%}
77   ---O                                                                      (28 = 2.4%) {97.3%}
87   ... 
214  O                                                                         (1 = 0.1%) {99.7%}
243  ... 
314  O                                                                         (1 = 0.1%) {99.8%}
357  ... 
461  O                                                                         (1 = 0.1%) {99.9%}
524  ... 

Histogram: Net.QuicSession.SendPacketSize.Handshake recorded 220 samples, mean = 76.8 (flags = 0x1)
0   ... 
36  --O                                                                       (7 = 3.2%) {0.0%}
41  ... 
68  -O                                                                        (3 = 1.4%) {3.2%}
77  ------------------------------------------------------------------------O (210 = 95.5%) {4.5%}
87  ... 

Histogram: Net.QuicSession.SendPacketSize.Initial recorded 219 samples, mean = 831.3 (flags = 0x1)
0    ... 
41   -O                                                                        (2 = 0.9%) {0.0%}
47   ... 
99   -O                                                                        (3 = 1.4%) {0.9%}
113  ... 
276  O                                                                         (1 = 0.5%) {2.3%}
314  O                                                                         (1 = 0.5%) {2.7%}
357  ... 
768  ------------------------------------------------------------------------O (212 = 96.8%) {3.2%}
872  ... 

Histogram: Net.QuicSession.ServerSideMtu recorded 213 samples (flags = 0x1)
1250  ------------------------------------------------------------------------O (213 = 100.0%)

Histogram: Net.QuicSession.SmoothedRTT recorded 213 samples, mean = 19.2 (flags = 0x1)
0   ... 
12  O                                                                         (1 = 0.5%) {0.0%}
14  O                                                                         (1 = 0.5%) {0.5%}
17  ------------------------------------------------------------------------O (151 = 70.9%) {0.9%}
20  ----------------------------O                                             (58 = 27.2%) {71.8%}
24  -O                                                                        (2 = 0.9%) {99.1%}
29  ... 

Histogram: Net.QuicSession.StopSendingErrorCodeClient recorded 212 samples (flags = 0x1)
6  ------------------------------------------------------------------------O (212 = 100.0%)

Histogram: Net.QuicSession.StreamCloseErrorCodeClient.HandshakeConfirmed recorded 0 samples (flags = 0x1)

Histogram: Net.QuicSession.StreamFlowControlBlocked recorded 1 samples, mean = 1.0 (flags = 0x1)
0  O                                                                         (0 = 0.0%)
1  -O                                                                        (1 = 100.0%) {0.0%}
2  O                                                                         (0 = 0.0%) {100.0%}

Histogram: Net.QuicSession.StreamFrameDuplicatedShortConnection recorded 213 samples, mean = 0.0 (flags = 0x1)
0  ------------------------------------------------------------------------O (213 = 100.0%)
1  ... 

Histogram: Net.QuicSession.TimeFromResolveHostToConfirmConnection recorded 213 samples, mean = 0.8 (flags = 0x1)
0   ------------------------------------------------------------------------O (201 = 94.4%)
1   -O                                                                        (2 = 0.9%) {94.4%}
2   --O                                                                       (5 = 2.3%) {95.3%}
3   ... 
20  -O                                                                        (2 = 0.9%) {97.7%}
24  O                                                                         (1 = 0.5%) {98.6%}
29  O                                                                         (1 = 0.5%) {99.1%}
34  ... 
57  O                                                                         (1 = 0.5%) {99.5%}
68  ... 

Histogram: Net.QuicSession.TooManyOpenStreams recorded 242 samples, mean = 0.0 (flags = 0x1)
0  ------------------------------------------------------------------------O (242 = 100.0%)
1  ... 

Histogram: Net.QuicSession.TooSmallInitialSentPacket recorded 219 samples, mean = 368.7 (flags = 0x1)
0     ... 
307   ------------------------------------------------------------------------O (129 = 58.9%) {0.0%}
348   ----------------------------------------------O                           (83 = 37.9%) {58.9%}
394   ... 
827   -O                                                                        (2 = 0.9%) {96.8%}
936   O                                                                         (0 = 0.0%) {97.7%}
1060  ---O                                                                      (5 = 2.3%) {97.7%}
1200  O                                                                         (0 = 0.0%) {100.0%}

Histogram: Net.QuicSession.UndecryptablePacketsReceived recorded 213 samples, mean = 0.0 (flags = 0x1)
0  ------------------------------------------------------------------------O (211 = 99.1%)
1  O                                                                         (0 = 0.0%) {99.1%}
2  -O                                                                        (2 = 0.9%) {99.1%}
3  ... 

Histogram: Net.QuicSession.UndecryptablePacketsReceivedWithDecrypter recorded 213 samples, mean = 0.0 (flags = 0x1)
0  ------------------------------------------------------------------------O (213 = 100.0%)
1  ... 

Histogram: Net.QuicSession.ValidConnectionTime recorded 213 samples, mean = 0.8 (flags = 0x1)
0   ------------------------------------------------------------------------O (201 = 94.4%)
1   -O                                                                        (2 = 0.9%) {94.4%}
2   --O                                                                       (5 = 2.3%) {95.3%}
3   ... 
20  -O                                                                        (3 = 1.4%) {97.7%}
24  O                                                                         (0 = 0.0%) {99.1%}
29  O                                                                         (1 = 0.5%) {99.1%}
34  ... 
57  O                                                                         (1 = 0.5%) {99.5%}
68  ... 

Histogram: Net.QuicSession.VerifyProofTime recorded 213 samples, mean = 0.2 (flags = 0x1)
0   ------------------------------------------------------------------------O (208 = 97.7%)
1   O                                                                         (0 = 0.0%) {97.7%}
2   -O                                                                        (4 = 1.9%) {97.7%}
3   ... 
40  O                                                                         (1 = 0.5%) {99.5%}
48  ... 

Histogram: Net.QuicSession.ZeroRttReason recorded 213 samples, mean = 2.0 (flags = 0x1)
0  ... 
2  ------------------------------------------------------------------------O (211 = 99.1%) {0.0%}
3  ... 
5  -O                                                                        (2 = 0.9%) {99.1%}
6  ... 

Histogram: Net.QuicSession.ZeroRttReasonGoogle recorded 1 samples, mean = 5.0 (flags = 0x1)
0  ... 
5  -O                                                                        (1 = 100.0%) {0.0%}
6  ... 

Histogram: Net.QuicSession.ZeroRttReasonNonGoogle recorded 212 samples, mean = 2.0 (flags = 0x1)
0  ... 
2  ------------------------------------------------------------------------O (211 = 99.5%) {0.0%}
3  ... 
5  O                                                                         (1 = 0.5%) {99.5%}
6  ... 

Histogram: Net.QuicSession.ZeroRttState recorded 213 samples, mean = 0.0 (flags = 0x1)
0  ------------------------------------------------------------------------O (211 = 99.1%)
1  O                                                                         (0 = 0.0%) {99.1%}
2  -O                                                                        (2 = 0.9%) {99.1%}
3  O                                                                         (0 = 0.0%) {100.0%}

Histogram: Net.RedirectChainLength recorded 245 samples, mean = 0.9 (flags = 0x1)
0  -----------O                                                              (33 = 13.5%)
1  ------------------------------------------------------------------------O (212 = 86.5%) {13.5%}
2  ... 

Histogram: Net.RedirectWithUnadvertisedContentEncoding recorded 212 samples, mean = 0.0 (flags = 0x1)
0  ------------------------------------------------------------------------O (212 = 100.0%)
1  ... 

Histogram: Net.RestrictedCookieManager.GetCookiesString.Count30Seconds recorded 212 samples, mean = 0.0 (flags = 0x1)
0  ------------------------------------------------------------------------O (212 = 100.0%)
1  ... 

Histogram: Net.SSLCertVerificationTime recorded 13 samples, mean = 1.9 (flags = 0x1)
0   ---O                                                                      (3 = 23.1%)
1   -------O                                                                  (7 = 53.8%) {23.1%}
2   -O                                                                        (1 = 7.7%) {76.9%}
3   ... 
6   -O                                                                        (1 = 7.7%) {84.6%}
7   ... 
10  -O                                                                        (1 = 7.7%) {92.3%}
12  ... 

Histogram: Net.SSLHandshakeDetails recorded 13 samples, mean = 5.4 (flags = 0x1)
0  ... 
2  --O                                                                       (2 = 15.4%) {0.0%}
3  ... 
6  -----------O                                                              (11 = 84.6%) {15.4%}
7  ... 

Histogram: Net.SSLLegacyCryptoFallback2 recorded 13 samples, mean = 0.0 (flags = 0x1)
0  -------------O                                                            (13 = 100.0%)
1  ... 

Histogram: Net.SSLNegotiatedAlpnProtocol recorded 13 samples, mean = 0.8 (flags = 0x1)
0  -----O                                                                    (5 = 38.5%)
1  -----O                                                                    (5 = 38.5%) {38.5%}
2  ---O                                                                      (3 = 23.1%) {76.9%}
3  ... 

Histogram: Net.SSLRenegotiationInfoSupported recorded 13 samples, mean = 1.0 (flags = 0x1)
0  O                                                                         (0 = 0.0%)
1  -------------O                                                            (13 = 100.0%) {0.0%}
2  O                                                                         (0 = 0.0%) {100.0%}

Histogram: Net.SSLSignatureAlgorithm recorded 13 samples (flags = 0x1)
1025  --O                                                                       (2 = 15.4%)
1027  -O                                                                        (1 = 7.7%)
2052  ----------O                                                               (10 = 76.9%)

Histogram: Net.SSLVersion recorded 13 samples, mean = 5.8 (flags = 0x1)
0  ... 
5  --O                                                                       (2 = 15.4%) {0.0%}
6  -----------O                                                              (11 = 84.6%) {15.4%}
7  ... 

Histogram: Net.SSLVersionGoogle recorded 1 samples, mean = 6.0 (flags = 0x1)
0  ... 
6  -O                                                                        (1 = 100.0%) {0.0%}
7  ... 

Histogram: Net.SSL_CipherSuite recorded 13 samples (flags = 0x1)
4865   -----------O                                                              (11 = 84.6%)
49199  --O                                                                       (2 = 15.4%)

Histogram: Net.SSL_Connection_Error recorded 13 samples (flags = 0x1)
0  -------------O                                                            (13 = 100.0%)

Histogram: Net.SSL_Connection_Latency_2 recorded 13 samples, mean = 45.8 (flags = 0x1)
0    ... 
10   -----O                                                                    (5 = 38.5%) {0.0%}
11   ... 
21   -O                                                                        (1 = 7.7%) {38.5%}
23   O                                                                         (0 = 0.0%) {46.2%}
25   -O                                                                        (1 = 7.7%) {46.2%}
28   ... 
51   -O                                                                        (1 = 7.7%) {53.8%}
56   --O                                                                       (2 = 15.4%) {61.5%}
62   -O                                                                        (1 = 7.7%) {76.9%}
68   ... 
122  --O                                                                       (2 = 15.4%) {84.6%}
135  ... 

Histogram: Net.SSL_KeyExchange.ECDHE recorded 13 samples (flags = 0x1)
23  --O                                                                       (2 = 15.4%)
29  -----------O                                                              (11 = 84.6%)

Histogram: Net.SpdyFrameStreamAndSessionFlowControlState recorded 8 samples, mean = 0.0 (flags = 0x1)
0  --------O                                                                 (8 = 100.0%)
1  ... 

Histogram: Net.SpdyHeadersCompressionPercentage recorded 9 samples, mean = 87.2 (flags = 0x1)
0   ... 
47  -O                                                                        (1 = 11.1%) {0.0%}
48  ... 
73  -O                                                                        (1 = 11.1%) {11.1%}
74  ... 
95  -------O                                                                  (7 = 77.8%) {22.2%}
96  ... 

Histogram: Net.SpdyResponseCode recorded 9 samples (flags = 0x1)
200  --------O                                                                 (8 = 88.9%)
304  -O                                                                        (1 = 11.1%)

Histogram: Net.SpdySession.AcceptChForOrigin recorded 9 samples, mean = 0.0 (flags = 0x1)
0  ---------O                                                                (9 = 100.0%)
1  ... 

Histogram: Net.SpdySession.ClosedOnError recorded 1 samples (flags = 0x1)
0  -O                                                                        (1 = 100.0%)

Histogram: Net.SpdySession.CreateStreamWithSocketConnected recorded 9 samples, mean = 1.0 (flags = 0x1)
0  O                                                                         (0 = 0.0%)
1  ---------O                                                                (9 = 100.0%) {0.0%}
2  O                                                                         (0 = 0.0%) {100.0%}

Histogram: Net.SpdySession.GoAwayReceived recorded 1 samples (flags = 0x1)
0  -O                                                                        (1 = 100.0%)

Histogram: Net.SpdySession.PushedAndUnclaimedBytes recorded 1 samples, mean = 0.0 (flags = 0x1)
0  -O                                                                        (1 = 100.0%)
1  ... 

Histogram: Net.SpdySession.PushedBytes recorded 1 samples, mean = 0.0 (flags = 0x1)
0  -O                                                                        (1 = 100.0%)
1  ... 

Histogram: Net.SpdySession.ServerSupportsWebSocket recorded 1 samples, mean = 0.0 (flags = 0x1)
0  -O                                                                        (1 = 100.0%)
1  ... 

Histogram: Net.SpdySessionErrorDetails2 recorded 1 samples, mean = 15.0 (flags = 0x1)
0   ... 
15  -O                                                                        (1 = 100.0%) {0.0%}
16  ... 

Histogram: Net.SpdySessionGet recorded 5 samples, mean = 1.4 (flags = 0x1)
0  O                                                                         (0 = 0.0%)
1  ----O                                                                     (4 = 80.0%) {0.0%}
2  O                                                                         (0 = 0.0%) {80.0%}
3  -O                                                                        (1 = 20.0%) {80.0%}
4  O                                                                         (0 = 0.0%) {100.0%}

Histogram: Net.SpdyStreamsAbandonedPerSession recorded 1 samples, mean = 0.0 (flags = 0x1)
0  -O                                                                        (1 = 100.0%)
1  ... 

Histogram: Net.SpdyStreamsPerSession recorded 1 samples, mean = 9.0 (flags = 0x1)
0  ... 
9  -O                                                                        (1 = 100.0%) {0.0%}
10 ... 

Histogram: Net.SpdyStreamsPushedAndClaimedPerSession recorded 1 samples, mean = 0.0 (flags = 0x1)
0  -O                                                                        (1 = 100.0%)
1  ... 

Histogram: Net.SpdyStreamsPushedPerSession recorded 1 samples, mean = 0.0 (flags = 0x1)
0  -O                                                                        (1 = 100.0%)
1  ... 

Histogram: Net.TCP_Connection_Latency recorded 13 samples, mean = 26.0 (flags = 0x1)
0   ---O                                                                      (3 = 23.1%)
1   --O                                                                       (2 = 15.4%) {23.1%}
2   ... 
12  --O                                                                       (2 = 15.4%) {38.5%}
14  ... 
48  ------O                                                                   (6 = 46.2%) {53.8%}
54  ... 

Histogram: Net.TcpConnectAttempt.Latency.Error recorded 17 samples, mean = 4.9 (flags = 0x1)
0   ---------O                                                                (9 = 52.9%)
10  --------O                                                                 (8 = 47.1%) {52.9%}
12  ... 

Histogram: Net.TcpConnectAttempt.Latency.Success recorded 13 samples, mean = 26.0 (flags = 0x1)
0   -----O                                                                    (5 = 38.5%)
10  O                                                                         (0 = 0.0%) {38.5%}
12  --O                                                                       (2 = 15.4%) {38.5%}
15  ... 
41  -O                                                                        (1 = 7.7%) {53.8%}
50  -----O                                                                    (5 = 38.5%) {61.5%}
61  ... 

Histogram: Net.TcpRtt.AtDisconnect recorded 30 samples, mean = 12.0 (flags = 0x1)
0   ----------------------O                                                   (22 = 73.3%)
1   ... 
12  --O                                                                       (2 = 6.7%) {73.3%}
14  ... 
48  ---O                                                                      (3 = 10.0%) {80.0%}
54  --O                                                                       (2 = 6.7%) {90.0%}
61  -O                                                                        (1 = 3.3%) {96.7%}
69  ... 

Histogram: Net.URLRequest.ReferrerHasInformativePath.CrossOrigin recorded 457 samples, mean = 0.0 (flags = 0x1)
0  ------------------------------------------------------------------------O (457 = 100.0%)
1  ... 

Histogram: Net.URLRequest.ReferrerPolicyForRequest.CrossOrigin recorded 457 samples, mean = 1.0 (flags = 0x1)
0  O                                                                         (1 = 0.2%)
1  ------------------------------------------------------------------------O (456 = 99.8%) {0.2%}
2  ... 

Histogram: Net.WebSocket.ErrorCodes recorded 1 samples (flags = 0x1)
0  -O                                                                        (1 = 100.0%)

Histogram: Net.WebSocket.ErrorCodes_NotLocalhost recorded 1 samples (flags = 0x1)
0  -O                                                                        (1 = 100.0%)

Histogram: Net.WebSocket.HandshakeResult2 recorded 1 samples, mean = 10.0 (flags = 0x1)
0   ... 
10  -O                                                                        (1 = 100.0%) {0.0%}
11  ... 

Histogram: Net.WebSocket.ResponseCode recorded 1 samples (flags = 0x1)
101  -O                                                                        (1 = 100.0%)

Histogram: NetworkService.CrossOriginResourcePolicy.Result recorded 428 samples, mean = 0.0 (flags = 0x1)
0  ------------------------------------------------------------------------O (428 = 100.0%)
1  ... 

Histogram: NetworkService.URLLoaderFactory.OriginHeaderSameAsRequestOrigin recorded 1 samples, mean = 1.0 (flags = 0x1)
0  O                                                                         (0 = 0.0%)
1  -O                                                                        (1 = 100.0%) {0.0%}
2  O                                                                         (0 = 0.0%) {100.0%}

Histogram: NetworkService.URLLoaderFactory.UpdateLoadInfo recorded 226 samples, mean = 0.0 (flags = 0x1)
0  ------------------------------------------------------------------------O (226 = 100.0%)
1  ... 

Histogram: ResourceScheduler.NonDelayableLastEndToNonDelayableStart.NonDelayableNotInFlight recorded 223 samples, mean = 28486.6
0      -O                                                                        (2 = 0.9%)
10     ... 
210    O                                                                         (1 = 0.4%) {0.9%}
258    O                                                                         (0 = 0.0%) {1.3%}
317    O                                                                         (1 = 0.4%) {1.3%}
389    ... 
718    O                                                                         (1 = 0.4%) {1.8%}
881    O                                                                         (1 = 0.4%) {2.2%}
1081   ... 
1627   O                                                                         (1 = 0.4%) {2.7%}
1996   ... 
5551   O                                                                         (1 = 0.4%) {3.1%}
6812   O                                                                         (0 = 0.0%) {3.6%}
8359   O                                                                         (1 = 0.4%) {3.6%}
10257  -O                                                                        (2 = 0.9%) {4.0%}
12586  O                                                                         (1 = 0.4%) {4.9%}
15444  -O                                                                        (2 = 0.9%) {5.4%}
18951  ... 
28536  ------------------------------------------------------------------------O (209 = 93.7%) {6.3%}
35016  ... 

Histogram: ResourceScheduler.NonDelayableLastStartToNonDelayableStart.NonDelayableInFlight recorded 19 samples, mean = 4.7 (flags = 0x1)
0   ----------------O                                                         (16 = 84.2%)
10  -O                                                                        (1 = 5.3%) {84.2%}
12  ... 
18  -O                                                                        (1 = 5.3%) {89.5%}
22  ... 
50  -O                                                                        (1 = 5.3%) {94.7%}
61  ... 

Histogram: ResourceScheduler.RequestQueuingDuration.Priority2 recorded 2 samples, mean = 0.0 (flags = 0x1)
0  --O                                                                       (2 = 100.0%)
1  ... 

Histogram: ResourceScheduler.RequestQueuingDuration.Priority4 recorded 239 samples, mean = 0.0 (flags = 0x1)
0  ------------------------------------------------------------------------O (239 = 100.0%)
1  ... 

Histogram: ResourceScheduler.RequestQueuingDuration.Priority5 recorded 3 samples, mean = 0.0 (flags = 0x1)
0  ---O                                                                      (3 = 100.0%)
1  ... 

Histogram: Security.PrivateNetworkAccess.CachedResourceCheckResult recorded 188 samples, mean = 1.0 (flags = 0x1)
0  O                                                                         (0 = 0.0%)
1  ------------------------------------------------------------------------O (188 = 100.0%) {0.0%}
2  ... 

Histogram: Security.PrivateNetworkAccess.CheckResult recorded 452 samples, mean = 1.0 (flags = 0x1)
0  O                                                                         (0 = 0.0%)
1  ------------------------------------------------------------------------O (452 = 100.0%) {0.0%}
2  ... 

Histogram: SimpleCache.Http.CacheSizeOnInit recorded 1 samples, mean = 571.0 (flags = 0x1)
0  -O                                                                        (1 = 100.0%)
1000... 

Histogram: SimpleCache.Http.ConsistencyResult recorded 1 samples, mean = 0.0 (flags = 0x1)
0  -O                                                                        (1 = 100.0%)
1  ... 

Histogram: SimpleCache.Http.CreationToIndex recorded 1 samples, mean = 0.0 (flags = 0x1)
0  -O                                                                        (1 = 100.0%)
1  ... 

Histogram: SimpleCache.Http.DiskCloseLatency recorded 438 samples, mean = 0.0 (flags = 0x1)
0  ------------------------------------------------------------------------O (438 = 100.0%)
1  ... 

Histogram: SimpleCache.Http.DiskCreateLatency recorded 220 samples, mean = 0.0
0  ------------------------------------------------------------------------O (220 = 100.0%)
1  ... 

Histogram: SimpleCache.Http.DiskDoomLatency recorded 229 samples, mean = 0.3 (flags = 0x1)
0   ------------------------------------------------------------------------O (226 = 98.7%)
1   ... 
20  -O                                                                        (3 = 1.3%) {98.7%}
24  ... 

Histogram: SimpleCache.Http.DiskOpenLatency recorded 218 samples, mean = 0.0 (flags = 0x1)
0  ------------------------------------------------------------------------O (218 = 100.0%)
1  ... 

Histogram: SimpleCache.Http.DiskWriteLatency recorded 69 samples, mean = 0.0 (flags = 0x1)
0  ---------------------------------------------------------------------O    (69 = 100.0%)
1  ... 

Histogram: SimpleCache.Http.EntryCreationTime recorded 438 samples, mean = 0.0 (flags = 0x1)
0  ------------------------------------------------------------------------O (436 = 99.5%)
1  O                                                                         (0 = 0.0%) {99.5%}
2  O                                                                         (2 = 0.5%) {99.5%}
3  ... 

Histogram: SimpleCache.Http.HeaderSize recorded 245 samples, mean = 4614.7 (flags = 0x1)
0     ... 
3553  --O                                                                       (5 = 2.0%) {0.0%}
4222  ------------------------------------------------------------------------O (212 = 86.5%) {2.0%}
5017  ----------O                                                               (28 = 11.4%) {88.6%}
5961  ... 

Histogram: SimpleCache.Http.IndexFileStateOnLoad recorded 1 samples, mean = 2.0 (flags = 0x1)
0  ... 
2  -O                                                                        (1 = 100.0%) {0.0%}
3  ... 

Histogram: SimpleCache.Http.IndexInitializeMethod recorded 1 samples, mean = 1.0 (flags = 0x1)
0  O                                                                         (0 = 0.0%)
1  -O                                                                        (1 = 100.0%) {0.0%}
2  ... 

Histogram: SimpleCache.Http.IndexNumEntriesOnInit recorded 1 samples, mean = 22.0 (flags = 0x1)
0   ... 
20  -O                                                                        (1 = 100.0%) {0.0%}
25  ... 

Histogram: SimpleCache.Http.MaxCacheSizeOnInit recorded 1 samples, mean = 327680.0 (flags = 0x1)
0       ... 
297881  -O                                                                        (1 = 100.0%) {0.0%}
339058  ... 

Histogram: SimpleCache.Http.OpenEntryIndexState recorded 225 samples, mean = 2.0 (flags = 0x1)
0  O                                                                         (1 = 0.4%)
1  --O                                                                       (7 = 3.1%) {0.4%}
2  ------------------------------------------------------------------------O (217 = 96.4%) {3.6%}
3  O                                                                         (0 = 0.0%) {100.0%}

Histogram: SimpleCache.Http.SyncCheckEOFResult recorded 408 samples, mean = 0.0
0  ------------------------------------------------------------------------O (408 = 100.0%)
1  ... 

Histogram: SimpleCache.Http.SyncCloseResult recorded 438 samples, mean = 0.0
0  ------------------------------------------------------------------------O (438 = 100.0%)
1  ... 

Histogram: SimpleCache.Http.SyncOpenPrefetchMode recorded 218 samples, mean = 0.0 (flags = 0x1)
0  ------------------------------------------------------------------------O (218 = 100.0%)
1  ... 

Histogram: SimpleCache.Http.SyncOpenResult recorded 218 samples, mean = 0.0
0  ------------------------------------------------------------------------O (218 = 100.0%)
1  ... 

Histogram: SimpleCache.Http.SyncWriteResult recorded 69 samples, mean = 0.0
0  ---------------------------------------------------------------------O    (69 = 100.0%)
1  ... 

Histogram: ThreadPool.UnnecessaryWakeup.ContentChild.Foreground recorded 24 samples, mean = 1.0 (flags = 0x1)
0  O                                                                         (0 = 0.0%)
1  ------------------------O                                                 (24 = 100.0%) {0.0%}
2  O                                                                         (0 = 0.0%) {100.0%}

Histogram: Variations.Limits.VariationKeySize.Default recorded 1 samples, mean = 0.0 (flags = 0x1)
0  -O                                                                        (1 = 100.0%)
1  ... 

Histogram: WebFont.HttpCacheStatus_roboto recorded 1 samples, mean = 3.0 (flags = 0x1)
0  ... 
3  -O                                                                        (1 = 100.0%) {0.0%}
4  ... 


[1439464:0902/163539.466161:VERBOSE1:bus.cc(709)] Requested to remove an unknown filter function: 1 with associated data: 0x734002c2220
[1439464:0902/163539.466198:VERBOSE1:bus.cc(709)] Requested to remove an unknown filter function: 1 with associated data: 0x73400f7ed80
[1439464:0902/163539.466212:VERBOSE1:bus.cc(709)] Requested to remove an unknown filter function: 1 with associated data: 0x73400f7fc60
[1439464:0902/163539.466216:VERBOSE1:bus.cc(709)] Requested to remove an unknown filter function: 1 with associated data: 0x73400f7f8e0
[1439464:0902/163539.466219:VERBOSE1:bus.cc(709)] Requested to remove an unknown filter function: 1 with associated data: 0x73400eb4e00
