Loading Mono
Mono location: /home/rich/.local/share/Steam/steamapps/common/Cities_Skylines/Cities_Data/Mono/x86_64
Steamworks_RegisterMonoInterface()
Successfully Hooked RenderAPI_OpenGLCoreES (17) [Message]
Inconsistent value (1) for DRI_PRIME. Should be < 1 (GPU devices count). Using: 0
Loading Steamworks
Setting breakpad minidump AppID = 255710
Steam_SetMinidumpSteamID:  Caching Steam ID:  76561198197952581 [API loaded no]
DLC status: 50
dlc 'Cities: Skylines - Preorder Pack' id: '340160' available: 'false'
dlc 'Cities: Skylines - Deluxe Edition Upgrade Pack' id: '346791' available: 'true'
dlc 'Cities: Skylines - Soundtrack' id: '352510' available: 'false'
dlc 'Cities: Skylines - The Architecture Artbook' id: '352511' available: 'false'
dlc 'Cities: Skylines - The Monuments Booklet' id: '352512' available: 'false'
dlc 'Cities: Skylines - Post Cards' id: '355600' available: 'false'
dlc 'Cities: Skylines - Korean language' id: '365040' available: 'false'
dlc 'Cities: Skylines - After Dark' id: '369150' available: 'true'
dlc 'Cities: Skylines - Snowfall' id: '420610' available: 'true'
dlc 'Cities: Skylines - Match Day' id: '456200' available: 'true'
dlc 'Cities: Skylines - Content Creator Pack: Art Deco' id: '515190' available: 'true'
dlc 'Cities: Skylines - Natural Disasters' id: '515191' available: 'true'
dlc 'Cities: Skylines - Juventus F.C Club Pack' id: '525940' available: 'false'
dlc 'Cities: Skylines - Chelsea F.C Club Pack' id: '526610' available: 'false'
dlc 'Cities: Skylines - FC Barcelona Club Pack' id: '526611' available: 'false'
dlc 'Cities: Skylines - Paris Saint-Germain F.C.' id: '526612' available: 'false'
dlc 'Cities: Skylines - Stadiums: European Club Pack' id: '536610' available: 'false'
dlc 'Cities: Skylines - Content Creator Pack: High-Tech Buildings' id: '547500' available: 'true'
dlc 'Cities: Skylines - Relaxation Station' id: '547501' available: 'true'
dlc 'Cities: Skylines - Mass Transit' id: '547502' available: 'true'
dlc 'Cities: Skylines - Pearls From the East' id: '563850' available: 'true'
dlc 'Cities: Skylines - Green Cities' id: '614580' available: 'true'
dlc 'Cities: Skylines - Concerts' id: '614581' available: 'true'
dlc 'Cities: Skylines - Rock City Radio' id: '614582' available: 'true'
dlc 'Cities: Skylines - Content Creator Pack: European Suburbia' id: '715190' available: 'true'
dlc 'Cities: Skylines - Parklife' id: '715191' available: 'true'
dlc 'Cities: Skylines - Carols, Candles and Candy' id: '715192' available: 'true'
dlc 'Cities: Skylines - All That Jazz' id: '715193' available: 'true'
dlc 'Cities: Skylines - Industries' id: '715194' available: 'true'
dlc 'Cities: Skylines - Country Road Radio' id: '815380' available: 'true'
dlc 'Cities: Skylines - Synthetic Dawn Radio' id: '944070' available: 'true'
dlc 'Cities: Skylines - Campus' id: '944071' available: 'true'
dlc 'Cities: Skylines - Content Creator Pack: University City' id: '1059820' available: 'true'
dlc 'Cities: Skylines - Deep Focus Radio' id: '1065490' available: 'true'
dlc 'Cities: Skylines - Campus Radio' id: '1065491' available: 'true'
dlc 'Cities: Skylines - Sunset Harbor' id: '1146930' available: 'true'
dlc 'Cities: Skylines - Content Creator Pack: Modern City Center' id: '1148020' available: 'true'
dlc 'Cities: Skylines - Downtown Radio' id: '1148021' available: 'true'
dlc 'Cities: Skylines - Content Creator Pack: Modern Japan' id: '1148022' available: 'true'
dlc 'Cities: Skylines - Coast to Coast Radio' id: '1196100' available: 'true'
dlc 'Cities: Skylines - Rail Hawk Radio' id: '1531472' available: 'true'
dlc 'Cities: Skylines - Sunny Breeze Radio' id: '1531473' available: 'true'
dlc 'Cities: Skylines - On Air Radio' id: '1726383' available: 'true'
dlc 'Cities: Skylines - Calm The Mind Radio' id: '1726384' available: 'true'
dlc 'Cities: Skylines - Shoreline Radio' id: '1992292' available: 'true'
dlc 'Cities: Skylines - Paradise Radio' id: '1992293' available: 'true'
dlc 'Cities: Skylines - K-pop Station' id: '2144482' available: 'true'
dlc 'Cities: Skylines - 80's Downtown Beat' id: '2144483' available: 'true'
dlc 'Cities: Skylines - JADIA Radio' id: '2148902' available: 'true'
dlc 'Cities: Skylines - African Vibes' id: '2148904' available: 'true'
Steam ID: 255710 [Message]
OnUserStatsReceived()
Received stats and achievements
OnUserStatsStored()
Stored successfully
PNG
PNG
PNG
PNG
PNG
PNG
PNG
PNG
PNG
PNG
PNG
PNG
PNG
PNG
PNG
PNG
PNG
PNG
PNG
PNG
PNG
PNG
PNG
PNG
QueryUGCContent
PNG
PNG
PNG
PNG
PNG
PNG
PNG
PNG
RequestItemDetails
PNG
PNG
libpng warning: iCCP: Not recognizing known sRGB profile that has been edited
libpng warning: iCCP: Not recognizing known sRGB profile that has been edited
libpng warning: iCCP: Not recognizing known sRGB profile that has been edited
libpng warning: iCCP: Not recognizing known sRGB profile that has been edited
libpng warning: iCCP: Not recognizing known sRGB profile that has been edited
libpng warning: iCCP: Not recognizing known sRGB profile that has been edited
libpng warning: iCCP: Not recognizing known sRGB profile that has been edited
libpng warning: iCCP: Not recognizing known sRGB profile that has been edited
libpng warning: iCCP: Not recognizing known sRGB profile that has been edited
libpng warning: iCCP: Not recognizing known sRGB profile that has been edited
libpng warning: iCCP: Not recognizing known sRGB profile that has been edited
libpng warning: iCCP: Not recognizing known sRGB profile that has been edited
libpng warning: iCCP: Not recognizing known sRGB profile that has been edited
libpng warning: iCCP: Not recognizing known sRGB profile that has been edited
libpng warning: iCCP: Not recognizing known sRGB profile that has been edited
libpng warning: iCCP: Not recognizing known sRGB profile that has been edited
libpng warning: iCCP: Not recognizing known sRGB profile that has been edited
libpng warning: iCCP: Not recognizing known sRGB profile that has been edited
libpng warning: iCCP: Not recognizing known sRGB profile that has been edited
libpng warning: iCCP: Not recognizing known sRGB profile that has been edited
libpng warning: iCCP: Not recognizing known sRGB profile that has been edited
libpng warning: iCCP: Not recognizing known sRGB profile that has been edited
libpng warning: iCCP: Not recognizing known sRGB profile that has been edited
libpng warning: iCCP: Not recognizing known sRGB profile that has been edited
libpng warning: iCCP: Not recognizing known sRGB profile that has been edited
PNG
PNG
PNG
PNG
RequestItemDetails
PNG
PNG
PNG
PNG
PNG
PNG
PNG
PNG
PNG
PNG
PNG
RequestItemDetails
RequestItemDetails
OnSteamUGCQueryCompleted
RequestItemDetails
RequestItemDetails
RequestItemDetails
RequestItemDetails
RequestItemDetails
Loading 'previewfile_3555061660.png' for 3555061660
PNG
Loading 'previewfile_3554713257.png' for 3554713257
PNG
RequestItemDetails
RequestItemDetails
Loading 'previewfile_3556091996.png' for 3556091996
PNG
RequestItemDetails
RequestItemDetails
RequestItemDetails
RequestItemDetails
Loading 'previewfile_3555085886.png' for 3555085886
PNG
Loading 'previewfile_3554550512.png' for 3554550512
PNG
RequestItemDetails
RequestItemDetails
RequestItemDetails
RequestItemDetails
RequestItemDetails
RequestItemDetails
RequestItemDetails
RequestItemDetails
RequestItemDetails
RequestItemDetails
RequestItemDetails
RequestItemDetails
Loading 'previewfile_3555847793.png' for 3555847793
PNG
Loading 'previewfile_3554316361.png' for 3554316361
PNG
RequestItemDetails
RequestItemDetails
RequestItemDetails
RequestItemDetails
RequestItemDetails
RequestItemDetails
RequestItemDetails
RequestItemDetails
RequestItemDetails
RequestItemDetails
RequestItemDetails
RequestItemDetails
RequestItemDetails
RequestItemDetails
RequestItemDetails
RequestItemDetails
Loading 'previewfile_3556003125.png' for 3556003125
PNG
RequestItemDetails
RequestItemDetails
Loading 'previewfile_3557226650.png' for 3557226650
PNG
Loading 'previewfile_3557553543.png' for 3557553543
PNG
Loading 'previewfile_3557496258.png' for 3557496258
PNG
RequestItemDetails
RequestItemDetails
RequestItemDetails
RequestItemDetails
RequestItemDetails
RequestItemDetails
RequestItemDetails
RequestItemDetails
RequestItemDetails
RequestItemDetails
RequestItemDetails
RequestItemDetails
RequestItemDetails
RequestItemDetails
RequestItemDetails
RequestItemDetails
RequestItemDetails
RequestItemDetails
Loading 'previewfile_3556565658.png' for 3556565658
PNG
Loading 'previewfile_3555089808.png' for 3555089808
PNG
Loading 'previewfile_3557225177.png' for 3557225177
PNG
Loading 'previewfile_3557436914.png' for 3557436914
PNG
Loading 'previewfile_3554460905.png' for 3554460905
PNG
Loading 'previewfile_3555087129.png' for 3555087129
PNG
Loading 'previewfile_3557736343.png' for 3557736343
PNG
Loading 'previewfile_3554206670.png' for 3554206670
PNG
Loading 'previewfile_3557439474.png' for 3557439474
PNG
Loading 'previewfile_3555088472.png' for 3555088472
PNG
Loading 'previewfile_3556041841.png' for 3556041841
PNG
Avatar image idx 3, 76561198197952581
Loading 'previewfile_3556611967.png' for 3556611967
PNG
Loading 'previewfile_3556932037.png' for 3556932037
PNG
Loading 'previewfile_3556417654.png' for 3556417654
PNG
Loading 'previewfile_3555090490.png' for 3555090490
PNG
Loading 'previewfile_3557379569.png' for 3557379569
PNG
Loading 'previewfile_3556241185.png' for 3556241185
PNG
Loading 'previewfile_3556603123.png' for 3556603123
PNG
Loading 'previewfile_3555798306.jpg' for 3555798306
JPG
Loading 'previewfile_3555086428.png' for 3555086428
PNG
Loading 'previewfile_3555224189.png' for 3555224189
PNG
Loading 'previewfile_3553721079.png' for 3553721079
PNG
Loading 'previewfile_3555224963.png' for 3555224963
PNG
Loading 'previewfile_3555089235.png' for 3555089235
PNG
Loading 'previewfile_3555087935.png' for 3555087935
PNG
Loading 'previewfile_3556949495.png' for 3556949495
PNG
Loading 'previewfile_3556418433.png' for 3556418433
PNG
Loading 'previewfile_3557741118.png' for 3557741118
PNG
Loading 'previewfile_3555105669.png' for 3555105669
PNG
Loading 'previewfile_3557570191.png' for 3557570191
PNG
Loading 'previewfile_3557568738.png' for 3557568738
PNG
Loading 'previewfile_3557569625.png' for 3557569625
PNG
Loading 'previewfile_3557570743.png' for 3557570743
PNG
Loading 'previewfile_3553370566.png' for 3553370566
PNG
Loading 'previewfile_3554968962.png' for 3554968962
PNG
Loading 'previewfile_3553710948.png' for 3553710948
PNG
Loading 'previewfile_3556993585.png' for 3556993585
PNG
Loading 'previewfile_3489341015.png' for 3489341015
PNG
Loading 'previewfile_3557607811.png' for 3557607811
PNG
RequestItemDetails
PNG
PNG
RequestItemDetails
RequestItemDetails
RequestItemDetails
RequestItemDetails
RequestItemDetails
RequestItemDetails
RequestItemDetails
RequestItemDetails
RequestItemDetails
RequestItemDetails
RequestItemDetails
RequestItemDetails
RequestItemDetails
RequestItemDetails
RequestItemDetails
RequestItemDetails
RequestItemDetails
RequestItemDetails
RequestItemDetails
RequestItemDetails
RequestItemDetails
RequestItemDetails
RequestItemDetails
RequestItemDetails
RequestItemDetails
RequestItemDetails
RequestItemDetails
RequestItemDetails
RequestItemDetails
RequestItemDetails
PNG
PNG
RequestItemDetails
RequestItemDetails
RequestItemDetails
RequestItemDetails
RequestItemDetails
RequestItemDetails
RequestItemDetails
RequestItemDetails
RequestItemDetails
RequestItemDetails
RequestItemDetails
RequestItemDetails
RequestItemDetails
RequestItemDetails
RequestItemDetails
RequestItemDetails
RequestItemDetails
RequestItemDetails
RequestItemDetails
RequestItemDetails
RequestItemDetails
RequestItemDetails
RequestItemDetails
RequestItemDetails
RequestItemDetails
RequestItemDetails
RequestItemDetails
RequestItemDetails
PNG
PNG
PNG
PNG
PNG
PNG
DDS
DDS
DDS
DDS
DDS
DDS
DDS
DDS
DDS
DDS
DDS
DDS
DDS
DDS
DDS
DDS
DDS
DDS
DDS
DDS
DDS
DDS
DDS
DDS
DDS
DDS
DDS
DDS
DDS
DDS
DDS
DDS
DDS
DDS
DDS
DDS
DDS
DDS
DDS
DDS
DDS
PNG
DDS
DDS
DDS
DDS
DDS
DDS
DDS
DDS
DDS
DDS
DDS
DDS
DDS
DDS
DDS
DDS
DDS
DDS
DDS
DDS
DDS
DDS
DDS
DDS
DDS
DDS
DDS
DDS
DDS
DDS
DDS
DDS
DDS
DDS
PNG
DDS
DDS
DDS
DDS
DDS
DDS
DDS
DDS
PNG
DDS
DDS
DDS
DDS
DDS
PNG
DDS
DDS
DDS
DDS
DDS
DDS
DDS
PNG
DDS
DDS
DDS
DDS
DDS
DDS
DDS
DDS
PNG
DDS
PNG
DDS
DDS
DDS
DDS
DDS
DDS
DDS
PNG
PNG
DDS
DDS
DDS
DDS
PNG
PNG
DDS
DDS
DDS
DDS
DDS
DDS
DDS
DDS
PNG
DDS
DDS
DDS
DDS
DDS
DDS
DDS
DDS
PNG
PNG
PNG
PNG
PNG
DDS
DDS
PNG
DDS
DDS
DDS
DDS
PNG
DDS
DDS
DDS
PNG
PNG
PNG
PNG
PNG
PNG
PNG
DDS
PNG
DDS
DDS
DDS
DDS
PNG
PNG
PNG
PNG
PNG
PNG
DDS
DDS
DDS
DDS
PNG
PNG
PNG
DDS
DDS
PNG
DDS
DDS
DDS
DDS
DDS
DDS
DDS
DDS
DDS
DDS
DDS
DDS
DDS
DDS
DDS
DDS
DDS
DDS
DDS
DDS
DDS
DDS
DDS
DDS
DDS
DDS
DDS
DDS
DDS
DDS
DDS
DDS
DDS
DDS
DDS
DDS
DDS
DDS
DDS
DDS
DDS
DDS
DDS
DDS
DDS
DDS
DDS
PNG
DDS
DDS
DDS
PNG
DDS
DDS
PNG
DDS
DDS
PNG
DDS
DDS
PNG
DDS
DDS
DDS
PNG
DDS
DDS
DDS
DDS
DDS
PNG
DDS
DDS
DDS
PNG
DDS
DDS
DDS
DDS
DDS
DDS
DDS
DDS
PNG
PNG
PNG
PNG
PNG
PNG
PNG
PNG
PNG
PNG
PNG
PNG
Achievement image idx 0 Pioneer now loading
Achievement image idx 0 Decorator now loading
Achievement image idx 0 Terraformer now loading
Achievement image idx 0 WellInformed now loading
Achievement image idx 0 CityPlanner now loading
Achievement image idx 0 Lawmaker now loading
Achievement image idx 0 PowerAtYourFingertips now loading
Achievement image idx 0 HeavenlyCity now loading
Achievement image idx 0 Medic now loading
Achievement image idx 0 AHugeHadron now loading
Achievement image idx 0 BeamMeUp now loading
Achievement image idx 0 NewEden now loading
Achievement image idx 0 ShortFuse now loading
Achievement image idx 0 IWantItAll now loading
Achievement image idx 0 Metropolis now loading
Achievement image idx 0 Distroy now loading
Achievement image idx 0 CityInMotion now loading
Achievement image idx 0 CityInMotion2 now loading
Achievement image idx 0 ClimbingTheSocialLadder now loading
Achievement image idx 0 UnpopularMayor now loading
Achievement image idx 0 RollingInDough now loading
Achievement image idx 0 FreneticPlayer now loading
Achievement image idx 0 HappyTown now loading
Achievement image idx 0 ToughCity now loading
Achievement image idx 0 FireWatch now loading
Achievement image idx 0 TheSafestTown now loading
Achievement image idx 0 ProfessionalDumper now loading
Achievement image idx 0 EarthlovingCity now loading
Achievement image idx 0 HigherEducation now loading
Achievement image idx 0 SIMulatedCity now loading
Achievement image idx 0 SafeCity now loading
Achievement image idx 0 PowerToThePeople now loading
Achievement image idx 0 MakeThemPay now loading
Achievement image idx 0 LeisureSuites now loading
Achievement image idx 0 PlayingWithTheBoys now loading
Achievement image idx 0 PrisonBreak now loading
Achievement image idx 0 1001Nights now loading
Achievement image idx 0 DoesMyBumLookBigInThis now loading
Achievement image idx 0 SingingInThe now loading
Achievement image idx 0 FoggyWeather now loading
Achievement image idx 0 Brrr now loading
Achievement image idx 0 GetYourSnowshoesReady now loading
Achievement image idx 0 HeresATram now loading
Achievement image idx 0 ILoveTrams now loading
Achievement image idx 0 AreTheyNakedInThere now loading
Achievement image idx 0 ItsWintertime now loading
Achievement image idx 0 Speedup now loading
Achievement image idx 0 ThePlowmaster now loading
Achievement image idx 0 QuayKing now loading
Achievement image idx 0 WithCanalsYouCan now loading
Achievement image idx 0 WeNeedSnorkels now loading
Achievement image idx 0 ShakeItUp now loading
Achievement image idx 0 ItsHeadingRightForUs now loading
Achievement image idx 0 DropTheBase now loading
Achievement image idx 0 RunBambi now loading
Achievement image idx 0 ThunderAndLightning now loading
Achievement image idx 0 TwistAndShout now loading
Achievement image idx 0 WhatThe now loading
Achievement image idx 0 EternalCity now loading
Achievement image idx 0 Creator now loading
Achievement image idx 0 WeHaveAWinner now loading
Achievement image idx 0 TheUnderdog now loading
Achievement image idx 0 RejoiceAndBeFerry now loading
Achievement image idx 0 FerryFaerie now loading
Achievement image idx 0 Triorail now loading
Achievement image idx 0 NotSoMono now loading
Achievement image idx 0 ClarkCable now loading
Achievement image idx 0 CablesGalore now loading
Achievement image idx 0 BlimpBlimp now loading
Achievement image idx 0 PutSomeBlimpInYourBlimp now loading
Achievement image idx 0 ComboBreaker now loading
Achievement image idx 0 NomenEstOmen now loading
Achievement image idx 0 Centurion now loading
Achievement image idx 0 ItsCalledSteve now loading
Achievement image idx 0 TotallyInMotion now loading
Achievement image idx 0 Reporting now loading
Achievement image idx 0 SuperSelfSufficient now loading
Achievement image idx 0 IToTheT now loading
Achievement image idx 0 Organistic now loading
Achievement image idx 0 GreenEnergy now loading
Achievement image idx 0 FriendlyTeaching now loading
Achievement image idx 0 GreenestCity now loading
Achievement image idx 0 TheParkToRuleAllParks now loading
Achievement image idx 0 ParkingNotForbidden now loading
Achievement image idx 0 Z00 now loading
Achievement image idx 0 Ambulare now loading
Achievement image idx 0 MaintainThatPark now loading
Achievement image idx 0 CoasterTycoon now loading
Achievement image idx 0 Naturally now loading
Achievement image idx 0 SightsToBeSeen now loading
Achievement image idx 0 FullCapacity now loading
Achievement image idx 0 SerialInvestor now loading
Achievement image idx 0 OffshoreAssets now loading
Achievement image idx 0 IndustryTycoon now loading
Achievement image idx 0 Postman now loading
Achievement image idx 0 JustTolling now loading
Achievement image idx 0 ScalingUp now loading
Achievement image idx 0 StudentHousingProject now loading
Achievement image idx 0 GraduationNation now loading
Achievement image idx 0 DistinguishedAcademics now loading
Achievement image idx 0 VarsitySportsPatron now loading
Achievement image idx 0 HigherLearning now loading
Achievement image idx 0 AcademicScholar now loading
Achievement image idx 0 ForForProfitEducation now loading
Achievement image idx 0 Aquaculture now loading
Achievement image idx 0 FisherKing now loading
Achievement image idx 0 MultidisciplinaryTransportTycoon now loading
Achievement image idx 0 Trolleyface now loading
Achievement image idx 0 WorldOfRotorcraft now loading
Achievement image idx 0 ComeFlyWithMe now loading
Achievement image idx 0 TheWatersOfOurLives now loading
Achievement image idx 0 AirlineTycoon now loading
Achievement image idx 0 Airlifter now loading
Achievement image idx 0 AirportArchitect now loading
Achievement image idx 0 AirfieldExpertise now loading
Achievement image idx 0 HighCostCarrier now loading
Achievement image idx 0 TheSweetestCity now loading
Achievement image idx 0 GarbageCollection now loading
Achievement image idx 0 VeryFocused now loading
Achievement image idx 0 CantBuyMeLove now loading
Achievement image idx 0 AllIn now loading
Achievement image idx 0 CashFlow now loading
Achievement image idx 0 SoMuchCash now loading
Achievement image idx 0 NoRiskNoFun now loading
Achievement image idx 0 VeryAccommodating now loading
Achievement image idx 0 PeakSeason now loading
Achievement image idx 0 FullyBooked now loading
OnAchievementIconFetched()
Fetched image for Pioneer
OnAchievementIconFetched()
Fetched image for Decorator
OnAchievementIconFetched()
Fetched image for Terraformer
OnAchievementIconFetched()
Fetched image for WellInformed
OnAchievementIconFetched()
Fetched image for CityPlanner
OnAchievementIconFetched()
Fetched image for Lawmaker
OnAchievementIconFetched()
Fetched image for PowerAtYourFingertips
OnAchievementIconFetched()
Fetched image for HeavenlyCity
OnAchievementIconFetched()
Fetched image for Medic
OnAchievementIconFetched()
Fetched image for AHugeHadron
OnAchievementIconFetched()
Fetched image for BeamMeUp
OnAchievementIconFetched()
Fetched image for NewEden
OnAchievementIconFetched()
Fetched image for ShortFuse
OnAchievementIconFetched()
Fetched image for IWantItAll
OnAchievementIconFetched()
Fetched image for Metropolis
OnAchievementIconFetched()
Fetched image for Distroy
OnAchievementIconFetched()
Fetched image for CityInMotion
OnAchievementIconFetched()
Fetched image for CityInMotion2
OnAchievementIconFetched()
Fetched image for ClimbingTheSocialLadder
OnAchievementIconFetched()
Fetched image for UnpopularMayor
OnAchievementIconFetched()
Fetched image for RollingInDough
OnAchievementIconFetched()
Fetched image for FreneticPlayer
OnAchievementIconFetched()
Fetched image for HappyTown
OnAchievementIconFetched()
Fetched image for ToughCity
OnAchievementIconFetched()
Fetched image for FireWatch
OnAchievementIconFetched()
Fetched image for TheSafestTown
OnAchievementIconFetched()
Fetched image for ProfessionalDumper
OnAchievementIconFetched()
Fetched image for EarthlovingCity
OnAchievementIconFetched()
Fetched image for HigherEducation
OnAchievementIconFetched()
Fetched image for SIMulatedCity
OnAchievementIconFetched()
Fetched image for SafeCity
OnAchievementIconFetched()
Fetched image for PowerToThePeople
OnAchievementIconFetched()
Fetched image for MakeThemPay
OnAchievementIconFetched()
Fetched image for LeisureSuites
OnAchievementIconFetched()
Fetched image for PlayingWithTheBoys
OnAchievementIconFetched()
Fetched image for PrisonBreak
OnAchievementIconFetched()
Fetched image for 1001Nights
OnAchievementIconFetched()
Fetched image for DoesMyBumLookBigInThis
OnAchievementIconFetched()
Fetched image for SingingInThe
OnAchievementIconFetched()
Fetched image for FoggyWeather
OnAchievementIconFetched()
Fetched image for Brrr
OnAchievementIconFetched()
Fetched image for GetYourSnowshoesReady
OnAchievementIconFetched()
Fetched image for HeresATram
OnAchievementIconFetched()
Fetched image for ILoveTrams
OnAchievementIconFetched()
Fetched image for AreTheyNakedInThere
OnAchievementIconFetched()
Fetched image for ItsWintertime
OnAchievementIconFetched()
Fetched image for Speedup
OnAchievementIconFetched()
Fetched image for ThePlowmaster
OnAchievementIconFetched()
Fetched image for QuayKing
OnAchievementIconFetched()
Fetched image for WithCanalsYouCan
OnAchievementIconFetched()
Fetched image for WeNeedSnorkels
OnAchievementIconFetched()
Fetched image for ShakeItUp
OnAchievementIconFetched()
Fetched image for ItsHeadingRightForUs
OnAchievementIconFetched()
Fetched image for DropTheBase
OnAchievementIconFetched()
Fetched image for RunBambi
OnAchievementIconFetched()
Fetched image for ThunderAndLightning
OnAchievementIconFetched()
Fetched image for TwistAndShout
OnAchievementIconFetched()
Fetched image for WhatThe
OnAchievementIconFetched()
Fetched image for EternalCity
OnAchievementIconFetched()
Fetched image for Creator
OnAchievementIconFetched()
Fetched image for WeHaveAWinner
OnAchievementIconFetched()
Fetched image for TheUnderdog
OnAchievementIconFetched()
Fetched image for RejoiceAndBeFerry
OnAchievementIconFetched()
Fetched image for FerryFaerie
OnAchievementIconFetched()
Fetched image for Triorail
OnAchievementIconFetched()
Fetched image for NotSoMono
OnAchievementIconFetched()
Fetched image for ClarkCable
OnAchievementIconFetched()
Fetched image for CablesGalore
OnAchievementIconFetched()
Fetched image for BlimpBlimp
OnAchievementIconFetched()
Fetched image for PutSomeBlimpInYourBlimp
OnAchievementIconFetched()
Fetched image for ComboBreaker
OnAchievementIconFetched()
Fetched image for NomenEstOmen
OnAchievementIconFetched()
Fetched image for Centurion
OnAchievementIconFetched()
Fetched image for ItsCalledSteve
OnAchievementIconFetched()
Fetched image for TotallyInMotion
OnAchievementIconFetched()
Fetched image for Reporting
OnAchievementIconFetched()
Fetched image for SuperSelfSufficient
OnAchievementIconFetched()
Fetched image for IToTheT
OnAchievementIconFetched()
Fetched image for Organistic
OnAchievementIconFetched()
Fetched image for GreenEnergy
OnAchievementIconFetched()
Fetched image for FriendlyTeaching
OnAchievementIconFetched()
Fetched image for GreenestCity
OnAchievementIconFetched()
Fetched image for TheParkToRuleAllParks
OnAchievementIconFetched()
Fetched image for ParkingNotForbidden
OnAchievementIconFetched()
Fetched image for Z00
OnAchievementIconFetched()
Fetched image for Ambulare
OnAchievementIconFetched()
Fetched image for MaintainThatPark
OnAchievementIconFetched()
Fetched image for CoasterTycoon
OnAchievementIconFetched()
Fetched image for Naturally
OnAchievementIconFetched()
Fetched image for SightsToBeSeen
OnAchievementIconFetched()
Fetched image for FullCapacity
OnAchievementIconFetched()
Fetched image for SerialInvestor
OnAchievementIconFetched()
Fetched image for OffshoreAssets
OnAchievementIconFetched()
Fetched image for IndustryTycoon
OnAchievementIconFetched()
Fetched image for Postman
OnAchievementIconFetched()
Fetched image for JustTolling
OnAchievementIconFetched()
Fetched image for ScalingUp
OnAchievementIconFetched()
Fetched image for StudentHousingProject
OnAchievementIconFetched()
Fetched image for GraduationNation
OnAchievementIconFetched()
Fetched image for DistinguishedAcademics
OnAchievementIconFetched()
Fetched image for VarsitySportsPatron
OnAchievementIconFetched()
Fetched image for HigherLearning
OnAchievementIconFetched()
Fetched image for AcademicScholar
OnAchievementIconFetched()
Fetched image for ForForProfitEducation
OnAchievementIconFetched()
Fetched image for Aquaculture
OnAchievementIconFetched()
Fetched image for FisherKing
OnAchievementIconFetched()
Fetched image for MultidisciplinaryTransportTycoon
OnAchievementIconFetched()
Fetched image for Trolleyface
OnAchievementIconFetched()
Fetched image for WorldOfRotorcraft
OnAchievementIconFetched()
Fetched image for ComeFlyWithMe
OnAchievementIconFetched()
Fetched image for TheWatersOfOurLives
OnAchievementIconFetched()
Fetched image for AirlineTycoon
OnAchievementIconFetched()
Fetched image for Airlifter
OnAchievementIconFetched()
Fetched image for AirportArchitect
OnAchievementIconFetched()
Fetched image for AirfieldExpertise
OnAchievementIconFetched()
Fetched image for HighCostCarrier
OnAchievementIconFetched()
Fetched image for TheSweetestCity
OnAchievementIconFetched()
Fetched image for GarbageCollection
OnAchievementIconFetched()
Fetched image for VeryFocused
OnAchievementIconFetched()
Fetched image for CantBuyMeLove
OnAchievementIconFetched()
Fetched image for AllIn
OnAchievementIconFetched()
Fetched image for CashFlow
OnAchievementIconFetched()
Fetched image for SoMuchCash
OnAchievementIconFetched()
Fetched image for NoRiskNoFun
OnAchievementIconFetched()
Fetched image for VeryAccommodating
OnAchievementIconFetched()
Fetched image for PeakSeason
OnAchievementIconFetched()
Fetched image for FullyBooked
Unloading Steamworks
/artifacts/generated/common/runtime/DebugBindings.gen.cpp Line: 51)

Adding package 'MP23_Map09' [/home/rich/.local/share/Steam/steamapps/common/Cities_Skylines/Files/Maps/MP23_Map09.crp]  [Packer - Internal]
 
(Filename: /home/builduser/buildslave/unity/build/artifacts/generated/common/runtime/DebugBindings.gen.cpp Line: 51)

Adding package 'MP23_Map10' [/home/rich/.local/share/Steam/steamapps/common/Cities_Skylines/Files/Maps/MP23_Map10.crp]  [Packer - Internal]
 
(Filename: /home/builduser/buildslave/unity/build/artifacts/generated/common/runtime/DebugBindings.gen.cpp Line: 51)

Adding package 'MT Ferry Empire' [/home/rich/.local/share/Steam/steamapps/common/Cities_Skylines/Files/Maps/MT Ferry Empire.crp]  [Packer - Internal]
 
(Filename: /home/builduser/buildslave/unity/build/artifacts/generated/common/runtime/DebugBindings.gen.cpp Line: 51)

Adding package 'MT Fix The Traffic' [/home/rich/.local/share/Steam/steamapps/common/Cities_Skylines/Files/Maps/MT Fix The Traffic.crp]  [Packer - Internal]
 
(Filename: /home/builduser/buildslave/unity/build/artifacts/generated/common/runtime/DebugBindings.gen.cpp Line: 51)

Adding package 'MT Trains' [/home/rich/.local/share/Steam/steamapps/common/Cities_Skylines/Files/Maps/MT Trains.crp]  [Packer - Internal]
 
(Filename: /home/builduser/buildslave/unity/build/artifacts/generated/common/runtime/DebugBindings.gen.cpp Line: 51)

Adding package 'ND Alpine Villages' [/home/rich/.local/share/Steam/steamapps/common/Cities_Skylines/Files/Maps/ND Alpine Villages.crp]  [Packer - Internal]
 
(Filename: /home/builduser/buildslave/unity/build/artifacts/generated/common/runtime/DebugBindings.gen.cpp Line: 51)

Adding package 'ND By The Dam' [/home/rich/.local/share/Steam/steamapps/common/Cities_Skylines/Files/Maps/ND By The Dam.crp]  [Packer - Internal]
 
(Filename: /home/builduser/buildslave/unity/build/artifacts/generated/common/runtime/DebugBindings.gen.cpp Line: 51)

Adding package 'ND Floodland' [/home/rich/.local/share/Steam/steamapps/common/Cities_Skylines/Files/Maps/ND Floodland.crp]  [Packer - Internal]
 
(Filename: /home/builduser/buildslave/unity/build/artifacts/generated/common/runtime/DebugBindings.gen.cpp Line: 51)

Adding package 'ND Island Hopping' [/home/rich/.local/share/Steam/steamapps/common/Cities_Skylines/Files/Maps/ND Island Hopping.crp]  [Packer - Internal]
 
(Filename: /home/builduser/buildslave/unity/build/artifacts/generated/common/runtime/DebugBindings.gen.cpp Line: 51)

Adding package 'ND Tornado Country' [/home/rich/.local/share/Steam/steamapps/common/Cities_Skylines/Files/Maps/ND Tornado Country.crp]  [Packer - Internal]
 
(Filename: /home/builduser/buildslave/unity/build/artifacts/generated/common/runtime/DebugBindings.gen.cpp Line: 51)

Adding package 'NorthEurope1FINAL' [/home/rich/.local/share/Steam/steamapps/common/Cities_Skylines/Files/Maps/NorthEurope1FINAL.crp]  [Packer - Internal]
 
(Filename: /home/builduser/buildslave/unity/build/artifacts/generated/common/runtime/DebugBindings.gen.cpp Line: 51)

Adding package 'NorthEurope2FINAL' [/home/rich/.local/share/Steam/steamapps/common/Cities_Skylines/Files/Maps/NorthEurope2FINAL.crp]  [Packer - Internal]
 
(Filename: /home/builduser/buildslave/unity/build/artifacts/generated/common/runtime/DebugBindings.gen.cpp Line: 51)

Adding package 'NorthEurope3FINAL' [/home/rich/.local/share/Steam/steamapps/common/Cities_Skylines/Files/Maps/NorthEurope3FINAL.crp]  [Packer - Internal]
 
(Filename: /home/builduser/buildslave/unity/build/artifacts/generated/common/runtime/DebugBindings.gen.cpp Line: 51)

Adding package 'PB Cape Apple' [/home/rich/.local/share/Steam/steamapps/common/Cities_Skylines/Files/Maps/PB Cape Apple.crp]  [Packer - Internal]
 
(Filename: /home/builduser/buildslave/unity/build/artifacts/generated/common/runtime/DebugBindings.gen.cpp Line: 51)

Adding package 'PB Coastal Gem' [/home/rich/.local/share/Steam/steamapps/common/Cities_Skylines/Files/Maps/PB Coastal Gem.crp]  [Packer - Internal]
 
(Filename: /home/builduser/buildslave/unity/build/artifacts/generated/common/runtime/DebugBindings.gen.cpp Line: 51)

Adding package 'PB Gondola Islands' [/home/rich/.local/share/Steam/steamapps/common/Cities_Skylines/Files/Maps/PB Gondola Islands.crp]  [Packer - Internal]
 
(Filename: /home/builduser/buildslave/unity/build/artifacts/generated/common/runtime/DebugBindings.gen.cpp Line: 51)

Adding package 'PB Oracle Lake' [/home/rich/.local/share/Steam/steamapps/common/Cities_Skylines/Files/Maps/PB Oracle Lake.crp]  [Packer - Internal]
 
(Filename: /home/builduser/buildslave/unity/build/artifacts/generated/common/runtime/DebugBindings.gen.cpp Line: 51)

Adding package 'PB Splitz Tributary' [/home/rich/.local/share/Steam/steamapps/common/Cities_Skylines/Files/Maps/PB Splitz Tributary.crp]  [Packer - Internal]
 
(Filename: /home/builduser/buildslave/unity/build/artifacts/generated/common/runtime/DebugBindings.gen.cpp Line: 51)

Adding package 'PL Cavern Coast' [/home/rich/.local/share/Steam/steamapps/common/Cities_Skylines/Files/Maps/PL Cavern Coast.crp]  [Packer - Internal]
 
(Filename: /home/builduser/buildslave/unity/build/artifacts/generated/common/runtime/DebugBindings.gen.cpp Line: 51)

Adding package 'PL Honu Island' [/home/rich/.local/share/Steam/steamapps/common/Cities_Skylines/Files/Maps/PL Honu Island.crp]  [Packer - Internal]
 
(Filename: /home/builduser/buildslave/unity/build/artifacts/generated/common/runtime/DebugBindings.gen.cpp Line: 51)

Adding package 'PL Mountain Meadows' [/home/rich/.local/share/Steam/steamapps/common/Cities_Skylines/Files/Maps/PL Mountain Meadows.crp]  [Packer - Internal]
 
(Filename: /home/builduser/buildslave/unity/build/artifacts/generated/common/runtime/DebugBindings.gen.cpp Line: 51)

Adding package 'PL Pine Rivers' [/home/rich/.local/share/Steam/steamapps/common/Cities_Skylines/Files/Maps/PL Pine Rivers.crp]  [Packer - Internal]
 
(Filename: /home/builduser/buildslave/unity/build/artifacts/generated/common/runtime/DebugBindings.gen.cpp Line: 51)

Adding package 'PL Windfield' [/home/rich/.local/share/Steam/steamapps/common/Cities_Skylines/Files/Maps/PL Windfield.crp]  [Packer - Internal]
 
(Filename: /home/builduser/buildslave/unity/build/artifacts/generated/common/runtime/DebugBindings.gen.cpp Line: 51)

Adding package 'PU Gray Waters' [/home/rich/.local/share/Steam/steamapps/common/Cities_Skylines/Files/Maps/PU Gray Waters.crp]  [Packer - Internal]
 
(Filename: /home/builduser/buildslave/unity/build/artifacts/generated/common/runtime/DebugBindings.gen.cpp Line: 51)

Adding package 'PU Narrow Passage' [/home/rich/.local/share/Steam/steamapps/common/Cities_Skylines/Files/Maps/PU Narrow Passage.crp]  [Packer - Internal]
 
(Filename: /home/builduser/buildslave/unity/build/artifacts/generated/common/runtime/DebugBindings.gen.cpp Line: 51)

Adding package 'PU River Terrace' [/home/rich/.local/share/Steam/steamapps/common/Cities_Skylines/Files/Maps/PU River Terrace.crp]  [Packer - Internal]
 
(Filename: /home/builduser/buildslave/unity/build/artifacts/generated/common/runtime/DebugBindings.gen.cpp Line: 51)

Adding package 'PU Windblown Coast' [/home/rich/.local/share/Steam/steamapps/common/Cities_Skylines/Files/Maps/PU Windblown Coast.crp]  [Packer - Internal]
 
(Filename: /home/builduser/buildslave/unity/build/artifacts/generated/common/runtime/DebugBindings.gen.cpp Line: 51)

Adding package 'PU Wyvern Pass' [/home/rich/.local/share/Steam/steamapps/common/Cities_Skylines/Files/Maps/PU Wyvern Pass.crp]  [Packer - Internal]
 
(Filename: /home/builduser/buildslave/unity/build/artifacts/generated/common/runtime/DebugBindings.gen.cpp Line: 51)

Adding package 'SouthEurope1FINAL' [/home/rich/.local/share/Steam/steamapps/common/Cities_Skylines/Files/Maps/SouthEurope1FINAL.crp]  [Packer - Internal]
 
(Filename: /home/builduser/buildslave/unity/build/artifacts/generated/common/runtime/DebugBindings.gen.cpp Line: 51)

Adding package 'SouthEurope2FINAL' [/home/rich/.local/share/Steam/steamapps/common/Cities_Skylines/Files/Maps/SouthEurope2FINAL.crp]  [Packer - Internal]
 
(Filename: /home/builduser/buildslave/unity/build/artifacts/generated/common/runtime/DebugBindings.gen.cpp Line: 51)

Adding package 'SouthEurope3FINAL' [/home/rich/.local/share/Steam/steamapps/common/Cities_Skylines/Files/Maps/SouthEurope3FINAL.crp]  [Packer - Internal]
 
(Filename: /home/builduser/buildslave/unity/build/artifacts/generated/common/runtime/DebugBindings.gen.cpp Line: 51)

Adding package 'Tropical1FINAL' [/home/rich/.local/share/Steam/steamapps/common/Cities_Skylines/Files/Maps/Tropical1FINAL.crp]  [Packer - Internal]
 
(Filename: /home/builduser/buildslave/unity/build/artifacts/generated/common/runtime/DebugBindings.gen.cpp Line: 51)

Adding package 'Tropical2FINAL' [/home/rich/.local/share/Steam/steamapps/common/Cities_Skylines/Files/Maps/Tropical2FINAL.crp]  [Packer - Internal]
 
(Filename: /home/builduser/buildslave/unity/build/artifacts/generated/common/runtime/DebugBindings.gen.cpp Line: 51)

Adding package 'Tropical3FINAL' [/home/rich/.local/share/Steam/steamapps/common/Cities_Skylines/Files/Maps/Tropical3FINAL.crp]  [Packer - Internal]
 
(Filename: /home/builduser/buildslave/unity/build/artifacts/generated/common/runtime/DebugBindings.gen.cpp Line: 51)

Adding package 'Winter1Final' [/home/rich/.local/share/Steam/steamapps/common/Cities_Skylines/Files/Maps/Winter1Final.crp]  [Packer - Internal]
 
(Filename: /home/builduser/buildslave/unity/build/artifacts/generated/common/runtime/DebugBindings.gen.cpp Line: 51)

Adding package 'Winter2Final' [/home/rich/.local/share/Steam/steamapps/common/Cities_Skylines/Files/Maps/Winter2Final.crp]  [Packer - Internal]
 
(Filename: /home/builduser/buildslave/unity/build/artifacts/generated/common/runtime/DebugBindings.gen.cpp Line: 51)

Adding package 'Winter3Final' [/home/rich/.local/share/Steam/steamapps/common/Cities_Skylines/Files/Maps/Winter3Final.crp]  [Packer - Internal]
 
(Filename: /home/builduser/buildslave/unity/build/artifacts/generated/common/runtime/DebugBindings.gen.cpp Line: 51)

Adding package 'Winter4Final' [/home/rich/.local/share/Steam/steamapps/common/Cities_Skylines/Files/Maps/Winter4Final.crp]  [Packer - Internal]
 
(Filename: /home/builduser/buildslave/unity/build/artifacts/generated/common/runtime/DebugBindings.gen.cpp Line: 51)

Adding package 'Winter5Final' [/home/rich/.local/share/Steam/steamapps/common/Cities_Skylines/Files/Maps/Winter5Final.crp]  [Packer - Internal]
 
(Filename: /home/builduser/buildslave/unity/build/artifacts/generated/common/runtime/DebugBindings.gen.cpp Line: 51)

Adding package 'Alpine Villages' [/home/rich/.local/share/Steam/steamapps/common/Cities_Skylines/Files/Scenarios/Alpine Villages.crp]  [Packer - Internal]
 
(Filename: /home/builduser/buildslave/unity/build/artifacts/generated/common/runtime/DebugBindings.gen.cpp Line: 51)

Adding package 'By The Dam' [/home/rich/.local/share/Steam/steamapps/common/Cities_Skylines/Files/Scenarios/By The Dam.crp]  [Packer - Internal]
 
(Filename: /home/builduser/buildslave/unity/build/artifacts/generated/common/runtime/DebugBindings.gen.cpp Line: 51)

Adding package 'City of Gardens' [/home/rich/.local/share/Steam/steamapps/common/Cities_Skylines/Files/Scenarios/City of Gardens.crp]  [Packer - Internal]
 
(Filename: /home/builduser/buildslave/unity/build/artifacts/generated/common/runtime/DebugBindings.gen.cpp Line: 51)

Adding package 'Clean Up Crew' [/home/rich/.local/share/Steam/steamapps/common/Cities_Skylines/Files/Scenarios/Clean Up Crew.crp]  [Packer - Internal]
 
(Filename: /home/builduser/buildslave/unity/build/artifacts/generated/common/runtime/DebugBindings.gen.cpp Line: 51)

Adding package 'Ferry Empire' [/home/rich/.local/share/Steam/steamapps/common/Cities_Skylines/Files/Scenarios/Ferry Empire.crp]  [Packer - Internal]
 
(Filename: /home/builduser/buildslave/unity/build/artifacts/generated/common/runtime/DebugBindings.gen.cpp Line: 51)

Adding package 'Fix the Traffic' [/home/rich/.local/share/Steam/steamapps/common/Cities_Skylines/Files/Scenarios/Fix the Traffic.crp]  [Packer - Internal]
 
(Filename: /home/builduser/buildslave/unity/build/artifacts/generated/common/runtime/DebugBindings.gen.cpp Line: 51)

Adding package 'Floodland' [/home/rich/.local/share/Steam/steamapps/common/Cities_Skylines/Files/Scenarios/Floodland.crp]  [Packer - Internal]
 
(Filename: /home/builduser/buildslave/unity/build/artifacts/generated/common/runtime/DebugBindings.gen.cpp Line: 51)

Adding package 'Green Power' [/home/rich/.local/share/Steam/steamapps/common/Cities_Skylines/Files/Scenarios/Green Power.crp]  [Packer - Internal]
 
(Filename: /home/builduser/buildslave/unity/build/artifacts/generated/common/runtime/DebugBindings.gen.cpp Line: 51)

Adding package 'Island Hopping' [/home/rich/.local/share/Steam/steamapps/common/Cities_Skylines/Files/Scenarios/Island Hopping.crp]  [Packer - Internal]
 
(Filename: /home/builduser/buildslave/unity/build/artifacts/generated/common/runtime/DebugBindings.gen.cpp Line: 51)

Adding package 'MP23_Scenario01' [/home/rich/.local/share/Steam/steamapps/common/Cities_Skylines/Files/Scenarios/MP23_Scenario01.crp]  [Packer - Internal]
 
(Filename: /home/builduser/buildslave/unity/build/artifacts/generated/common/runtime/DebugBindings.gen.cpp Line: 51)

Adding package 'MP23_Scenario02' [/home/rich/.local/share/Steam/steamapps/common/Cities_Skylines/Files/Scenarios/MP23_Scenario02.crp]  [Packer - Internal]
 
(Filename: /home/builduser/buildslave/unity/build/artifacts/generated/common/runtime/DebugBindings.gen.cpp Line: 51)

Adding package 'MP23_Scenario03' [/home/rich/.local/share/Steam/steamapps/common/Cities_Skylines/Files/Scenarios/MP23_Scenario03.crp]  [Packer - Internal]
 
(Filename: /home/builduser/buildslave/unity/build/artifacts/generated/common/runtime/DebugBindings.gen.cpp Line: 51)

Adding package 'Tornado Country' [/home/rich/.local/share/Steam/steamapps/common/Cities_Skylines/Files/Scenarios/Tornado Country.crp]  [Packer - Internal]
 
(Filename: /home/builduser/buildslave/unity/build/artifacts/generated/common/runtime/DebugBindings.gen.cpp Line: 51)

Adding package 'Trains' [/home/rich/.local/share/Steam/steamapps/common/Cities_Skylines/Files/Scenarios/Trains.crp]  [Packer - Internal]
 
(Filename: /home/builduser/buildslave/unity/build/artifacts/generated/common/runtime/DebugBindings.gen.cpp Line: 51)

Adding package '2240902331' [/home/rich/.local/share/Steam/steamapps/workshop/content/255710/2240902331/us-1l-2l-2w-merging-middle-lane.crp]  [Packer - Internal]
 
(Filename: /home/builduser/buildslave/unity/build/artifacts/generated/common/runtime/DebugBindings.gen.cpp Line: 51)

Adding package '2240902331' [/home/rich/.local/share/Steam/steamapps/workshop/content/255710/2240902331/us-1l-2l-2w-merging-yellow.crp]  [Packer - Internal]
 
(Filename: /home/builduser/buildslave/unity/build/artifacts/generated/common/runtime/DebugBindings.gen.cpp Line: 51)

Adding package '2240902331' [/home/rich/.local/share/Steam/steamapps/workshop/content/255710/2240902331/us-1l-2l-2w-perform-pocket.crp]  [Packer - Internal]
 
(Filename: /home/builduser/buildslave/unity/build/artifacts/generated/common/runtime/DebugBindings.gen.cpp Line: 51)

Adding package '2240902331' [/home/rich/.local/share/Steam/steamapps/workshop/content/255710/2240902331/us-1l-2l-2w-perform.crp]  [Packer - Internal]
 
(Filename: /home/builduser/buildslave/unity/build/artifacts/generated/common/runtime/DebugBindings.gen.cpp Line: 51)

Adding package '2240902331' [/home/rich/.local/share/Steam/steamapps/workshop/content/255710/2240902331/us-1l-2l-2w-pocket-middle-lane.crp]  [Packer - Internal]
 
(Filename: /home/builduser/buildslave/unity/build/artifacts/generated/common/runtime/DebugBindings.gen.cpp Line: 51)

Adding package '2240902331' [/home/rich/.local/share/Steam/steamapps/workshop/content/255710/2240902331/us-1l-2l-2w-pocket-to-wide.crp]  [Packer - Internal]
 
(Filename: /home/builduser/buildslave/unity/build/artifacts/generated/common/runtime/DebugBindings.gen.cpp Line: 51)

Adding package '2240902331' [/home/rich/.local/share/Steam/steamapps/workshop/content/255710/2240902331/us-1l-2l-2w-pocket-yellow.crp]  [Packer - Internal]
 
(Filename: /home/builduser/buildslave/unity/build/artifacts/generated/common/runtime/DebugBindings.gen.cpp Line: 51)

Adding package '2240902331' [/home/rich/.local/share/Steam/steamapps/workshop/content/255710/2240902331/us-1l-2w-bend-middle-lane.crp]  [Packer - Internal]
 
(Filename: /home/builduser/buildslave/unity/build/artifacts/generated/common/runtime/DebugBindings.gen.cpp Line: 51)

Adding package '2240902331' [/home/rich/.local/share/Steam/steamapps/workshop/content/255710/2240902331/us-1l-2w-bend-yellow.crp]  [Packer - Internal]
 
(Filename: /home/builduser/buildslave/unity/build/artifacts/generated/common/runtime/DebugBindings.gen.cpp Line: 51)

Adding package '2240902331' [/home/rich/.local/share/Steam/steamapps/workshop/content/255710/2240902331/us-1l-2w-median-yellow-round.crp]  [Packer - Internal]
 
(Filename: /home/builduser/buildslave/unity/build/artifacts/generated/common/runtime/DebugBindings.gen.cpp Line: 51)

Adding package '2240902331' [/home/rich/.local/share/Steam/steamapps/workshop/content/255710/2240902331/us-1l-2w-median-yellow-transitio.crp]  [Packer - Internal]
 
(Filename: /home/builduser/buildslave/unity/build/artifacts/generated/common/runtime/DebugBindings.gen.cpp Line: 51)

Adding package '2240902331' [/home/rich/.local/share/Steam/steamapps/workshop/content/255710/2240902331/us-1l-2w-median-yellow.crp]  [Packer - Internal]
 
(Filename: /home/builduser/buildslave/unity/build/artifacts/generated/common/runtime/DebugBindings.gen.cpp Line: 51)

Adding package '2240902331' [/home/rich/.local/share/Steam/steamapps/workshop/content/255710/2240902331/us-1l-2w-middle-lane.crp]  [Packer - Internal]
 
(Filename: /home/builduser/buildslave/unity/build/artifacts/generated/common/runtime/DebugBindings.gen.cpp Line: 51)

Adding package '2240902331' [/home/rich/.local/share/Steam/steamapps/workshop/content/255710/2240902331/us-1l-2w-plain-wide.crp]  [Packer - Internal]
 
(Filename: /home/builduser/buildslave/unity/build/artifacts/generated/common/runtime/DebugBindings.gen.cpp Line: 51)

Adding package '2240902331' [/home/rich/.local/share/Steam/steamapps/workshop/content/255710/2240902331/us-1l-2w-plain.crp]  [Packer - Internal]
 
(Filename: /home/builduser/buildslave/unity/build/artifacts/generated/common/runtime/DebugBindings.gen.cpp Line: 51)

Adding package '2240902331' [/home/rich/.local/share/Steam/steamapps/workshop/content/255710/2240902331/us-1l-2w-wide.crp]  [Packer - Internal]
 
(Filename: /home/builduser/buildslave/unity/build/artifacts/generated/common/runtime/DebugBindings.gen.cpp Line: 51)

Adding package '2240902331' [/home/rich/.local/share/Steam/steamapps/workshop/content/255710/2240902331/us-1l-2w.crp]  [Packer - Internal]
 
(Filename: /home/builduser/buildslave/unity/build/artifacts/generated/common/runtime/DebugBindings.gen.cpp Line: 51)

Adding package '2240902331' [/home/rich/.local/share/Steam/steamapps/workshop/content/255710/2240902331/us-2l-1l-asym-merging-midlane.crp]  [Packer - Internal]
 
(Filename: /home/builduser/buildslave/unity/build/artifacts/generated/common/runtime/DebugBindings.gen.cpp Line: 51)

Adding package '2240902331' [/home/rich/.local/share/Steam/steamapps/workshop/content/255710/2240902331/us-2l-1l-asym-merging-yellow.crp]  [Packer - Internal]
 
(Filename: /home/builduser/buildslave/unity/build/artifacts/generated/common/runtime/DebugBindings.gen.cpp Line: 51)

Adding package '2240902331' [/home/rich/.local/share/Steam/steamapps/workshop/content/255710/2240902331/us-2l-1l-asym-midlane.crp]  [Packer - Internal]
 
(Filename: /home/builduser/buildslave/unity/build/artifacts/generated/common/runtime/DebugBindings.gen.cpp Line: 51)

Adding package '2240902331' [/home/rich/.local/share/Steam/steamapps/workshop/content/255710/2240902331/us-2l-1l-asym-pocket-midlane.crp]  [Packer - Internal]
 
(Filename: /home/builduser/buildslave/unity/build/artifacts/generated/common/runtime/DebugBindings.gen.cpp Line: 51)

Adding package '2240902331' [/home/rich/.local/share/Steam/steamapps/workshop/content/255710/2240902331/us-2l-1l-asym-pocket-yellow.crp]  [Packer - Internal]
 
(Filename: /home/builduser/buildslave/unity/build/artifacts/generated/common/runtime/DebugBindings.gen.cpp Line: 51)

Adding package '2240902331' [/home/rich/.local/share/Steam/steamapps/workshop/content/255710/2240902331/us-2l-1l-asym-yellow-median.crp]  [Packer - Internal]
 
(Filename: /home/builduser/buildslave/unity/build/artifacts/generated/common/runtime/DebugBindings.gen.cpp Line: 51)

Adding package '2240902331' [/home/rich/.local/share/Steam/steamapps/workshop/content/255710/2240902331/us-2l-2w-median-brick-round.crp]  [Packer - Internal]
 
(Filename: /home/builduser/buildslave/unity/build/artifacts/generated/common/runtime/DebugBindings.gen.cpp Line: 51)

Adding package '2240902331' [/home/rich/.local/share/Steam/steamapps/workshop/content/255710/2240902331/us-2l-2w-median-brick.crp]  [Packer - Internal]
 
(Filename: /home/builduser/buildslave/unity/build/artifacts/generated/common/runtime/DebugBindings.gen.cpp Line: 51)

Adding package '2240902331' [/home/rich/.local/share/Steam/steamapps/workshop/content/255710/2240902331/us-2l-2w-median-concrete-round.crp]  [Packer - Internal]
 
(Filename: /home/builduser/buildslave/unity/build/artifacts/generated/common/runtime/DebugBindings.gen.cpp Line: 51)

Adding package '2240902331' [/home/rich/.local/share/Steam/steamapps/workshop/content/255710/2240902331/us-2l-2w-median-concrete.crp]  [Packer - Internal]
 
(Filename: /home/builduser/buildslave/unity/build/artifacts/generated/common/runtime/DebugBindings.gen.cpp Line: 51)

Adding package '2240902331' [/home/rich/.local/share/Steam/steamapps/workshop/content/255710/2240902331/us-2l-2w-median-green-round.crp]  [Packer - Internal]
 
(Filename: /home/builduser/buildslave/unity/build/artifacts/generated/common/runtime/DebugBindings.gen.cpp Line: 51)

Adding package '2240902331' [/home/rich/.local/share/Steam/steamapps/workshop/content/255710/2240902331/us-2l-2w-median-green.crp]  [Packer - Internal]
 
(Filename: /home/builduser/buildslave/unity/build/artifacts/generated/common/runtime/DebugBindings.gen.cpp Line: 51)

Adding package '2240902331' [/home/rich/.local/share/Steam/steamapps/workshop/content/255710/2240902331/us-2l-2w-median-yellow-round.crp]  [Packer - Internal]
 
(Filename: /home/builduser/buildslave/unity/build/artifacts/generated/common/runtime/DebugBindings.gen.cpp Line: 51)

Adding package '2240902331' [/home/rich/.local/share/Steam/steamapps/workshop/content/255710/2240902331/us-2l-2w-median-yellow.crp]  [Packer - Internal]
 
(Filename: /home/builduser/buildslave/unity/build/artifacts/generated/common/runtime/DebugBindings.gen.cpp Line: 51)

Adding package '2240902331' [/home/rich/.local/share/Steam/steamapps/workshop/content/255710/2240902331/us-2l-2w-middle-lane.crp]  [Packer - Internal]
 
(Filename: /home/builduser/buildslave/unity/build/artifacts/generated/common/runtime/DebugBindings.gen.cpp Line: 51)

Adding package '2240902331' [/home/rich/.local/share/Steam/steamapps/workshop/content/255710/2240902331/us-2l-2w-wo-median.crp]  [Packer - Internal]
 
(Filename: /home/builduser/buildslave/unity/build/artifacts/generated/common/runtime/DebugBindings.gen.cpp Line: 51)

Adding package '2240902331' [/home/rich/.local/share/Steam/steamapps/workshop/content/255710/2240902331/us-2l-3l-2w-perform-brick.crp]  [Packer - Internal]
 
(Filename: /home/builduser/buildslave/unity/build/artifacts/generated/common/runtime/DebugBindings.gen.cpp Line: 51)

Adding package '2240902331' [/home/rich/.local/share/Steam/steamapps/workshop/content/255710/2240902331/us-2l-3l-2w-perform-concrete.crp]  [Packer - Internal]
 
(Filename: /home/builduser/buildslave/unity/build/artifacts/generated/common/runtime/DebugBindings.gen.cpp Line: 51)

Adding package '2240902331' [/home/rich/.local/share/Steam/steamapps/workshop/content/255710/2240902331/us-2l-3l-2w-perform-green.crp]  [Packer - Internal]
 
(Filename: /home/builduser/buildslave/unity/build/artifacts/generated/common/runtime/DebugBindings.gen.cpp Line: 51)

Adding package '2240902331' [/home/rich/.local/share/Steam/steamapps/workshop/content/255710/2240902331/us-2l-3l-2w-perform-pocket-brick.crp]  [Packer - Internal]
 
(Filename: /home/builduser/buildslave/unity/build/artifacts/generated/common/runtime/DebugBindings.gen.cpp Line: 51)

Adding package '2240902331' [/home/rich/.local/share/Steam/steamapps/workshop/content/255710/2240902331/us-2l-3l-2w-perform-pocket-concr.crp]  [Packer - Internal]
 
(Filename: /home/builduser/buildslave/unity/build/artifacts/generated/common/runtime/DebugBindings.gen.cpp Line: 51)

Adding package '2240902331' [/home/rich/.local/share/Steam/steamapps/workshop/content/255710/2240902331/us-2l-3l-2w-perform-pocket-green.crp]  [Packer - Internal]
 
(Filename: /home/builduser/buildslave/unity/build/artifacts/generated/common/runtime/DebugBindings.gen.cpp Line: 51)

Adding package '2240902331' [/home/rich/.local/share/Steam/steamapps/workshop/content/255710/2240902331/us-2l-3l-2w-perform-pocket-yello.crp]  [Packer - Internal]
 
(Filename: /home/builduser/buildslave/unity/build/artifacts/generated/common/runtime/DebugBindings.gen.cpp Line: 51)

Adding package '2240902331' [/home/rich/.local/share/Steam/steamapps/workshop/content/255710/2240902331/us-2l-3l-2w-perform-yellow.crp]  [Packer - Internal]
 
(Filename: /home/builduser/buildslave/unity/build/artifacts/generated/common/runtime/DebugBindings.gen.cpp Line: 51)

Adding package '2240902331' [/home/rich/.local/share/Steam/steamapps/workshop/content/255710/2240902331/us-2l-3l-2w-pocket-brick.crp]  [Packer - Internal]
 
(Filename: /home/builduser/buildslave/unity/build/artifacts/generated/common/runtime/DebugBindings.gen.cpp Line: 51)

Adding package '2240902331' [/home/rich/.local/share/Steam/steamapps/workshop/content/255710/2240902331/us-2l-3l-2w-pocket-concrete.crp]  [Packer - Internal]
 
(Filename: /home/builduser/buildslave/unity/build/artifacts/generated/common/runtime/DebugBindings.gen.cpp Line: 51)

Adding package '2240902331' [/home/rich/.local/share/Steam/steamapps/workshop/content/255710/2240902331/us-2l-3l-2w-pocket-green.crp]  [Packer - Internal]
 
(Filename: /home/builduser/buildslave/unity/build/artifacts/generated/common/runtime/DebugBindings.gen.cpp Line: 51)

Adding package '2240902331' [/home/rich/.local/share/Steam/steamapps/workshop/content/255710/2240902331/us-2l-3l-2w-pocket-yellow.crp]  [Packer - Internal]
 
(Filename: /home/builduser/buildslave/unity/build/artifacts/generated/common/runtime/DebugBindings.gen.cpp Line: 51)

Adding package '2240902331' [/home/rich/.local/share/Steam/steamapps/workshop/content/255710/2240902331/us-2l-4l-2w-perform-brick.crp]  [Packer - Internal]
 
(Filename: /home/builduser/buildslave/unity/build/artifacts/generated/common/runtime/DebugBindings.gen.cpp Line: 51)

Adding package '2240902331' [/home/rich/.local/share/Steam/steamapps/workshop/content/255710/2240902331/us-2l-4l-2w-perform-concrete.crp]  [Packer - Internal]
 
(Filename: /home/builduser/buildslave/unity/build/artifacts/generated/common/runtime/DebugBindings.gen.cpp Line: 51)

Adding package '2240902331' [/home/rich/.local/share/Steam/steamapps/workshop/content/255710/2240902331/us-2l-4l-2w-perform-green.crp]  [Packer - Internal]
 
(Filename: /home/builduser/buildslave/unity/build/artifacts/generated/common/runtime/DebugBindings.gen.cpp Line: 51)

Adding package '2240902331' [/home/rich/.local/share/Steam/steamapps/workshop/content/255710/2240902331/us-2l-4l-2w-perform-pocket-brick.crp]  [Packer - Internal]
 
(Filename: /home/builduser/buildslave/unity/build/artifacts/generated/common/runtime/DebugBindings.gen.cpp Line: 51)

Adding package '2240902331' [/home/rich/.local/share/Steam/steamapps/workshop/content/255710/2240902331/us-2l-4l-2w-perform-pocket-concr.crp]  [Packer - Internal]
 
(Filename: /home/builduser/buildslave/unity/build/artifacts/generated/common/runtime/DebugBindings.gen.cpp Line: 51)

Adding package '2240902331' [/home/rich/.local/share/Steam/steamapps/workshop/content/255710/2240902331/us-2l-4l-2w-perform-pocket-green.crp]  [Packer - Internal]
 
(Filename: /home/builduser/buildslave/unity/build/artifacts/generated/common/runtime/DebugBindings.gen.cpp Line: 51)

Adding package '2240902331' [/home/rich/.local/share/Steam/steamapps/workshop/content/255710/2240902331/us-2l-4l-2w-perform-pocket-yello.crp]  [Packer - Internal]
 
(Filename: /home/builduser/buildslave/unity/build/artifacts/generated/common/runtime/DebugBindings.gen.cpp Line: 51)

Adding package '2240902331' [/home/rich/.local/share/Steam/steamapps/workshop/content/255710/2240902331/us-2l-4l-2w-perform-yellow.crp]  [Packer - Internal]
 
(Filename: /home/builduser/buildslave/unity/build/artifacts/generated/common/runtime/DebugBindings.gen.cpp Line: 51)

Adding package '1899640536' [/home/rich/.local/share/Steam/steamapps/workshop/content/255710/1899640536/CO-Boreal-Theme.crp]  [Packer - Internal]
 
(Filename: /home/builduser/buildslave/unity/build/artifacts/generated/common/runtime/DebugBindings.gen.cpp Line: 51)

Adding package '1899640536' [/home/rich/.local/share/Steam/steamapps/workshop/content/255710/1899640536/CO-European-Theme.crp]  [Packer - Internal]
 
(Filename: /home/builduser/buildslave/unity/build/artifacts/generated/common/runtime/DebugBindings.gen.cpp Line: 51)

Adding package '1899640536' [/home/rich/.local/share/Steam/steamapps/workshop/content/255710/1899640536/CO-Temperate-Theme.crp]  [Packer - Internal]
 
(Filename: /home/builduser/buildslave/unity/build/artifacts/generated/common/runtime/DebugBindings.gen.cpp Line: 51)

Adding package '1899640536' [/home/rich/.local/share/Steam/steamapps/workshop/content/255710/1899640536/CO-Tropical-Theme.crp]  [Packer - Internal]
 
(Filename: /home/builduser/buildslave/unity/build/artifacts/generated/common/runtime/DebugBindings.gen.cpp Line: 51)

Adding package '1899640536' [/home/rich/.local/share/Steam/steamapps/workshop/content/255710/1899640536/CO-Winter-Theme.crp]  [Packer - Internal]
 
(Filename: /home/builduser/buildslave/unity/build/artifacts/generated/common/runtime/DebugBindings.gen.cpp Line: 51)

Adding package '2763300151' [/home/rich/.local/share/Steam/steamapps/workshop/content/255710/2763300151/BIG Rural Gravel Road.crp]  [Packer - Internal]
 
(Filename: /home/builduser/buildslave/unity/build/artifacts/generated/common/runtime/DebugBindings.gen.cpp Line: 51)

Adding package 'Better City' [cloud:Better City.crp]  [Packer - Internal]
 
(Filename: /home/builduser/buildslave/unity/build/artifacts/generated/common/runtime/DebugBindings.gen.cpp Line: 51)

Adding package 'ExtraMostBestest' [cloud:ExtraMostBestest.crp]  [Packer - Internal]
 
(Filename: /home/builduser/buildslave/unity/build/artifacts/generated/common/runtime/DebugBindings.gen.cpp Line: 51)

Non platform assembly: data-0x5f4fb00 (this message is harmless)
Fallback handler could not load library /home/rich/.local/share/Steam/steamapps/common/Cities_Skylines/Cities_Data/Mono/x86_64/data-0x5f4fb00.so
Non platform assembly: data-0x5f58f60 (this message is harmless)
Fallback handler could not load library /home/rich/.local/share/Steam/steamapps/common/Cities_Skylines/Cities_Data/Mono/x86_64/data-0x5f58f60.so
Non platform assembly: data-0x5f564d0 (this message is harmless)
Fallback handler could not load library /home/rich/.local/share/Steam/steamapps/common/Cities_Skylines/Cities_Data/Mono/x86_64/data-0x5f564d0.so
Non platform assembly: data-0x5f5a8a0 (this message is harmless)
Fallback handler could not load library /home/rich/.local/share/Steam/steamapps/common/Cities_Skylines/Cities_Data/Mono/x86_64/data-0x5f5a8a0.so
Non platform assembly: data-0x5f5bd50 (this message is harmless)
Fallback handler could not load library /home/rich/.local/share/Steam/steamapps/common/Cities_Skylines/Cities_Data/Mono/x86_64/data-0x5f5bd50.so
Non platform assembly: data-0x5f60370 (this message is harmless)
Fallback handler could not load library /home/rich/.local/share/Steam/steamapps/common/Cities_Skylines/Cities_Data/Mono/x86_64/data-0x5f60370.so
Non platform assembly: data-0x5f685b0 (this message is harmless)
Fallback handler could not load library /home/rich/.local/share/Steam/steamapps/common/Cities_Skylines/Cities_Data/Mono/x86_64/data-0x5f685b0.so
Non platform assembly: data-0x5f93bc0 (this message is harmless)
Fallback handler could not load library /home/rich/.local/share/Steam/steamapps/common/Cities_Skylines/Cities_Data/Mono/x86_64/data-0x5f93bc0.so
Non platform assembly: data-0x5fc1dd0 (this message is harmless)
Fallback handler could not load library /home/rich/.local/share/Steam/steamapps/common/Cities_Skylines/Cities_Data/Mono/x86_64/data-0x5fc1dd0.so
Non platform assembly: data-0x5fed3e0 (this message is harmless)
Fallback handler could not load library /home/rich/.local/share/Steam/steamapps/common/Cities_Skylines/Cities_Data/Mono/x86_64/data-0x5fed3e0.so
Non platform assembly: data-0x600a550 (this message is harmless)
Fallback handler could not load library /home/rich/.local/share/Steam/steamapps/common/Cities_Skylines/Cities_Data/Mono/x86_64/data-0x600a550.so
Non platform assembly: data-0x6026fe0 (this message is harmless)
Fallback handler could not load library /home/rich/.local/share/Steam/steamapps/common/Cities_Skylines/Cities_Data/Mono/x86_64/data-0x6026fe0.so
Non platform assembly: data-0x6172260 (this message is harmless)
Fallback handler could not load library /home/rich/.local/share/Steam/steamapps/common/Cities_Skylines/Cities_Data/Mono/x86_64/data-0x6172260.so
Non platform assembly: data-0x6176e40 (this message is harmless)
Fallback handler could not load library /home/rich/.local/share/Steam/steamapps/common/Cities_Skylines/Cities_Data/Mono/x86_64/data-0x6176e40.so
Non platform assembly: data-0x618b700 (this message is harmless)
Non platform assembly: data-0x61a7dd0 (this message is harmless)
Fallback handler could not load library /home/rich/.local/share/Steam/steamapps/common/Cities_Skylines/Cities_Data/Mono/x86_64/data-0x61a7dd0.so
Non platform assembly: data-0x618c040 (this message is harmless)
Fallback handler could not load library /home/rich/.local/share/Steam/steamapps/common/Cities_Skylines/Cities_Data/Mono/x86_64/data-0x618c040.so
Non platform assembly: data-0x618ed60 (this message is harmless)
Fallback handler could not load library /home/rich/.local/share/Steam/steamapps/common/Cities_Skylines/Cities_Data/Mono/x86_64/data-0x618ed60.so
Non platform assembly: data-0x6192220 (this message is harmless)
Fallback handler could not load library /home/rich/.local/share/Steam/steamapps/common/Cities_Skylines/Cities_Data/Mono/x86_64/data-0x6192220.so
Non platform assembly: data-0x61963d0 (this message is harmless)
Fallback handler could not load library /home/rich/.local/share/Steam/steamapps/common/Cities_Skylines/Cities_Data/Mono/x86_64/data-0x61963d0.so
Non platform assembly: data-0x6198d10 (this message is harmless)
Fallback handler could not load library /home/rich/.local/share/Steam/steamapps/common/Cities_Skylines/Cities_Data/Mono/x86_64/data-0x6198d10.so
Non platform assembly: data-0x7fc0c146b010 (this message is harmless)
Fallback handler could not load library /home/rich/.local/share/Steam/steamapps/common/Cities_Skylines/Cities_Data/Mono/x86_64/data-0x7fc0c146b010.so
Non platform assembly: data-0x61f65e0 (this message is harmless)
Non platform assembly: data-0x61f6790 (this message is harmless)
Fallback handler could not load library /home/rich/.local/share/Steam/steamapps/common/Cities_Skylines/Cities_Data/Mono/x86_64/data-0x61f6790.so
Non platform assembly: data-0x6213660 (this message is harmless)
Non platform assembly: data-0x6213660 (this message is harmless)
Fallback handler could not load library /home/rich/.local/share/Steam/steamapps/common/Cities_Skylines/Cities_Data/Mono/x86_64/data-0x6213660.so
Non platform assembly: data-0x6217f10 (this message is harmless)
Non platform assembly: data-0x6217f10 (this message is harmless)
Fallback handler could not load library /home/rich/.local/share/Steam/steamapps/common/Cities_Skylines/Cities_Data/Mono/x86_64/data-0x6217f10.so
Non platform assembly: data-0x62226a0 (this message is harmless)
Fallback handler could not load library /home/rich/.local/share/Steam/steamapps/common/Cities_Skylines/Cities_Data/Mono/x86_64/data-0x62226a0.so
Non platform assembly: data-0x623c2b0 (this message is harmless)
Non platform assembly: data-0x621b150 (this message is harmless)
Fallback handler could not load library /home/rich/.local/share/Steam/steamapps/common/Cities_Skylines/Cities_Data/Mono/x86_64/data-0x621b150.so
Non platform assembly: data-0x623c2b0 (this message is harmless)
Fallback handler could not load library /home/rich/.local/share/Steam/steamapps/common/Cities_Skylines/Cities_Data/Mono/x86_64/data-0x623c2b0.so
Non platform assembly: data-0x62472c0 (this message is harmless)
Fallback handler could not load library /home/rich/.local/share/Steam/steamapps/common/Cities_Skylines/Cities_Data/Mono/x86_64/data-0x62472c0.so
Non platform assembly: data-0x625ead0 (this message is harmless)
Non platform assembly: data-0x625ead0 (this message is harmless)
Fallback handler could not load library /home/rich/.local/share/Steam/steamapps/common/Cities_Skylines/Cities_Data/Mono/x86_64/data-0x625ead0.so
Non platform assembly: data-0x6268ae0 (this message is harmless)
Fallback handler could not load library /home/rich/.local/share/Steam/steamapps/common/Cities_Skylines/Cities_Data/Mono/x86_64/data-0x6268ae0.so
Non platform assembly: data-0x6287620 (this message is harmless)
Fallback handler could not load library /home/rich/.local/share/Steam/steamapps/common/Cities_Skylines/Cities_Data/Mono/x86_64/data-0x6287620.so
Non platform assembly: data-0x62b2090 (this message is harmless)
Non platform assembly: data-0x62b6570 (this message is harmless)
Non platform assembly: data-0x62ba0a0 (this message is harmless)
Fallback handler could not load library /home/rich/.local/share/Steam/steamapps/common/Cities_Skylines/Cities_Data/Mono/x86_64/data-0x62ba0a0.so
Non platform assembly: data-0x63f54b0 (this message is harmless)
Fallback handler could not load library /home/rich/.local/share/Steam/steamapps/common/Cities_Skylines/Cities_Data/Mono/x86_64/data-0x63f54b0.so
Non platform assembly: data-0x64174c0 (this message is harmless)
Non platform assembly: data-0x62b1fc0 (this message is harmless)
Non platform assembly: data-0x64174c0 (this message is harmless)
Fallback handler could not load library /home/rich/.local/share/Steam/steamapps/common/Cities_Skylines/Cities_Data/Mono/x86_64/data-0x64174c0.so
Non platform assembly: data-0x65362d0 (this message is harmless)
Non platform assembly: data-0x65362d0 (this message is harmless)
Non platform assembly: data-0x65362d0 (this message is harmless)
Fallback handler could not load library /home/rich/.local/share/Steam/steamapps/common/Cities_Skylines/Cities_Data/Mono/x86_64/data-0x65362d0.so
Non platform assembly: data-0x6547ce0 (this message is harmless)
Non platform assembly: data-0x6547ce0 (this message is harmless)
Fallback handler could not load library /home/rich/.local/share/Steam/steamapps/common/Cities_Skylines/Cities_Data/Mono/x86_64/data-0x6547ce0.so
Non platform assembly: data-0x656f4f0 (this message is harmless)
Non platform assembly: data-0x656f4f0 (this message is harmless)
Fallback handler could not load library /home/rich/.local/share/Steam/steamapps/common/Cities_Skylines/Cities_Data/Mono/x86_64/data-0x656f4f0.so
Non platform assembly: data-0x7fc0c0d51010 (this message is harmless)
Fallback handler could not load library /home/rich/.local/share/Steam/steamapps/common/Cities_Skylines/Cities_Data/Mono/x86_64/data-0x7fc0c0d51010.so
Non platform assembly: data-0x6578900 (this message is harmless)
Non platform assembly: data-0x6578900 (this message is harmless)
Non platform assembly: data-0x6578900 (this message is harmless)
Non platform assembly: data-0x6578900 (this message is harmless)
Non platform assembly: data-0x6578900 (this message is harmless)
Fallback handler could not load library /home/rich/.local/share/Steam/steamapps/common/Cities_Skylines/Cities_Data/Mono/x86_64/data-0x6578900.so
Non platform assembly: data-0x65ae870 (this message is harmless)
Fallback handler could not load library /home/rich/.local/share/Steam/steamapps/common/Cities_Skylines/Cities_Data/Mono/x86_64/data-0x65ae870.so
Non platform assembly: data-0x65b0aa0 (this message is harmless)
Fallback handler could not load library /home/rich/.local/share/Steam/steamapps/common/Cities_Skylines/Cities_Data/Mono/x86_64/data-0x65b0aa0.so
Non platform assembly: data-0x65b2c80 (this message is harmless)
Fallback handler could not load library /home/rich/.local/share/Steam/steamapps/common/Cities_Skylines/Cities_Data/Mono/x86_64/data-0x65b2c80.so
Non platform assembly: data-0x65b4f00 (this message is harmless)
Fallback handler could not load library /home/rich/.local/share/Steam/steamapps/common/Cities_Skylines/Cities_Data/Mono/x86_64/data-0x65b4f00.so
Non platform assembly: data-0x65b7170 (this message is harmless)
Fallback handler could not load library /home/rich/.local/share/Steam/steamapps/common/Cities_Skylines/Cities_Data/Mono/x86_64/data-0x65b7170.so
Non platform assembly: data-0x65b95a0 (this message is harmless)
Fallback handler could not load library /home/rich/.local/share/Steam/steamapps/common/Cities_Skylines/Cities_Data/Mono/x86_64/data-0x65b95a0.so
Non platform assembly: data-0x65bb830 (this message is harmless)
Fallback handler could not load library /home/rich/.local/share/Steam/steamapps/common/Cities_Skylines/Cities_Data/Mono/x86_64/data-0x65bb830.so
Non platform assembly: data-0x65bda40 (this message is harmless)
Fallback handler could not load library /home/rich/.local/share/Steam/steamapps/common/Cities_Skylines/Cities_Data/Mono/x86_64/data-0x65bda40.so
Non platform assembly: data-0x65bfe70 (this message is harmless)
Fallback handler could not load library /home/rich/.local/share/Steam/steamapps/common/Cities_Skylines/Cities_Data/Mono/x86_64/data-0x65bfe70.so
Non platform assembly: data-0x65c2050 (this message is harmless)
Fallback handler could not load library /home/rich/.local/share/Steam/steamapps/common/Cities_Skylines/Cities_Data/Mono/x86_64/data-0x65c2050.so
Non platform assembly: data-0x65c41f0 (this message is harmless)
Fallback handler could not load library /home/rich/.local/share/Steam/steamapps/common/Cities_Skylines/Cities_Data/Mono/x86_64/data-0x65c41f0.so
Non platform assembly: data-0x65c5e90 (this message is harmless)
Non platform assembly: data-0x65ca3b0 (this message is harmless)
Fallback handler could not load library /home/rich/.local/share/Steam/steamapps/common/Cities_Skylines/Cities_Data/Mono/x86_64/data-0x65ca3b0.so
Non platform assembly: data-0x65c6bc0 (this message is harmless)
Fallback handler could not load library /home/rich/.local/share/Steam/steamapps/common/Cities_Skylines/Cities_Data/Mono/x86_64/data-0x65c6bc0.so
Non platform assembly: data-0x65fffc0 (this message is harmless)
Fallback handler could not load library /home/rich/.local/share/Steam/steamapps/common/Cities_Skylines/Cities_Data/Mono/x86_64/data-0x65fffc0.so
Non platform assembly: data-0x66011d0 (this message is harmless)
Fallback handler could not load library /home/rich/.local/share/Steam/steamapps/common/Cities_Skylines/Cities_Data/Mono/x86_64/data-0x66011d0.so
Non platform assembly: data-0x6603220 (this message is harmless)
Fallback handler could not load library /home/rich/.local/share/Steam/steamapps/common/Cities_Skylines/Cities_Data/Mono/x86_64/data-0x6603220.so
Non platform assembly: data-0x6605400 (this message is harmless)
Fallback handler could not load library /home/rich/.local/share/Steam/steamapps/common/Cities_Skylines/Cities_Data/Mono/x86_64/data-0x6605400.so
Non platform assembly: data-0x6607850 (this message is harmless)
Fallback handler could not load library /home/rich/.local/share/Steam/steamapps/common/Cities_Skylines/Cities_Data/Mono/x86_64/data-0x6607850.so
Non platform assembly: data-0x6609aa0 (this message is harmless)
Fallback handler could not load library /home/rich/.local/share/Steam/steamapps/common/Cities_Skylines/Cities_Data/Mono/x86_64/data-0x6609aa0.so
Non platform assembly: data-0x660bd70 (this message is harmless)
Fallback handler could not load library /home/rich/.local/share/Steam/steamapps/common/Cities_Skylines/Cities_Data/Mono/x86_64/data-0x660bd70.so
Non platform assembly: data-0x660e190 (this message is harmless)
Fallback handler could not load library /home/rich/.local/share/Steam/steamapps/common/Cities_Skylines/Cities_Data/Mono/x86_64/data-0x660e190.so
Non platform assembly: data-0x6610360 (this message is harmless)
Fallback handler could not load library /home/rich/.local/share/Steam/steamapps/common/Cities_Skylines/Cities_Data/Mono/x86_64/data-0x6610360.so
Non platform assembly: data-0x66125b0 (this message is harmless)
Fallback handler could not load library /home/rich/.local/share/Steam/steamapps/common/Cities_Skylines/Cities_Data/Mono/x86_64/data-0x66125b0.so
Non platform assembly: data-0x66141f0 (this message is harmless)
Fallback handler could not load library /home/rich/.local/share/Steam/steamapps/common/Cities_Skylines/Cities_Data/Mono/x86_64/data-0x66141f0.so
Non platform assembly: data-0x6627a00 (this message is harmless)
Non platform assembly: data-0x662b130 (this message is harmless)
Fallback handler could not load library /home/rich/.local/share/Steam/steamapps/common/Cities_Skylines/Cities_Data/Mono/x86_64/data-0x662b130.so
Non platform assembly: data-0x6665b40 (this message is harmless)
Fallback handler could not load library /home/rich/.local/share/Steam/steamapps/common/Cities_Skylines/Cities_Data/Mono/x86_64/data-0x6665b40.so
Non platform assembly: data-0x6696b50 (this message is harmless)
Fallback handler could not load library /home/rich/.local/share/Steam/steamapps/common/Cities_Skylines/Cities_Data/Mono/x86_64/data-0x6696b50.so
Non platform assembly: data-0x66b3160 (this message is harmless)
Fallback handler could not load library /home/rich/.local/share/Steam/steamapps/common/Cities_Skylines/Cities_Data/Mono/x86_64/data-0x66b3160.so
Non platform assembly: data-0x66dd3e0 (this message is harmless)
Fallback handler could not load library /home/rich/.local/share/Steam/steamapps/common/Cities_Skylines/Cities_Data/Mono/x86_64/data-0x66dd3e0.so
Non platform assembly: data-0x67ef230 (this message is harmless)
Non platform assembly: data-0x67ef230 (this message is harmless)
Non platform assembly: data-0x67f3520 (this message is harmless)
Non platform assembly: data-0x67f3520 (this message is harmless)
Non platform assembly: data-0x67f3520 (this message is harmless)
Non platform assembly: data-0x67f3520 (this message is harmless)
Fallback handler could not load library /home/rich/.local/share/Steam/steamapps/common/Cities_Skylines/Cities_Data/Mono/x86_64/data-0x67f3520.so
Non platform assembly: data-0x6834530 (this message is harmless)
Non platform assembly: data-0x6834530 (this message is harmless)
Fallback handler could not load library /home/rich/.local/share/Steam/steamapps/common/Cities_Skylines/Cities_Data/Mono/x86_64/data-0x6834530.so
Non platform assembly: data-0x6880740 (this message is harmless)
Non platform assembly: data-0x6880740 (this message is harmless)
Fallback handler could not load library /home/rich/.local/share/Steam/steamapps/common/Cities_Skylines/Cities_Data/Mono/x86_64/data-0x6880740.so
Non platform assembly: data-0x695df50 (this message is harmless)
Non platform assembly: data-0x695df50 (this message is harmless)
Fallback handler could not load library /home/rich/.local/share/Steam/steamapps/common/Cities_Skylines/Cities_Data/Mono/x86_64/data-0x695df50.so
Non platform assembly: data-0x6a3c5c0 (this message is harmless)
Fallback handler could not load library /home/rich/.local/share/Steam/steamapps/common/Cities_Skylines/Cities_Data/Mono/x86_64/data-0x6a3c5c0.so
Non platform assembly: data-0x6b1b5b0 (this message is harmless)
Fallback handler could not load library /home/rich/.local/share/Steam/steamapps/common/Cities_Skylines/Cities_Data/Mono/x86_64/data-0x6b1b5b0.so
Non platform assembly: data-0x6bfa800 (this message is harmless)
Fallback handler could not load library /home/rich/.local/share/Steam/steamapps/common/Cities_Skylines/Cities_Data/Mono/x86_64/data-0x6bfa800.so
Non platform assembly: data-0x6cd9cb0 (this message is harmless)
Fallback handler could not load library /home/rich/.local/share/Steam/steamapps/common/Cities_Skylines/Cities_Data/Mono/x86_64/data-0x6cd9cb0.so
Non platform assembly: data-0x6ce1dc0 (this message is harmless)
Fallback handler could not load library /home/rich/.local/share/Steam/steamapps/common/Cities_Skylines/Cities_Data/Mono/x86_64/data-0x6ce1dc0.so
Non platform assembly: data-0x6ce7250 (this message is harmless)
Fallback handler could not load library /home/rich/.local/share/Steam/steamapps/common/Cities_Skylines/Cities_Data/Mono/x86_64/data-0x6ce7250.so
Loading /home/rich/.local/share/Steam/steamapps/common/Cities_Skylines/Files/Mods/HardMode/HardMode.dll  [Mods - Internal]
 
(Filename: /home/builduser/buildslave/unity/build/artifacts/generated/common/runtime/DebugBindings.gen.cpp Line: 51)

Non platform assembly: data-0x6d23640 (this message is harmless)
Fallback handler could not load library /home/rich/.local/share/Steam/steamapps/common/Cities_Skylines/Cities_Data/Mono/x86_64/data-0x6d23640.so
Assembly HardMode0, Version=0.0.0.0, Culture=neutral, PublicKeyToken=null loaded.  [Mods - Internal]
 
(Filename: /home/builduser/buildslave/unity/build/artifacts/generated/common/runtime/DebugBindings.gen.cpp Line: 51)

Loading /home/rich/.local/share/Steam/steamapps/common/Cities_Skylines/Files/Mods/UnlimitedMoney/UnlimitedMoney.dll  [Mods - Internal]
 
(Filename: /home/builduser/buildslave/unity/build/artifacts/generated/common/runtime/DebugBindings.gen.cpp Line: 51)

Non platform assembly: data-0x6d26df0 (this message is harmless)
Fallback handler could not load library /home/rich/.local/share/Steam/steamapps/common/Cities_Skylines/Cities_Data/Mono/x86_64/data-0x6d26df0.so
Assembly UnlimitedMoney2, Version=0.0.0.0, Culture=neutral, PublicKeyToken=null loaded.  [Mods - Internal]
 
(Filename: /home/builduser/buildslave/unity/build/artifacts/generated/common/runtime/DebugBindings.gen.cpp Line: 51)

Loading /home/rich/.local/share/Steam/steamapps/common/Cities_Skylines/Files/Mods/UnlimitedOilAndOre/UnlimitedOilAndOre.dll  [Mods - Internal]
 
(Filename: /home/builduser/buildslave/unity/build/artifacts/generated/common/runtime/DebugBindings.gen.cpp Line: 51)

Non platform assembly: data-0x6d27fc0 (this message is harmless)
Fallback handler could not load library /home/rich/.local/share/Steam/steamapps/common/Cities_Skylines/Cities_Data/Mono/x86_64/data-0x6d27fc0.so
Assembly UnlimitedOilAndOre, Version=1.0.0.0, Culture=neutral, PublicKeyToken=null loaded.  [Mods - Internal]
 
(Filename: /home/builduser/buildslave/unity/build/artifacts/generated/common/runtime/DebugBindings.gen.cpp Line: 51)

Loading /home/rich/.local/share/Steam/steamapps/common/Cities_Skylines/Files/Mods/UnlimitedSoil/UnlimitedSoil.dll  [Mods - Internal]
 
(Filename: /home/builduser/buildslave/unity/build/artifacts/generated/common/runtime/DebugBindings.gen.cpp Line: 51)

Non platform assembly: data-0x6d2a150 (this message is harmless)
Fallback handler could not load library /home/rich/.local/share/Steam/steamapps/common/Cities_Skylines/Cities_Data/Mono/x86_64/data-0x6d2a150.so
Assembly UnlimitedSoil, Version=1.0.0.0, Culture=neutral, PublicKeyToken=null loaded.  [Mods - Internal]
 
(Filename: /home/builduser/buildslave/unity/build/artifacts/generated/common/runtime/DebugBindings.gen.cpp Line: 51)

Loading /home/rich/.local/share/Steam/steamapps/common/Cities_Skylines/Files/Mods/UnlockAll/UnlockAll.dll  [Mods - Internal]
 
(Filename: /home/builduser/buildslave/unity/build/artifacts/generated/common/runtime/DebugBindings.gen.cpp Line: 51)

Non platform assembly: data-0x6d2e170 (this message is harmless)
Fallback handler could not load library /home/rich/.local/share/Steam/steamapps/common/Cities_Skylines/Cities_Data/Mono/x86_64/data-0x6d2e170.so
Assembly UnlockAll, Version=1.0.0.0, Culture=neutral, PublicKeyToken=null loaded.  [Mods - Internal]
 
(Filename: /home/builduser/buildslave/unity/build/artifacts/generated/common/runtime/DebugBindings.gen.cpp Line: 51)

Loading /home/rich/.local/share/Steam/steamapps/workshop/content/255710/2862881785/CitiesHarmony.API.dll  [Mods - Internal]
 
(Filename: /home/builduser/buildslave/unity/build/artifacts/generated/common/runtime/DebugBindings.gen.cpp Line: 51)

Non platform assembly: data-0x6d32080 (this message is harmless)
Fallback handler could not load library /home/rich/.local/share/Steam/steamapps/common/Cities_Skylines/Cities_Data/Mono/x86_64/data-0x6d32080.so
Assembly CitiesHarmony.API, Version=2.1.0.0, Culture=neutral, PublicKeyToken=null loaded.  [Mods - Internal]
 
(Filename: /home/builduser/buildslave/unity/build/artifacts/generated/common/runtime/DebugBindings.gen.cpp Line: 51)

Loading /home/rich/.local/share/Steam/steamapps/workshop/content/255710/2862881785/UnifiedUILib.dll  [Mods - Internal]
 
(Filename: /home/builduser/buildslave/unity/build/artifacts/generated/common/runtime/DebugBindings.gen.cpp Line: 51)

Non platform assembly: data-0x6d36d00 (this message is harmless)
Fallback handler could not load library /home/rich/.local/share/Steam/steamapps/common/Cities_Skylines/Cities_Data/Mono/x86_64/data-0x6d36d00.so
Assembly UnifiedUILib, Version=2.2.12.31246, Culture=neutral, PublicKeyToken=null loaded.  [Mods - Internal]
 
(Filename: /home/builduser/buildslave/unity/build/artifacts/generated/common/runtime/DebugBindings.gen.cpp Line: 51)

Loading /home/rich/.local/share/Steam/steamapps/workshop/content/255710/2040656402/CitiesHarmony.Harmony.dll  [Mods - Internal]
 
(Filename: /home/builduser/buildslave/unity/build/artifacts/generated/common/runtime/DebugBindings.gen.cpp Line: 51)

Non platform assembly: data-0x6d63340 (this message is harmless)
Fallback handler could not load library /home/rich/.local/share/Steam/steamapps/common/Cities_Skylines/Cities_Data/Mono/x86_64/data-0x6d63340.so
Assembly CitiesHarmony.Harmony, Version=2.0.4.0, Culture=neutral, PublicKeyToken=null loaded.  [Mods - Internal]
 
(Filename: /home/builduser/buildslave/unity/build/artifacts/generated/common/runtime/DebugBindings.gen.cpp Line: 51)

Loading /home/rich/.local/share/Steam/steamapps/workshop/content/255710/2448994345/YetAnotherToolbar.dll  [Mods - Internal]
 
(Filename: /home/builduser/buildslave/unity/build/artifacts/generated/common/runtime/DebugBindings.gen.cpp Line: 51)

Non platform assembly: data-0x6e42800 (this message is harmless)
Fallback handler could not load library /home/rich/.local/share/Steam/steamapps/common/Cities_Skylines/Cities_Data/Mono/x86_64/data-0x6e42800.so
Assembly YetAnotherToolbar, Version=1.1.6.2, Culture=neutral, PublicKeyToken=null loaded.  [Mods - Internal]
 
(Filename: /home/builduser/buildslave/unity/build/artifacts/generated/common/runtime/DebugBindings.gen.cpp Line: 51)

Loading /home/rich/.local/share/Steam/steamapps/workshop/content/255710/2255219025/UnifiedUILib.dll  [Mods - Internal]
 
(Filename: /home/builduser/buildslave/unity/build/artifacts/generated/common/runtime/DebugBindings.gen.cpp Line: 51)

Non platform assembly: data-0x6e71aa0 (this message is harmless)
Fallback handler could not load library /home/rich/.local/share/Steam/steamapps/common/Cities_Skylines/Cities_Data/Mono/x86_64/data-0x6e71aa0.so
Assembly UnifiedUILib, Version=2.2.12.31977, Culture=neutral, PublicKeyToken=null loaded.  [Mods - Internal]
 
(Filename: /home/builduser/buildslave/unity/build/artifacts/generated/common/runtime/DebugBindings.gen.cpp Line: 51)

Loading /home/rich/.local/share/Steam/steamapps/workshop/content/255710/2255219025/UnifiedUIMod.dll  [Mods - Internal]
 
(Filename: /home/builduser/buildslave/unity/build/artifacts/generated/common/runtime/DebugBindings.gen.cpp Line: 51)

Non platform assembly: data-0x6e9e100 (this message is harmless)
Fallback handler could not load library /home/rich/.local/share/Steam/steamapps/common/Cities_Skylines/Cities_Data/Mono/x86_64/data-0x6e9e100.so
Assembly UnifiedUIMod, Version=2.2.12.31978, Culture=neutral, PublicKeyToken=null loaded.  [Mods - Internal]
 
(Filename: /home/builduser/buildslave/unity/build/artifacts/generated/common/runtime/DebugBindings.gen.cpp Line: 51)

Loading /home/rich/.local/share/Steam/steamapps/workshop/content/255710/530771650/0Harmony.dll  [Mods - Internal]
 
(Filename: /home/builduser/buildslave/unity/build/artifacts/generated/common/runtime/DebugBindings.gen.cpp Line: 51)

Non platform assembly: data-0x6ebbc00 (this message is harmless)
Fallback handler could not load library /home/rich/.local/share/Steam/steamapps/common/Cities_Skylines/Cities_Data/Mono/x86_64/data-0x6ebbc00.so
Assembly 0Harmony, Version=1.2.0.1, Culture=neutral, PublicKeyToken=null loaded.  [Mods - Internal]
 
(Filename: /home/builduser/buildslave/unity/build/artifacts/generated/common/runtime/DebugBindings.gen.cpp Line: 51)

Loading /home/rich/.local/share/Steam/steamapps/workshop/content/255710/1312767991/TransportLinesManager.dll  [Mods - Internal]
 
(Filename: /home/builduser/buildslave/unity/build/artifacts/generated/common/runtime/DebugBindings.gen.cpp Line: 51)

Non platform assembly: data-0x6ed86e0 (this message is harmless)
Fallback handler could not load library /home/rich/.local/share/Steam/steamapps/common/Cities_Skylines/Cities_Data/Mono/x86_64/data-0x6ed86e0.so
Assembly TransportLinesManager, Version=14.4.0.0, Culture=neutral, PublicKeyToken=null loaded.  [Mods - Internal]
 
(Filename: /home/builduser/buildslave/unity/build/artifacts/generated/common/runtime/DebugBindings.gen.cpp Line: 51)

Loading /home/rich/.local/share/Steam/steamapps/workshop/content/255710/2858591409/CitiesHarmony.API.dll  [Mods - Internal]
 
(Filename: /home/builduser/buildslave/unity/build/artifacts/generated/common/runtime/DebugBindings.gen.cpp Line: 51)

Non platform assembly: data-0x70238a0 (this message is harmless)
Fallback handler could not load library /home/rich/.local/share/Steam/steamapps/common/Cities_Skylines/Cities_Data/Mono/x86_64/data-0x70238a0.so
Assembly CitiesHarmony.API, Version=2.2.0.0, Culture=neutral, PublicKeyToken=null loaded.  [Mods - Internal]
 
(Filename: /home/builduser/buildslave/unity/build/artifacts/generated/common/runtime/DebugBindings.gen.cpp Line: 51)

Loading /home/rich/.local/share/Steam/steamapps/workshop/content/255710/1764637396/ToggleIt.dll  [Mods - Internal]
 
(Filename: /home/builduser/buildslave/unity/build/artifacts/generated/common/runtime/DebugBindings.gen.cpp Line: 51)

Non platform assembly: data-0x70284c0 (this message is harmless)
Fallback handler could not load library /home/rich/.local/share/Steam/steamapps/common/Cities_Skylines/Cities_Data/Mono/x86_64/data-0x70284c0.so
Assembly ToggleIt, Version=1.23.8543.28105, Culture=neutral, PublicKeyToken=null loaded.  [Mods - Internal]
 
(Filename: /home/builduser/buildslave/unity/build/artifacts/generated/common/runtime/DebugBindings.gen.cpp Line: 51)

Loading /home/rich/.local/share/Steam/steamapps/workshop/content/255710/1899640536/ThemeMixer.dll  [Mods - Internal]
 
(Filename: /home/builduser/buildslave/unity/build/artifacts/generated/common/runtime/DebugBindings.gen.cpp Line: 51)

Non platform assembly: data-0x703cea0 (this message is harmless)
Fallback handler could not load library /home/rich/.local/share/Steam/steamapps/common/Cities_Skylines/Cities_Data/Mono/x86_64/data-0x703cea0.so
Assembly ThemeMixer, Version=1.0.7249.33309, Culture=neutral, PublicKeyToken=null loaded.  [Mods - Internal]
 
(Filename: /home/builduser/buildslave/unity/build/artifacts/generated/common/runtime/DebugBindings.gen.cpp Line: 51)

Loading /home/rich/.local/share/Steam/steamapps/workshop/content/255710/2489276785/CSUtil.CameraControl.dll  [Mods - Internal]
 
(Filename: /home/builduser/buildslave/unity/build/artifacts/generated/common/runtime/DebugBindings.gen.cpp Line: 51)

Non platform assembly: data-0x708c5e0 (this message is harmless)
Fallback handler could not load library /home/rich/.local/share/Steam/steamapps/common/Cities_Skylines/Cities_Data/Mono/x86_64/data-0x708c5e0.so
Assembly CSUtil.CameraControl, Version=1.0.9215.24313, Culture=neutral, PublicKeyToken=null loaded.  [Mods - Internal]
 
(Filename: /home/builduser/buildslave/unity/build/artifacts/generated/common/runtime/DebugBindings.gen.cpp Line: 51)

Loading /home/rich/.local/share/Steam/steamapps/workshop/content/255710/2489276785/CSUtil.Commons.dll  [Mods - Internal]
 
(Filename: /home/builduser/buildslave/unity/build/artifacts/generated/common/runtime/DebugBindings.gen.cpp Line: 51)

Non platform assembly: data-0x708f380 (this message is harmless)
Fallback handler could not load library /home/rich/.local/share/Steam/steamapps/common/Cities_Skylines/Cities_Data/Mono/x86_64/data-0x708f380.so
Assembly CSUtil.Commons, Version=1.0.9215.24314, Culture=neutral, PublicKeyToken=null loaded.  [Mods - Internal]
 
(Filename: /home/builduser/buildslave/unity/build/artifacts/generated/common/runtime/DebugBindings.gen.cpp Line: 51)

Loading /home/rich/.local/share/Steam/steamapps/workshop/content/255710/2104976832/CitiesHarmony.API.dll  [Mods - Internal]
 
(Filename: /home/builduser/buildslave/unity/build/artifacts/generated/common/runtime/DebugBindings.gen.cpp Line: 51)

Non platform assembly: data-0x7092a20 (this message is harmless)
Fallback handler could not load library /home/rich/.local/share/Steam/steamapps/common/Cities_Skylines/Cities_Data/Mono/x86_64/data-0x7092a20.so
Assembly CitiesHarmony.API, Version=2.0.0.0, Culture=neutral, PublicKeyToken=null loaded.  [Mods - Internal]
 
(Filename: /home/builduser/buildslave/unity/build/artifacts/generated/common/runtime/DebugBindings.gen.cpp Line: 51)

Loading /home/rich/.local/share/Steam/steamapps/workshop/content/255710/2504315382/MoveItIntegration.dll  [Mods - Internal]
 
(Filename: /home/builduser/buildslave/unity/build/artifacts/generated/common/runtime/DebugBindings.gen.cpp Line: 51)

Non platform assembly: data-0x7096a20 (this message is harmless)
Fallback handler could not load library /home/rich/.local/share/Steam/steamapps/common/Cities_Skylines/Cities_Data/Mono/x86_64/data-0x7096a20.so
Assembly MoveItIntegration, Version=1.0.0.0, Culture=neutral, PublicKeyToken=null loaded.  [Mods - Internal]
 
(Filename: /home/builduser/buildslave/unity/build/artifacts/generated/common/runtime/DebugBindings.gen.cpp Line: 51)

Loading /home/rich/.local/share/Steam/steamapps/workshop/content/255710/2489276785/TMPE.API.dll  [Mods - Internal]
 
(Filename: /home/builduser/buildslave/unity/build/artifacts/generated/common/runtime/DebugBindings.gen.cpp Line: 51)

Non platform assembly: data-0x70994a0 (this message is harmless)
Fallback handler could not load library /home/rich/.local/share/Steam/steamapps/common/Cities_Skylines/Cities_Data/Mono/x86_64/data-0x70994a0.so
Assembly TMPE.API, Version=11.9.1.24314, Culture=neutral, PublicKeyToken=null loaded.  [Mods - Internal]
 
(Filename: /home/builduser/buildslave/unity/build/artifacts/generated/common/runtime/DebugBindings.gen.cpp Line: 51)

Loading /home/rich/.local/share/Steam/steamapps/workshop/content/255710/2489276785/TrafficManager.dll  [Mods - Internal]
 
(Filename: /home/builduser/buildslave/unity/build/artifacts/generated/common/runtime/DebugBindings.gen.cpp Line: 51)

Non platform assembly: data-0x7fc0c050d010 (this message is harmless)
Fallback handler could not load library /home/rich/.local/share/Steam/steamapps/common/Cities_Skylines/Cities_Data/Mono/x86_64/data-0x7fc0c050d010.so
Assembly TrafficManager, Version=11.9.1.24314, Culture=neutral, PublicKeyToken=null loaded.  [Mods - Internal]
 
(Filename: /home/builduser/buildslave/unity/build/artifacts/generated/common/runtime/DebugBindings.gen.cpp Line: 51)

Loading /home/rich/.local/share/Steam/steamapps/workshop/content/255710/1410077595/Stats.dll  [Mods - Internal]
 
(Filename: /home/builduser/buildslave/unity/build/artifacts/generated/common/runtime/DebugBindings.gen.cpp Line: 51)

Non platform assembly: data-0x70a7d40 (this message is harmless)
Fallback handler could not load library /home/rich/.local/share/Steam/steamapps/common/Cities_Skylines/Cities_Data/Mono/x86_64/data-0x70a7d40.so
Assembly Stats, Version=1.4.9301.35543, Culture=neutral, PublicKeyToken=null loaded.  [Mods - Internal]
 
(Filename: /home/builduser/buildslave/unity/build/artifacts/generated/common/runtime/DebugBindings.gen.cpp Line: 51)

Loading /home/rich/.local/share/Steam/steamapps/workshop/content/255710/973512634/SortModSettings.dll  [Mods - Internal]
 
(Filename: /home/builduser/buildslave/unity/build/artifacts/generated/common/runtime/DebugBindings.gen.cpp Line: 51)

Non platform assembly: data-0x70c5380 (this message is harmless)
Fallback handler could not load library /home/rich/.local/share/Steam/steamapps/common/Cities_Skylines/Cities_Data/Mono/x86_64/data-0x70c5380.so
Assembly SortModSettings, Version=1.5.8556.23757, Culture=neutral, PublicKeyToken=null loaded.  [Mods - Internal]
 
(Filename: /home/builduser/buildslave/unity/build/artifacts/generated/common/runtime/DebugBindings.gen.cpp Line: 51)

Loading /home/rich/.local/share/Steam/steamapps/workshop/content/255710/1665106193/SkipIntro.dll  [Mods - Internal]
 
(Filename: /home/builduser/buildslave/unity/build/artifacts/generated/common/runtime/DebugBindings.gen.cpp Line: 51)

Non platform assembly: data-0x70c8020 (this message is harmless)
Fallback handler could not load library /home/rich/.local/share/Steam/steamapps/common/Cities_Skylines/Cities_Data/Mono/x86_64/data-0x70c8020.so
Assembly SkipIntro, Version=1.3.8556.29343, Culture=neutral, PublicKeyToken=null loaded.  [Mods - Internal]
 
(Filename: /home/builduser/buildslave/unity/build/artifacts/generated/common/runtime/DebugBindings.gen.cpp Line: 51)

Loading /home/rich/.local/share/Steam/steamapps/workshop/content/255710/1625704117/RoundaboutBuilder.dll  [Mods - Internal]
 
(Filename: /home/builduser/buildslave/unity/build/artifacts/generated/common/runtime/DebugBindings.gen.cpp Line: 51)

Non platform assembly: data-0x70cb080 (this message is harmless)
Fallback handler could not load library /home/rich/.local/share/Steam/steamapps/common/Cities_Skylines/Cities_Data/Mono/x86_64/data-0x70cb080.so
Assembly RoundaboutBuilder, Version=1.0.0.0, Culture=neutral, PublicKeyToken=null loaded.  [Mods - Internal]
 
(Filename: /home/builduser/buildslave/unity/build/artifacts/generated/common/runtime/DebugBindings.gen.cpp Line: 51)

Loading /home/rich/.local/share/Steam/steamapps/workshop/content/255710/530771650/PrefabHook.dll  [Mods - Internal]
 
(Filename: /home/builduser/buildslave/unity/build/artifacts/generated/common/runtime/DebugBindings.gen.cpp Line: 51)

Non platform assembly: data-0x70e5c80 (this message is harmless)
Fallback handler could not load library /home/rich/.local/share/Steam/steamapps/common/Cities_Skylines/Cities_Data/Mono/x86_64/data-0x70e5c80.so
Assembly PrefabHook, Version=1.0.0.0, Culture=neutral, PublicKeyToken=null loaded.  [Mods - Internal]
 
(Filename: /home/builduser/buildslave/unity/build/artifacts/generated/common/runtime/DebugBindings.gen.cpp Line: 51)

Loading /home/rich/.local/share/Steam/steamapps/workshop/content/255710/445589127/PrecisionEngineering.dll  [Mods - Internal]
 
(Filename: /home/builduser/buildslave/unity/build/artifacts/generated/common/runtime/DebugBindings.gen.cpp Line: 51)

Non platform assembly: data-0x70ea6d0 (this message is harmless)
Fallback handler could not load library /home/rich/.local/share/Steam/steamapps/common/Cities_Skylines/Cities_Data/Mono/x86_64/data-0x70ea6d0.so
Assembly PrecisionEngineering, Version=1.0.1.0, Culture=neutral, PublicKeyToken=null loaded.  [Mods - Internal]
 
(Filename: /home/builduser/buildslave/unity/build/artifacts/generated/common/runtime/DebugBindings.gen.cpp Line: 51)

Loading /home/rich/.local/share/Steam/steamapps/workshop/content/255710/2741726428/PlayIt.dll  [Mods - Internal]
 
(Filename: /home/builduser/buildslave/unity/build/artifacts/generated/common/runtime/DebugBindings.gen.cpp Line: 51)

Non platform assembly: data-0x70f68b0 (this message is harmless)
Fallback handler could not load library /home/rich/.local/share/Steam/steamapps/common/Cities_Skylines/Cities_Data/Mono/x86_64/data-0x70f68b0.so
Assembly PlayIt, Version=1.20.8543.27300, Culture=neutral, PublicKeyToken=null loaded.  [Mods - Internal]
 
(Filename: /home/builduser/buildslave/unity/build/artifacts/generated/common/runtime/DebugBindings.gen.cpp Line: 51)

Loading /home/rich/.local/share/Steam/steamapps/workshop/content/255710/2172488844/EManagersLib.API.dll  [Mods - Internal]
 
(Filename: /home/builduser/buildslave/unity/build/artifacts/generated/common/runtime/DebugBindings.gen.cpp Line: 51)

Non platform assembly: data-0x710efc0 (this message is harmless)
Fallback handler could not load library /home/rich/.local/share/Steam/steamapps/common/Cities_Skylines/Cities_Data/Mono/x86_64/data-0x710efc0.so
Assembly EManagersLib.API, Version=1.0.0.1, Culture=neutral, PublicKeyToken=null loaded.  [Mods - Internal]
 
(Filename: /home/builduser/buildslave/unity/build/artifacts/generated/common/runtime/DebugBindings.gen.cpp Line: 51)

Loading /home/rich/.local/share/Steam/steamapps/workshop/content/255710/2172488844/UnifiedUILib.dll  [Mods - Internal]
 
(Filename: /home/builduser/buildslave/unity/build/artifacts/generated/common/runtime/DebugBindings.gen.cpp Line: 51)

Non platform assembly: data-0x711a250 (this message is harmless)
Fallback handler could not load library /home/rich/.local/share/Steam/steamapps/common/Cities_Skylines/Cities_Data/Mono/x86_64/data-0x711a250.so
Assembly UnifiedUILib, Version=2.1.10.35338, Culture=neutral, PublicKeyToken=null loaded.  [Mods - Internal]
 
(Filename: /home/builduser/buildslave/unity/build/artifacts/generated/common/runtime/DebugBindings.gen.cpp Line: 51)

Loading /home/rich/.local/share/Steam/steamapps/workshop/content/255710/2172488844/Picker.dll  [Mods - Internal]
 
(Filename: /home/builduser/buildslave/unity/build/artifacts/generated/common/runtime/DebugBindings.gen.cpp Line: 51)

Non platform assembly: data-0x71447b0 (this message is harmless)
Fallback handler could not load library /home/rich/.local/share/Steam/steamapps/common/Cities_Skylines/Cities_Data/Mono/x86_64/data-0x71447b0.so
Assembly Picker, Version=4.0.1.34723, Culture=neutral, PublicKeyToken=null loaded.  [Mods - Internal]
 
(Filename: /home/builduser/buildslave/unity/build/artifacts/generated/common/runtime/DebugBindings.gen.cpp Line: 51)

Loading /home/rich/.local/share/Steam/steamapps/workshop/content/255710/2504315382/System.Xml.Linq.dll  [Mods - Internal]
 
(Filename: /home/builduser/buildslave/unity/build/artifacts/generated/common/runtime/DebugBindings.gen.cpp Line: 51)

Non platform assembly: data-0x71639b0 (this message is harmless)
Fallback handler could not load library /home/rich/.local/share/Steam/steamapps/common/Cities_Skylines/Cities_Data/Mono/x86_64/data-0x71639b0.so
Assembly System.Xml.Linq, Version=3.5.0.0, Culture=neutral, PublicKeyToken=b77a5c561934e089 loaded.  [Mods - Internal]
 
(Filename: /home/builduser/buildslave/unity/build/artifacts/generated/common/runtime/DebugBindings.gen.cpp Line: 51)

Loading /home/rich/.local/share/Steam/steamapps/workshop/content/255710/2462845270/NodeControllerRenewal.dll  [Mods - Internal]
 
(Filename: /home/builduser/buildslave/unity/build/artifacts/generated/common/runtime/DebugBindings.gen.cpp Line: 51)

Non platform assembly: data-0x7186880 (this message is harmless)
Fallback handler could not load library /home/rich/.local/share/Steam/steamapps/common/Cities_Skylines/Cities_Data/Mono/x86_64/data-0x7186880.so
Assembly NodeControllerRenewal, Version=3.5.0.102, Culture=neutral, PublicKeyToken=null loaded.  [Mods - Internal]
 
(Filename: /home/builduser/buildslave/unity/build/artifacts/generated/common/runtime/DebugBindings.gen.cpp Line: 51)

Loading /home/rich/.local/share/Steam/steamapps/workshop/content/255710/2556133736/NetworkMultitool.dll  [Mods - Internal]
 
(Filename: /home/builduser/buildslave/unity/build/artifacts/generated/common/runtime/DebugBindings.gen.cpp Line: 51)

Non platform assembly: data-0x72c2da0 (this message is harmless)
Fallback handler could not load library /home/rich/.local/share/Steam/steamapps/common/Cities_Skylines/Cities_Data/Mono/x86_64/data-0x72c2da0.so
Assembly NetworkMultitool, Version=1.4.0.49, Culture=neutral, PublicKeyToken=null loaded.  [Mods - Internal]
 
(Filename: /home/builduser/buildslave/unity/build/artifacts/generated/common/runtime/DebugBindings.gen.cpp Line: 51)

Loading /home/rich/.local/share/Steam/steamapps/workshop/content/255710/512314255/MoreNetworkStuff.dll  [Mods - Internal]
 
(Filename: /home/builduser/buildslave/unity/build/artifacts/generated/common/runtime/DebugBindings.gen.cpp Line: 51)

Non platform assembly: data-0x73e2c00 (this message is harmless)
Fallback handler could not load library /home/rich/.local/share/Steam/steamapps/common/Cities_Skylines/Cities_Data/Mono/x86_64/data-0x73e2c00.so
Assembly MoreNetworkStuff, Version=1.0.0.0, Culture=neutral, PublicKeyToken=null loaded.  [Mods - Internal]
 
(Filename: /home/builduser/buildslave/unity/build/artifacts/generated/common/runtime/DebugBindings.gen.cpp Line: 51)

Loading /home/rich/.local/share/Steam/steamapps/workshop/content/255710/2027161563/Lifecycle Rebalance Revisited.dll  [Mods - Internal]
 
(Filename: /home/builduser/buildslave/unity/build/artifacts/generated/common/runtime/DebugBindings.gen.cpp Line: 51)

Non platform assembly: data-0x73f56a0 (this message is harmless)
Fallback handler could not load library /home/rich/.local/share/Steam/steamapps/common/Cities_Skylines/Cities_Data/Mono/x86_64/data-0x73f56a0.so
Assembly Lifecycle Rebalance Revisited, Version=1.6.8.0, Culture=neutral, PublicKeyToken=null loaded.  [Mods - Internal]
 
(Filename: /home/builduser/buildslave/unity/build/artifacts/generated/common/runtime/DebugBindings.gen.cpp Line: 51)

Loading /home/rich/.local/share/Steam/steamapps/workshop/content/255710/2159934925/IntersectionMarkingTool.API.dll  [Mods - Internal]
 
(Filename: /home/builduser/buildslave/unity/build/artifacts/generated/common/runtime/DebugBindings.gen.cpp Line: 51)

Non platform assembly: data-0x741dec0 (this message is harmless)
Fallback handler could not load library /home/rich/.local/share/Steam/steamapps/common/Cities_Skylines/Cities_Data/Mono/x86_64/data-0x741dec0.so
Assembly IntersectionMarkingTool.API, Version=1.0.3.0, Culture=neutral, PublicKeyToken=null loaded.  [Mods - Internal]
 
(Filename: /home/builduser/buildslave/unity/build/artifacts/generated/common/runtime/DebugBindings.gen.cpp Line: 51)

Loading /home/rich/.local/share/Steam/steamapps/workshop/content/255710/2159934925/IntersectionMarkingTool.dll  [Mods - Internal]
 
(Filename: /home/builduser/buildslave/unity/build/artifacts/generated/common/runtime/DebugBindings.gen.cpp Line: 51)

Non platform assembly: data-0x7fc0bb8e6010 (this message is harmless)
Fallback handler could not load library /home/rich/.local/share/Steam/steamapps/common/Cities_Skylines/Cities_Data/Mono/x86_64/data-0x7fc0bb8e6010.so
Assembly IntersectionMarkingTool, Version=1.14.0.1182, Culture=neutral, PublicKeyToken=null loaded.  [Mods - Internal]
 
(Filename: /home/builduser/buildslave/unity/build/artifacts/generated/common/runtime/DebugBindings.gen.cpp Line: 51)

Loading /home/rich/.local/share/Steam/steamapps/workshop/content/255710/1844442251/FRA_FRT_CRKamikaze.dll  [Mods - Internal]
 
(Filename: /home/builduser/buildslave/unity/build/artifacts/generated/common/runtime/DebugBindings.gen.cpp Line: 51)

Non platform assembly: data-0x7429380 (this message is harmless)
Fallback handler could not load library /home/rich/.local/share/Steam/steamapps/common/Cities_Skylines/Cities_Data/Mono/x86_64/data-0x7429380.so
Assembly FRA_FRT_CRKamikaze, Version=0.0.0.0, Culture=neutral, PublicKeyToken=null loaded.  [Mods - Internal]
 
(Filename: /home/builduser/buildslave/unity/build/artifacts/generated/common/runtime/DebugBindings.gen.cpp Line: 51)

Loading /home/rich/.local/share/Steam/steamapps/workshop/content/255710/1844442251/de/FRA_FRT_CRKamikaze.resources.dll  [Mods - Internal]
 
(Filename: /home/builduser/buildslave/unity/build/artifacts/generated/common/runtime/DebugBindings.gen.cpp Line: 51)

Non platform assembly: data-0x7460080 (this message is harmless)
Fallback handler could not load library /home/rich/.local/share/Steam/steamapps/common/Cities_Skylines/Cities_Data/Mono/x86_64/data-0x7460080.so
Assembly FRA_FRT_CRKamikaze.resources, Version=0.0.0.0, Culture=de, PublicKeyToken=null loaded.  [Mods - Internal]
 
(Filename: /home/builduser/buildslave/unity/build/artifacts/generated/common/runtime/DebugBindings.gen.cpp Line: 51)

Loading /home/rich/.local/share/Steam/steamapps/workshop/content/255710/1844442251/es/FRA_FRT_CRKamikaze.resources.dll  [Mods - Internal]
 
(Filename: /home/builduser/buildslave/unity/build/artifacts/generated/common/runtime/DebugBindings.gen.cpp Line: 51)

Non platform assembly: data-0x7462340 (this message is harmless)
Fallback handler could not load library /home/rich/.local/share/Steam/steamapps/common/Cities_Skylines/Cities_Data/Mono/x86_64/data-0x7462340.so
Assembly FRA_FRT_CRKamikaze.resources, Version=0.0.0.0, Culture=es, PublicKeyToken=null loaded.  [Mods - Internal]
 
(Filename: /home/builduser/buildslave/unity/build/artifacts/generated/common/runtime/DebugBindings.gen.cpp Line: 51)

Loading /home/rich/.local/share/Steam/steamapps/workshop/content/255710/1844442251/fr/FRA_FRT_CRKamikaze.resources.dll  [Mods - Internal]
 
(Filename: /home/builduser/buildslave/unity/build/artifacts/generated/common/runtime/DebugBindings.gen.cpp Line: 51)

Non platform assembly: data-0x7464500 (this message is harmless)
Fallback handler could not load library /home/rich/.local/share/Steam/steamapps/common/Cities_Skylines/Cities_Data/Mono/x86_64/data-0x7464500.so
Assembly FRA_FRT_CRKamikaze.resources, Version=0.0.0.0, Culture=fr, PublicKeyToken=null loaded.  [Mods - Internal]
 
(Filename: /home/builduser/buildslave/unity/build/artifacts/generated/common/runtime/DebugBindings.gen.cpp Line: 51)

Loading /home/rich/.local/share/Steam/steamapps/workshop/content/255710/1844442251/it/FRA_FRT_CRKamikaze.resources.dll  [Mods - Internal]
 
(Filename: /home/builduser/buildslave/unity/build/artifacts/generated/common/runtime/DebugBindings.gen.cpp Line: 51)

Non platform assembly: data-0x7466820 (this message is harmless)
Fallback handler could not load library /home/rich/.local/share/Steam/steamapps/common/Cities_Skylines/Cities_Data/Mono/x86_64/data-0x7466820.so
Assembly FRA_FRT_CRKamikaze.resources, Version=0.0.0.0, Culture=it, PublicKeyToken=null loaded.  [Mods - Internal]
 
(Filename: /home/builduser/buildslave/unity/build/artifacts/generated/common/runtime/DebugBindings.gen.cpp Line: 51)

Loading /home/rich/.local/share/Steam/steamapps/workshop/content/255710/1844442251/ja/FRA_FRT_CRKamikaze.resources.dll  [Mods - Internal]
 
(Filename: /home/builduser/buildslave/unity/build/artifacts/generated/common/runtime/DebugBindings.gen.cpp Line: 51)

Non platform assembly: data-0x7468a60 (this message is harmless)
Fallback handler could not load library /home/rich/.local/share/Steam/steamapps/common/Cities_Skylines/Cities_Data/Mono/x86_64/data-0x7468a60.so
Assembly FRA_FRT_CRKamikaze.resources, Version=0.0.0.0, Culture=ja, PublicKeyToken=null loaded.  [Mods - Internal]
 
(Filename: /home/builduser/buildslave/unity/build/artifacts/generated/common/runtime/DebugBindings.gen.cpp Line: 51)

Loading /home/rich/.local/share/Steam/steamapps/workshop/content/255710/1844442251/ko/FRA_FRT_CRKamikaze.resources.dll  [Mods - Internal]
 
(Filename: /home/builduser/buildslave/unity/build/artifacts/generated/common/runtime/DebugBindings.gen.cpp Line: 51)

Non platform assembly: data-0x746af00 (this message is harmless)
Fallback handler could not load library /home/rich/.local/share/Steam/steamapps/common/Cities_Skylines/Cities_Data/Mono/x86_64/data-0x746af00.so
Assembly FRA_FRT_CRKamikaze.resources, Version=0.0.0.0, Culture=ko, PublicKeyToken=null loaded.  [Mods - Internal]
 
(Filename: /home/builduser/buildslave/unity/build/artifacts/generated/common/runtime/DebugBindings.gen.cpp Line: 51)

Loading /home/rich/.local/share/Steam/steamapps/workshop/content/255710/1844442251/pl/FRA_FRT_CRKamikaze.resources.dll  [Mods - Internal]
 
(Filename: /home/builduser/buildslave/unity/build/artifacts/generated/common/runtime/DebugBindings.gen.cpp Line: 51)

Non platform assembly: data-0x746d180 (this message is harmless)
Fallback handler could not load library /home/rich/.local/share/Steam/steamapps/common/Cities_Skylines/Cities_Data/Mono/x86_64/data-0x746d180.so
Assembly FRA_FRT_CRKamikaze.resources, Version=0.0.0.0, Culture=pl, PublicKeyToken=null loaded.  [Mods - Internal]
 
(Filename: /home/builduser/buildslave/unity/build/artifacts/generated/common/runtime/DebugBindings.gen.cpp Line: 51)

Loading /home/rich/.local/share/Steam/steamapps/workshop/content/255710/1844442251/pt/FRA_FRT_CRKamikaze.resources.dll  [Mods - Internal]
 
(Filename: /home/builduser/buildslave/unity/build/artifacts/generated/common/runtime/DebugBindings.gen.cpp Line: 51)

Non platform assembly: data-0x746f4e0 (this message is harmless)
Fallback handler could not load library /home/rich/.local/share/Steam/steamapps/common/Cities_Skylines/Cities_Data/Mono/x86_64/data-0x746f4e0.so
Assembly FRA_FRT_CRKamikaze.resources, Version=0.0.0.0, Culture=pt, PublicKeyToken=null loaded.  [Mods - Internal]
 
(Filename: /home/builduser/buildslave/unity/build/artifacts/generated/common/runtime/DebugBindings.gen.cpp Line: 51)

Loading /home/rich/.local/share/Steam/steamapps/workshop/content/255710/1844442251/ru/FRA_FRT_CRKamikaze.resources.dll  [Mods - Internal]
 
(Filename: /home/builduser/buildslave/unity/build/artifacts/generated/common/runtime/DebugBindings.gen.cpp Line: 51)

Non platform assembly: data-0x7471900 (this message is harmless)
Fallback handler could not load library /home/rich/.local/share/Steam/steamapps/common/Cities_Skylines/Cities_Data/Mono/x86_64/data-0x7471900.so
Assembly FRA_FRT_CRKamikaze.resources, Version=0.0.0.0, Culture=ru, PublicKeyToken=null loaded.  [Mods - Internal]
 
(Filename: /home/builduser/buildslave/unity/build/artifacts/generated/common/runtime/DebugBindings.gen.cpp Line: 51)

Loading /home/rich/.local/share/Steam/steamapps/workshop/content/255710/1844442251/th/FRA_FRT_CRKamikaze.resources.dll  [Mods - Internal]
 
(Filename: /home/builduser/buildslave/unity/build/artifacts/generated/common/runtime/DebugBindings.gen.cpp Line: 51)

Non platform assembly: data-0x7473b40 (this message is harmless)
Fallback handler could not load library /home/rich/.local/share/Steam/steamapps/common/Cities_Skylines/Cities_Data/Mono/x86_64/data-0x7473b40.so
Assembly FRA_FRT_CRKamikaze.resources, Version=0.0.0.0, Culture=th, PublicKeyToken=null loaded.  [Mods - Internal]
 
(Filename: /home/builduser/buildslave/unity/build/artifacts/generated/common/runtime/DebugBindings.gen.cpp Line: 51)

Loading /home/rich/.local/share/Steam/steamapps/workshop/content/255710/1844442251/zh-cn/FRA_FRT_CRKamikaze.resources.dll  [Mods - Internal]
 
(Filename: /home/builduser/buildslave/unity/build/artifacts/generated/common/runtime/DebugBindings.gen.cpp Line: 51)

Non platform assembly: data-0x7475d60 (this message is harmless)
Fallback handler could not load library /home/rich/.local/share/Steam/steamapps/common/Cities_Skylines/Cities_Data/Mono/x86_64/data-0x7475d60.so
Assembly FRA_FRT_CRKamikaze.resources, Version=0.0.0.0, Culture=zh-cn, PublicKeyToken=null loaded.  [Mods - Internal]
 
(Filename: /home/builduser/buildslave/unity/build/artifacts/generated/common/runtime/DebugBindings.gen.cpp Line: 51)

Loading /home/rich/.local/share/Steam/steamapps/workshop/content/255710/1844440354/FRA_CRKamikaze.dll  [Mods - Internal]
 
(Filename: /home/builduser/buildslave/unity/build/artifacts/generated/common/runtime/DebugBindings.gen.cpp Line: 51)

Non platform assembly: data-0x7477920 (this message is harmless)
Fallback handler could not load library /home/rich/.local/share/Steam/steamapps/common/Cities_Skylines/Cities_Data/Mono/x86_64/data-0x7477920.so
Assembly FRA_CRKamikaze, Version=0.0.0.0, Culture=neutral, PublicKeyToken=null loaded.  [Mods - Internal]
 
(Filename: /home/builduser/buildslave/unity/build/artifacts/generated/common/runtime/DebugBindings.gen.cpp Line: 51)

Loading /home/rich/.local/share/Steam/steamapps/workshop/content/255710/1844440354/de/FRA_CRKamikaze.resources.dll  [Mods - Internal]
 
(Filename: /home/builduser/buildslave/unity/build/artifacts/generated/common/runtime/DebugBindings.gen.cpp Line: 51)

Non platform assembly: data-0x74ae520 (this message is harmless)
Fallback handler could not load library /home/rich/.local/share/Steam/steamapps/common/Cities_Skylines/Cities_Data/Mono/x86_64/data-0x74ae520.so
Assembly FRA_CRKamikaze.resources, Version=0.0.0.0, Culture=de, PublicKeyToken=null loaded.  [Mods - Internal]
 
(Filename: /home/builduser/buildslave/unity/build/artifacts/generated/common/runtime/DebugBindings.gen.cpp Line: 51)

Loading /home/rich/.local/share/Steam/steamapps/workshop/content/255710/1844440354/es/FRA_CRKamikaze.resources.dll  [Mods - Internal]
 
(Filename: /home/builduser/buildslave/unity/build/artifacts/generated/common/runtime/DebugBindings.gen.cpp Line: 51)

Non platform assembly: data-0x74b0700 (this message is harmless)
Fallback handler could not load library /home/rich/.local/share/Steam/steamapps/common/Cities_Skylines/Cities_Data/Mono/x86_64/data-0x74b0700.so
Assembly FRA_CRKamikaze.resources, Version=0.0.0.0, Culture=es, PublicKeyToken=null loaded.  [Mods - Internal]
 
(Filename: /home/builduser/buildslave/unity/build/artifacts/generated/common/runtime/DebugBindings.gen.cpp Line: 51)

Loading /home/rich/.local/share/Steam/steamapps/workshop/content/255710/1844440354/fr/FRA_CRKamikaze.resources.dll  [Mods - Internal]
 
(Filename: /home/builduser/buildslave/unity/build/artifacts/generated/common/runtime/DebugBindings.gen.cpp Line: 51)

Non platform assembly: data-0x74b2a20 (this message is harmless)
Fallback handler could not load library /home/rich/.local/share/Steam/steamapps/common/Cities_Skylines/Cities_Data/Mono/x86_64/data-0x74b2a20.so
Assembly FRA_CRKamikaze.resources, Version=0.0.0.0, Culture=fr, PublicKeyToken=null loaded.  [Mods - Internal]
 
(Filename: /home/builduser/buildslave/unity/build/artifacts/generated/common/runtime/DebugBindings.gen.cpp Line: 51)

Loading /home/rich/.local/share/Steam/steamapps/workshop/content/255710/1844440354/it/FRA_CRKamikaze.resources.dll  [Mods - Internal]
 
(Filename: /home/builduser/buildslave/unity/build/artifacts/generated/common/runtime/DebugBindings.gen.cpp Line: 51)

Non platform assembly: data-0x74b4c00 (this message is harmless)
Fallback handler could not load library /home/rich/.local/share/Steam/steamapps/common/Cities_Skylines/Cities_Data/Mono/x86_64/data-0x74b4c00.so
Assembly FRA_CRKamikaze.resources, Version=0.0.0.0, Culture=it, PublicKeyToken=null loaded.  [Mods - Internal]
 
(Filename: /home/builduser/buildslave/unity/build/artifacts/generated/common/runtime/DebugBindings.gen.cpp Line: 51)

Loading /home/rich/.local/share/Steam/steamapps/workshop/content/255710/1844440354/ja/FRA_CRKamikaze.resources.dll  [Mods - Internal]
 
(Filename: /home/builduser/buildslave/unity/build/artifacts/generated/common/runtime/DebugBindings.gen.cpp Line: 51)

Non platform assembly: data-0x74b6ea0 (this message is harmless)
Fallback handler could not load library /home/rich/.local/share/Steam/steamapps/common/Cities_Skylines/Cities_Data/Mono/x86_64/data-0x74b6ea0.so
Assembly FRA_CRKamikaze.resources, Version=0.0.0.0, Culture=ja, PublicKeyToken=null loaded.  [Mods - Internal]
 
(Filename: /home/builduser/buildslave/unity/build/artifacts/generated/common/runtime/DebugBindings.gen.cpp Line: 51)

Loading /home/rich/.local/share/Steam/steamapps/workshop/content/255710/1844440354/ko/FRA_CRKamikaze.resources.dll  [Mods - Internal]
 
(Filename: /home/builduser/buildslave/unity/build/artifacts/generated/common/runtime/DebugBindings.gen.cpp Line: 51)

Non platform assembly: data-0x74b9240 (this message is harmless)
Fallback handler could not load library /home/rich/.local/share/Steam/steamapps/common/Cities_Skylines/Cities_Data/Mono/x86_64/data-0x74b9240.so
Assembly FRA_CRKamikaze.resources, Version=0.0.0.0, Culture=ko, PublicKeyToken=null loaded.  [Mods - Internal]
 
(Filename: /home/builduser/buildslave/unity/build/artifacts/generated/common/runtime/DebugBindings.gen.cpp Line: 51)

Loading /home/rich/.local/share/Steam/steamapps/workshop/content/255710/1844440354/pl/FRA_CRKamikaze.resources.dll  [Mods - Internal]
 
(Filename: /home/builduser/buildslave/unity/build/artifacts/generated/common/runtime/DebugBindings.gen.cpp Line: 51)

Non platform assembly: data-0x74bb580 (this message is harmless)
Fallback handler could not load library /home/rich/.local/share/Steam/steamapps/common/Cities_Skylines/Cities_Data/Mono/x86_64/data-0x74bb580.so
Assembly FRA_CRKamikaze.resources, Version=0.0.0.0, Culture=pl, PublicKeyToken=null loaded.  [Mods - Internal]
 
(Filename: /home/builduser/buildslave/unity/build/artifacts/generated/common/runtime/DebugBindings.gen.cpp Line: 51)

Loading /home/rich/.local/share/Steam/steamapps/workshop/content/255710/1844440354/pt/FRA_CRKamikaze.resources.dll  [Mods - Internal]
 
(Filename: /home/builduser/buildslave/unity/build/artifacts/generated/common/runtime/DebugBindings.gen.cpp Line: 51)

Non platform assembly: data-0x74bd890 (this message is harmless)
Fallback handler could not load library /home/rich/.local/share/Steam/steamapps/common/Cities_Skylines/Cities_Data/Mono/x86_64/data-0x74bd890.so
Assembly FRA_CRKamikaze.resources, Version=0.0.0.0, Culture=pt, PublicKeyToken=null loaded.  [Mods - Internal]
 
(Filename: /home/builduser/buildslave/unity/build/artifacts/generated/common/runtime/DebugBindings.gen.cpp Line: 51)

Loading /home/rich/.local/share/Steam/steamapps/workshop/content/255710/1844440354/ru/FRA_CRKamikaze.resources.dll  [Mods - Internal]
 
(Filename: /home/builduser/buildslave/unity/build/artifacts/generated/common/runtime/DebugBindings.gen.cpp Line: 51)

Non platform assembly: data-0x74bfcd0 (this message is harmless)
Fallback handler could not load library /home/rich/.local/share/Steam/steamapps/common/Cities_Skylines/Cities_Data/Mono/x86_64/data-0x74bfcd0.so
Assembly FRA_CRKamikaze.resources, Version=0.0.0.0, Culture=ru, PublicKeyToken=null loaded.  [Mods - Internal]
 
(Filename: /home/builduser/buildslave/unity/build/artifacts/generated/common/runtime/DebugBindings.gen.cpp Line: 51)

Loading /home/rich/.local/share/Steam/steamapps/workshop/content/255710/1844440354/th/FRA_CRKamikaze.resources.dll  [Mods - Internal]
 
(Filename: /home/builduser/buildslave/unity/build/artifacts/generated/common/runtime/DebugBindings.gen.cpp Line: 51)

Non platform assembly: data-0x74c1fd0 (this message is harmless)
Fallback handler could not load library /home/rich/.local/share/Steam/steamapps/common/Cities_Skylines/Cities_Data/Mono/x86_64/data-0x74c1fd0.so
Assembly FRA_CRKamikaze.resources, Version=0.0.0.0, Culture=th, PublicKeyToken=null loaded.  [Mods - Internal]
 
(Filename: /home/builduser/buildslave/unity/build/artifacts/generated/common/runtime/DebugBindings.gen.cpp Line: 51)

Loading /home/rich/.local/share/Steam/steamapps/workshop/content/255710/1844440354/zh-cn/FRA_CRKamikaze.resources.dll  [Mods - Internal]
 
(Filename: /home/builduser/buildslave/unity/build/artifacts/generated/common/runtime/DebugBindings.gen.cpp Line: 51)

Non platform assembly: data-0x74c4210 (this message is harmless)
Fallback handler could not load library /home/rich/.local/share/Steam/steamapps/common/Cities_Skylines/Cities_Data/Mono/x86_64/data-0x74c4210.so
Assembly FRA_CRKamikaze.resources, Version=0.0.0.0, Culture=zh-cn, PublicKeyToken=null loaded.  [Mods - Internal]
 
(Filename: /home/builduser/buildslave/unity/build/artifacts/generated/common/runtime/DebugBindings.gen.cpp Line: 51)

Loading /home/rich/.local/share/Steam/steamapps/workshop/content/255710/2104976832/Assembly-CSharp-firstpass.dll  [Mods - Internal]
 
(Filename: /home/builduser/buildslave/unity/build/artifacts/generated/common/runtime/DebugBindings.gen.cpp Line: 51)

Non platform assembly: data-0x74c5d50 (this message is harmless)
Assembly Assembly-CSharp-firstpass, Version=0.0.0.0, Culture=neutral, PublicKeyToken=null loaded.  [Mods - Internal]
 
(Filename: /home/builduser/buildslave/unity/build/artifacts/generated/common/runtime/DebugBindings.gen.cpp Line: 51)

Loading /home/rich/.local/share/Steam/steamapps/workshop/content/255710/2104976832/UnifiedUILib.dll  [Mods - Internal]
 
(Filename: /home/builduser/buildslave/unity/build/artifacts/generated/common/runtime/DebugBindings.gen.cpp Line: 51)

Non platform assembly: data-0x74c5d50 (this message is harmless)
Fallback handler could not load library /home/rich/.local/share/Steam/steamapps/common/Cities_Skylines/Cities_Data/Mono/x86_64/data-0x74c5d50.so
Assembly UnifiedUILib, Version=2.1.8.37130, Culture=neutral, PublicKeyToken=null loaded.  [Mods - Internal]
 
(Filename: /home/builduser/buildslave/unity/build/artifacts/generated/common/runtime/DebugBindings.gen.cpp Line: 51)

Loading /home/rich/.local/share/Steam/steamapps/workshop/content/255710/2104976832/DirectConnectRoads.dll  [Mods - Internal]
 
(Filename: /home/builduser/buildslave/unity/build/artifacts/generated/common/runtime/DebugBindings.gen.cpp Line: 51)

Non platform assembly: data-0x74f0490 (this message is harmless)
Fallback handler could not load library /home/rich/.local/share/Steam/steamapps/common/Cities_Skylines/Cities_Data/Mono/x86_64/data-0x74f0490.so
Assembly DirectConnectRoads, Version=2.7.7.42068, Culture=neutral, PublicKeyToken=null loaded.  [Mods - Internal]
 
(Filename: /home/builduser/buildslave/unity/build/artifacts/generated/common/runtime/DebugBindings.gen.cpp Line: 51)

Loading /home/rich/.local/share/Steam/steamapps/workshop/content/255710/2104976832/ICSharpCode.SharpZipLib.dll  [Mods - Internal]
 
(Filename: /home/builduser/buildslave/unity/build/artifacts/generated/common/runtime/DebugBindings.gen.cpp Line: 51)

Non platform assembly: data-0x752be10 (this message is harmless)
Assembly ICSharpCode.SharpZipLib, Version=0.86.0.518, Culture=neutral, PublicKeyToken=null loaded.  [Mods - Internal]
 
(Filename: /home/builduser/buildslave/unity/build/artifacts/generated/common/runtime/DebugBindings.gen.cpp Line: 51)

Loading /home/rich/.local/share/Steam/steamapps/workshop/content/255710/2104976832/PopsApiWrapper.dll  [Mods - Internal]
 
(Filename: /home/builduser/buildslave/unity/build/artifacts/generated/common/runtime/DebugBindings.gen.cpp Line: 51)

Non platform assembly: data-0x752be10 (this message is harmless)
Assembly PopsApiWrapper, Version=0.0.0.0, Culture=neutral, PublicKeyToken=null loaded.  [Mods - Internal]
 
(Filename: /home/builduser/buildslave/unity/build/artifacts/generated/common/runtime/DebugBindings.gen.cpp Line: 51)

Loading /home/rich/.local/share/Steam/steamapps/workshop/content/255710/2504315382/BuildingSpawnPoints.dll  [Mods - Internal]
 
(Filename: /home/builduser/buildslave/unity/build/artifacts/generated/common/runtime/DebugBindings.gen.cpp Line: 51)

Non platform assembly: data-0x752be10 (this message is harmless)
Fallback handler could not load library /home/rich/.local/share/Steam/steamapps/common/Cities_Skylines/Cities_Data/Mono/x86_64/data-0x752be10.so
Assembly BuildingSpawnPoints, Version=1.4.0.90, Culture=neutral, PublicKeyToken=null loaded.  [Mods - Internal]
 
(Filename: /home/builduser/buildslave/unity/build/artifacts/generated/common/runtime/DebugBindings.gen.cpp Line: 51)

Loading /home/rich/.local/share/Steam/steamapps/workshop/content/255710/2862121823/EightyOne2.dll  [Mods - Internal]
 
(Filename: /home/builduser/buildslave/unity/build/artifacts/generated/common/runtime/DebugBindings.gen.cpp Line: 51)

Non platform assembly: data-0x763dfd0 (this message is harmless)
Fallback handler could not load library /home/rich/.local/share/Steam/steamapps/common/Cities_Skylines/Cities_Data/Mono/x86_64/data-0x763dfd0.so
Assembly EightyOne2, Version=1.0.4.0, Culture=neutral, PublicKeyToken=null loaded.  [Mods - Internal]
 
(Filename: /home/builduser/buildslave/unity/build/artifacts/generated/common/runtime/DebugBindings.gen.cpp Line: 51)

Loading /home/rich/.local/share/Steam/steamapps/workshop/content/255710/2858591409/LoadingScreenModRevisited.dll  [Mods - Internal]
 
(Filename: /home/builduser/buildslave/unity/build/artifacts/generated/common/runtime/DebugBindings.gen.cpp Line: 51)

Non platform assembly: data-0x767ffb0 (this message is harmless)
Fallback handler could not load library /home/rich/.local/share/Steam/steamapps/common/Cities_Skylines/Cities_Data/Mono/x86_64/data-0x767ffb0.so
Assembly LoadingScreenModRevisited, Version=1.1.11.0, Culture=neutral, PublicKeyToken=null loaded.  [Mods - Internal]
 
(Filename: /home/builduser/buildslave/unity/build/artifacts/generated/common/runtime/DebugBindings.gen.cpp Line: 51)

Loading /home/rich/.local/share/Steam/steamapps/workshop/content/255710/2862881785/NetworkAnarchy.dll  [Mods - Internal]
 
(Filename: /home/builduser/buildslave/unity/build/artifacts/generated/common/runtime/DebugBindings.gen.cpp Line: 51)

Non platform assembly: data-0x76cd2f0 (this message is harmless)
Fallback handler could not load library /home/rich/.local/share/Steam/steamapps/common/Cities_Skylines/Cities_Data/Mono/x86_64/data-0x76cd2f0.so
Assembly NetworkAnarchy, Version=3.2.5.34007, Culture=neutral, PublicKeyToken=null loaded.  [Mods - Internal]
 
(Filename: /home/builduser/buildslave/unity/build/artifacts/generated/common/runtime/DebugBindings.gen.cpp Line: 51)

Loading /home/rich/.local/share/Steam/steamapps/workshop/content/255710/2040656402/0Harmony_2.0.0.8_impostor.dll  [Mods - Internal]
 
(Filename: /home/builduser/buildslave/unity/build/artifacts/generated/common/runtime/DebugBindings.gen.cpp Line: 51)

Non platform assembly: data-0x77abb40 (this message is harmless)
Fallback handler could not load library /home/rich/.local/share/Steam/steamapps/common/Cities_Skylines/Cities_Data/Mono/x86_64/data-0x77abb40.so
Assembly 0Harmony, Version=2.0.0.8, Culture=neutral, PublicKeyToken=null loaded.  [Mods - Internal]
 
(Filename: /home/builduser/buildslave/unity/build/artifacts/generated/common/runtime/DebugBindings.gen.cpp Line: 51)

Loading /home/rich/.local/share/Steam/steamapps/workshop/content/255710/2040656402/0Harmony_2.0.0.9_impostor.dll  [Mods - Internal]
 
(Filename: /home/builduser/buildslave/unity/build/artifacts/generated/common/runtime/DebugBindings.gen.cpp Line: 51)

Non platform assembly: data-0x788acc0 (this message is harmless)
Fallback handler could not load library /home/rich/.local/share/Steam/steamapps/common/Cities_Skylines/Cities_Data/Mono/x86_64/data-0x788acc0.so
Assembly 0Harmony, Version=2.0.0.9, Culture=neutral, PublicKeyToken=null loaded.  [Mods - Internal]
 
(Filename: /home/builduser/buildslave/unity/build/artifacts/generated/common/runtime/DebugBindings.gen.cpp Line: 51)

Loading /home/rich/.local/share/Steam/steamapps/workshop/content/255710/2040656402/0Harmony_2.0.1.0_impostor.dll  [Mods - Internal]
 
(Filename: /home/builduser/buildslave/unity/build/artifacts/generated/common/runtime/DebugBindings.gen.cpp Line: 51)

Non platform assembly: data-0x796a0c0 (this message is harmless)
Fallback handler could not load library /home/rich/.local/share/Steam/steamapps/common/Cities_Skylines/Cities_Data/Mono/x86_64/data-0x796a0c0.so
Assembly 0Harmony, Version=2.0.1.0, Culture=neutral, PublicKeyToken=null loaded.  [Mods - Internal]
 
(Filename: /home/builduser/buildslave/unity/build/artifacts/generated/common/runtime/DebugBindings.gen.cpp Line: 51)

Loading /home/rich/.local/share/Steam/steamapps/workshop/content/255710/2040656402/CitiesHarmony.dll  [Mods - Internal]
 
(Filename: /home/builduser/buildslave/unity/build/artifacts/generated/common/runtime/DebugBindings.gen.cpp Line: 51)

Non platform assembly: data-0x7a492f0 (this message is harmless)
Fallback handler could not load library /home/rich/.local/share/Steam/steamapps/common/Cities_Skylines/Cities_Data/Mono/x86_64/data-0x7a492f0.so
Assembly CitiesHarmony, Version=1.0.8382.20803, Culture=neutral, PublicKeyToken=null loaded.  [Mods - Internal]
 
(Filename: /home/builduser/buildslave/unity/build/artifacts/generated/common/runtime/DebugBindings.gen.cpp Line: 51)

Loading /home/rich/.local/share/Steam/steamapps/workshop/content/255710/2862940316/NaturalResourcesBrush.dll  [Mods - Internal]
 
(Filename: /home/builduser/buildslave/unity/build/artifacts/generated/common/runtime/DebugBindings.gen.cpp Line: 51)

Non platform assembly: data-0x7a51410 (this message is harmless)
Fallback handler could not load library /home/rich/.local/share/Steam/steamapps/common/Cities_Skylines/Cities_Data/Mono/x86_64/data-0x7a51410.so
Assembly NaturalResourcesBrush, Version=1.0.0.0, Culture=neutral, PublicKeyToken=null loaded.  [Mods - Internal]
 
(Filename: /home/builduser/buildslave/unity/build/artifacts/generated/common/runtime/DebugBindings.gen.cpp Line: 51)

Loading /home/rich/.local/share/Steam/steamapps/workshop/content/255710/2864913941/SurfacePainter.dll  [Mods - Internal]
 
(Filename: /home/builduser/buildslave/unity/build/artifacts/generated/common/runtime/DebugBindings.gen.cpp Line: 51)

Non platform assembly: data-0x7a7b330 (this message is harmless)
Fallback handler could not load library /home/rich/.local/share/Steam/steamapps/common/Cities_Skylines/Cities_Data/Mono/x86_64/data-0x7a7b330.so
Assembly SurfacePainter, Version=1.0.0.0, Culture=neutral, PublicKeyToken=null loaded.  [Mods - Internal]
 
(Filename: /home/builduser/buildslave/unity/build/artifacts/generated/common/runtime/DebugBindings.gen.cpp Line: 51)

GameSettings: 'RoundaboutBuilder' is not found or cannot be loaded. Make sure to call GameSettings.AddSettingsFile() to register a settings file before using SavedValue().  [Settings - Internal]
 
(Filename: /home/builduser/buildslave/unity/build/artifacts/generated/common/runtime/DebugBindings.gen.cpp Line: 51)

GameSettings: 'Picker' is not found or cannot be loaded. Make sure to call GameSettings.AddSettingsFile() to register a settings file before using SavedValue().  [Settings - Internal]
 
(Filename: /home/builduser/buildslave/unity/build/artifacts/generated/common/runtime/DebugBindings.gen.cpp Line: 51)

[NodeController BETA][1.017552] Create mod instance Version 3.5.0.102 [BETA]
 
(Filename: /home/builduser/buildslave/unity/build/artifacts/generated/common/runtime/DebugBindings.gen.cpp Line: 51)

GameSettings: 'NodeControllerSettingsFile' is not found or cannot be loaded. Make sure to call GameSettings.AddSettingsFile() to register a settings file before using SavedValue().  [Settings - Internal]
 
(Filename: /home/builduser/buildslave/unity/build/artifacts/generated/common/runtime/DebugBindings.gen.cpp Line: 51)

[NodeController BETA][1.062065] Current cultute - en-US
 
(Filename: /home/builduser/buildslave/unity/build/artifacts/generated/common/runtime/DebugBindings.gen.cpp Line: 51)

[NetworkMultitool BETA][1.080213] Create mod instance Version 1.4.0.49 [BETA]
 
(Filename: /home/builduser/buildslave/unity/build/artifacts/generated/common/runtime/DebugBindings.gen.cpp Line: 51)

GameSettings: 'NetworkMultitoolSettingsFile' is not found or cannot be loaded. Make sure to call GameSettings.AddSettingsFile() to register a settings file before using SavedValue().  [Settings - Internal]
 
(Filename: /home/builduser/buildslave/unity/build/artifacts/generated/common/runtime/DebugBindings.gen.cpp Line: 51)

[NetworkMultitool BETA][1.094905] Current cultute - en-US
 
(Filename: /home/builduser/buildslave/unity/build/artifacts/generated/common/runtime/DebugBindings.gen.cpp Line: 51)

[IntersectionMarkingTool BETA][1.128434] Create mod instance Version 1.14.0.1182 [BETA]
 
(Filename: /home/builduser/buildslave/unity/build/artifacts/generated/common/runtime/DebugBindings.gen.cpp Line: 51)

GameSettings: 'NodeMarkupSettingsFile' is not found or cannot be loaded. Make sure to call GameSettings.AddSettingsFile() to register a settings file before using SavedValue().  [Settings - Internal]
 
(Filename: /home/builduser/buildslave/unity/build/artifacts/generated/common/runtime/DebugBindings.gen.cpp Line: 51)

[IntersectionMarkingTool BETA][1.143625] Current cultute - en-US
 
(Filename: /home/builduser/buildslave/unity/build/artifacts/generated/common/runtime/DebugBindings.gen.cpp Line: 51)

[BuildingSpawnPoints BETA][1.183689] Create mod instance Version 1.4.0.90 [BETA]
 
(Filename: /home/builduser/buildslave/unity/build/artifacts/generated/common/runtime/DebugBindings.gen.cpp Line: 51)

GameSettings: 'BuildingSpawnPointsSettingsFile' is not found or cannot be loaded. Make sure to call GameSettings.AddSettingsFile() to register a settings file before using SavedValue().  [Settings - Internal]
 
(Filename: /home/builduser/buildslave/unity/build/artifacts/generated/common/runtime/DebugBindings.gen.cpp Line: 51)

[BuildingSpawnPoints BETA][1.200443] Current cultute - en-US
 
(Filename: /home/builduser/buildslave/unity/build/artifacts/generated/common/runtime/DebugBindings.gen.cpp Line: 51)

GameSettings: 'NetworkAnarchy' is not found or cannot be loaded. Make sure to call GameSettings.AddSettingsFile() to register a settings file before using SavedValue().  [Settings - Internal]
 
(Filename: /home/builduser/buildslave/unity/build/artifacts/generated/common/runtime/DebugBindings.gen.cpp Line: 51)

Installing Harmony 2.0.4.0!
 
(Filename: /home/builduser/buildslave/unity/build/artifacts/generated/common/runtime/DebugBindings.gen.cpp Line: 51)

[CitiesHarmony] InstallHarmonyResolver() called ...
 
(Filename: /home/builduser/buildslave/unity/build/artifacts/generated/common/runtime/DebugBindings.gen.cpp Line: 51)

[CitiesHarmony] InstallHarmonyResolver() successfull!
 
(Filename: /home/builduser/buildslave/unity/build/artifacts/generated/common/runtime/DebugBindings.gen.cpp Line: 51)

Transferring Harmony 1.2.0.1 state (0Harmony, Version=1.2.0.1, Culture=neutral, PublicKeyToken=null)
 
(Filename: /home/builduser/buildslave/unity/build/artifacts/generated/common/runtime/DebugBindings.gen.cpp Line: 51)

0 patched methods found.
 
(Filename: /home/builduser/buildslave/unity/build/artifacts/generated/common/runtime/DebugBindings.gen.cpp Line: 51)

Reverting patches...
 
(Filename: /home/builduser/buildslave/unity/build/artifacts/generated/common/runtime/DebugBindings.gen.cpp Line: 51)

Patching Harmony 1.2.0.1 assembly (0Harmony, Version=1.2.0.1, Culture=neutral, PublicKeyToken=null)
 
(Filename: /home/builduser/buildslave/unity/build/artifacts/generated/common/runtime/DebugBindings.gen.cpp Line: 51)

Non platform assembly: data-0x8d86830 (this message is harmless)
Fallback handler could not load library /home/rich/.local/share/Steam/steamapps/common/Cities_Skylines/Cities_Data/Mono/x86_64/data-0x8d86830.so
Assembly resolution failure. No assembly named 'CHSharedState' was found.  [Serialization]
 
(Filename: /home/builduser/buildslave/unity/build/artifacts/generated/common/runtime/DebugBindings.gen.cpp Line: 51)

Non platform assembly: data-0x8e4d830 (this message is harmless)
Fallback handler could not load library /home/rich/.local/share/Steam/steamapps/common/Cities_Skylines/Cities_Data/Mono/x86_64/data-0x8e4d830.so
Fallback handler could not load library /home/rich/.local/share/Steam/steamapps/common/Cities_Skylines/Cities_Data/Mono/x86_64/dl
Fallback handler could not load library /home/rich/.local/share/Steam/steamapps/common/Cities_Skylines/Cities_Data/Mono/x86_64/libdl.so
Fallback handler could not load library /home/rich/.local/share/Steam/steamapps/common/Cities_Skylines/Cities_Data/Mono/x86_64/./dl
Fallback handler could not load library /home/rich/.local/share/Steam/steamapps/common/Cities_Skylines/Cities_Data/Mono/x86_64/./libdl.so
Fallback handler could not load library /home/rich/.local/share/Steam/steamapps/common/Cities_Skylines/Cities_Data/Mono/x86_64/dl
Fallback handler could not load library /home/rich/.local/share/Steam/steamapps/common/Cities_Skylines/Cities_Data/Mono/x86_64/libdl
Fallback handler could not load library /home/rich/.local/share/Steam/steamapps/common/Cities_Skylines/Cities_Data/Mono/x86_64/libdl.so
Fallback handler could not load library /home/rich/.local/share/Steam/steamapps/common/Cities_Skylines/Cities_Data/Mono/x86_64/./libdl
Fallback handler could not load library /home/rich/.local/share/Steam/steamapps/common/Cities_Skylines/Cities_Data/Mono/x86_64/./libdl.so
Fallback handler could not load library /home/rich/.local/share/Steam/steamapps/common/Cities_Skylines/Cities_Data/Mono/x86_64/libdl
Fallback handler could not load library /home/rich/.local/share/Steam/steamapps/common/Cities_Skylines/Cities_Data/Mono/x86_64/kernel32
Fallback handler could not load library /home/rich/.local/share/Steam/steamapps/common/Cities_Skylines/Cities_Data/Mono/x86_64/libkernel32.so
Fallback handler could not load library /home/rich/.local/share/Steam/steamapps/common/Cities_Skylines/Cities_Data/Mono/x86_64/./kernel32
Fallback handler could not load library /home/rich/.local/share/Steam/steamapps/common/Cities_Skylines/Cities_Data/Mono/x86_64/./libkernel32.so
Fallback handler could not load library /home/rich/.local/share/Steam/steamapps/common/Cities_Skylines/Cities_Data/Mono/x86_64/kernel32
Fallback handler could not load library /home/rich/.local/share/Steam/steamapps/common/Cities_Skylines/Cities_Data/Mono/x86_64/libkernel32
Fallback handler could not load library /home/rich/.local/share/Steam/steamapps/common/Cities_Skylines/Cities_Data/Mono/x86_64/libkernel32.so
Fallback handler could not load library /home/rich/.local/share/Steam/steamapps/common/Cities_Skylines/Cities_Data/Mono/x86_64/./libkernel32
Fallback handler could not load library /home/rich/.local/share/Steam/steamapps/common/Cities_Skylines/Cities_Data/Mono/x86_64/./libkernel32.so
Fallback handler could not load library /home/rich/.local/share/Steam/steamapps/common/Cities_Skylines/Cities_Data/Mono/x86_64/libkernel32
Fallback handler could not load library /home/rich/.local/share/Steam/steamapps/common/Cities_Skylines/Cities_Data/Mono/x86_64/kernel32
Fallback handler could not load library /home/rich/.local/share/Steam/steamapps/common/Cities_Skylines/Cities_Data/Mono/x86_64/libkernel32.so
Fallback handler could not load library /home/rich/.local/share/Steam/steamapps/common/Cities_Skylines/Cities_Data/Mono/x86_64/./kernel32
Fallback handler could not load library /home/rich/.local/share/Steam/steamapps/common/Cities_Skylines/Cities_Data/Mono/x86_64/./libkernel32.so
Fallback handler could not load library /home/rich/.local/share/Steam/steamapps/common/Cities_Skylines/Cities_Data/Mono/x86_64/kernel32
Fallback handler could not load library /home/rich/.local/share/Steam/steamapps/common/Cities_Skylines/Cities_Data/Mono/x86_64/libkernel32
Fallback handler could not load library /home/rich/.local/share/Steam/steamapps/common/Cities_Skylines/Cities_Data/Mono/x86_64/libkernel32.so
Fallback handler could not load library /home/rich/.local/share/Steam/steamapps/common/Cities_Skylines/Cities_Data/Mono/x86_64/./libkernel32
Fallback handler could not load library /home/rich/.local/share/Steam/steamapps/common/Cities_Skylines/Cities_Data/Mono/x86_64/./libkernel32.so
Fallback handler could not load library /home/rich/.local/share/Steam/steamapps/common/Cities_Skylines/Cities_Data/Mono/x86_64/libkernel32
Fallback handler could not load library /home/rich/.local/share/Steam/steamapps/common/Cities_Skylines/Cities_Data/Mono/x86_64/dl
Fallback handler could not load library /home/rich/.local/share/Steam/steamapps/common/Cities_Skylines/Cities_Data/Mono/x86_64/libdl.so
Fallback handler could not load library /home/rich/.local/share/Steam/steamapps/common/Cities_Skylines/Cities_Data/Mono/x86_64/./dl
Fallback handler could not load library /home/rich/.local/share/Steam/steamapps/common/Cities_Skylines/Cities_Data/Mono/x86_64/./libdl.so
Fallback handler could not load library /home/rich/.local/share/Steam/steamapps/common/Cities_Skylines/Cities_Data/Mono/x86_64/dl
Fallback handler could not load library /home/rich/.local/share/Steam/steamapps/common/Cities_Skylines/Cities_Data/Mono/x86_64/libdl
Fallback handler could not load library /home/rich/.local/share/Steam/steamapps/common/Cities_Skylines/Cities_Data/Mono/x86_64/libdl.so
Fallback handler could not load library /home/rich/.local/share/Steam/steamapps/common/Cities_Skylines/Cities_Data/Mono/x86_64/./libdl
Fallback handler could not load library /home/rich/.local/share/Steam/steamapps/common/Cities_Skylines/Cities_Data/Mono/x86_64/./libdl.so
Fallback handler could not load library /home/rich/.local/share/Steam/steamapps/common/Cities_Skylines/Cities_Data/Mono/x86_64/libdl
Non platform assembly: data-0x8f628f0 (this message is harmless)
Fallback handler could not load library /home/rich/.local/share/Steam/steamapps/common/Cities_Skylines/Cities_Data/Mono/x86_64/data-0x8f628f0.so
Non platform assembly: data-0x8f9afc0 (this message is harmless)
Fallback handler could not load library /home/rich/.local/share/Steam/steamapps/common/Cities_Skylines/Cities_Data/Mono/x86_64/data-0x8f9afc0.so
Non platform assembly: data-0x8ff8550 (this message is harmless)
Fallback handler could not load library /home/rich/.local/share/Steam/steamapps/common/Cities_Skylines/Cities_Data/Mono/x86_64/data-0x8ff8550.so
Non platform assembly: data-0x901e4e0 (this message is harmless)
Fallback handler could not load library /home/rich/.local/share/Steam/steamapps/common/Cities_Skylines/Cities_Data/Mono/x86_64/data-0x901e4e0.so
Non platform assembly: data-0x9028be0 (this message is harmless)
Fallback handler could not load library /home/rich/.local/share/Steam/steamapps/common/Cities_Skylines/Cities_Data/Mono/x86_64/data-0x9028be0.so
Non platform assembly: data-0x90305b0 (this message is harmless)
Fallback handler could not load library /home/rich/.local/share/Steam/steamapps/common/Cities_Skylines/Cities_Data/Mono/x86_64/data-0x90305b0.so
Non platform assembly: data-0x9027da0 (this message is harmless)
Fallback handler could not load library /home/rich/.local/share/Steam/steamapps/common/Cities_Skylines/Cities_Data/Mono/x86_64/data-0x9027da0.so
Installed Harmony 2.0.4.0 successfully!
 
(Filename: /home/builduser/buildslave/unity/build/artifacts/generated/common/runtime/DebugBindings.gen.cpp Line: 51)

Loading locale: en
 
(Filename: /home/builduser/buildslave/unity/build/artifacts/generated/common/runtime/DebugBindings.gen.cpp Line: 51)

[NodeController BETA][2.039702] Current cultute - en-US
 
(Filename: /home/builduser/buildslave/unity/build/artifacts/generated/common/runtime/DebugBindings.gen.cpp Line: 51)

[NetworkMultitool BETA][2.039747] Current cultute - en-US
 
(Filename: /home/builduser/buildslave/unity/build/artifacts/generated/common/runtime/DebugBindings.gen.cpp Line: 51)

[IntersectionMarkingTool BETA][2.039753] Current cultute - en-US
 
(Filename: /home/builduser/buildslave/unity/build/artifacts/generated/common/runtime/DebugBindings.gen.cpp Line: 51)

[BuildingSpawnPoints BETA][2.039765] Current cultute - en-US
 
(Filename: /home/builduser/buildslave/unity/build/artifacts/generated/common/runtime/DebugBindings.gen.cpp Line: 51)

Simulation started  [Core]
 
(Filename: /home/builduser/buildslave/unity/build/artifacts/generated/common/runtime/DebugBindings.gen.cpp Line: 51)

PopsApi: Initializing file IO
 
(Filename: /home/builduser/buildslave/unity/build/artifacts/generated/common/runtime/DebugBindings.gen.cpp Line: 51)

PopsApi: Init complete
 
(Filename: /home/builduser/buildslave/unity/build/artifacts/generated/common/runtime/DebugBindings.gen.cpp Line: 51)

PopsApi: Pushing task: 1
 
(Filename: /home/builduser/buildslave/unity/build/artifacts/generated/common/runtime/DebugBindings.gen.cpp Line: 51)


Unloading 3 unused Assets to reduce memory usage. Loaded Objects now: 3027.
Total: 12.585000 ms (FindLiveObjects: 0.133000 ms CreateObjectMapping: 0.094000 ms MarkObjects: 12.340000 ms  DeleteObjects: 0.017000 ms)

GfxDevice: creating device client; threaded=1
GfxDevice: creating device client; threaded=1
requesting resize 2560 x 1080
Using native desktop resolution 2560 x 1080
requesting fullscreen 2560 x 1080 at 0 Hz
Desktop is 2560 x 1080 @ 99 Hz
Unloading 4 Unused Serialized files (Serialized files now loaded: 0)
UnloadTime: 0.218000 ms

Unloading 6 unused Assets to reduce memory usage. Loaded Objects now: 3066.
Total: 12.526000 ms (FindLiveObjects: 0.103000 ms CreateObjectMapping: 0.029000 ms MarkObjects: 12.369000 ms  DeleteObjects: 0.025000 ms)

PopsApi: Popping task: 1
 
(Filename: /home/builduser/buildslave/unity/build/artifacts/generated/common/runtime/DebugBindings.gen.cpp Line: 51)

PopsApi: Pushing task: 2
 
(Filename: /home/builduser/buildslave/unity/build/artifacts/generated/common/runtime/DebugBindings.gen.cpp Line: 51)

PopsApi: Pushing task: 3
 
(Filename: /home/builduser/buildslave/unity/build/artifacts/generated/common/runtime/DebugBindings.gen.cpp Line: 51)

PopsApi: Popping task: 2
 
(Filename: /home/builduser/buildslave/unity/build/artifacts/generated/common/runtime/DebugBindings.gen.cpp Line: 51)

Title: privacy-policy-2018-11-02
PopsApi: Popping task: 3
 
(Filename: /home/builduser/buildslave/unity/build/artifacts/generated/common/runtime/DebugBindings.gen.cpp Line: 51)

Title: Terms-of-use-2019-04-05
Saving /home/rich/.local/share/Colossal Order/Cities_Skylines/gameSettings.cgs  [Settings - Internal]
 
(Filename: /home/builduser/buildslave/unity/build/artifacts/generated/common/runtime/DebugBindings.gen.cpp Line: 51)

PopsApi: Pushing task: 4
 
(Filename: /home/builduser/buildslave/unity/build/artifacts/generated/common/runtime/DebugBindings.gen.cpp Line: 51)

Saving /home/rich/.local/share/Colossal Order/Cities_Skylines/gameSettings.cgs  [Settings - Internal]
 
(Filename: /home/builduser/buildslave/unity/build/artifacts/generated/common/runtime/DebugBindings.gen.cpp Line: 51)

Saving /home/rich/.local/share/Colossal Order/Cities_Skylines/userGameState.cgs  [Settings - Internal]
 
(Filename: /home/builduser/buildslave/unity/build/artifacts/generated/common/runtime/DebugBindings.gen.cpp Line: 51)

Unkown member detected of type SteamHelper+DLC_BitMask in CustomAssetMetaData. Attempting to resolve from 'dlcMask' to 'dlcMask'  [Packer - Internal]
 
(Filename: /home/builduser/buildslave/unity/build/artifacts/generated/common/runtime/DebugBindings.gen.cpp Line: 51)

Unkown member detected of type SteamHelper+DLC_BitMask in CustomAssetMetaData. Attempting to resolve from 'dlcMask' to 'dlcMask'  [Packer - Internal]
 
(Filename: /home/builduser/buildslave/unity/build/artifacts/generated/common/runtime/DebugBindings.gen.cpp Line: 51)

Unkown member detected of type SteamHelper+DLC_BitMask in CustomAssetMetaData. Attempting to resolve from 'dlcMask' to 'dlcMask'  [Packer - Internal]
 
(Filename: /home/builduser/buildslave/unity/build/artifacts/generated/common/runtime/DebugBindings.gen.cpp Line: 51)

Unkown member detected of type SteamHelper+DLC_BitMask in CustomAssetMetaData. Attempting to resolve from 'dlcMask' to 'dlcMask'  [Packer - Internal]
 
(Filename: /home/builduser/buildslave/unity/build/artifacts/generated/common/runtime/DebugBindings.gen.cpp Line: 51)

Unkown member detected of type SteamHelper+DLC_BitMask in CustomAssetMetaData. Attempting to resolve from 'dlcMask' to 'dlcMask'  [Packer - Internal]
 
(Filename: /home/builduser/buildslave/unity/build/artifacts/generated/common/runtime/DebugBindings.gen.cpp Line: 51)

Unkown member detected of type SteamHelper+DLC_BitMask in CustomAssetMetaData. Attempting to resolve from 'dlcMask' to 'dlcMask'  [Packer - Internal]
 
(Filename: /home/builduser/buildslave/unity/build/artifacts/generated/common/runtime/DebugBindings.gen.cpp Line: 51)

Unkown member detected of type SteamHelper+DLC_BitMask in CustomAssetMetaData. Attempting to resolve from 'dlcMask' to 'dlcMask'  [Packer - Internal]
 
(Filename: /home/builduser/buildslave/unity/build/artifacts/generated/common/runtime/DebugBindings.gen.cpp Line: 51)

Unkown member detected of type SteamHelper+DLC_BitMask in CustomAssetMetaData. Attempting to resolve from 'dlcMask' to 'dlcMask'  [Packer - Internal]
 
(Filename: /home/builduser/buildslave/unity/build/artifacts/generated/common/runtime/DebugBindings.gen.cpp Line: 51)

Unkown member detected of type SteamHelper+DLC_BitMask in CustomAssetMetaData. Attempting to resolve from 'dlcMask' to 'dlcMask'  [Packer - Internal]
 
(Filename: /home/builduser/buildslave/unity/build/artifacts/generated/common/runtime/DebugBindings.gen.cpp Line: 51)

Unkown member detected of type SteamHelper+DLC_BitMask in CustomAssetMetaData. Attempting to resolve from 'dlcMask' to 'dlcMask'  [Packer - Internal]
 
(Filename: /home/builduser/buildslave/unity/build/artifacts/generated/common/runtime/DebugBindings.gen.cpp Line: 51)

Unkown member detected of type SteamHelper+DLC_BitMask in CustomAssetMetaData. Attempting to resolve from 'dlcMask' to 'dlcMask'  [Packer - Internal]
 
(Filename: /home/builduser/buildslave/unity/build/artifacts/generated/common/runtime/DebugBindings.gen.cpp Line: 51)

Unkown member detected of type SteamHelper+DLC_BitMask in CustomAssetMetaData. Attempting to resolve from 'dlcMask' to 'dlcMask'  [Packer - Internal]
 
(Filename: /home/builduser/buildslave/unity/build/artifacts/generated/common/runtime/DebugBindings.gen.cpp Line: 51)

Unkown member detected of type SteamHelper+DLC_BitMask in CustomAssetMetaData. Attempting to resolve from 'dlcMask' to 'dlcMask'  [Packer - Internal]
 
(Filename: /home/builduser/buildslave/unity/build/artifacts/generated/common/runtime/DebugBindings.gen.cpp Line: 51)

Unkown member detected of type SteamHelper+DLC_BitMask in CustomAssetMetaData. Attempting to resolve from 'dlcMask' to 'dlcMask'  [Packer - Internal]
 
(Filename: /home/builduser/buildslave/unity/build/artifacts/generated/common/runtime/DebugBindings.gen.cpp Line: 51)

Unkown member detected of type SteamHelper+DLC_BitMask in CustomAssetMetaData. Attempting to resolve from 'dlcMask' to 'dlcMask'  [Packer - Internal]
 
(Filename: /home/builduser/buildslave/unity/build/artifacts/generated/common/runtime/DebugBindings.gen.cpp Line: 51)

Unkown member detected of type SteamHelper+DLC_BitMask in CustomAssetMetaData. Attempting to resolve from 'dlcMask' to 'dlcMask'  [Packer - Internal]
 
(Filename: /home/builduser/buildslave/unity/build/artifacts/generated/common/runtime/DebugBindings.gen.cpp Line: 51)

Unkown member detected of type SteamHelper+DLC_BitMask in CustomAssetMetaData. Attempting to resolve from 'dlcMask' to 'dlcMask'  [Packer - Internal]
 
(Filename: /home/builduser/buildslave/unity/build/artifacts/generated/common/runtime/DebugBindings.gen.cpp Line: 51)

Unkown member detected of type SteamHelper+DLC_BitMask in CustomAssetMetaData. Attempting to resolve from 'dlcMask' to 'dlcMask'  [Packer - Internal]
 
(Filename: /home/builduser/buildslave/unity/build/artifacts/generated/common/runtime/DebugBindings.gen.cpp Line: 51)

Unkown member detected of type SteamHelper+DLC_BitMask in CustomAssetMetaData. Attempting to resolve from 'dlcMask' to 'dlcMask'  [Packer - Internal]
 
(Filename: /home/builduser/buildslave/unity/build/artifacts/generated/common/runtime/DebugBindings.gen.cpp Line: 51)

Unkown member detected of type SteamHelper+DLC_BitMask in CustomAssetMetaData. Attempting to resolve from 'dlcMask' to 'dlcMask'  [Packer - Internal]
 
(Filename: /home/builduser/buildslave/unity/build/artifacts/generated/common/runtime/DebugBindings.gen.cpp Line: 51)

Unkown member detected of type SteamHelper+DLC_BitMask in CustomAssetMetaData. Attempting to resolve from 'dlcMask' to 'dlcMask'  [Packer - Internal]
 
(Filename: /home/builduser/buildslave/unity/build/artifacts/generated/common/runtime/DebugBindings.gen.cpp Line: 51)

Unkown member detected of type SteamHelper+DLC_BitMask in CustomAssetMetaData. Attempting to resolve from 'dlcMask' to 'dlcMask'  [Packer - Internal]
 
(Filename: /home/builduser/buildslave/unity/build/artifacts/generated/common/runtime/DebugBindings.gen.cpp Line: 51)

Unkown member detected of type SteamHelper+DLC_BitMask in CustomAssetMetaData. Attempting to resolve from 'dlcMask' to 'dlcMask'  [Packer - Internal]
 
(Filename: /home/builduser/buildslave/unity/build/artifacts/generated/common/runtime/DebugBindings.gen.cpp Line: 51)

Unkown member detected of type SteamHelper+DLC_BitMask in CustomAssetMetaData. Attempting to resolve from 'dlcMask' to 'dlcMask'  [Packer - Internal]
 
(Filename: /home/builduser/buildslave/unity/build/artifacts/generated/common/runtime/DebugBindings.gen.cpp Line: 51)

Unkown member detected of type SteamHelper+DLC_BitMask in CustomAssetMetaData. Attempting to resolve from 'dlcMask' to 'dlcMask'  [Packer - Internal]
 
(Filename: /home/builduser/buildslave/unity/build/artifacts/generated/common/runtime/DebugBindings.gen.cpp Line: 51)

Unkown member detected of type SteamHelper+DLC_BitMask in CustomAssetMetaData. Attempting to resolve from 'dlcMask' to 'dlcMask'  [Packer - Internal]
 
(Filename: /home/builduser/buildslave/unity/build/artifacts/generated/common/runtime/DebugBindings.gen.cpp Line: 51)

Unkown member detected of type SteamHelper+DLC_BitMask in CustomAssetMetaData. Attempting to resolve from 'dlcMask' to 'dlcMask'  [Packer - Internal]
 
(Filename: /home/builduser/buildslave/unity/build/artifacts/generated/common/runtime/DebugBindings.gen.cpp Line: 51)

Unkown member detected of type SteamHelper+DLC_BitMask in CustomAssetMetaData. Attempting to resolve from 'dlcMask' to 'dlcMask'  [Packer - Internal]
 
(Filename: /home/builduser/buildslave/unity/build/artifacts/generated/common/runtime/DebugBindings.gen.cpp Line: 51)

Unkown member detected of type SteamHelper+DLC_BitMask in CustomAssetMetaData. Attempting to resolve from 'dlcMask' to 'dlcMask'  [Packer - Internal]
 
(Filename: /home/builduser/buildslave/unity/build/artifacts/generated/common/runtime/DebugBindings.gen.cpp Line: 51)

Unkown member detected of type SteamHelper+DLC_BitMask in CustomAssetMetaData. Attempting to resolve from 'dlcMask' to 'dlcMask'  [Packer - Internal]
 
(Filename: /home/builduser/buildslave/unity/build/artifacts/generated/common/runtime/DebugBindings.gen.cpp Line: 51)

Unkown member detected of type SteamHelper+DLC_BitMask in CustomAssetMetaData. Attempting to resolve from 'dlcMask' to 'dlcMask'  [Packer - Internal]
 
(Filename: /home/builduser/buildslave/unity/build/artifacts/generated/common/runtime/DebugBindings.gen.cpp Line: 51)

Unkown member detected of type SteamHelper+DLC_BitMask in CustomAssetMetaData. Attempting to resolve from 'dlcMask' to 'dlcMask'  [Packer - Internal]
 
(Filename: /home/builduser/buildslave/unity/build/artifacts/generated/common/runtime/DebugBindings.gen.cpp Line: 51)

Unkown member detected of type SteamHelper+DLC_BitMask in CustomAssetMetaData. Attempting to resolve from 'dlcMask' to 'dlcMask'  [Packer - Internal]
 
(Filename: /home/builduser/buildslave/unity/build/artifacts/generated/common/runtime/DebugBindings.gen.cpp Line: 51)

Unkown member detected of type SteamHelper+DLC_BitMask in CustomAssetMetaData. Attempting to resolve from 'dlcMask' to 'dlcMask'  [Packer - Internal]
 
(Filename: /home/builduser/buildslave/unity/build/artifacts/generated/common/runtime/DebugBindings.gen.cpp Line: 51)

Unkown member detected of type SteamHelper+DLC_BitMask in CustomAssetMetaData. Attempting to resolve from 'dlcMask' to 'dlcMask'  [Packer - Internal]
 
(Filename: /home/builduser/buildslave/unity/build/artifacts/generated/common/runtime/DebugBindings.gen.cpp Line: 51)

Unkown member detected of type SteamHelper+DLC_BitMask in CustomAssetMetaData. Attempting to resolve from 'dlcMask' to 'dlcMask'  [Packer - Internal]
 
(Filename: /home/builduser/buildslave/unity/build/artifacts/generated/common/runtime/DebugBindings.gen.cpp Line: 51)

Unkown member detected of type SteamHelper+DLC_BitMask in CustomAssetMetaData. Attempting to resolve from 'dlcMask' to 'dlcMask'  [Packer - Internal]
 
(Filename: /home/builduser/buildslave/unity/build/artifacts/generated/common/runtime/DebugBindings.gen.cpp Line: 51)

Unkown member detected of type SteamHelper+DLC_BitMask in CustomAssetMetaData. Attempting to resolve from 'dlcMask' to 'dlcMask'  [Packer - Internal]
 
(Filename: /home/builduser/buildslave/unity/build/artifacts/generated/common/runtime/DebugBindings.gen.cpp Line: 51)

Unkown member detected of type SteamHelper+DLC_BitMask in CustomAssetMetaData. Attempting to resolve from 'dlcMask' to 'dlcMask'  [Packer - Internal]
 
(Filename: /home/builduser/buildslave/unity/build/artifacts/generated/common/runtime/DebugBindings.gen.cpp Line: 51)

Unkown member detected of type SteamHelper+DLC_BitMask in CustomAssetMetaData. Attempting to resolve from 'dlcMask' to 'dlcMask'  [Packer - Internal]
 
(Filename: /home/builduser/buildslave/unity/build/artifacts/generated/common/runtime/DebugBindings.gen.cpp Line: 51)

Unkown member detected of type SteamHelper+DLC_BitMask in CustomAssetMetaData. Attempting to resolve from 'dlcMask' to 'dlcMask'  [Packer - Internal]
 
(Filename: /home/builduser/buildslave/unity/build/artifacts/generated/common/runtime/DebugBindings.gen.cpp Line: 51)

Unkown member detected of type SteamHelper+DLC_BitMask in CustomAssetMetaData. Attempting to resolve from 'dlcMask' to 'dlcMask'  [Packer - Internal]
 
(Filename: /home/builduser/buildslave/unity/build/artifacts/generated/common/runtime/DebugBindings.gen.cpp Line: 51)

Unkown member detected of type SteamHelper+DLC_BitMask in CustomAssetMetaData. Attempting to resolve from 'dlcMask' to 'dlcMask'  [Packer - Internal]
 
(Filename: /home/builduser/buildslave/unity/build/artifacts/generated/common/runtime/DebugBindings.gen.cpp Line: 51)

Unkown member detected of type SteamHelper+DLC_BitMask in CustomAssetMetaData. Attempting to resolve from 'dlcMask' to 'dlcMask'  [Packer - Internal]
 
(Filename: /home/builduser/buildslave/unity/build/artifacts/generated/common/runtime/DebugBindings.gen.cpp Line: 51)

Unkown member detected of type SteamHelper+DLC_BitMask in CustomAssetMetaData. Attempting to resolve from 'dlcMask' to 'dlcMask'  [Packer - Internal]
 
(Filename: /home/builduser/buildslave/unity/build/artifacts/generated/common/runtime/DebugBindings.gen.cpp Line: 51)

Unkown member detected of type SteamHelper+DLC_BitMask in CustomAssetMetaData. Attempting to resolve from 'dlcMask' to 'dlcMask'  [Packer - Internal]
 
(Filename: /home/builduser/buildslave/unity/build/artifacts/generated/common/runtime/DebugBindings.gen.cpp Line: 51)

Unkown member detected of type SteamHelper+DLC_BitMask in CustomAssetMetaData. Attempting to resolve from 'dlcMask' to 'dlcMask'  [Packer - Internal]
 
(Filename: /home/builduser/buildslave/unity/build/artifacts/generated/common/runtime/DebugBindings.gen.cpp Line: 51)

Unkown member detected of type SteamHelper+DLC_BitMask in CustomAssetMetaData. Attempting to resolve from 'dlcMask' to 'dlcMask'  [Packer - Internal]
 
(Filename: /home/builduser/buildslave/unity/build/artifacts/generated/common/runtime/DebugBindings.gen.cpp Line: 51)

Unkown member detected of type SteamHelper+DLC_BitMask in CustomAssetMetaData. Attempting to resolve from 'dlcMask' to 'dlcMask'  [Packer - Internal]
 
(Filename: /home/builduser/buildslave/unity/build/artifacts/generated/common/runtime/DebugBindings.gen.cpp Line: 51)

Unkown member detected of type SteamHelper+DLC_BitMask in CustomAssetMetaData. Attempting to resolve from 'dlcMask' to 'dlcMask'  [Packer - Internal]
 
(Filename: /home/builduser/buildslave/unity/build/artifacts/generated/common/runtime/DebugBindings.gen.cpp Line: 51)

Unkown member detected of type SteamHelper+DLC_BitMask in CustomAssetMetaData. Attempting to resolve from 'dlcMask' to 'dlcMask'  [Packer - Internal]
 
(Filename: /home/builduser/buildslave/unity/build/artifacts/generated/common/runtime/DebugBindings.gen.cpp Line: 51)

Unkown member detected of type SteamHelper+DLC_BitMask in CustomAssetMetaData. Attempting to resolve from 'dlcMask' to 'dlcMask'  [Packer - Internal]
 
(Filename: /home/builduser/buildslave/unity/build/artifacts/generated/common/runtime/DebugBindings.gen.cpp Line: 51)

Unkown member detected of type SteamHelper+DLC_BitMask in CustomAssetMetaData. Attempting to resolve from 'dlcMask' to 'dlcMask'  [Packer - Internal]
 
(Filename: /home/builduser/buildslave/unity/build/artifacts/generated/common/runtime/DebugBindings.gen.cpp Line: 51)

Unkown member detected of type SteamHelper+DLC_BitMask in CustomAssetMetaData. Attempting to resolve from 'dlcMask' to 'dlcMask'  [Packer - Internal]
 
(Filename: /home/builduser/buildslave/unity/build/artifacts/generated/common/runtime/DebugBindings.gen.cpp Line: 51)

Yet Another Toolbar: setting language to system
 
(Filename: /home/builduser/buildslave/unity/build/artifacts/generated/common/runtime/DebugBindings.gen.cpp Line: 51)

Lifecycle Rebalance Revisited: using translation file en-EN for language en.
 
(Filename: /home/builduser/buildslave/unity/build/artifacts/generated/common/runtime/DebugBindings.gen.cpp Line: 51)

81 tiles 2: using translation file en-EN for language en.
 
(Filename: /home/builduser/buildslave/unity/build/artifacts/generated/common/runtime/DebugBindings.gen.cpp Line: 51)

Loading Screen Mod Revisited: using translation file en-EN for language en.
 
(Filename: /home/builduser/buildslave/unity/build/artifacts/generated/common/runtime/DebugBindings.gen.cpp Line: 51)

Saving /home/rich/.local/share/Colossal Order/Cities_Skylines/userGameState.cgs  [Settings - Internal]
 
(Filename: /home/builduser/buildslave/unity/build/artifacts/generated/common/runtime/DebugBindings.gen.cpp Line: 51)

GfxDevice: creating device client; threaded=1
GfxDevice: creating device client; threaded=1
PopsApi: [CDiskstorage] Error: Root path is empty
 
(Filename: /home/builduser/buildslave/unity/build/artifacts/generated/common/runtime/DebugBindings.gen.cpp Line: 51)

PopsApi: [CDiskstorage] Error reading failed achievement calls cache, file IO or root path not set
 
(Filename: /home/builduser/buildslave/unity/build/artifacts/generated/common/runtime/DebugBindings.gen.cpp Line: 51)

PopsApi: Popping task: 4
 
(Filename: /home/builduser/buildslave/unity/build/artifacts/generated/common/runtime/DebugBindings.gen.cpp Line: 51)

PopsApi: Pushing task: 5
 
(Filename: /home/builduser/buildslave/unity/build/artifacts/generated/common/runtime/DebugBindings.gen.cpp Line: 51)

PopsApi: Popping task: 5
 
(Filename: /home/builduser/buildslave/unity/build/artifacts/generated/common/runtime/DebugBindings.gen.cpp Line: 51)

PopsApi: Pushing task: 6
 
(Filename: /home/builduser/buildslave/unity/build/artifacts/generated/common/runtime/DebugBindings.gen.cpp Line: 51)

Saving /home/rich/.local/share/Colossal Order/Cities_Skylines/userGameState.cgs  [Settings - Internal]
 
(Filename: /home/builduser/buildslave/unity/build/artifacts/generated/common/runtime/DebugBindings.gen.cpp Line: 51)

PopsApi: Popping task: 6
 
(Filename: /home/builduser/buildslave/unity/build/artifacts/generated/common/runtime/DebugBindings.gen.cpp Line: 51)

Paradox Account successfully authenticated!  [HTTP]
 
(Filename: /home/builduser/buildslave/unity/build/artifacts/generated/common/runtime/DebugBindings.gen.cpp Line: 51)

Saving /home/rich/.local/share/Colossal Order/Cities_Skylines/gameSettings.cgs  [Settings - Internal]
 
(Filename: /home/builduser/buildslave/unity/build/artifacts/generated/common/runtime/DebugBindings.gen.cpp Line: 51)

Saving /home/rich/.local/share/Colossal Order/Cities_Skylines/userGameState.cgs  [Settings - Internal]
 
(Filename: /home/builduser/buildslave/unity/build/artifacts/generated/common/runtime/DebugBindings.gen.cpp Line: 51)

Saving /home/rich/.local/share/Steam/steamapps/common/Cities_Skylines/colossal.cgs  [Settings - Internal]
 
(Filename: /home/builduser/buildslave/unity/build/artifacts/generated/common/runtime/DebugBindings.gen.cpp Line: 51)

Saving /home/rich/.local/share/Steam/steamapps/common/Cities_Skylines/colossal.cgs  [Settings - Internal]
 
(Filename: /home/builduser/buildslave/unity/build/artifacts/generated/common/runtime/DebugBindings.gen.cpp Line: 51)

Saving /home/rich/.local/share/Colossal Order/Cities_Skylines/gameSettings.cgs  [Settings - Internal]
 
(Filename: /home/builduser/buildslave/unity/build/artifacts/generated/common/runtime/DebugBindings.gen.cpp Line: 51)

Non platform assembly: data-0xc7971a0 (this message is harmless)
Fallback handler could not load library /home/rich/.local/share/Steam/steamapps/common/Cities_Skylines/Cities_Data/Mono/x86_64/data-0xc7971a0.so
Non platform assembly: data-0xc7998f0 (this message is harmless)
Fallback handler could not load library /home/rich/.local/share/Steam/steamapps/common/Cities_Skylines/Cities_Data/Mono/x86_64/data-0xc7998f0.so
Non platform assembly: data-0xc78b200 (this message is harmless)
Fallback handler could not load library /home/rich/.local/share/Steam/steamapps/common/Cities_Skylines/Cities_Data/Mono/x86_64/data-0xc78b200.so
Non platform assembly: data-0xeafc7c0 (this message is harmless)
Fallback handler could not load library /home/rich/.local/share/Steam/steamapps/common/Cities_Skylines/Cities_Data/Mono/x86_64/data-0xeafc7c0.so
Non platform assembly: data-0xeb31e10 (this message is harmless)
Fallback handler could not load library /home/rich/.local/share/Steam/steamapps/common/Cities_Skylines/Cities_Data/Mono/x86_64/data-0xeb31e10.so
Non platform assembly: data-0xeb42200 (this message is harmless)
Fallback handler could not load library /home/rich/.local/share/Steam/steamapps/common/Cities_Skylines/Cities_Data/Mono/x86_64/data-0xeb42200.so
Non platform assembly: data-0xeb5b7a0 (this message is harmless)
Fallback handler could not load library /home/rich/.local/share/Steam/steamapps/common/Cities_Skylines/Cities_Data/Mono/x86_64/data-0xeb5b7a0.so
Non platform assembly: data-0xeb49af0 (this message is harmless)
Fallback handler could not load library /home/rich/.local/share/Steam/steamapps/common/Cities_Skylines/Cities_Data/Mono/x86_64/data-0xeb49af0.so
Non platform assembly: data-0xeb48a40 (this message is harmless)
Fallback handler could not load library /home/rich/.local/share/Steam/steamapps/common/Cities_Skylines/Cities_Data/Mono/x86_64/data-0xeb48a40.so
Non platform assembly: data-0x10b3abb0 (this message is harmless)
Fallback handler could not load library /home/rich/.local/share/Steam/steamapps/common/Cities_Skylines/Cities_Data/Mono/x86_64/data-0x10b3abb0.so
Non platform assembly: data-0x10b35740 (this message is harmless)
Fallback handler could not load library /home/rich/.local/share/Steam/steamapps/common/Cities_Skylines/Cities_Data/Mono/x86_64/data-0x10b35740.so
Saving /home/rich/.local/share/Colossal Order/Cities_Skylines/gameSettings.cgs  [Settings - Internal]
 
(Filename: /home/builduser/buildslave/unity/build/artifacts/generated/common/runtime/DebugBindings.gen.cpp Line: 51)

Saving /home/rich/.local/share/Colossal Order/Cities_Skylines/userGameState.cgs  [Settings - Internal]
 
(Filename: /home/builduser/buildslave/unity/build/artifacts/generated/common/runtime/DebugBindings.gen.cpp Line: 51)

Non platform assembly: data-0x10b4af40 (this message is harmless)
Fallback handler could not load library /home/rich/.local/share/Steam/steamapps/common/Cities_Skylines/Cities_Data/Mono/x86_64/data-0x10b4af40.so
Saving /home/rich/.local/share/Colossal Order/Cities_Skylines/gameSettings.cgs  [Settings - Internal]
 
(Filename: /home/builduser/buildslave/unity/build/artifacts/generated/common/runtime/DebugBindings.gen.cpp Line: 51)

Non platform assembly: data-0x12642510 (this message is harmless)
Fallback handler could not load library /home/rich/.local/share/Steam/steamapps/common/Cities_Skylines/Cities_Data/Mono/x86_64/data-0x12642510.so
Non platform assembly: data-0x12649440 (this message is harmless)
Fallback handler could not load library /home/rich/.local/share/Steam/steamapps/common/Cities_Skylines/Cities_Data/Mono/x86_64/data-0x12649440.so
Non platform assembly: data-0x1264c970 (this message is harmless)
Fallback handler could not load library /home/rich/.local/share/Steam/steamapps/common/Cities_Skylines/Cities_Data/Mono/x86_64/data-0x1264c970.so
Saving /home/rich/.local/share/Colossal Order/Cities_Skylines/gameSettings.cgs  [Settings - Internal]
 
(Filename: /home/builduser/buildslave/unity/build/artifacts/generated/common/runtime/DebugBindings.gen.cpp Line: 51)

Saving /home/rich/.local/share/Colossal Order/Cities_Skylines/userGameState.cgs  [Settings - Internal]
 
(Filename: /home/builduser/buildslave/unity/build/artifacts/generated/common/runtime/DebugBindings.gen.cpp Line: 51)

Non platform assembly: data-0x1265b670 (this message is harmless)
Fallback handler could not load library /home/rich/.local/share/Steam/steamapps/common/Cities_Skylines/Cities_Data/Mono/x86_64/data-0x1265b670.so
Non platform assembly: data-0x126665e0 (this message is harmless)
Fallback handler could not load library /home/rich/.local/share/Steam/steamapps/common/Cities_Skylines/Cities_Data/Mono/x86_64/data-0x126665e0.so
Non platform assembly: data-0x1267dcd0 (this message is harmless)
Fallback handler could not load library /home/rich/.local/share/Steam/steamapps/common/Cities_Skylines/Cities_Data/Mono/x86_64/data-0x1267dcd0.so
Saving /home/rich/.local/share/Colossal Order/Cities_Skylines/gameSettings.cgs  [Settings - Internal]
 
(Filename: /home/builduser/buildslave/unity/build/artifacts/generated/common/runtime/DebugBindings.gen.cpp Line: 51)

Saving /home/rich/.local/share/Colossal Order/Cities_Skylines/userGameState.cgs  [Settings - Internal]
 
(Filename: /home/builduser/buildslave/unity/build/artifacts/generated/common/runtime/DebugBindings.gen.cpp Line: 51)

Saving /home/rich/.local/share/Colossal Order/Cities_Skylines/userGameState.cgs  [Settings - Internal]
 
(Filename: /home/builduser/buildslave/unity/build/artifacts/generated/common/runtime/DebugBindings.gen.cpp Line: 51)

Saving /home/rich/.local/share/Colossal Order/Cities_Skylines/userGameState.cgs  [Settings - Internal]
 
(Filename: /home/builduser/buildslave/unity/build/artifacts/generated/common/runtime/DebugBindings.gen.cpp Line: 51)

Saving /home/rich/.local/share/Colossal Order/Cities_Skylines/gameSettings.cgs  [Settings - Internal]
 
(Filename: /home/builduser/buildslave/unity/build/artifacts/generated/common/runtime/DebugBindings.gen.cpp Line: 51)

Saving /home/rich/.local/share/Colossal Order/Cities_Skylines/userGameState.cgs  [Settings - Internal]
 
(Filename: /home/builduser/buildslave/unity/build/artifacts/generated/common/runtime/DebugBindings.gen.cpp Line: 51)

Saving /home/rich/.local/share/Colossal Order/Cities_Skylines/gameSettings.cgs  [Settings - Internal]
 
(Filename: /home/builduser/buildslave/unity/build/artifacts/generated/common/runtime/DebugBindings.gen.cpp Line: 51)

Non platform assembly: data-0x122b2ed0 (this message is harmless)
Fallback handler could not load library /home/rich/.local/share/Steam/steamapps/common/Cities_Skylines/Cities_Data/Mono/x86_64/data-0x122b2ed0.so
Saving /home/rich/.local/share/Colossal Order/Cities_Skylines/gameSettings.cgs  [Settings - Internal]
 
(Filename: /home/builduser/buildslave/unity/build/artifacts/generated/common/runtime/DebugBindings.gen.cpp Line: 51)

Saving /home/rich/.local/share/Colossal Order/Cities_Skylines/userGameState.cgs  [Settings - Internal]
 
(Filename: /home/builduser/buildslave/unity/build/artifacts/generated/common/runtime/DebugBindings.gen.cpp Line: 51)

Saving /home/rich/.local/share/Colossal Order/Cities_Skylines/gameSettings.cgs  [Settings - Internal]
 
(Filename: /home/builduser/buildslave/unity/build/artifacts/generated/common/runtime/DebugBindings.gen.cpp Line: 51)

Saving /home/rich/.local/share/Colossal Order/Cities_Skylines/userGameState.cgs  [Settings - Internal]
 
(Filename: /home/builduser/buildslave/unity/build/artifacts/generated/common/runtime/DebugBindings.gen.cpp Line: 51)

Saving /home/rich/.local/share/Colossal Order/Cities_Skylines/gameSettings.cgs  [Settings - Internal]
 
(Filename: /home/builduser/buildslave/unity/build/artifacts/generated/common/runtime/DebugBindings.gen.cpp Line: 51)

Saving /home/rich/.local/share/Colossal Order/Cities_Skylines/userGameState.cgs  [Settings - Internal]
 
(Filename: /home/builduser/buildslave/unity/build/artifacts/generated/common/runtime/DebugBindings.gen.cpp Line: 51)

GameSettings: 'TMPE_Keybinds' is not found or cannot be loaded. Make sure to call GameSettings.AddSettingsFile() to register a settings file before using SavedValue().  [Settings - Internal]
 
(Filename: /home/builduser/buildslave/unity/build/artifacts/generated/common/runtime/DebugBindings.gen.cpp Line: 51)

Saving /home/rich/.local/share/Colossal Order/Cities_Skylines/gameSettings.cgs  [Settings - Internal]
 
(Filename: /home/builduser/buildslave/unity/build/artifacts/generated/common/runtime/DebugBindings.gen.cpp Line: 51)

Non platform assembly: data-0x10007de0 (this message is harmless)
Fallback handler could not load library /home/rich/.local/share/Steam/steamapps/common/Cities_Skylines/Cities_Data/Mono/x86_64/data-0x10007de0.so
Non platform assembly: data-0x10031fd0 (this message is harmless)
Fallback handler could not load library /home/rich/.local/share/Steam/steamapps/common/Cities_Skylines/Cities_Data/Mono/x86_64/data-0x10031fd0.so
Non platform assembly: data-0x1002b210 (this message is harmless)
Fallback handler could not load library /home/rich/.local/share/Steam/steamapps/common/Cities_Skylines/Cities_Data/Mono/x86_64/data-0x1002b210.so
Non platform assembly: data-0x10036710 (this message is harmless)
Fallback handler could not load library /home/rich/.local/share/Steam/steamapps/common/Cities_Skylines/Cities_Data/Mono/x86_64/data-0x10036710.so
Non platform assembly: data-0x10040c30 (this message is harmless)
Fallback handler could not load library /home/rich/.local/share/Steam/steamapps/common/Cities_Skylines/Cities_Data/Mono/x86_64/data-0x10040c30.so
Non platform assembly: data-0x10047ca0 (this message is harmless)
Fallback handler could not load library /home/rich/.local/share/Steam/steamapps/common/Cities_Skylines/Cities_Data/Mono/x86_64/data-0x10047ca0.so
Non platform assembly: data-0x10045390 (this message is harmless)
Fallback handler could not load library /home/rich/.local/share/Steam/steamapps/common/Cities_Skylines/Cities_Data/Mono/x86_64/data-0x10045390.so
Non platform assembly: data-0xeb22470 (this message is harmless)
Fallback handler could not load library /home/rich/.local/share/Steam/steamapps/common/Cities_Skylines/Cities_Data/Mono/x86_64/data-0xeb22470.so
Non platform assembly: data-0x10060f20 (this message is harmless)
Fallback handler could not load library /home/rich/.local/share/Steam/steamapps/common/Cities_Skylines/Cities_Data/Mono/x86_64/data-0x10060f20.so
Non platform assembly: data-0x10050fe0 (this message is harmless)
Fallback handler could not load library /home/rich/.local/share/Steam/steamapps/common/Cities_Skylines/Cities_Data/Mono/x86_64/data-0x10050fe0.so
Non platform assembly: data-0x10053c70 (this message is harmless)
Fallback handler could not load library /home/rich/.local/share/Steam/steamapps/common/Cities_Skylines/Cities_Data/Mono/x86_64/data-0x10053c70.so
Non platform assembly: data-0x10056f20 (this message is harmless)
Fallback handler could not load library /home/rich/.local/share/Steam/steamapps/common/Cities_Skylines/Cities_Data/Mono/x86_64/data-0x10056f20.so
Non platform assembly: data-0x1005b890 (this message is harmless)
Fallback handler could not load library /home/rich/.local/share/Steam/steamapps/common/Cities_Skylines/Cities_Data/Mono/x86_64/data-0x1005b890.so
Non platform assembly: data-0x10066000 (this message is harmless)
Fallback handler could not load library /home/rich/.local/share/Steam/steamapps/common/Cities_Skylines/Cities_Data/Mono/x86_64/data-0x10066000.so
Non platform assembly: data-0x10068c90 (this message is harmless)
Fallback handler could not load library /home/rich/.local/share/Steam/steamapps/common/Cities_Skylines/Cities_Data/Mono/x86_64/data-0x10068c90.so
Non platform assembly: data-0x1006b1e0 (this message is harmless)
Fallback handler could not load library /home/rich/.local/share/Steam/steamapps/common/Cities_Skylines/Cities_Data/Mono/x86_64/data-0x1006b1e0.so
Non platform assembly: data-0x100811c0 (this message is harmless)
Fallback handler could not load library /home/rich/.local/share/Steam/steamapps/common/Cities_Skylines/Cities_Data/Mono/x86_64/data-0x100811c0.so
Non platform assembly: data-0x10075490 (this message is harmless)
Fallback handler could not load library /home/rich/.local/share/Steam/steamapps/common/Cities_Skylines/Cities_Data/Mono/x86_64/data-0x10075490.so
Saving /home/rich/.local/share/Colossal Order/Cities_Skylines/gameSettings.cgs  [Settings - Internal]
 
(Filename: /home/builduser/buildslave/unity/build/artifacts/generated/common/runtime/DebugBindings.gen.cpp Line: 51)

Saving /home/rich/.local/share/Colossal Order/Cities_Skylines/userGameState.cgs  [Settings - Internal]
 
(Filename: /home/builduser/buildslave/unity/build/artifacts/generated/common/runtime/DebugBindings.gen.cpp Line: 51)

Saving /home/rich/.local/share/Colossal Order/Cities_Skylines/gameSettings.cgs  [Settings - Internal]
 
(Filename: /home/builduser/buildslave/unity/build/artifacts/generated/common/runtime/DebugBindings.gen.cpp Line: 51)

Assembly resolution failure. No assembly named 'CustomAnimationLoader, Version=0.0.0.0, Culture=neutral, PublicKeyToken=null' was found.  [Serialization]
 
(Filename: /home/builduser/buildslave/unity/build/artifacts/generated/common/runtime/DebugBindings.gen.cpp Line: 51)

Loading Screen Mod Revisited: Load enabled assets: enabled.
 
(Filename: /home/builduser/buildslave/unity/build/artifacts/generated/common/runtime/DebugBindings.gen.cpp Line: 51)

Loading Screen Mod Revisited: Load used assets: enabled.
 
(Filename: /home/builduser/buildslave/unity/build/artifacts/generated/common/runtime/DebugBindings.gen.cpp Line: 51)

Loading Screen Mod Revisited: Texture sharing: enabled.
 
(Filename: /home/builduser/buildslave/unity/build/artifacts/generated/common/runtime/DebugBindings.gen.cpp Line: 51)

Loading Screen Mod Revisited: Material sharing: enabled.
 
(Filename: /home/builduser/buildslave/unity/build/artifacts/generated/common/runtime/DebugBindings.gen.cpp Line: 51)

Loading Screen Mod Revisited: Mesh sharing: enabled.
 
(Filename: /home/builduser/buildslave/unity/build/artifacts/generated/common/runtime/DebugBindings.gen.cpp Line: 51)

Loading Screen Mod Revisited: Thumbnail optimization: enabled.
 
(Filename: /home/builduser/buildslave/unity/build/artifacts/generated/common/runtime/DebugBindings.gen.cpp Line: 51)

Loading Screen Mod Revisited: Asset reporting: enabled.
 
(Filename: /home/builduser/buildslave/unity/build/artifacts/generated/common/runtime/DebugBindings.gen.cpp Line: 51)

Loading Screen Mod Revisited: Asset checking: enabled.
 
(Filename: /home/builduser/buildslave/unity/build/artifacts/generated/common/runtime/DebugBindings.gen.cpp Line: 51)

Loading Screen Mod Revisited: Prefab skipping: enabled.
 
(Filename: /home/builduser/buildslave/unity/build/artifacts/generated/common/runtime/DebugBindings.gen.cpp Line: 51)

Loading Screen Mod Revisited: Asset reporting suppression: disabled.
 
(Filename: /home/builduser/buildslave/unity/build/artifacts/generated/common/runtime/DebugBindings.gen.cpp Line: 51)

Non platform assembly: data-0x100a29f0 (this message is harmless)
Fallback handler could not load library /home/rich/.local/share/Steam/steamapps/common/Cities_Skylines/Cities_Data/Mono/x86_64/data-0x100a29f0.so
Non platform assembly: data-0x100993c0 (this message is harmless)
Fallback handler could not load library /home/rich/.local/share/Steam/steamapps/common/Cities_Skylines/Cities_Data/Mono/x86_64/data-0x100993c0.so
Non platform assembly: data-0x1009c190 (this message is harmless)
Fallback handler could not load library /home/rich/.local/share/Steam/steamapps/common/Cities_Skylines/Cities_Data/Mono/x86_64/data-0x1009c190.so
Non platform assembly: data-0x100a8b50 (this message is harmless)
Fallback handler could not load library /home/rich/.local/share/Steam/steamapps/common/Cities_Skylines/Cities_Data/Mono/x86_64/data-0x100a8b50.so
Non platform assembly: data-0x100b65e0 (this message is harmless)
Fallback handler could not load library /home/rich/.local/share/Steam/steamapps/common/Cities_Skylines/Cities_Data/Mono/x86_64/data-0x100b65e0.so
Non platform assembly: data-0x100b99b0 (this message is harmless)
Fallback handler could not load library /home/rich/.local/share/Steam/steamapps/common/Cities_Skylines/Cities_Data/Mono/x86_64/data-0x100b99b0.so
Loading Screen Mod Revisited: starting LoadLevelCoroutine at 12.
 
(Filename: /home/builduser/buildslave/unity/build/artifacts/generated/common/runtime/DebugBindings.gen.cpp Line: 51)

Non platform assembly: data-0x1034e470 (this message is harmless)
Fallback handler could not load library /home/rich/.local/share/Steam/steamapps/common/Cities_Skylines/Cities_Data/Mono/x86_64/data-0x1034e470.so
Non platform assembly: data-0x1035df10 (this message is harmless)
Fallback handler could not load library /home/rich/.local/share/Steam/steamapps/common/Cities_Skylines/Cities_Data/Mono/x86_64/data-0x1035df10.so
Non platform assembly: data-0x1035f310 (this message is harmless)
Fallback handler could not load library /home/rich/.local/share/Steam/steamapps/common/Cities_Skylines/Cities_Data/Mono/x86_64/data-0x1035f310.so
Non platform assembly: data-0x10361860 (this message is harmless)
Fallback handler could not load library /home/rich/.local/share/Steam/steamapps/common/Cities_Skylines/Cities_Data/Mono/x86_64/data-0x10361860.so
[LSM] Skip file /home/rich/.local/share/Colossal Order/Cities_Skylines/SkippedPrefabs/skip.txt does not exist
Loading simulation data from: Shady Strands_Data  [Serialization]
 
(Filename: /home/builduser/buildslave/unity/build/artifacts/generated/common/runtime/DebugBindings.gen.cpp Line: 51)

Unloading 7 Unused Serialized files (Serialized files now loaded: 0)
UnloadTime: 1121.461060 ms
Lifecycle Rebalance Revisited: version 1.6.8 loading.
 
(Filename: /home/builduser/buildslave/unity/build/artifacts/generated/common/runtime/DebugBindings.gen.cpp Line: 51)

Loading Screen Mod Revisited: patching QueueLoadingAction.
 
(Filename: /home/builduser/buildslave/unity/build/artifacts/generated/common/runtime/DebugBindings.gen.cpp Line: 51)

Non platform assembly: data-0xfc2d280 (this message is harmless)
Fallback handler could not load library /home/rich/.local/share/Steam/steamapps/common/Cities_Skylines/Cities_Data/Mono/x86_64/data-0xfc2d280.so

Unloading 280 unused Assets to reduce memory usage. Loaded Objects now: 17108.
Total: 49.506001 ms (FindLiveObjects: 0.640000 ms CreateObjectMapping: 0.360000 ms MarkObjects: 47.651001 ms  DeleteObjects: 0.855000 ms)

Saving /home/rich/.local/share/Colossal Order/Cities_Skylines/userGameState.cgs  [Settings - Internal]
 
(Filename: /home/builduser/buildslave/unity/build/artifacts/generated/common/runtime/DebugBindings.gen.cpp Line: 51)

Tyre array is null or zero size: ChirpX Crawler  [Core]
 
(Filename: /home/builduser/buildslave/unity/build/artifacts/generated/common/runtime/DebugBindings.gen.cpp Line: 51)

Tyre array is null or zero size: ChirpX Rocket  [Core]
 
(Filename: /home/builduser/buildslave/unity/build/artifacts/generated/common/runtime/DebugBindings.gen.cpp Line: 51)

No base generated: ChirpX Vehicles Parking  [Core]
 
(Filename: /home/builduser/buildslave/unity/build/artifacts/generated/common/runtime/DebugBindings.gen.cpp Line: 51)

No props placed: ChirpX Vehicles Parking  [Core]
 
(Filename: /home/builduser/buildslave/unity/build/artifacts/generated/common/runtime/DebugBindings.gen.cpp Line: 51)

LOD shader mismatch: Revolving Door 01  [Core]
 
(Filename: /home/builduser/buildslave/unity/build/artifacts/generated/common/runtime/DebugBindings.gen.cpp Line: 51)

No props placed: Oneway Toll Booth Large 01 Sub  [Core]
 
(Filename: /home/builduser/buildslave/unity/build/artifacts/generated/common/runtime/DebugBindings.gen.cpp Line: 51)

No props placed: Twoway Toll Booth Large 01 Sub  [Core]
 
(Filename: /home/builduser/buildslave/unity/build/artifacts/generated/common/runtime/DebugBindings.gen.cpp Line: 51)

No props placed: Twoway Toll Booth Medium 01 Sub  [Core]
 
(Filename: /home/builduser/buildslave/unity/build/artifacts/generated/common/runtime/DebugBindings.gen.cpp Line: 51)

LOD missing: Decoration Concrete Parking Lot 03 variation1  [Core]
 
(Filename: /home/builduser/buildslave/unity/build/artifacts/generated/common/runtime/DebugBindings.gen.cpp Line: 51)

LOD missing: Future Plaza Sub  [Core]
 
(Filename: /home/builduser/buildslave/unity/build/artifacts/generated/common/runtime/DebugBindings.gen.cpp Line: 51)

LOD has different shader: Industry_oil  [Core]
 
(Filename: /home/builduser/buildslave/unity/build/artifacts/generated/common/runtime/DebugBindings.gen.cpp Line: 51)

LOD missing: Industry_hedges  [Core]
 
(Filename: /home/builduser/buildslave/unity/build/artifacts/generated/common/runtime/DebugBindings.gen.cpp Line: 51)

LOD missing: TransportFence  [Core]
 
(Filename: /home/builduser/buildslave/unity/build/artifacts/generated/common/runtime/DebugBindings.gen.cpp Line: 51)

LOD has different shader: Cake  [Core]
 
(Filename: /home/builduser/buildslave/unity/build/artifacts/generated/common/runtime/DebugBindings.gen.cpp Line: 51)

LOD missing: AnniversaryFerry  [Core]
 
(Filename: /home/builduser/buildslave/unity/build/artifacts/generated/common/runtime/DebugBindings.gen.cpp Line: 51)

LOD has different shader: AnniversaryBridge  [Core]
 
(Filename: /home/builduser/buildslave/unity/build/artifacts/generated/common/runtime/DebugBindings.gen.cpp Line: 51)

LOD has different shader: AnniversaryWharf  [Core]
 
(Filename: /home/builduser/buildslave/unity/build/artifacts/generated/common/runtime/DebugBindings.gen.cpp Line: 51)

LOD missing: Countdown Clock Number 0  [Core]
 
(Filename: /home/builduser/buildslave/unity/build/artifacts/generated/common/runtime/DebugBindings.gen.cpp Line: 51)

LOD missing: Countdown Clock Number 1  [Core]
 
(Filename: /home/builduser/buildslave/unity/build/artifacts/generated/common/runtime/DebugBindings.gen.cpp Line: 51)

LOD missing: Countdown Clock Number 2  [Core]
 
(Filename: /home/builduser/buildslave/unity/build/artifacts/generated/common/runtime/DebugBindings.gen.cpp Line: 51)

LOD missing: Countdown Clock Number 3  [Core]
 
(Filename: /home/builduser/buildslave/unity/build/artifacts/generated/common/runtime/DebugBindings.gen.cpp Line: 51)

LOD missing: Countdown Clock Number 4  [Core]
 
(Filename: /home/builduser/buildslave/unity/build/artifacts/generated/common/runtime/DebugBindings.gen.cpp Line: 51)

LOD missing: Countdown Clock Number 5  [Core]
 
(Filename: /home/builduser/buildslave/unity/build/artifacts/generated/common/runtime/DebugBindings.gen.cpp Line: 51)

LOD missing: Countdown Clock Number 6  [Core]
 
(Filename: /home/builduser/buildslave/unity/build/artifacts/generated/common/runtime/DebugBindings.gen.cpp Line: 51)

LOD missing: Countdown Clock Number 7  [Core]
 
(Filename: /home/builduser/buildslave/unity/build/artifacts/generated/common/runtime/DebugBindings.gen.cpp Line: 51)

LOD missing: Countdown Clock Number 8  [Core]
 
(Filename: /home/builduser/buildslave/unity/build/artifacts/generated/common/runtime/DebugBindings.gen.cpp Line: 51)

LOD missing: Countdown Clock Number 9  [Core]
 
(Filename: /home/builduser/buildslave/unity/build/artifacts/generated/common/runtime/DebugBindings.gen.cpp Line: 51)

LOD missing: Countdown Clock Separator  [Core]
 
(Filename: /home/builduser/buildslave/unity/build/artifacts/generated/common/runtime/DebugBindings.gen.cpp Line: 51)

LOD missing: Countdown Clock QR  [Core]
 
(Filename: /home/builduser/buildslave/unity/build/artifacts/generated/common/runtime/DebugBindings.gen.cpp Line: 51)

LOD missing: Countdown Clock Display Elements  [Core]
 
(Filename: /home/builduser/buildslave/unity/build/artifacts/generated/common/runtime/DebugBindings.gen.cpp Line: 51)

LOD has different shader: Countdown Clock Sub Building 01  [Core]
 
(Filename: /home/builduser/buildslave/unity/build/artifacts/generated/common/runtime/DebugBindings.gen.cpp Line: 51)

LOD has different shader: Countdown Clock Sub Building 02  [Core]
 
(Filename: /home/builduser/buildslave/unity/build/artifacts/generated/common/runtime/DebugBindings.gen.cpp Line: 51)

LOD missing: Plaza of Transference Sub 2  [Core]
 
(Filename: /home/builduser/buildslave/unity/build/artifacts/generated/common/runtime/DebugBindings.gen.cpp Line: 51)

No base generated: Plaza of Transference Sub 2  [Core]
 
(Filename: /home/builduser/buildslave/unity/build/artifacts/generated/common/runtime/DebugBindings.gen.cpp Line: 51)

Tyre array is null or zero size: Aircraft Passenger  [Core]
 
(Filename: /home/builduser/buildslave/unity/build/artifacts/generated/common/runtime/DebugBindings.gen.cpp Line: 51)

Tyre array is null or zero size: Aircraft Passenger Cover  [Core]
 
(Filename: /home/builduser/buildslave/unity/build/artifacts/generated/common/runtime/DebugBindings.gen.cpp Line: 51)

LOD has different shader: Underground-Ground-Elevated Metro Hub  [Core]
 
(Filename: /home/builduser/buildslave/unity/build/artifacts/generated/common/runtime/DebugBindings.gen.cpp Line: 51)

LOD missing: Underground-Ground-Elevated Metro Hub submesh1  [Core]
 
(Filename: /home/builduser/buildslave/unity/build/artifacts/generated/common/runtime/DebugBindings.gen.cpp Line: 51)

LOD missing: Underground-Ground-Elevated Metro Hub submesh2  [Core]
 
(Filename: /home/builduser/buildslave/unity/build/artifacts/generated/common/runtime/DebugBindings.gen.cpp Line: 51)

LOD has different shader: Underground-Ground-Elevated Metro Hub Sub Building 01  [Core]
 
(Filename: /home/builduser/buildslave/unity/build/artifacts/generated/common/runtime/DebugBindings.gen.cpp Line: 51)

GfxDevice: creating device client; threaded=1
GfxDevice: creating device client; threaded=1
Non platform assembly: data-0xeae0bd0 (this message is harmless)
Fallback handler could not load library /home/rich/.local/share/Steam/steamapps/common/Cities_Skylines/Cities_Data/Mono/x86_64/data-0xeae0bd0.so
[LSM] IAssetDataExtensions: 1
Unloading 10 Unused Serialized files (Serialized files now loaded: 0)
Loading Screen Mod Revisited: status: milliseconds: 14209
 Sharing status: 0 0 Sharing misses: 0 Loader ahead: 0.
 
(Filename: /home/builduser/buildslave/unity/build/artifacts/generated/common/runtime/DebugBindings.gen.cpp Line: 51)

Unkown member detected of type SteamHelper+DLC_BitMask in CustomAssetMetaData. Attempting to resolve from 'dlcMask' to 'dlcMask'  [Packer - Internal]
 
(Filename: /home/builduser/buildslave/unity/build/artifacts/generated/common/runtime/DebugBindings.gen.cpp Line: 51)

Unkown member detected of type SteamHelper+DLC_BitMask in CustomAssetMetaData. Attempting to resolve from 'dlcMask' to 'dlcMask'  [Packer - Internal]
 
(Filename: /home/builduser/buildslave/unity/build/artifacts/generated/common/runtime/DebugBindings.gen.cpp Line: 51)

Unkown member detected of type SteamHelper+DLC_BitMask in CustomAssetMetaData. Attempting to resolve from 'dlcMask' to 'dlcMask'  [Packer - Internal]
 
(Filename: /home/builduser/buildslave/unity/build/artifacts/generated/common/runtime/DebugBindings.gen.cpp Line: 51)

Unkown member detected of type SteamHelper+DLC_BitMask in CustomAssetMetaData. Attempting to resolve from 'dlcMask' to 'dlcMask'  [Packer - Internal]
 
(Filename: /home/builduser/buildslave/unity/build/artifacts/generated/common/runtime/DebugBindings.gen.cpp Line: 51)

Unkown member detected of type SteamHelper+DLC_BitMask in CustomAssetMetaData. Attempting to resolve from 'dlcMask' to 'dlcMask'  [Packer - Internal]
 
(Filename: /home/builduser/buildslave/unity/build/artifacts/generated/common/runtime/DebugBindings.gen.cpp Line: 51)

Unkown member detected of type SteamHelper+DLC_BitMask in CustomAssetMetaData. Attempting to resolve from 'dlcMask' to 'dlcMask'  [Packer - Internal]
 
(Filename: /home/builduser/buildslave/unity/build/artifacts/generated/common/runtime/DebugBindings.gen.cpp Line: 51)

Unkown member detected of type SteamHelper+DLC_BitMask in CustomAssetMetaData. Attempting to resolve from 'dlcMask' to 'dlcMask'  [Packer - Internal]
 
(Filename: /home/builduser/buildslave/unity/build/artifacts/generated/common/runtime/DebugBindings.gen.cpp Line: 51)

Unkown member detected of type SteamHelper+DLC_BitMask in CustomAssetMetaData. Attempting to resolve from 'dlcMask' to 'dlcMask'  [Packer - Internal]
 
(Filename: /home/builduser/buildslave/unity/build/artifacts/generated/common/runtime/DebugBindings.gen.cpp Line: 51)

Unkown member detected of type SteamHelper+DLC_BitMask in CustomAssetMetaData. Attempting to resolve from 'dlcMask' to 'dlcMask'  [Packer - Internal]
 
(Filename: /home/builduser/buildslave/unity/build/artifacts/generated/common/runtime/DebugBindings.gen.cpp Line: 51)

Unkown member detected of type SteamHelper+DLC_BitMask in CustomAssetMetaData. Attempting to resolve from 'dlcMask' to 'dlcMask'  [Packer - Internal]
 
(Filename: /home/builduser/buildslave/unity/build/artifacts/generated/common/runtime/DebugBindings.gen.cpp Line: 51)

Unkown member detected of type SteamHelper+DLC_BitMask in CustomAssetMetaData. Attempting to resolve from 'dlcMask' to 'dlcMask'  [Packer - Internal]
 
(Filename: /home/builduser/buildslave/unity/build/artifacts/generated/common/runtime/DebugBindings.gen.cpp Line: 51)

Unkown member detected of type SteamHelper+DLC_BitMask in CustomAssetMetaData. Attempting to resolve from 'dlcMask' to 'dlcMask'  [Packer - Internal]
 
(Filename: /home/builduser/buildslave/unity/build/artifacts/generated/common/runtime/DebugBindings.gen.cpp Line: 51)

Unkown member detected of type SteamHelper+DLC_BitMask in CustomAssetMetaData. Attempting to resolve from 'dlcMask' to 'dlcMask'  [Packer - Internal]
 
(Filename: /home/builduser/buildslave/unity/build/artifacts/generated/common/runtime/DebugBindings.gen.cpp Line: 51)

Unkown member detected of type SteamHelper+DLC_BitMask in CustomAssetMetaData. Attempting to resolve from 'dlcMask' to 'dlcMask'  [Packer - Internal]
 
(Filename: /home/builduser/buildslave/unity/build/artifacts/generated/common/runtime/DebugBindings.gen.cpp Line: 51)

Unkown member detected of type SteamHelper+DLC_BitMask in CustomAssetMetaData. Attempting to resolve from 'dlcMask' to 'dlcMask'  [Packer - Internal]
 
(Filename: /home/builduser/buildslave/unity/build/artifacts/generated/common/runtime/DebugBindings.gen.cpp Line: 51)

Unkown member detected of type SteamHelper+DLC_BitMask in CustomAssetMetaData. Attempting to resolve from 'dlcMask' to 'dlcMask'  [Packer - Internal]
 
(Filename: /home/builduser/buildslave/unity/build/artifacts/generated/common/runtime/DebugBindings.gen.cpp Line: 51)

Unkown member detected of type SteamHelper+DLC_BitMask in CustomAssetMetaData. Attempting to resolve from 'dlcMask' to 'dlcMask'  [Packer - Internal]
 
(Filename: /home/builduser/buildslave/unity/build/artifacts/generated/common/runtime/DebugBindings.gen.cpp Line: 51)

Unkown member detected of type SteamHelper+DLC_BitMask in CustomAssetMetaData. Attempting to resolve from 'dlcMask' to 'dlcMask'  [Packer - Internal]
 
(Filename: /home/builduser/buildslave/unity/build/artifacts/generated/common/runtime/DebugBindings.gen.cpp Line: 51)

Unkown member detected of type SteamHelper+DLC_BitMask in CustomAssetMetaData. Attempting to resolve from 'dlcMask' to 'dlcMask'  [Packer - Internal]
 
(Filename: /home/builduser/buildslave/unity/build/artifacts/generated/common/runtime/DebugBindings.gen.cpp Line: 51)

Unkown member detected of type SteamHelper+DLC_BitMask in CustomAssetMetaData. Attempting to resolve from 'dlcMask' to 'dlcMask'  [Packer - Internal]
 
(Filename: /home/builduser/buildslave/unity/build/artifacts/generated/common/runtime/DebugBindings.gen.cpp Line: 51)

Unkown member detected of type SteamHelper+DLC_BitMask in CustomAssetMetaData. Attempting to resolve from 'dlcMask' to 'dlcMask'  [Packer - Internal]
 
(Filename: /home/builduser/buildslave/unity/build/artifacts/generated/common/runtime/DebugBindings.gen.cpp Line: 51)

Unkown member detected of type SteamHelper+DLC_BitMask in CustomAssetMetaData. Attempting to resolve from 'dlcMask' to 'dlcMask'  [Packer - Internal]
 
(Filename: /home/builduser/buildslave/unity/build/artifacts/generated/common/runtime/DebugBindings.gen.cpp Line: 51)

Unkown member detected of type SteamHelper+DLC_BitMask in CustomAssetMetaData. Attempting to resolve from 'dlcMask' to 'dlcMask'  [Packer - Internal]
 
(Filename: /home/builduser/buildslave/unity/build/artifacts/generated/common/runtime/DebugBindings.gen.cpp Line: 51)

Unkown member detected of type SteamHelper+DLC_BitMask in CustomAssetMetaData. Attempting to resolve from 'dlcMask' to 'dlcMask'  [Packer - Internal]
 
(Filename: /home/builduser/buildslave/unity/build/artifacts/generated/common/runtime/DebugBindings.gen.cpp Line: 51)

Unkown member detected of type SteamHelper+DLC_BitMask in CustomAssetMetaData. Attempting to resolve from 'dlcMask' to 'dlcMask'  [Packer - Internal]
 
(Filename: /home/builduser/buildslave/unity/build/artifacts/generated/common/runtime/DebugBindings.gen.cpp Line: 51)

Unkown member detected of type SteamHelper+DLC_BitMask in CustomAssetMetaData. Attempting to resolve from 'dlcMask' to 'dlcMask'  [Packer - Internal]
 
(Filename: /home/builduser/buildslave/unity/build/artifacts/generated/common/runtime/DebugBindings.gen.cpp Line: 51)

Unkown member detected of type SteamHelper+DLC_BitMask in CustomAssetMetaData. Attempting to resolve from 'dlcMask' to 'dlcMask'  [Packer - Internal]
 
(Filename: /home/builduser/buildslave/unity/build/artifacts/generated/common/runtime/DebugBindings.gen.cpp Line: 51)

Unkown member detected of type SteamHelper+DLC_BitMask in CustomAssetMetaData. Attempting to resolve from 'dlcMask' to 'dlcMask'  [Packer - Internal]
 
(Filename: /home/builduser/buildslave/unity/build/artifacts/generated/common/runtime/DebugBindings.gen.cpp Line: 51)

Unkown member detected of type SteamHelper+DLC_BitMask in CustomAssetMetaData. Attempting to resolve from 'dlcMask' to 'dlcMask'  [Packer - Internal]
 
(Filename: /home/builduser/buildslave/unity/build/artifacts/generated/common/runtime/DebugBindings.gen.cpp Line: 51)

Unkown member detected of type SteamHelper+DLC_BitMask in CustomAssetMetaData. Attempting to resolve from 'dlcMask' to 'dlcMask'  [Packer - Internal]
 
(Filename: /home/builduser/buildslave/unity/build/artifacts/generated/common/runtime/DebugBindings.gen.cpp Line: 51)

Unkown member detected of type SteamHelper+DLC_BitMask in CustomAssetMetaData. Attempting to resolve from 'dlcMask' to 'dlcMask'  [Packer - Internal]
 
(Filename: /home/builduser/buildslave/unity/build/artifacts/generated/common/runtime/DebugBindings.gen.cpp Line: 51)

Unkown member detected of type SteamHelper+DLC_BitMask in CustomAssetMetaData. Attempting to resolve from 'dlcMask' to 'dlcMask'  [Packer - Internal]
 
(Filename: /home/builduser/buildslave/unity/build/artifacts/generated/common/runtime/DebugBindings.gen.cpp Line: 51)

Unkown member detected of type SteamHelper+DLC_BitMask in CustomAssetMetaData. Attempting to resolve from 'dlcMask' to 'dlcMask'  [Packer - Internal]
 
(Filename: /home/builduser/buildslave/unity/build/artifacts/generated/common/runtime/DebugBindings.gen.cpp Line: 51)

Unkown member detected of type SteamHelper+DLC_BitMask in CustomAssetMetaData. Attempting to resolve from 'dlcMask' to 'dlcMask'  [Packer - Internal]
 
(Filename: /home/builduser/buildslave/unity/build/artifacts/generated/common/runtime/DebugBindings.gen.cpp Line: 51)

Unkown member detected of type SteamHelper+DLC_BitMask in CustomAssetMetaData. Attempting to resolve from 'dlcMask' to 'dlcMask'  [Packer - Internal]
 
(Filename: /home/builduser/buildslave/unity/build/artifacts/generated/common/runtime/DebugBindings.gen.cpp Line: 51)

Unkown member detected of type SteamHelper+DLC_BitMask in CustomAssetMetaData. Attempting to resolve from 'dlcMask' to 'dlcMask'  [Packer - Internal]
 
(Filename: /home/builduser/buildslave/unity/build/artifacts/generated/common/runtime/DebugBindings.gen.cpp Line: 51)

Unkown member detected of type SteamHelper+DLC_BitMask in CustomAssetMetaData. Attempting to resolve from 'dlcMask' to 'dlcMask'  [Packer - Internal]
 
(Filename: /home/builduser/buildslave/unity/build/artifacts/generated/common/runtime/DebugBindings.gen.cpp Line: 51)

Unkown member detected of type SteamHelper+DLC_BitMask in CustomAssetMetaData. Attempting to resolve from 'dlcMask' to 'dlcMask'  [Packer - Internal]
 
(Filename: /home/builduser/buildslave/unity/build/artifacts/generated/common/runtime/DebugBindings.gen.cpp Line: 51)

Unkown member detected of type SteamHelper+DLC_BitMask in CustomAssetMetaData. Attempting to resolve from 'dlcMask' to 'dlcMask'  [Packer - Internal]
 
(Filename: /home/builduser/buildslave/unity/build/artifacts/generated/common/runtime/DebugBindings.gen.cpp Line: 51)

Unkown member detected of type SteamHelper+DLC_BitMask in CustomAssetMetaData. Attempting to resolve from 'dlcMask' to 'dlcMask'  [Packer - Internal]
 
(Filename: /home/builduser/buildslave/unity/build/artifacts/generated/common/runtime/DebugBindings.gen.cpp Line: 51)

Unkown member detected of type SteamHelper+DLC_BitMask in CustomAssetMetaData. Attempting to resolve from 'dlcMask' to 'dlcMask'  [Packer - Internal]
 
(Filename: /home/builduser/buildslave/unity/build/artifacts/generated/common/runtime/DebugBindings.gen.cpp Line: 51)

Unkown member detected of type SteamHelper+DLC_BitMask in CustomAssetMetaData. Attempting to resolve from 'dlcMask' to 'dlcMask'  [Packer - Internal]
 
(Filename: /home/builduser/buildslave/unity/build/artifacts/generated/common/runtime/DebugBindings.gen.cpp Line: 51)

Unkown member detected of type SteamHelper+DLC_BitMask in CustomAssetMetaData. Attempting to resolve from 'dlcMask' to 'dlcMask'  [Packer - Internal]
 
(Filename: /home/builduser/buildslave/unity/build/artifacts/generated/common/runtime/DebugBindings.gen.cpp Line: 51)

Unkown member detected of type SteamHelper+DLC_BitMask in CustomAssetMetaData. Attempting to resolve from 'dlcMask' to 'dlcMask'  [Packer - Internal]
 
(Filename: /home/builduser/buildslave/unity/build/artifacts/generated/common/runtime/DebugBindings.gen.cpp Line: 51)

Unkown member detected of type SteamHelper+DLC_BitMask in CustomAssetMetaData. Attempting to resolve from 'dlcMask' to 'dlcMask'  [Packer - Internal]
 
(Filename: /home/builduser/buildslave/unity/build/artifacts/generated/common/runtime/DebugBindings.gen.cpp Line: 51)

Unkown member detected of type SteamHelper+DLC_BitMask in CustomAssetMetaData. Attempting to resolve from 'dlcMask' to 'dlcMask'  [Packer - Internal]
 
(Filename: /home/builduser/buildslave/unity/build/artifacts/generated/common/runtime/DebugBindings.gen.cpp Line: 51)

Unkown member detected of type SteamHelper+DLC_BitMask in CustomAssetMetaData. Attempting to resolve from 'dlcMask' to 'dlcMask'  [Packer - Internal]
 
(Filename: /home/builduser/buildslave/unity/build/artifacts/generated/common/runtime/DebugBindings.gen.cpp Line: 51)

Unkown member detected of type SteamHelper+DLC_BitMask in CustomAssetMetaData. Attempting to resolve from 'dlcMask' to 'dlcMask'  [Packer - Internal]
 
(Filename: /home/builduser/buildslave/unity/build/artifacts/generated/common/runtime/DebugBindings.gen.cpp Line: 51)

Unkown member detected of type SteamHelper+DLC_BitMask in CustomAssetMetaData. Attempting to resolve from 'dlcMask' to 'dlcMask'  [Packer - Internal]
 
(Filename: /home/builduser/buildslave/unity/build/artifacts/generated/common/runtime/DebugBindings.gen.cpp Line: 51)

Unkown member detected of type SteamHelper+DLC_BitMask in CustomAssetMetaData. Attempting to resolve from 'dlcMask' to 'dlcMask'  [Packer - Internal]
 
(Filename: /home/builduser/buildslave/unity/build/artifacts/generated/common/runtime/DebugBindings.gen.cpp Line: 51)

Unkown member detected of type SteamHelper+DLC_BitMask in CustomAssetMetaData. Attempting to resolve from 'dlcMask' to 'dlcMask'  [Packer - Internal]
 
(Filename: /home/builduser/buildslave/unity/build/artifacts/generated/common/runtime/DebugBindings.gen.cpp Line: 51)

Unkown member detected of type SteamHelper+DLC_BitMask in CustomAssetMetaData. Attempting to resolve from 'dlcMask' to 'dlcMask'  [Packer - Internal]
 
(Filename: /home/builduser/buildslave/unity/build/artifacts/generated/common/runtime/DebugBindings.gen.cpp Line: 51)

Unkown member detected of type SteamHelper+DLC_BitMask in CustomAssetMetaData. Attempting to resolve from 'dlcMask' to 'dlcMask'  [Packer - Internal]
 
(Filename: /home/builduser/buildslave/unity/build/artifacts/generated/common/runtime/DebugBindings.gen.cpp Line: 51)

Unkown member detected of type SteamHelper+DLC_BitMask in CustomAssetMetaData. Attempting to resolve from 'dlcMask' to 'dlcMask'  [Packer - Internal]
 
(Filename: /home/builduser/buildslave/unity/build/artifacts/generated/common/runtime/DebugBindings.gen.cpp Line: 51)

Unkown member detected of type SteamHelper+DLC_BitMask in CustomAssetMetaData. Attempting to resolve from 'dlcMask' to 'dlcMask'  [Packer - Internal]
 
(Filename: /home/builduser/buildslave/unity/build/artifacts/generated/common/runtime/DebugBindings.gen.cpp Line: 51)

Unkown member detected of type SteamHelper+DLC_BitMask in CustomAssetMetaData. Attempting to resolve from 'dlcMask' to 'dlcMask'  [Packer - Internal]
 
(Filename: /home/builduser/buildslave/unity/build/artifacts/generated/common/runtime/DebugBindings.gen.cpp Line: 51)

Unkown member detected of type SteamHelper+DLC_BitMask in CustomAssetMetaData. Attempting to resolve from 'dlcMask' to 'dlcMask'  [Packer - Internal]
 
(Filename: /home/builduser/buildslave/unity/build/artifacts/generated/common/runtime/DebugBindings.gen.cpp Line: 51)

Unkown member detected of type SteamHelper+DLC_BitMask in CustomAssetMetaData. Attempting to resolve from 'dlcMask' to 'dlcMask'  [Packer - Internal]
 
(Filename: /home/builduser/buildslave/unity/build/artifacts/generated/common/runtime/DebugBindings.gen.cpp Line: 51)

Unkown member detected of type SteamHelper+DLC_BitMask in CustomAssetMetaData. Attempting to resolve from 'dlcMask' to 'dlcMask'  [Packer - Internal]
 
(Filename: /home/builduser/buildslave/unity/build/artifacts/generated/common/runtime/DebugBindings.gen.cpp Line: 51)

Unkown member detected of type SteamHelper+DLC_BitMask in CustomAssetMetaData. Attempting to resolve from 'dlcMask' to 'dlcMask'  [Packer - Internal]
 
(Filename: /home/builduser/buildslave/unity/build/artifacts/generated/common/runtime/DebugBindings.gen.cpp Line: 51)

Unkown member detected of type SteamHelper+DLC_BitMask in CustomAssetMetaData. Attempting to resolve from 'dlcMask' to 'dlcMask'  [Packer - Internal]
 
(Filename: /home/builduser/buildslave/unity/build/artifacts/generated/common/runtime/DebugBindings.gen.cpp Line: 51)

Unkown member detected of type SteamHelper+DLC_BitMask in CustomAssetMetaData. Attempting to resolve from 'dlcMask' to 'dlcMask'  [Packer - Internal]
 
(Filename: /home/builduser/buildslave/unity/build/artifacts/generated/common/runtime/DebugBindings.gen.cpp Line: 51)

Unkown member detected of type SteamHelper+DLC_BitMask in CustomAssetMetaData. Attempting to resolve from 'dlcMask' to 'dlcMask'  [Packer - Internal]
 
(Filename: /home/builduser/buildslave/unity/build/artifacts/generated/common/runtime/DebugBindings.gen.cpp Line: 51)

Unkown member detected of type SteamHelper+DLC_BitMask in CustomAssetMetaData. Attempting to resolve from 'dlcMask' to 'dlcMask'  [Packer - Internal]
 
(Filename: /home/builduser/buildslave/unity/build/artifacts/generated/common/runtime/DebugBindings.gen.cpp Line: 51)

Unkown member detected of type SteamHelper+DLC_BitMask in CustomAssetMetaData. Attempting to resolve from 'dlcMask' to 'dlcMask'  [Packer - Internal]
 
(Filename: /home/builduser/buildslave/unity/build/artifacts/generated/common/runtime/DebugBindings.gen.cpp Line: 51)

Unkown member detected of type SteamHelper+DLC_BitMask in CustomAssetMetaData. Attempting to resolve from 'dlcMask' to 'dlcMask'  [Packer - Internal]
 
(Filename: /home/builduser/buildslave/unity/build/artifacts/generated/common/runtime/DebugBindings.gen.cpp Line: 51)

Unkown member detected of type SteamHelper+DLC_BitMask in CustomAssetMetaData. Attempting to resolve from 'dlcMask' to 'dlcMask'  [Packer - Internal]
 
(Filename: /home/builduser/buildslave/unity/build/artifacts/generated/common/runtime/DebugBindings.gen.cpp Line: 51)

Unkown member detected of type SteamHelper+DLC_BitMask in CustomAssetMetaData. Attempting to resolve from 'dlcMask' to 'dlcMask'  [Packer - Internal]
 
(Filename: /home/builduser/buildslave/unity/build/artifacts/generated/common/runtime/DebugBindings.gen.cpp Line: 51)

Unkown member detected of type SteamHelper+DLC_BitMask in CustomAssetMetaData. Attempting to resolve from 'dlcMask' to 'dlcMask'  [Packer - Internal]
 
(Filename: /home/builduser/buildslave/unity/build/artifacts/generated/common/runtime/DebugBindings.gen.cpp Line: 51)

Unkown member detected of type SteamHelper+DLC_BitMask in CustomAssetMetaData. Attempting to resolve from 'dlcMask' to 'dlcMask'  [Packer - Internal]
 
(Filename: /home/builduser/buildslave/unity/build/artifacts/generated/common/runtime/DebugBindings.gen.cpp Line: 51)

Unkown member detected of type SteamHelper+DLC_BitMask in CustomAssetMetaData. Attempting to resolve from 'dlcMask' to 'dlcMask'  [Packer - Internal]
 
(Filename: /home/builduser/buildslave/unity/build/artifacts/generated/common/runtime/DebugBindings.gen.cpp Line: 51)

Unkown member detected of type SteamHelper+DLC_BitMask in CustomAssetMetaData. Attempting to resolve from 'dlcMask' to 'dlcMask'  [Packer - Internal]
 
(Filename: /home/builduser/buildslave/unity/build/artifacts/generated/common/runtime/DebugBindings.gen.cpp Line: 51)

Unkown member detected of type SteamHelper+DLC_BitMask in CustomAssetMetaData. Attempting to resolve from 'dlcMask' to 'dlcMask'  [Packer - Internal]
 
(Filename: /home/builduser/buildslave/unity/build/artifacts/generated/common/runtime/DebugBindings.gen.cpp Line: 51)

Unkown member detected of type SteamHelper+DLC_BitMask in CustomAssetMetaData. Attempting to resolve from 'dlcMask' to 'dlcMask'  [Packer - Internal]
 
(Filename: /home/builduser/buildslave/unity/build/artifacts/generated/common/runtime/DebugBindings.gen.cpp Line: 51)

Unkown member detected of type SteamHelper+DLC_BitMask in CustomAssetMetaData. Attempting to resolve from 'dlcMask' to 'dlcMask'  [Packer - Internal]
 
(Filename: /home/builduser/buildslave/unity/build/artifacts/generated/common/runtime/DebugBindings.gen.cpp Line: 51)

Unkown member detected of type SteamHelper+DLC_BitMask in CustomAssetMetaData. Attempting to resolve from 'dlcMask' to 'dlcMask'  [Packer - Internal]
 
(Filename: /home/builduser/buildslave/unity/build/artifacts/generated/common/runtime/DebugBindings.gen.cpp Line: 51)

Unkown member detected of type SteamHelper+DLC_BitMask in CustomAssetMetaData. Attempting to resolve from 'dlcMask' to 'dlcMask'  [Packer - Internal]
 
(Filename: /home/builduser/buildslave/unity/build/artifacts/generated/common/runtime/DebugBindings.gen.cpp Line: 51)

Unkown member detected of type SteamHelper+DLC_BitMask in CustomAssetMetaData. Attempting to resolve from 'dlcMask' to 'dlcMask'  [Packer - Internal]
 
(Filename: /home/builduser/buildslave/unity/build/artifacts/generated/common/runtime/DebugBindings.gen.cpp Line: 51)

Unkown member detected of type SteamHelper+DLC_BitMask in CustomAssetMetaData. Attempting to resolve from 'dlcMask' to 'dlcMask'  [Packer - Internal]
 
(Filename: /home/builduser/buildslave/unity/build/artifacts/generated/common/runtime/DebugBindings.gen.cpp Line: 51)

Unkown member detected of type SteamHelper+DLC_BitMask in CustomAssetMetaData. Attempting to resolve from 'dlcMask' to 'dlcMask'  [Packer - Internal]
 
(Filename: /home/builduser/buildslave/unity/build/artifacts/generated/common/runtime/DebugBindings.gen.cpp Line: 51)

Unkown member detected of type SteamHelper+DLC_BitMask in CustomAssetMetaData. Attempting to resolve from 'dlcMask' to 'dlcMask'  [Packer - Internal]
 
(Filename: /home/builduser/buildslave/unity/build/artifacts/generated/common/runtime/DebugBindings.gen.cpp Line: 51)

Unkown member detected of type SteamHelper+DLC_BitMask in CustomAssetMetaData. Attempting to resolve from 'dlcMask' to 'dlcMask'  [Packer - Internal]
 
(Filename: /home/builduser/buildslave/unity/build/artifacts/generated/common/runtime/DebugBindings.gen.cpp Line: 51)

Unkown member detected of type SteamHelper+DLC_BitMask in CustomAssetMetaData. Attempting to resolve from 'dlcMask' to 'dlcMask'  [Packer - Internal]
 
(Filename: /home/builduser/buildslave/unity/build/artifacts/generated/common/runtime/DebugBindings.gen.cpp Line: 51)

Unkown member detected of type SteamHelper+DLC_BitMask in CustomAssetMetaData. Attempting to resolve from 'dlcMask' to 'dlcMask'  [Packer - Internal]
 
(Filename: /home/builduser/buildslave/unity/build/artifacts/generated/common/runtime/DebugBindings.gen.cpp Line: 51)

Unkown member detected of type SteamHelper+DLC_BitMask in CustomAssetMetaData. Attempting to resolve from 'dlcMask' to 'dlcMask'  [Packer - Internal]
 
(Filename: /home/builduser/buildslave/unity/build/artifacts/generated/common/runtime/DebugBindings.gen.cpp Line: 51)

Unkown member detected of type SteamHelper+DLC_BitMask in CustomAssetMetaData. Attempting to resolve from 'dlcMask' to 'dlcMask'  [Packer - Internal]
 
(Filename: /home/builduser/buildslave/unity/build/artifacts/generated/common/runtime/DebugBindings.gen.cpp Line: 51)

Unkown member detected of type SteamHelper+DLC_BitMask in CustomAssetMetaData. Attempting to resolve from 'dlcMask' to 'dlcMask'  [Packer - Internal]
 
(Filename: /home/builduser/buildslave/unity/build/artifacts/generated/common/runtime/DebugBindings.gen.cpp Line: 51)

Unkown member detected of type SteamHelper+DLC_BitMask in CustomAssetMetaData. Attempting to resolve from 'dlcMask' to 'dlcMask'  [Packer - Internal]
 
(Filename: /home/builduser/buildslave/unity/build/artifacts/generated/common/runtime/DebugBindings.gen.cpp Line: 51)

Unkown member detected of type SteamHelper+DLC_BitMask in CustomAssetMetaData. Attempting to resolve from 'dlcMask' to 'dlcMask'  [Packer - Internal]
 
(Filename: /home/builduser/buildslave/unity/build/artifacts/generated/common/runtime/DebugBindings.gen.cpp Line: 51)

Unkown member detected of type SteamHelper+DLC_BitMask in CustomAssetMetaData. Attempting to resolve from 'dlcMask' to 'dlcMask'  [Packer - Internal]
 
(Filename: /home/builduser/buildslave/unity/build/artifacts/generated/common/runtime/DebugBindings.gen.cpp Line: 51)

Unkown member detected of type SteamHelper+DLC_BitMask in CustomAssetMetaData. Attempting to resolve from 'dlcMask' to 'dlcMask'  [Packer - Internal]
 
(Filename: /home/builduser/buildslave/unity/build/artifacts/generated/common/runtime/DebugBindings.gen.cpp Line: 51)

Unkown member detected of type SteamHelper+DLC_BitMask in CustomAssetMetaData. Attempting to resolve from 'dlcMask' to 'dlcMask'  [Packer - Internal]
 
(Filename: /home/builduser/buildslave/unity/build/artifacts/generated/common/runtime/DebugBindings.gen.cpp Line: 51)

Unkown member detected of type SteamHelper+DLC_BitMask in CustomAssetMetaData. Attempting to resolve from 'dlcMask' to 'dlcMask'  [Packer - Internal]
 
(Filename: /home/builduser/buildslave/unity/build/artifacts/generated/common/runtime/DebugBindings.gen.cpp Line: 51)

Unkown member detected of type SteamHelper+DLC_BitMask in CustomAssetMetaData. Attempting to resolve from 'dlcMask' to 'dlcMask'  [Packer - Internal]
 
(Filename: /home/builduser/buildslave/unity/build/artifacts/generated/common/runtime/DebugBindings.gen.cpp Line: 51)

Unkown member detected of type SteamHelper+DLC_BitMask in CustomAssetMetaData. Attempting to resolve from 'dlcMask' to 'dlcMask'  [Packer - Internal]
 
(Filename: /home/builduser/buildslave/unity/build/artifacts/generated/common/runtime/DebugBindings.gen.cpp Line: 51)

[LSM] LoadQueue 58 14253
Loading Screen Mod Revisited: status: assets: 0 milliseconds: 14264
 Sharing status: 0 0 Sharing misses: 0 Loader ahead: 0.
 
(Filename: /home/builduser/buildslave/unity/build/artifacts/generated/common/runtime/DebugBindings.gen.cpp Line: 51)

Segment diffuse is DXT5: 2240902331.us-2l-3l-2w-perform-pocket-green Elevated  [Core]
 
(Filename: /home/builduser/buildslave/unity/build/artifacts/generated/common/runtime/DebugBindings.gen.cpp Line: 51)

Segment diffuse is DXT5: 2240902331.us-2l-3l-2w-perform-pocket-green Elevated  [Core]
 
(Filename: /home/builduser/buildslave/unity/build/artifacts/generated/common/runtime/DebugBindings.gen.cpp Line: 51)

Node diffuse is DXT5: 2240902331.us-2l-3l-2w-perform-pocket-green Elevated  [Core]
 
(Filename: /home/builduser/buildslave/unity/build/artifacts/generated/common/runtime/DebugBindings.gen.cpp Line: 51)

Node diffuse is DXT5: 2240902331.us-2l-3l-2w-perform-pocket-green Elevated  [Core]
 
(Filename: /home/builduser/buildslave/unity/build/artifacts/generated/common/runtime/DebugBindings.gen.cpp Line: 51)

Segment diffuse is DXT5: 2240902331.us-2l-3l-2w-perform-green Elevated  [Core]
 
(Filename: /home/builduser/buildslave/unity/build/artifacts/generated/common/runtime/DebugBindings.gen.cpp Line: 51)

Segment diffuse is DXT5: 2240902331.us-2l-3l-2w-perform-green Elevated  [Core]
 
(Filename: /home/builduser/buildslave/unity/build/artifacts/generated/common/runtime/DebugBindings.gen.cpp Line: 51)

Node diffuse is DXT5: 2240902331.us-2l-3l-2w-perform-green Elevated  [Core]
 
(Filename: /home/builduser/buildslave/unity/build/artifacts/generated/common/runtime/DebugBindings.gen.cpp Line: 51)

Node diffuse is DXT5: 2240902331.us-2l-3l-2w-perform-green Elevated  [Core]
 
(Filename: /home/builduser/buildslave/unity/build/artifacts/generated/common/runtime/DebugBindings.gen.cpp Line: 51)

Segment diffuse is DXT5: 2240902331.us-2l-4l-2w-perform-green Elevated  [Core]
 
(Filename: /home/builduser/buildslave/unity/build/artifacts/generated/common/runtime/DebugBindings.gen.cpp Line: 51)

Segment diffuse is DXT5: 2240902331.us-2l-4l-2w-perform-green Elevated  [Core]
 
(Filename: /home/builduser/buildslave/unity/build/artifacts/generated/common/runtime/DebugBindings.gen.cpp Line: 51)

Node diffuse is DXT5: 2240902331.us-2l-4l-2w-perform-green Elevated  [Core]
 
(Filename: /home/builduser/buildslave/unity/build/artifacts/generated/common/runtime/DebugBindings.gen.cpp Line: 51)

Node diffuse is DXT5: 2240902331.us-2l-4l-2w-perform-green Elevated  [Core]
 
(Filename: /home/builduser/buildslave/unity/build/artifacts/generated/common/runtime/DebugBindings.gen.cpp Line: 51)

Segment diffuse is DXT5: 2240902331.us-2l-4l-2w-perform-pocket-green Elevated  [Core]
 
(Filename: /home/builduser/buildslave/unity/build/artifacts/generated/common/runtime/DebugBindings.gen.cpp Line: 51)

Segment diffuse is DXT5: 2240902331.us-2l-4l-2w-perform-pocket-green Elevated  [Core]
 
(Filename: /home/builduser/buildslave/unity/build/artifacts/generated/common/runtime/DebugBindings.gen.cpp Line: 51)

Node diffuse is DXT5: 2240902331.us-2l-4l-2w-perform-pocket-green Elevated  [Core]
 
(Filename: /home/builduser/buildslave/unity/build/artifacts/generated/common/runtime/DebugBindings.gen.cpp Line: 51)

Node diffuse is DXT5: 2240902331.us-2l-4l-2w-perform-pocket-green Elevated  [Core]
 
(Filename: /home/builduser/buildslave/unity/build/artifacts/generated/common/runtime/DebugBindings.gen.cpp Line: 51)

Segment diffuse is DXT5: 2240902331.us-2l-3l-2w-perform-yellow Elevated  [Core]
 
(Filename: /home/builduser/buildslave/unity/build/artifacts/generated/common/runtime/DebugBindings.gen.cpp Line: 51)

Segment diffuse is DXT5: 2240902331.us-2l-3l-2w-perform-yellow Elevated  [Core]
 
(Filename: /home/builduser/buildslave/unity/build/artifacts/generated/common/runtime/DebugBindings.gen.cpp Line: 51)

Node diffuse is DXT5: 2240902331.us-2l-3l-2w-perform-yellow Elevated  [Core]
 
(Filename: /home/builduser/buildslave/unity/build/artifacts/generated/common/runtime/DebugBindings.gen.cpp Line: 51)

Node diffuse is DXT5: 2240902331.us-2l-3l-2w-perform-yellow Elevated  [Core]
 
(Filename: /home/builduser/buildslave/unity/build/artifacts/generated/common/runtime/DebugBindings.gen.cpp Line: 51)

Segment diffuse is DXT5: 2240902331.us-2l-4l-2w-perform-yellow Elevated  [Core]
 
(Filename: /home/builduser/buildslave/unity/build/artifacts/generated/common/runtime/DebugBindings.gen.cpp Line: 51)

Segment diffuse is DXT5: 2240902331.us-2l-4l-2w-perform-yellow Elevated  [Core]
 
(Filename: /home/builduser/buildslave/unity/build/artifacts/generated/common/runtime/DebugBindings.gen.cpp Line: 51)

Node diffuse is DXT5: 2240902331.us-2l-4l-2w-perform-yellow Elevated  [Core]
 
(Filename: /home/builduser/buildslave/unity/build/artifacts/generated/common/runtime/DebugBindings.gen.cpp Line: 51)

Node diffuse is DXT5: 2240902331.us-2l-4l-2w-perform-yellow Elevated  [Core]
 
(Filename: /home/builduser/buildslave/unity/build/artifacts/generated/common/runtime/DebugBindings.gen.cpp Line: 51)

Segment diffuse is DXT5: 2240902331.us-2l-2w-median-green-round Elevated  [Core]
 
(Filename: /home/builduser/buildslave/unity/build/artifacts/generated/common/runtime/DebugBindings.gen.cpp Line: 51)

Segment diffuse is DXT5: 2240902331.us-2l-2w-median-green-round Elevated  [Core]
 
(Filename: /home/builduser/buildslave/unity/build/artifacts/generated/common/runtime/DebugBindings.gen.cpp Line: 51)

Node diffuse is DXT5: 2240902331.us-2l-2w-median-green-round Elevated  [Core]
 
(Filename: /home/builduser/buildslave/unity/build/artifacts/generated/common/runtime/DebugBindings.gen.cpp Line: 51)

Node diffuse is DXT5: 2240902331.us-2l-2w-median-green-round Elevated  [Core]
 
(Filename: /home/builduser/buildslave/unity/build/artifacts/generated/common/runtime/DebugBindings.gen.cpp Line: 51)

Segment diffuse is DXT5: 2240902331.us-2l-2w-median-green Elevated  [Core]
 
(Filename: /home/builduser/buildslave/unity/build/artifacts/generated/common/runtime/DebugBindings.gen.cpp Line: 51)

Segment diffuse is DXT5: 2240902331.us-2l-2w-median-green Elevated  [Core]
 
(Filename: /home/builduser/buildslave/unity/build/artifacts/generated/common/runtime/DebugBindings.gen.cpp Line: 51)

Node diffuse is DXT5: 2240902331.us-2l-2w-median-green Elevated  [Core]
 
(Filename: /home/builduser/buildslave/unity/build/artifacts/generated/common/runtime/DebugBindings.gen.cpp Line: 51)

Node diffuse is DXT5: 2240902331.us-2l-2w-median-green Elevated  [Core]
 
(Filename: /home/builduser/buildslave/unity/build/artifacts/generated/common/runtime/DebugBindings.gen.cpp Line: 51)

Segment diffuse is DXT5: 2240902331.us-2l-2w-wo-median Elevated  [Core]
 
(Filename: /home/builduser/buildslave/unity/build/artifacts/generated/common/runtime/DebugBindings.gen.cpp Line: 51)

Node diffuse is DXT5: 2240902331.us-2l-2w-wo-median Elevated  [Core]
 
(Filename: /home/builduser/buildslave/unity/build/artifacts/generated/common/runtime/DebugBindings.gen.cpp Line: 51)

Segment diffuse is DXT5: 2240902331.us-2l-3l-2w-perform-concrete Elevated  [Core]
 
(Filename: /home/builduser/buildslave/unity/build/artifacts/generated/common/runtime/DebugBindings.gen.cpp Line: 51)

Segment diffuse is DXT5: 2240902331.us-2l-3l-2w-perform-concrete Elevated  [Core]
 
(Filename: /home/builduser/buildslave/unity/build/artifacts/generated/common/runtime/DebugBindings.gen.cpp Line: 51)

Node diffuse is DXT5: 2240902331.us-2l-3l-2w-perform-concrete Elevated  [Core]
 
(Filename: /home/builduser/buildslave/unity/build/artifacts/generated/common/runtime/DebugBindings.gen.cpp Line: 51)

Node diffuse is DXT5: 2240902331.us-2l-3l-2w-perform-concrete Elevated  [Core]
 
(Filename: /home/builduser/buildslave/unity/build/artifacts/generated/common/runtime/DebugBindings.gen.cpp Line: 51)

Segment diffuse is DXT5: 2240902331.us-2l-3l-2w-perform-brick Elevated  [Core]
 
(Filename: /home/builduser/buildslave/unity/build/artifacts/generated/common/runtime/DebugBindings.gen.cpp Line: 51)

Segment diffuse is DXT5: 2240902331.us-2l-3l-2w-perform-brick Elevated  [Core]
 
(Filename: /home/builduser/buildslave/unity/build/artifacts/generated/common/runtime/DebugBindings.gen.cpp Line: 51)

Node diffuse is DXT5: 2240902331.us-2l-3l-2w-perform-brick Elevated  [Core]
 
(Filename: /home/builduser/buildslave/unity/build/artifacts/generated/common/runtime/DebugBindings.gen.cpp Line: 51)

Node diffuse is DXT5: 2240902331.us-2l-3l-2w-perform-brick Elevated  [Core]
 
(Filename: /home/builduser/buildslave/unity/build/artifacts/generated/common/runtime/DebugBindings.gen.cpp Line: 51)

Segment diffuse is DXT5: 2240902331.us-2l-4l-2w-perform-concrete Elevated  [Core]
 
(Filename: /home/builduser/buildslave/unity/build/artifacts/generated/common/runtime/DebugBindings.gen.cpp Line: 51)

Segment diffuse is DXT5: 2240902331.us-2l-4l-2w-perform-concrete Elevated  [Core]
 
(Filename: /home/builduser/buildslave/unity/build/artifacts/generated/common/runtime/DebugBindings.gen.cpp Line: 51)

Node diffuse is DXT5: 2240902331.us-2l-4l-2w-perform-concrete Elevated  [Core]
 
(Filename: /home/builduser/buildslave/unity/build/artifacts/generated/common/runtime/DebugBindings.gen.cpp Line: 51)

Node diffuse is DXT5: 2240902331.us-2l-4l-2w-perform-concrete Elevated  [Core]
 
(Filename: /home/builduser/buildslave/unity/build/artifacts/generated/common/runtime/DebugBindings.gen.cpp Line: 51)

Segment diffuse is DXT5: 2240902331.us-2l-4l-2w-perform-brick Elevated  [Core]
 
(Filename: /home/builduser/buildslave/unity/build/artifacts/generated/common/runtime/DebugBindings.gen.cpp Line: 51)

Segment diffuse is DXT5: 2240902331.us-2l-4l-2w-perform-brick Elevated  [Core]
 
(Filename: /home/builduser/buildslave/unity/build/artifacts/generated/common/runtime/DebugBindings.gen.cpp Line: 51)

Node diffuse is DXT5: 2240902331.us-2l-4l-2w-perform-brick Elevated  [Core]
 
(Filename: /home/builduser/buildslave/unity/build/artifacts/generated/common/runtime/DebugBindings.gen.cpp Line: 51)

Node diffuse is DXT5: 2240902331.us-2l-4l-2w-perform-brick Elevated  [Core]
 
(Filename: /home/builduser/buildslave/unity/build/artifacts/generated/common/runtime/DebugBindings.gen.cpp Line: 51)

Segment diffuse is DXT5: 2240902331.us-2l-3l-2w-perform-pocket-concr Elevated  [Core]
 
(Filename: /home/builduser/buildslave/unity/build/artifacts/generated/common/runtime/DebugBindings.gen.cpp Line: 51)

Segment diffuse is DXT5: 2240902331.us-2l-3l-2w-perform-pocket-concr Elevated  [Core]
 
(Filename: /home/builduser/buildslave/unity/build/artifacts/generated/common/runtime/DebugBindings.gen.cpp Line: 51)

Node diffuse is DXT5: 2240902331.us-2l-3l-2w-perform-pocket-concr Elevated  [Core]
 
(Filename: /home/builduser/buildslave/unity/build/artifacts/generated/common/runtime/DebugBindings.gen.cpp Line: 51)

Node diffuse is DXT5: 2240902331.us-2l-3l-2w-perform-pocket-concr Elevated  [Core]
 
(Filename: /home/builduser/buildslave/unity/build/artifacts/generated/common/runtime/DebugBindings.gen.cpp Line: 51)

Segment diffuse is DXT5: 2240902331.us-2l-4l-2w-perform-pocket-concr Elevated  [Core]
 
(Filename: /home/builduser/buildslave/unity/build/artifacts/generated/common/runtime/DebugBindings.gen.cpp Line: 51)

Segment diffuse is DXT5: 2240902331.us-2l-4l-2w-perform-pocket-concr Elevated  [Core]
 
(Filename: /home/builduser/buildslave/unity/build/artifacts/generated/common/runtime/DebugBindings.gen.cpp Line: 51)

Node diffuse is DXT5: 2240902331.us-2l-4l-2w-perform-pocket-concr Elevated  [Core]
 
(Filename: /home/builduser/buildslave/unity/build/artifacts/generated/common/runtime/DebugBindings.gen.cpp Line: 51)

Node diffuse is DXT5: 2240902331.us-2l-4l-2w-perform-pocket-concr Elevated  [Core]
 
(Filename: /home/builduser/buildslave/unity/build/artifacts/generated/common/runtime/DebugBindings.gen.cpp Line: 51)

Segment diffuse is DXT5: 2240902331.us-2l-4l-2w-perform-pocket-brick Elevated  [Core]
 
(Filename: /home/builduser/buildslave/unity/build/artifacts/generated/common/runtime/DebugBindings.gen.cpp Line: 51)

Segment diffuse is DXT5: 2240902331.us-2l-4l-2w-perform-pocket-brick Elevated  [Core]
 
(Filename: /home/builduser/buildslave/unity/build/artifacts/generated/common/runtime/DebugBindings.gen.cpp Line: 51)

Node diffuse is DXT5: 2240902331.us-2l-4l-2w-perform-pocket-brick Elevated  [Core]
 
(Filename: /home/builduser/buildslave/unity/build/artifacts/generated/common/runtime/DebugBindings.gen.cpp Line: 51)

Node diffuse is DXT5: 2240902331.us-2l-4l-2w-perform-pocket-brick Elevated  [Core]
 
(Filename: /home/builduser/buildslave/unity/build/artifacts/generated/common/runtime/DebugBindings.gen.cpp Line: 51)

Segment diffuse is DXT5: 2240902331.us-2l-3l-2w-perform-pocket-brick Elevated  [Core]
 
(Filename: /home/builduser/buildslave/unity/build/artifacts/generated/common/runtime/DebugBindings.gen.cpp Line: 51)

Segment diffuse is DXT5: 2240902331.us-2l-3l-2w-perform-pocket-brick Elevated  [Core]
 
(Filename: /home/builduser/buildslave/unity/build/artifacts/generated/common/runtime/DebugBindings.gen.cpp Line: 51)

Node diffuse is DXT5: 2240902331.us-2l-3l-2w-perform-pocket-brick Elevated  [Core]
 
(Filename: /home/builduser/buildslave/unity/build/artifacts/generated/common/runtime/DebugBindings.gen.cpp Line: 51)

Node diffuse is DXT5: 2240902331.us-2l-3l-2w-perform-pocket-brick Elevated  [Core]
 
(Filename: /home/builduser/buildslave/unity/build/artifacts/generated/common/runtime/DebugBindings.gen.cpp Line: 51)

Segment diffuse is DXT5: 2240902331.us-2l-3l-2w-perform-pocket-yello Elevated  [Core]
 
(Filename: /home/builduser/buildslave/unity/build/artifacts/generated/common/runtime/DebugBindings.gen.cpp Line: 51)

Segment diffuse is DXT5: 2240902331.us-2l-3l-2w-perform-pocket-yello Elevated  [Core]
 
(Filename: /home/builduser/buildslave/unity/build/artifacts/generated/common/runtime/DebugBindings.gen.cpp Line: 51)

Node diffuse is DXT5: 2240902331.us-2l-3l-2w-perform-pocket-yello Elevated  [Core]
 
(Filename: /home/builduser/buildslave/unity/build/artifacts/generated/common/runtime/DebugBindings.gen.cpp Line: 51)

Node diffuse is DXT5: 2240902331.us-2l-3l-2w-perform-pocket-yello Elevated  [Core]
 
(Filename: /home/builduser/buildslave/unity/build/artifacts/generated/common/runtime/DebugBindings.gen.cpp Line: 51)

Segment diffuse is DXT5: 2240902331.us-2l-4l-2w-perform-pocket-yello Elevated  [Core]
 
(Filename: /home/builduser/buildslave/unity/build/artifacts/generated/common/runtime/DebugBindings.gen.cpp Line: 51)

Segment diffuse is DXT5: 2240902331.us-2l-4l-2w-perform-pocket-yello Elevated  [Core]
 
(Filename: /home/builduser/buildslave/unity/build/artifacts/generated/common/runtime/DebugBindings.gen.cpp Line: 51)

Node diffuse is DXT5: 2240902331.us-2l-4l-2w-perform-pocket-yello Elevated  [Core]
 
(Filename: /home/builduser/buildslave/unity/build/artifacts/generated/common/runtime/DebugBindings.gen.cpp Line: 51)

Node diffuse is DXT5: 2240902331.us-2l-4l-2w-perform-pocket-yello Elevated  [Core]
 
(Filename: /home/builduser/buildslave/unity/build/artifacts/generated/common/runtime/DebugBindings.gen.cpp Line: 51)

Segment diffuse is DXT5: 2240902331.us-2l-1l-asym-yellow-median Elevated  [Core]
 
(Filename: /home/builduser/buildslave/unity/build/artifacts/generated/common/runtime/DebugBindings.gen.cpp Line: 51)

Node diffuse is DXT5: 2240902331.us-2l-1l-asym-yellow-median Elevated  [Core]
 
(Filename: /home/builduser/buildslave/unity/build/artifacts/generated/common/runtime/DebugBindings.gen.cpp Line: 51)

Segment diffuse is DXT5: 2240902331.us-2l-2w-median-brick-round Elevated  [Core]
 
(Filename: /home/builduser/buildslave/unity/build/artifacts/generated/common/runtime/DebugBindings.gen.cpp Line: 51)

Segment diffuse is DXT5: 2240902331.us-2l-2w-median-brick-round Elevated  [Core]
 
(Filename: /home/builduser/buildslave/unity/build/artifacts/generated/common/runtime/DebugBindings.gen.cpp Line: 51)

Node diffuse is DXT5: 2240902331.us-2l-2w-median-brick-round Elevated  [Core]
 
(Filename: /home/builduser/buildslave/unity/build/artifacts/generated/common/runtime/DebugBindings.gen.cpp Line: 51)

Node diffuse is DXT5: 2240902331.us-2l-2w-median-brick-round Elevated  [Core]
 
(Filename: /home/builduser/buildslave/unity/build/artifacts/generated/common/runtime/DebugBindings.gen.cpp Line: 51)

Segment diffuse is DXT5: 2240902331.us-2l-2w-median-concrete-round Elevated  [Core]
 
(Filename: /home/builduser/buildslave/unity/build/artifacts/generated/common/runtime/DebugBindings.gen.cpp Line: 51)

Segment diffuse is DXT5: 2240902331.us-2l-2w-median-concrete-round Elevated  [Core]
 
(Filename: /home/builduser/buildslave/unity/build/artifacts/generated/common/runtime/DebugBindings.gen.cpp Line: 51)

Node diffuse is DXT5: 2240902331.us-2l-2w-median-concrete-round Elevated  [Core]
 
(Filename: /home/builduser/buildslave/unity/build/artifacts/generated/common/runtime/DebugBindings.gen.cpp Line: 51)

Node diffuse is DXT5: 2240902331.us-2l-2w-median-concrete-round Elevated  [Core]
 
(Filename: /home/builduser/buildslave/unity/build/artifacts/generated/common/runtime/DebugBindings.gen.cpp Line: 51)

Segment diffuse is DXT5: 2240902331.us-2l-2w-median-brick Elevated  [Core]
 
(Filename: /home/builduser/buildslave/unity/build/artifacts/generated/common/runtime/DebugBindings.gen.cpp Line: 51)

Segment diffuse is DXT5: 2240902331.us-2l-2w-median-brick Elevated  [Core]
 
(Filename: /home/builduser/buildslave/unity/build/artifacts/generated/common/runtime/DebugBindings.gen.cpp Line: 51)

Node diffuse is DXT5: 2240902331.us-2l-2w-median-brick Elevated  [Core]
 
(Filename: /home/builduser/buildslave/unity/build/artifacts/generated/common/runtime/DebugBindings.gen.cpp Line: 51)

Node diffuse is DXT5: 2240902331.us-2l-2w-median-brick Elevated  [Core]
 
(Filename: /home/builduser/buildslave/unity/build/artifacts/generated/common/runtime/DebugBindings.gen.cpp Line: 51)

Segment diffuse is DXT5: 2240902331.us-2l-2w-median-concrete Elevated  [Core]
 
(Filename: /home/builduser/buildslave/unity/build/artifacts/generated/common/runtime/DebugBindings.gen.cpp Line: 51)

Segment diffuse is DXT5: 2240902331.us-2l-2w-median-concrete Elevated  [Core]
 
(Filename: /home/builduser/buildslave/unity/build/artifacts/generated/common/runtime/DebugBindings.gen.cpp Line: 51)

Node diffuse is DXT5: 2240902331.us-2l-2w-median-concrete Elevated  [Core]
 
(Filename: /home/builduser/buildslave/unity/build/artifacts/generated/common/runtime/DebugBindings.gen.cpp Line: 51)

Node diffuse is DXT5: 2240902331.us-2l-2w-median-concrete Elevated  [Core]
 
(Filename: /home/builduser/buildslave/unity/build/artifacts/generated/common/runtime/DebugBindings.gen.cpp Line: 51)

Segment diffuse is DXT5: 2240902331.us-2l-2w-median-yellow-round Elevated  [Core]
 
(Filename: /home/builduser/buildslave/unity/build/artifacts/generated/common/runtime/DebugBindings.gen.cpp Line: 51)

Segment diffuse is DXT5: 2240902331.us-2l-2w-median-yellow-round Elevated  [Core]
 
(Filename: /home/builduser/buildslave/unity/build/artifacts/generated/common/runtime/DebugBindings.gen.cpp Line: 51)

Node diffuse is DXT5: 2240902331.us-2l-2w-median-yellow-round Elevated  [Core]
 
(Filename: /home/builduser/buildslave/unity/build/artifacts/generated/common/runtime/DebugBindings.gen.cpp Line: 51)

Node diffuse is DXT5: 2240902331.us-2l-2w-median-yellow-round Elevated  [Core]
 
(Filename: /home/builduser/buildslave/unity/build/artifacts/generated/common/runtime/DebugBindings.gen.cpp Line: 51)

Segment diffuse is DXT5: 2240902331.us-2l-2w-median-yellow Elevated  [Core]
 
(Filename: /home/builduser/buildslave/unity/build/artifacts/generated/common/runtime/DebugBindings.gen.cpp Line: 51)

Segment diffuse is DXT5: 2240902331.us-2l-2w-median-yellow Elevated  [Core]
 
(Filename: /home/builduser/buildslave/unity/build/artifacts/generated/common/runtime/DebugBindings.gen.cpp Line: 51)

Node diffuse is DXT5: 2240902331.us-2l-2w-median-yellow Elevated  [Core]
 
(Filename: /home/builduser/buildslave/unity/build/artifacts/generated/common/runtime/DebugBindings.gen.cpp Line: 51)

Node diffuse is DXT5: 2240902331.us-2l-2w-median-yellow Elevated  [Core]
 
(Filename: /home/builduser/buildslave/unity/build/artifacts/generated/common/runtime/DebugBindings.gen.cpp Line: 51)

Segment diffuse is DXT5: 2240902331.us-2l-1l-asym-mid-lane Elevated  [Core]
 
(Filename: /home/builduser/buildslave/unity/build/artifacts/generated/common/runtime/DebugBindings.gen.cpp Line: 51)

Node diffuse is DXT5: 2240902331.us-2l-1l-asym-mid-lane Elevated  [Core]
 
(Filename: /home/builduser/buildslave/unity/build/artifacts/generated/common/runtime/DebugBindings.gen.cpp Line: 51)

Segment diffuse is DXT5: 2240902331.us-2l-2w-midle-lane Elevated  [Core]
 
(Filename: /home/builduser/buildslave/unity/build/artifacts/generated/common/runtime/DebugBindings.gen.cpp Line: 51)

Segment diffuse is DXT5: 2240902331.us-2l-2w-midle-lane Elevated  [Core]
 
(Filename: /home/builduser/buildslave/unity/build/artifacts/generated/common/runtime/DebugBindings.gen.cpp Line: 51)

Node diffuse is DXT5: 2240902331.us-2l-2w-midle-lane Elevated  [Core]
 
(Filename: /home/builduser/buildslave/unity/build/artifacts/generated/common/runtime/DebugBindings.gen.cpp Line: 51)

Node diffuse is DXT5: 2240902331.us-2l-2w-midle-lane Elevated  [Core]
 
(Filename: /home/builduser/buildslave/unity/build/artifacts/generated/common/runtime/DebugBindings.gen.cpp Line: 51)

Segment diffuse is DXT5: 2240902331.us-1l-2l-2w-perform Elevated  [Core]
 
(Filename: /home/builduser/buildslave/unity/build/artifacts/generated/common/runtime/DebugBindings.gen.cpp Line: 51)

Segment diffuse is DXT5: 2240902331.us-1l-2l-2w-perform Elevated  [Core]
 
(Filename: /home/builduser/buildslave/unity/build/artifacts/generated/common/runtime/DebugBindings.gen.cpp Line: 51)

Node diffuse is DXT5: 2240902331.us-1l-2l-2w-perform Elevated  [Core]
 
(Filename: /home/builduser/buildslave/unity/build/artifacts/generated/common/runtime/DebugBindings.gen.cpp Line: 51)

Node diffuse is DXT5: 2240902331.us-1l-2l-2w-perform Elevated  [Core]
 
(Filename: /home/builduser/buildslave/unity/build/artifacts/generated/common/runtime/DebugBindings.gen.cpp Line: 51)

Segment diffuse is DXT5: 2240902331.us-1l-2w-median-yellow-transitio Elevated  [Core]
 
(Filename: /home/builduser/buildslave/unity/build/artifacts/generated/common/runtime/DebugBindings.gen.cpp Line: 51)

Node diffuse is DXT5: 2240902331.us-1l-2w-median-yellow-transitio Elevated  [Core]
 
(Filename: /home/builduser/buildslave/unity/build/artifacts/generated/common/runtime/DebugBindings.gen.cpp Line: 51)

Segment diffuse is DXT5: 2240902331.us-1l-2w-median-yellow-round Elevated  [Core]
 
(Filename: /home/builduser/buildslave/unity/build/artifacts/generated/common/runtime/DebugBindings.gen.cpp Line: 51)

Node diffuse is DXT5: 2240902331.us-1l-2w-median-yellow-round Elevated  [Core]
 
(Filename: /home/builduser/buildslave/unity/build/artifacts/generated/common/runtime/DebugBindings.gen.cpp Line: 51)

Segment diffuse is DXT5: 2240902331.us-1l-2l-2w-perform-pocket Elevated  [Core]
 
(Filename: /home/builduser/buildslave/unity/build/artifacts/generated/common/runtime/DebugBindings.gen.cpp Line: 51)

Node diffuse is DXT5: 2240902331.us-1l-2l-2w-perform-pocket Elevated  [Core]
 
(Filename: /home/builduser/buildslave/unity/build/artifacts/generated/common/runtime/DebugBindings.gen.cpp Line: 51)

Node diffuse is DXT5: 2240902331.us-1l-2l-2w-perform-pocket Elevated  [Core]
 
(Filename: /home/builduser/buildslave/unity/build/artifacts/generated/common/runtime/DebugBindings.gen.cpp Line: 51)

Segment diffuse is DXT5: 2240902331.us-1l-2w Elevated  [Core]
 
(Filename: /home/builduser/buildslave/unity/build/artifacts/generated/common/runtime/DebugBindings.gen.cpp Line: 51)

Node diffuse is DXT5: 2240902331.us-1l-2w Elevated  [Core]
 
(Filename: /home/builduser/buildslave/unity/build/artifacts/generated/common/runtime/DebugBindings.gen.cpp Line: 51)


Unloading 9 unused Assets to reduce memory usage. Loaded Objects now: 70093.
Total: 80.183998 ms (FindLiveObjects: 2.783000 ms CreateObjectMapping: 2.674000 ms MarkObjects: 74.410995 ms  DeleteObjects: 0.314000 ms)

Segment diffuse is DXT5: 2240902331.us-1l-2w-plain Elevated  [Core]
 
(Filename: /home/builduser/buildslave/unity/build/artifacts/generated/common/runtime/DebugBindings.gen.cpp Line: 51)

Node diffuse is DXT5: 2240902331.us-1l-2w-plain Elevated  [Core]
 
(Filename: /home/builduser/buildslave/unity/build/artifacts/generated/common/runtime/DebugBindings.gen.cpp Line: 51)

Segment diffuse is DXT5: 2240902331.us-1l-2w-median-yellow Elevated  [Core]
 
(Filename: /home/builduser/buildslave/unity/build/artifacts/generated/common/runtime/DebugBindings.gen.cpp Line: 51)

Node diffuse is DXT5: 2240902331.us-1l-2w-median-yellow Elevated  [Core]
 
(Filename: /home/builduser/buildslave/unity/build/artifacts/generated/common/runtime/DebugBindings.gen.cpp Line: 51)

Segment diffuse is DXT5: 2240902331.us-1l-2w-middle-lane Elevated  [Core]
 
(Filename: /home/builduser/buildslave/unity/build/artifacts/generated/common/runtime/DebugBindings.gen.cpp Line: 51)

Node diffuse is DXT5: 2240902331.us-1l-2w-middle-lane Elevated  [Core]
 
(Filename: /home/builduser/buildslave/unity/build/artifacts/generated/common/runtime/DebugBindings.gen.cpp Line: 51)

Segment diffuse is DXT5: 2240902331.us-1l-2w-wide Elevated  [Core]
 
(Filename: /home/builduser/buildslave/unity/build/artifacts/generated/common/runtime/DebugBindings.gen.cpp Line: 51)

Node diffuse is DXT5: 2240902331.us-1l-2w-wide Elevated  [Core]
 
(Filename: /home/builduser/buildslave/unity/build/artifacts/generated/common/runtime/DebugBindings.gen.cpp Line: 51)

Segment diffuse is DXT5: 2240902331.us-1l-2w-plain-wide Elevated  [Core]
 
(Filename: /home/builduser/buildslave/unity/build/artifacts/generated/common/runtime/DebugBindings.gen.cpp Line: 51)

Node diffuse is DXT5: 2240902331.us-1l-2w-plain-wide Elevated  [Core]
 
(Filename: /home/builduser/buildslave/unity/build/artifacts/generated/common/runtime/DebugBindings.gen.cpp Line: 51)

Loading Screen Mod Revisited: asset missing: 2236570542.BIG Roads TL 1L+P_Data.
 
(Filename: /home/builduser/buildslave/unity/build/artifacts/generated/common/runtime/DebugBindings.gen.cpp Line: 51)

Loading Screen Mod Revisited: asset missing: 2236570542.BIG Roads TL Single_Data.
 
(Filename: /home/builduser/buildslave/unity/build/artifacts/generated/common/runtime/DebugBindings.gen.cpp Line: 51)

Loading Screen Mod Revisited: asset missing: 2236570542.BIG Roads TL 1L+P noPed_Data.
 
(Filename: /home/builduser/buildslave/unity/build/artifacts/generated/common/runtime/DebugBindings.gen.cpp Line: 51)

Loading Screen Mod Revisited: asset missing: 2236570542.BIG Roads TL Single noPed_Data.
 
(Filename: /home/builduser/buildslave/unity/build/artifacts/generated/common/runtime/DebugBindings.gen.cpp Line: 51)

Loading Screen Mod Revisited: asset missing: 2228643473.BIG Roads R2 R1-1 Stop Sign_Data.
 
(Filename: /home/builduser/buildslave/unity/build/artifacts/generated/common/runtime/DebugBindings.gen.cpp Line: 51)

Loading Screen Mod Revisited: asset missing: 2228643473.Big Roads R2 R1-2 Yield_Data.
 
(Filename: /home/builduser/buildslave/unity/build/artifacts/generated/common/runtime/DebugBindings.gen.cpp Line: 51)

Loading Screen Mod Revisited: asset missing: 2228643473.BIG Roads Bus Stop Sign_Data.
 
(Filename: /home/builduser/buildslave/unity/build/artifacts/generated/common/runtime/DebugBindings.gen.cpp Line: 51)

Loading Screen Mod Revisited: asset missing: 2228643473.BIG Roads Sight Bus Sign_Data.
 
(Filename: /home/builduser/buildslave/unity/build/artifacts/generated/common/runtime/DebugBindings.gen.cpp Line: 51)

[LSM] 105 custom assets loaded in 549
Loading Screen Mod Revisited: status: milliseconds: 14825
 Sharing status: 65 0 Sharing misses: 0 Loader ahead: 0.
 
(Filename: /home/builduser/buildslave/unity/build/artifacts/generated/common/runtime/DebugBindings.gen.cpp Line: 51)

[LSM] Saving assets report to /home/rich/.local/share/Colossal Order/Cities_Skylines/Report/LoadingScreenMod/Shady Strands - Assets Report-2025-08-29_09-57-01.htm
[LSM] Saving assets browser to /home/rich/.local/share/Colossal Order/Cities_Skylines/Report/LoadingScreenMod/Shady Strands - Assets Browser-2025-08-29_09-57-01.htm
[LSM] Reports created in 62
[LSM] Textures / Materials / Meshes shared: 2253 / 717 / 1290 pre-loaded: 2331 / 893 / 314 loaded: 0 / 0 / 0
[LSM] Max cache 326
Unknown prefab: Festival Billboard Big 01  [Serialization]
 
(Filename: /home/builduser/buildslave/unity/build/artifacts/generated/common/runtime/DebugBindings.gen.cpp Line: 51)

Unknown prefab: Amusement Park Billboard Large 01  [Serialization]
 
(Filename: /home/builduser/buildslave/unity/build/artifacts/generated/common/runtime/DebugBindings.gen.cpp Line: 51)

Unknown prefab: VS Team 01 Billboard Large 01  [Serialization]
 
(Filename: /home/builduser/buildslave/unity/build/artifacts/generated/common/runtime/DebugBindings.gen.cpp Line: 51)

Unknown prefab: VS Team 02 Billboard Large 01  [Serialization]
 
(Filename: /home/builduser/buildslave/unity/build/artifacts/generated/common/runtime/DebugBindings.gen.cpp Line: 51)

Unknown prefab: VS Team 03 Billboard Large 01  [Serialization]
 
(Filename: /home/builduser/buildslave/unity/build/artifacts/generated/common/runtime/DebugBindings.gen.cpp Line: 51)

Unknown prefab: VS Team 04 Billboard Large 01  [Serialization]
 
(Filename: /home/builduser/buildslave/unity/build/artifacts/generated/common/runtime/DebugBindings.gen.cpp Line: 51)

Unknown prefab: VS Team 05 Billboard Large 01  [Serialization]
 
(Filename: /home/builduser/buildslave/unity/build/artifacts/generated/common/runtime/DebugBindings.gen.cpp Line: 51)

Unknown prefab: VS Team 06 Billboard Large 01  [Serialization]
 
(Filename: /home/builduser/buildslave/unity/build/artifacts/generated/common/runtime/DebugBindings.gen.cpp Line: 51)

Unknown prefab: VS Team 07 Billboard Large 01  [Serialization]
 
(Filename: /home/builduser/buildslave/unity/build/artifacts/generated/common/runtime/DebugBindings.gen.cpp Line: 51)

Unknown prefab: Nature Reserve Billboard Large 01  [Serialization]
 
(Filename: /home/builduser/buildslave/unity/build/artifacts/generated/common/runtime/DebugBindings.gen.cpp Line: 51)

Unknown prefab: Zoo Billboard Large 01  [Serialization]
 
(Filename: /home/builduser/buildslave/unity/build/artifacts/generated/common/runtime/DebugBindings.gen.cpp Line: 51)

Unknown prefab: VS Team 01 Billboard Large 01  [Serialization]
 
(Filename: /home/builduser/buildslave/unity/build/artifacts/generated/common/runtime/DebugBindings.gen.cpp Line: 51)

Unknown prefab: VS Team 02 Billboard Large 01  [Serialization]
 
(Filename: /home/builduser/buildslave/unity/build/artifacts/generated/common/runtime/DebugBindings.gen.cpp Line: 51)

Unknown prefab: VS Team 03 Billboard Large 01  [Serialization]
 
(Filename: /home/builduser/buildslave/unity/build/artifacts/generated/common/runtime/DebugBindings.gen.cpp Line: 51)

Unknown prefab: VS Team 04 Billboard Large 01  [Serialization]
 
(Filename: /home/builduser/buildslave/unity/build/artifacts/generated/common/runtime/DebugBindings.gen.cpp Line: 51)

Unknown prefab: VS Team 05 Billboard Large 01  [Serialization]
 
(Filename: /home/builduser/buildslave/unity/build/artifacts/generated/common/runtime/DebugBindings.gen.cpp Line: 51)

Unknown prefab: VS Team 06 Billboard Large 01  [Serialization]
 
(Filename: /home/builduser/buildslave/unity/build/artifacts/generated/common/runtime/DebugBindings.gen.cpp Line: 51)

Unknown prefab: VS Team 07 Billboard Large 01  [Serialization]
 
(Filename: /home/builduser/buildslave/unity/build/artifacts/generated/common/runtime/DebugBindings.gen.cpp Line: 51)

Unknown prefab: Nature Reserve Billboard Large 01  [Serialization]
 
(Filename: /home/builduser/buildslave/unity/build/artifacts/generated/common/runtime/DebugBindings.gen.cpp Line: 51)

Unknown prefab: VS Team 01 Billboard Large 01  [Serialization]
 
(Filename: /home/builduser/buildslave/unity/build/artifacts/generated/common/runtime/DebugBindings.gen.cpp Line: 51)

Unknown prefab: VS Team 02 Billboard Large 01  [Serialization]
 
(Filename: /home/builduser/buildslave/unity/build/artifacts/generated/common/runtime/DebugBindings.gen.cpp Line: 51)

Unknown prefab: VS Team 03 Billboard Large 01  [Serialization]
 
(Filename: /home/builduser/buildslave/unity/build/artifacts/generated/common/runtime/DebugBindings.gen.cpp Line: 51)

Unknown prefab: VS Team 04 Billboard Large 01  [Serialization]
 
(Filename: /home/builduser/buildslave/unity/build/artifacts/generated/common/runtime/DebugBindings.gen.cpp Line: 51)

Unknown prefab: VS Team 05 Billboard Large 01  [Serialization]
 
(Filename: /home/builduser/buildslave/unity/build/artifacts/generated/common/runtime/DebugBindings.gen.cpp Line: 51)

Unknown prefab: VS Team 06 Billboard Large 01  [Serialization]
 
(Filename: /home/builduser/buildslave/unity/build/artifacts/generated/common/runtime/DebugBindings.gen.cpp Line: 51)

Unknown prefab: VS Team 07 Billboard Large 01  [Serialization]
 
(Filename: /home/builduser/buildslave/unity/build/artifacts/generated/common/runtime/DebugBindings.gen.cpp Line: 51)

Unknown prefab: Zoo Billboard Large 01  [Serialization]
 
(Filename: /home/builduser/buildslave/unity/build/artifacts/generated/common/runtime/DebugBindings.gen.cpp Line: 51)

Unknown prefab: VS Team 01 Billboard Large 01  [Serialization]
 
(Filename: /home/builduser/buildslave/unity/build/artifacts/generated/common/runtime/DebugBindings.gen.cpp Line: 51)

Unknown prefab: VS Team 02 Billboard Large 01  [Serialization]
 
(Filename: /home/builduser/buildslave/unity/build/artifacts/generated/common/runtime/DebugBindings.gen.cpp Line: 51)

Unknown prefab: VS Team 03 Billboard Large 01  [Serialization]
 
(Filename: /home/builduser/buildslave/unity/build/artifacts/generated/common/runtime/DebugBindings.gen.cpp Line: 51)

Unknown prefab: VS Team 04 Billboard Large 01  [Serialization]
 
(Filename: /home/builduser/buildslave/unity/build/artifacts/generated/common/runtime/DebugBindings.gen.cpp Line: 51)

Unknown prefab: VS Team 05 Billboard Large 01  [Serialization]
 
(Filename: /home/builduser/buildslave/unity/build/artifacts/generated/common/runtime/DebugBindings.gen.cpp Line: 51)

Unknown prefab: VS Team 06 Billboard Large 01  [Serialization]
 
(Filename: /home/builduser/buildslave/unity/build/artifacts/generated/common/runtime/DebugBindings.gen.cpp Line: 51)

Unknown prefab: VS Team 07 Billboard Large 01  [Serialization]
 
(Filename: /home/builduser/buildslave/unity/build/artifacts/generated/common/runtime/DebugBindings.gen.cpp Line: 51)

Unknown prefab: Amusement Park Billboard Large 01  [Serialization]
 
(Filename: /home/builduser/buildslave/unity/build/artifacts/generated/common/runtime/DebugBindings.gen.cpp Line: 51)

Unknown prefab: VS Team 01 Billboard Large 01  [Serialization]
 
(Filename: /home/builduser/buildslave/unity/build/artifacts/generated/common/runtime/DebugBindings.gen.cpp Line: 51)

Unknown prefab: VS Team 02 Billboard Large 01  [Serialization]
 
(Filename: /home/builduser/buildslave/unity/build/artifacts/generated/common/runtime/DebugBindings.gen.cpp Line: 51)

Unknown prefab: VS Team 03 Billboard Large 01  [Serialization]
 
(Filename: /home/builduser/buildslave/unity/build/artifacts/generated/common/runtime/DebugBindings.gen.cpp Line: 51)

Unknown prefab: VS Team 04 Billboard Large 01  [Serialization]
 
(Filename: /home/builduser/buildslave/unity/build/artifacts/generated/common/runtime/DebugBindings.gen.cpp Line: 51)

Unknown prefab: VS Team 05 Billboard Large 01  [Serialization]
 
(Filename: /home/builduser/buildslave/unity/build/artifacts/generated/common/runtime/DebugBindings.gen.cpp Line: 51)

Unknown prefab: VS Team 06 Billboard Large 01  [Serialization]
 
(Filename: /home/builduser/buildslave/unity/build/artifacts/generated/common/runtime/DebugBindings.gen.cpp Line: 51)

Unknown prefab: VS Team 07 Billboard Large 01  [Serialization]
 
(Filename: /home/builduser/buildslave/unity/build/artifacts/generated/common/runtime/DebugBindings.gen.cpp Line: 51)

Unknown prefab: Nature Reserve Billboard Large 01  [Serialization]
 
(Filename: /home/builduser/buildslave/unity/build/artifacts/generated/common/runtime/DebugBindings.gen.cpp Line: 51)

Unknown prefab: VS Team 01 Billboard Large 01  [Serialization]
 
(Filename: /home/builduser/buildslave/unity/build/artifacts/generated/common/runtime/DebugBindings.gen.cpp Line: 51)

Unknown prefab: VS Team 02 Billboard Large 01  [Serialization]
 
(Filename: /home/builduser/buildslave/unity/build/artifacts/generated/common/runtime/DebugBindings.gen.cpp Line: 51)

Unknown prefab: VS Team 03 Billboard Large 01  [Serialization]
 
(Filename: /home/builduser/buildslave/unity/build/artifacts/generated/common/runtime/DebugBindings.gen.cpp Line: 51)

Unknown prefab: VS Team 04 Billboard Large 01  [Serialization]
 
(Filename: /home/builduser/buildslave/unity/build/artifacts/generated/common/runtime/DebugBindings.gen.cpp Line: 51)

Unknown prefab: VS Team 05 Billboard Large 01  [Serialization]
 
(Filename: /home/builduser/buildslave/unity/build/artifacts/generated/common/runtime/DebugBindings.gen.cpp Line: 51)

Unknown prefab: VS Team 06 Billboard Large 01  [Serialization]
 
(Filename: /home/builduser/buildslave/unity/build/artifacts/generated/common/runtime/DebugBindings.gen.cpp Line: 51)

Unknown prefab: VS Team 07 Billboard Large 01  [Serialization]
 
(Filename: /home/builduser/buildslave/unity/build/artifacts/generated/common/runtime/DebugBindings.gen.cpp Line: 51)

Unknown prefab: Festival Billboard Big 01  [Serialization]
 
(Filename: /home/builduser/buildslave/unity/build/artifacts/generated/common/runtime/DebugBindings.gen.cpp Line: 51)

Unknown prefab: Festival Billboard Big 01  [Serialization]
 
(Filename: /home/builduser/buildslave/unity/build/artifacts/generated/common/runtime/DebugBindings.gen.cpp Line: 51)

Unknown prefab: Festival Billboard Big 01  [Serialization]
 
(Filename: /home/builduser/buildslave/unity/build/artifacts/generated/common/runtime/DebugBindings.gen.cpp Line: 51)

Unknown prefab: Festival Billboard Big 02  [Serialization]
 
(Filename: /home/builduser/buildslave/unity/build/artifacts/generated/common/runtime/DebugBindings.gen.cpp Line: 51)

Unknown prefab: Festival Billboard Big 02  [Serialization]
 
(Filename: /home/builduser/buildslave/unity/build/artifacts/generated/common/runtime/DebugBindings.gen.cpp Line: 51)

Unknown prefab: Festival Billboard Medium 01  [Serialization]
 
(Filename: /home/builduser/buildslave/unity/build/artifacts/generated/common/runtime/DebugBindings.gen.cpp Line: 51)

Unknown prefab: Amusement Park Billboard Medium 01  [Serialization]
 
(Filename: /home/builduser/buildslave/unity/build/artifacts/generated/common/runtime/DebugBindings.gen.cpp Line: 51)

Unknown prefab: VS Team 01 Billboard Medium 01  [Serialization]
 
(Filename: /home/builduser/buildslave/unity/build/artifacts/generated/common/runtime/DebugBindings.gen.cpp Line: 51)

Unknown prefab: VS Team 02 Billboard Medium 01  [Serialization]
 
(Filename: /home/builduser/buildslave/unity/build/artifacts/generated/common/runtime/DebugBindings.gen.cpp Line: 51)

Unknown prefab: VS Team 03 Billboard Medium 01  [Serialization]
 
(Filename: /home/builduser/buildslave/unity/build/artifacts/generated/common/runtime/DebugBindings.gen.cpp Line: 51)

Unknown prefab: VS Team 04 Billboard Medium 01  [Serialization]
 
(Filename: /home/builduser/buildslave/unity/build/artifacts/generated/common/runtime/DebugBindings.gen.cpp Line: 51)

Unknown prefab: VS Team 05 Billboard Medium 01  [Serialization]
 
(Filename: /home/builduser/buildslave/unity/build/artifacts/generated/common/runtime/DebugBindings.gen.cpp Line: 51)

Unknown prefab: VS Team 06 Billboard Medium 01  [Serialization]
 
(Filename: /home/builduser/buildslave/unity/build/artifacts/generated/common/runtime/DebugBindings.gen.cpp Line: 51)

Unknown prefab: VS Team 07 Billboard Medium 01  [Serialization]
 
(Filename: /home/builduser/buildslave/unity/build/artifacts/generated/common/runtime/DebugBindings.gen.cpp Line: 51)

Unknown prefab: Festival Billboard Medium 01  [Serialization]
 
(Filename: /home/builduser/buildslave/unity/build/artifacts/generated/common/runtime/DebugBindings.gen.cpp Line: 51)

Unknown prefab: Nature Reserve Billboard Medium 01  [Serialization]
 
(Filename: /home/builduser/buildslave/unity/build/artifacts/generated/common/runtime/DebugBindings.gen.cpp Line: 51)

Unknown prefab: Zoo Billboard Medium 01  [Serialization]
 
(Filename: /home/builduser/buildslave/unity/build/artifacts/generated/common/runtime/DebugBindings.gen.cpp Line: 51)

Unknown prefab: VS Team 01 Billboard Medium 01  [Serialization]
 
(Filename: /home/builduser/buildslave/unity/build/artifacts/generated/common/runtime/DebugBindings.gen.cpp Line: 51)

Unknown prefab: VS Team 02 Billboard Medium 01  [Serialization]
 
(Filename: /home/builduser/buildslave/unity/build/artifacts/generated/common/runtime/DebugBindings.gen.cpp Line: 51)

Unknown prefab: VS Team 03 Billboard Medium 01  [Serialization]
 
(Filename: /home/builduser/buildslave/unity/build/artifacts/generated/common/runtime/DebugBindings.gen.cpp Line: 51)

Unknown prefab: VS Team 04 Billboard Medium 01  [Serialization]
 
(Filename: /home/builduser/buildslave/unity/build/artifacts/generated/common/runtime/DebugBindings.gen.cpp Line: 51)

Unknown prefab: VS Team 05 Billboard Medium 01  [Serialization]
 
(Filename: /home/builduser/buildslave/unity/build/artifacts/generated/common/runtime/DebugBindings.gen.cpp Line: 51)

Unknown prefab: VS Team 06 Billboard Medium 01  [Serialization]
 
(Filename: /home/builduser/buildslave/unity/build/artifacts/generated/common/runtime/DebugBindings.gen.cpp Line: 51)

Unknown prefab: VS Team 07 Billboard Medium 01  [Serialization]
 
(Filename: /home/builduser/buildslave/unity/build/artifacts/generated/common/runtime/DebugBindings.gen.cpp Line: 51)

Unknown prefab: VS Team 01 Billboard Large 01  [Serialization]
 
(Filename: /home/builduser/buildslave/unity/build/artifacts/generated/common/runtime/DebugBindings.gen.cpp Line: 51)

Unknown prefab: VS Team 02 Billboard Large 01  [Serialization]
 
(Filename: /home/builduser/buildslave/unity/build/artifacts/generated/common/runtime/DebugBindings.gen.cpp Line: 51)

Unknown prefab: VS Team 03 Billboard Large 01  [Serialization]
 
(Filename: /home/builduser/buildslave/unity/build/artifacts/generated/common/runtime/DebugBindings.gen.cpp Line: 51)

Unknown prefab: VS Team 04 Billboard Large 01  [Serialization]
 
(Filename: /home/builduser/buildslave/unity/build/artifacts/generated/common/runtime/DebugBindings.gen.cpp Line: 51)

Unknown prefab: VS Team 05 Billboard Large 01  [Serialization]
 
(Filename: /home/builduser/buildslave/unity/build/artifacts/generated/common/runtime/DebugBindings.gen.cpp Line: 51)

Unknown prefab: VS Team 06 Billboard Large 01  [Serialization]
 
(Filename: /home/builduser/buildslave/unity/build/artifacts/generated/common/runtime/DebugBindings.gen.cpp Line: 51)

Unknown prefab: VS Team 07 Billboard Large 01  [Serialization]
 
(Filename: /home/builduser/buildslave/unity/build/artifacts/generated/common/runtime/DebugBindings.gen.cpp Line: 51)

Unknown prefab: Amusement Park Billboard Large 01  [Serialization]
 
(Filename: /home/builduser/buildslave/unity/build/artifacts/generated/common/runtime/DebugBindings.gen.cpp Line: 51)

Unknown prefab: VS Team 01 Billboard Large 01  [Serialization]
 
(Filename: /home/builduser/buildslave/unity/build/artifacts/generated/common/runtime/DebugBindings.gen.cpp Line: 51)

Unknown prefab: VS Team 02 Billboard Large 01  [Serialization]
 
(Filename: /home/builduser/buildslave/unity/build/artifacts/generated/common/runtime/DebugBindings.gen.cpp Line: 51)

Unknown prefab: VS Team 03 Billboard Large 01  [Serialization]
 
(Filename: /home/builduser/buildslave/unity/build/artifacts/generated/common/runtime/DebugBindings.gen.cpp Line: 51)

Unknown prefab: VS Team 04 Billboard Large 01  [Serialization]
 
(Filename: /home/builduser/buildslave/unity/build/artifacts/generated/common/runtime/DebugBindings.gen.cpp Line: 51)

Unknown prefab: VS Team 05 Billboard Large 01  [Serialization]
 
(Filename: /home/builduser/buildslave/unity/build/artifacts/generated/common/runtime/DebugBindings.gen.cpp Line: 51)

Unknown prefab: VS Team 06 Billboard Large 01  [Serialization]
 
(Filename: /home/builduser/buildslave/unity/build/artifacts/generated/common/runtime/DebugBindings.gen.cpp Line: 51)

Unknown prefab: VS Team 07 Billboard Large 01  [Serialization]
 
(Filename: /home/builduser/buildslave/unity/build/artifacts/generated/common/runtime/DebugBindings.gen.cpp Line: 51)

Unknown prefab: VS Team 01 Billboard Large 01  [Serialization]
 
(Filename: /home/builduser/buildslave/unity/build/artifacts/generated/common/runtime/DebugBindings.gen.cpp Line: 51)

Unknown prefab: VS Team 02 Billboard Large 01  [Serialization]
 
(Filename: /home/builduser/buildslave/unity/build/artifacts/generated/common/runtime/DebugBindings.gen.cpp Line: 51)

Unknown prefab: VS Team 03 Billboard Large 01  [Serialization]
 
(Filename: /home/builduser/buildslave/unity/build/artifacts/generated/common/runtime/DebugBindings.gen.cpp Line: 51)

Unknown prefab: VS Team 04 Billboard Large 01  [Serialization]
 
(Filename: /home/builduser/buildslave/unity/build/artifacts/generated/common/runtime/DebugBindings.gen.cpp Line: 51)

Unknown prefab: VS Team 05 Billboard Large 01  [Serialization]
 
(Filename: /home/builduser/buildslave/unity/build/artifacts/generated/common/runtime/DebugBindings.gen.cpp Line: 51)

Unknown prefab: VS Team 06 Billboard Large 01  [Serialization]
 
(Filename: /home/builduser/buildslave/unity/build/artifacts/generated/common/runtime/DebugBindings.gen.cpp Line: 51)

Unknown prefab: VS Team 07 Billboard Large 01  [Serialization]
 
(Filename: /home/builduser/buildslave/unity/build/artifacts/generated/common/runtime/DebugBindings.gen.cpp Line: 51)

Unknown prefab: Zoo Billboard Large 01  [Serialization]
 
(Filename: /home/builduser/buildslave/unity/build/artifacts/generated/common/runtime/DebugBindings.gen.cpp Line: 51)

Unknown prefab: VS Team 01 Billboard Large 01  [Serialization]
 
(Filename: /home/builduser/buildslave/unity/build/artifacts/generated/common/runtime/DebugBindings.gen.cpp Line: 51)

Unknown prefab: VS Team 02 Billboard Large 01  [Serialization]
 
(Filename: /home/builduser/buildslave/unity/build/artifacts/generated/common/runtime/DebugBindings.gen.cpp Line: 51)

Unknown prefab: VS Team 03 Billboard Large 01  [Serialization]
 
(Filename: /home/builduser/buildslave/unity/build/artifacts/generated/common/runtime/DebugBindings.gen.cpp Line: 51)

Unknown prefab: VS Team 04 Billboard Large 01  [Serialization]
 
(Filename: /home/builduser/buildslave/unity/build/artifacts/generated/common/runtime/DebugBindings.gen.cpp Line: 51)

Unknown prefab: VS Team 05 Billboard Large 01  [Serialization]
 
(Filename: /home/builduser/buildslave/unity/build/artifacts/generated/common/runtime/DebugBindings.gen.cpp Line: 51)

Unknown prefab: VS Team 06 Billboard Large 01  [Serialization]
 
(Filename: /home/builduser/buildslave/unity/build/artifacts/generated/common/runtime/DebugBindings.gen.cpp Line: 51)

Unknown prefab: VS Team 07 Billboard Large 01  [Serialization]
 
(Filename: /home/builduser/buildslave/unity/build/artifacts/generated/common/runtime/DebugBindings.gen.cpp Line: 51)

Unknown prefab: Festival Billboard Big 01  [Serialization]
 
(Filename: /home/builduser/buildslave/unity/build/artifacts/generated/common/runtime/DebugBindings.gen.cpp Line: 51)

There is no building that would upgrade to: H3 3x3 Shop17  [Core]
 
(Filename: /home/builduser/buildslave/unity/build/artifacts/generated/common/runtime/DebugBindings.gen.cpp Line: 51)

Loaded simulation data from: Shady Strands_Data  [Serialization]
 
(Filename: /home/builduser/buildslave/unity/build/artifacts/generated/common/runtime/DebugBindings.gen.cpp Line: 51)

LOD has no base: ChirpX Vehicles Parking  [Core]
 
(Filename: /home/builduser/buildslave/unity/build/artifacts/generated/common/runtime/DebugBindings.gen.cpp Line: 51)

LOD has no base: Decoration Concrete Parking Lot 03 variation2  [Core]
 
(Filename: /home/builduser/buildslave/unity/build/artifacts/generated/common/runtime/DebugBindings.gen.cpp Line: 51)

LOD has no base: IndustryPark  [Core]
 
(Filename: /home/builduser/buildslave/unity/build/artifacts/generated/common/runtime/DebugBindings.gen.cpp Line: 51)

LOD vertex count high (2186 > 2080): Underground-Ground-Elevated Metro Hub  [Core]
 
(Filename: /home/builduser/buildslave/unity/build/artifacts/generated/common/runtime/DebugBindings.gen.cpp Line: 51)

LOD vertex count high (2230 > 2080): Harbor02-Monorail Hub Sub  [Core]
 
(Filename: /home/builduser/buildslave/unity/build/artifacts/generated/common/runtime/DebugBindings.gen.cpp Line: 51)

Unknown prefab: Tsunami  [Serialization]
 
(Filename: /home/builduser/buildslave/unity/build/artifacts/generated/common/runtime/DebugBindings.gen.cpp Line: 51)

Unknown prefab: Earthquake  [Serialization]
 
(Filename: /home/builduser/buildslave/unity/build/artifacts/generated/common/runtime/DebugBindings.gen.cpp Line: 51)

Unknown prefab: Sinkhole  [Serialization]
 
(Filename: /home/builduser/buildslave/unity/build/artifacts/generated/common/runtime/DebugBindings.gen.cpp Line: 51)

Unknown prefab: Meteor Strike  [Serialization]
 
(Filename: /home/builduser/buildslave/unity/build/artifacts/generated/common/runtime/DebugBindings.gen.cpp Line: 51)

Unknown prefab: Thunderstorm  [Serialization]
 
(Filename: /home/builduser/buildslave/unity/build/artifacts/generated/common/runtime/DebugBindings.gen.cpp Line: 51)

Unknown prefab: Forest Fire  [Serialization]
 
(Filename: /home/builduser/buildslave/unity/build/artifacts/generated/common/runtime/DebugBindings.gen.cpp Line: 51)

Unknown prefab: Tornado  [Serialization]
 
(Filename: /home/builduser/buildslave/unity/build/artifacts/generated/common/runtime/DebugBindings.gen.cpp Line: 51)

Non platform assembly: data-0x7fc0b42800f0 (this message is harmless)
Fallback handler could not load library /home/rich/.local/share/Steam/steamapps/common/Cities_Skylines/Cities_Data/Mono/x86_64/data-0x7fc0b42800f0.so
Non platform assembly: data-0x7fc0b4271210 (this message is harmless)
Fallback handler could not load library /home/rich/.local/share/Steam/steamapps/common/Cities_Skylines/Cities_Data/Mono/x86_64/data-0x7fc0b4271210.so
Non platform assembly: data-0x7fc0b427a050 (this message is harmless)
Fallback handler could not load library /home/rich/.local/share/Steam/steamapps/common/Cities_Skylines/Cities_Data/Mono/x86_64/data-0x7fc0b427a050.so
Non platform assembly: data-0x7fc0b4278400 (this message is harmless)
Fallback handler could not load library /home/rich/.local/share/Steam/steamapps/common/Cities_Skylines/Cities_Data/Mono/x86_64/data-0x7fc0b4278400.so
Non platform assembly: data-0x7fc0b427eec0 (this message is harmless)
Fallback handler could not load library /home/rich/.local/share/Steam/steamapps/common/Cities_Skylines/Cities_Data/Mono/x86_64/data-0x7fc0b427eec0.so
Non platform assembly: data-0x7fc0b4208dd0 (this message is harmless)
Fallback handler could not load library /home/rich/.local/share/Steam/steamapps/common/Cities_Skylines/Cities_Data/Mono/x86_64/data-0x7fc0b4208dd0.so
Non platform assembly: data-0x7fc0b420fe00 (this message is harmless)
Fallback handler could not load library /home/rich/.local/share/Steam/steamapps/common/Cities_Skylines/Cities_Data/Mono/x86_64/data-0x7fc0b420fe00.so
Non platform assembly: data-0x7fc0b42129d0 (this message is harmless)
Fallback handler could not load library /home/rich/.local/share/Steam/steamapps/common/Cities_Skylines/Cities_Data/Mono/x86_64/data-0x7fc0b42129d0.so
Non platform assembly: data-0x7fc0b4215360 (this message is harmless)
Fallback handler could not load library /home/rich/.local/share/Steam/steamapps/common/Cities_Skylines/Cities_Data/Mono/x86_64/data-0x7fc0b4215360.so
Non platform assembly: data-0x7fc0b41fb400 (this message is harmless)
Fallback handler could not load library /home/rich/.local/share/Steam/steamapps/common/Cities_Skylines/Cities_Data/Mono/x86_64/data-0x7fc0b41fb400.so
Non platform assembly: data-0x7fc0b41fde90 (this message is harmless)
Fallback handler could not load library /home/rich/.local/share/Steam/steamapps/common/Cities_Skylines/Cities_Data/Mono/x86_64/data-0x7fc0b41fde90.so
Non platform assembly: data-0x7fc0b42007b0 (this message is harmless)
Fallback handler could not load library /home/rich/.local/share/Steam/steamapps/common/Cities_Skylines/Cities_Data/Mono/x86_64/data-0x7fc0b42007b0.so
Non platform assembly: data-0x7fc0b4130050 (this message is harmless)
Fallback handler could not load library /home/rich/.local/share/Steam/steamapps/common/Cities_Skylines/Cities_Data/Mono/x86_64/data-0x7fc0b4130050.so
Non platform assembly: data-0x7fc0b40e7be0 (this message is harmless)
Fallback handler could not load library /home/rich/.local/share/Steam/steamapps/common/Cities_Skylines/Cities_Data/Mono/x86_64/data-0x7fc0b40e7be0.so
Non platform assembly: data-0x7fc0b421e050 (this message is harmless)
Fallback handler could not load library /home/rich/.local/share/Steam/steamapps/common/Cities_Skylines/Cities_Data/Mono/x86_64/data-0x7fc0b421e050.so
Non platform assembly: data-0x7fc0b410baf0 (this message is harmless)
Fallback handler could not load library /home/rich/.local/share/Steam/steamapps/common/Cities_Skylines/Cities_Data/Mono/x86_64/data-0x7fc0b410baf0.so
Non platform assembly: data-0x7fc0b42200c0 (this message is harmless)
Fallback handler could not load library /home/rich/.local/share/Steam/steamapps/common/Cities_Skylines/Cities_Data/Mono/x86_64/data-0x7fc0b42200c0.so
Non platform assembly: data-0x7fc0b423fac0 (this message is harmless)
Fallback handler could not load library /home/rich/.local/share/Steam/steamapps/common/Cities_Skylines/Cities_Data/Mono/x86_64/data-0x7fc0b423fac0.so
Non platform assembly: data-0x7fc0b423b340 (this message is harmless)
Fallback handler could not load library /home/rich/.local/share/Steam/steamapps/common/Cities_Skylines/Cities_Data/Mono/x86_64/data-0x7fc0b423b340.so
Non platform assembly: data-0x7fc0b423dd50 (this message is harmless)
Fallback handler could not load library /home/rich/.local/share/Steam/steamapps/common/Cities_Skylines/Cities_Data/Mono/x86_64/data-0x7fc0b423dd50.so
Non platform assembly: data-0x7fc0b4242870 (this message is harmless)
Fallback handler could not load library /home/rich/.local/share/Steam/steamapps/common/Cities_Skylines/Cities_Data/Mono/x86_64/data-0x7fc0b4242870.so
Non platform assembly: data-0x7fc0b4245ec0 (this message is harmless)
Fallback handler could not load library /home/rich/.local/share/Steam/steamapps/common/Cities_Skylines/Cities_Data/Mono/x86_64/data-0x7fc0b4245ec0.so
Non platform assembly: data-0x7fc0b40ed010 (this message is harmless)
Fallback handler could not load library /home/rich/.local/share/Steam/steamapps/common/Cities_Skylines/Cities_Data/Mono/x86_64/data-0x7fc0b40ed010.so
Non platform assembly: data-0x7fc0b4263650 (this message is harmless)
Fallback handler could not load library /home/rich/.local/share/Steam/steamapps/common/Cities_Skylines/Cities_Data/Mono/x86_64/data-0x7fc0b4263650.so
Non platform assembly: data-0x7fc0b4266f20 (this message is harmless)
Fallback handler could not load library /home/rich/.local/share/Steam/steamapps/common/Cities_Skylines/Cities_Data/Mono/x86_64/data-0x7fc0b4266f20.so
Non platform assembly: data-0x7fc0b424cce0 (this message is harmless)
Fallback handler could not load library /home/rich/.local/share/Steam/steamapps/common/Cities_Skylines/Cities_Data/Mono/x86_64/data-0x7fc0b424cce0.so
Non platform assembly: data-0x7fc0b4252bf0 (this message is harmless)
Fallback handler could not load library /home/rich/.local/share/Steam/steamapps/common/Cities_Skylines/Cities_Data/Mono/x86_64/data-0x7fc0b4252bf0.so
Non platform assembly: data-0x7fc0b4256e40 (this message is harmless)
Fallback handler could not load library /home/rich/.local/share/Steam/steamapps/common/Cities_Skylines/Cities_Data/Mono/x86_64/data-0x7fc0b4256e40.so
Non platform assembly: data-0x7fc0b4259510 (this message is harmless)
Fallback handler could not load library /home/rich/.local/share/Steam/steamapps/common/Cities_Skylines/Cities_Data/Mono/x86_64/data-0x7fc0b4259510.so
Non platform assembly: data-0x7fc0b425e8a0 (this message is harmless)
Fallback handler could not load library /home/rich/.local/share/Steam/steamapps/common/Cities_Skylines/Cities_Data/Mono/x86_64/data-0x7fc0b425e8a0.so
Non platform assembly: data-0x7fc0b4288d80 (this message is harmless)
Fallback handler could not load library /home/rich/.local/share/Steam/steamapps/common/Cities_Skylines/Cities_Data/Mono/x86_64/data-0x7fc0b4288d80.so
Non platform assembly: data-0x7fc0b428bf30 (this message is harmless)
Fallback handler could not load library /home/rich/.local/share/Steam/steamapps/common/Cities_Skylines/Cities_Data/Mono/x86_64/data-0x7fc0b428bf30.so
Non platform assembly: data-0x7fc0b42b7220 (this message is harmless)
Fallback handler could not load library /home/rich/.local/share/Steam/steamapps/common/Cities_Skylines/Cities_Data/Mono/x86_64/data-0x7fc0b42b7220.so
Non platform assembly: data-0x7fc0b429db50 (this message is harmless)
Fallback handler could not load library /home/rich/.local/share/Steam/steamapps/common/Cities_Skylines/Cities_Data/Mono/x86_64/data-0x7fc0b429db50.so
Non platform assembly: data-0x7fc0b429a9a0 (this message is harmless)
Fallback handler could not load library /home/rich/.local/share/Steam/steamapps/common/Cities_Skylines/Cities_Data/Mono/x86_64/data-0x7fc0b429a9a0.so
Non platform assembly: data-0x7fc0b42a0f10 (this message is harmless)
Fallback handler could not load library /home/rich/.local/share/Steam/steamapps/common/Cities_Skylines/Cities_Data/Mono/x86_64/data-0x7fc0b42a0f10.so
Non platform assembly: data-0x7fc0b425c040 (this message is harmless)
Fallback handler could not load library /home/rich/.local/share/Steam/steamapps/common/Cities_Skylines/Cities_Data/Mono/x86_64/data-0x7fc0b425c040.so
Non platform assembly: data-0x7fc0b42b2df0 (this message is harmless)
Fallback handler could not load library /home/rich/.local/share/Steam/steamapps/common/Cities_Skylines/Cities_Data/Mono/x86_64/data-0x7fc0b42b2df0.so
Non platform assembly: data-0x7fc0b42b6360 (this message is harmless)
Fallback handler could not load library /home/rich/.local/share/Steam/steamapps/common/Cities_Skylines/Cities_Data/Mono/x86_64/data-0x7fc0b42b6360.so
Non platform assembly: data-0x7fc0b42ae610 (this message is harmless)
Fallback handler could not load library /home/rich/.local/share/Steam/steamapps/common/Cities_Skylines/Cities_Data/Mono/x86_64/data-0x7fc0b42ae610.so
Non platform assembly: data-0x7fc0b42abb90 (this message is harmless)
Fallback handler could not load library /home/rich/.local/share/Steam/steamapps/common/Cities_Skylines/Cities_Data/Mono/x86_64/data-0x7fc0b42abb90.so
Non platform assembly: data-0x7fc0b42af560 (this message is harmless)
Fallback handler could not load library /home/rich/.local/share/Steam/steamapps/common/Cities_Skylines/Cities_Data/Mono/x86_64/data-0x7fc0b42af560.so
Non platform assembly: data-0x7fc0b42be940 (this message is harmless)
Fallback handler could not load library /home/rich/.local/share/Steam/steamapps/common/Cities_Skylines/Cities_Data/Mono/x86_64/data-0x7fc0b42be940.so
Non platform assembly: data-0x7fc0b42c3220 (this message is harmless)
Fallback handler could not load library /home/rich/.local/share/Steam/steamapps/common/Cities_Skylines/Cities_Data/Mono/x86_64/data-0x7fc0b42c3220.so
Non platform assembly: data-0x7fc0b42d2350 (this message is harmless)
Fallback handler could not load library /home/rich/.local/share/Steam/steamapps/common/Cities_Skylines/Cities_Data/Mono/x86_64/data-0x7fc0b42d2350.so
Non platform assembly: data-0x7fc0b42d5c10 (this message is harmless)
Fallback handler could not load library /home/rich/.local/share/Steam/steamapps/common/Cities_Skylines/Cities_Data/Mono/x86_64/data-0x7fc0b42d5c10.so
Non platform assembly: data-0x7fc0b42d9720 (this message is harmless)
Fallback handler could not load library /home/rich/.local/share/Steam/steamapps/common/Cities_Skylines/Cities_Data/Mono/x86_64/data-0x7fc0b42d9720.so
Non platform assembly: data-0x7fc0b42dbcd0 (this message is harmless)
Fallback handler could not load library /home/rich/.local/share/Steam/steamapps/common/Cities_Skylines/Cities_Data/Mono/x86_64/data-0x7fc0b42dbcd0.so
Non platform assembly: data-0x7fc0b42c1850 (this message is harmless)
Fallback handler could not load library /home/rich/.local/share/Steam/steamapps/common/Cities_Skylines/Cities_Data/Mono/x86_64/data-0x7fc0b42c1850.so
Non platform assembly: data-0x7fc0b42e3850 (this message is harmless)
Fallback handler could not load library /home/rich/.local/share/Steam/steamapps/common/Cities_Skylines/Cities_Data/Mono/x86_64/data-0x7fc0b42e3850.so
Non platform assembly: data-0x7fc0b42e8b50 (this message is harmless)
Fallback handler could not load library /home/rich/.local/share/Steam/steamapps/common/Cities_Skylines/Cities_Data/Mono/x86_64/data-0x7fc0b42e8b50.so
Non platform assembly: data-0x7fc0b42ed850 (this message is harmless)
Fallback handler could not load library /home/rich/.local/share/Steam/steamapps/common/Cities_Skylines/Cities_Data/Mono/x86_64/data-0x7fc0b42ed850.so
Non platform assembly: data-0x7fc0b42f2230 (this message is harmless)
Fallback handler could not load library /home/rich/.local/share/Steam/steamapps/common/Cities_Skylines/Cities_Data/Mono/x86_64/data-0x7fc0b42f2230.so
Non platform assembly: data-0x7fc0b42f52a0 (this message is harmless)
Fallback handler could not load library /home/rich/.local/share/Steam/steamapps/common/Cities_Skylines/Cities_Data/Mono/x86_64/data-0x7fc0b42f52a0.so
Non platform assembly: data-0x7fc0b42f85f0 (this message is harmless)
Fallback handler could not load library /home/rich/.local/share/Steam/steamapps/common/Cities_Skylines/Cities_Data/Mono/x86_64/data-0x7fc0b42f85f0.so
Non platform assembly: data-0x7fc0b42fb5a0 (this message is harmless)
Fallback handler could not load library /home/rich/.local/share/Steam/steamapps/common/Cities_Skylines/Cities_Data/Mono/x86_64/data-0x7fc0b42fb5a0.so
Non platform assembly: data-0x7fc0b42fd0f0 (this message is harmless)
Fallback handler could not load library /home/rich/.local/share/Steam/steamapps/common/Cities_Skylines/Cities_Data/Mono/x86_64/data-0x7fc0b42fd0f0.so
Non platform assembly: data-0x7fc0b4302380 (this message is harmless)
Fallback handler could not load library /home/rich/.local/share/Steam/steamapps/common/Cities_Skylines/Cities_Data/Mono/x86_64/data-0x7fc0b4302380.so
Non platform assembly: data-0x7fc0b4305490 (this message is harmless)
Fallback handler could not load library /home/rich/.local/share/Steam/steamapps/common/Cities_Skylines/Cities_Data/Mono/x86_64/data-0x7fc0b4305490.so
Non platform assembly: data-0x7fc0b430a010 (this message is harmless)
Fallback handler could not load library /home/rich/.local/share/Steam/steamapps/common/Cities_Skylines/Cities_Data/Mono/x86_64/data-0x7fc0b430a010.so
Non platform assembly: data-0x7fc0b4316270 (this message is harmless)
Fallback handler could not load library /home/rich/.local/share/Steam/steamapps/common/Cities_Skylines/Cities_Data/Mono/x86_64/data-0x7fc0b4316270.so
Non platform assembly: data-0x7fc0b430ec80 (this message is harmless)
Fallback handler could not load library /home/rich/.local/share/Steam/steamapps/common/Cities_Skylines/Cities_Data/Mono/x86_64/data-0x7fc0b430ec80.so
Non platform assembly: data-0x7fc0b4314cf0 (this message is harmless)
Fallback handler could not load library /home/rich/.local/share/Steam/steamapps/common/Cities_Skylines/Cities_Data/Mono/x86_64/data-0x7fc0b4314cf0.so
Non platform assembly: data-0x7fc0b43118a0 (this message is harmless)
Fallback handler could not load library /home/rich/.local/share/Steam/steamapps/common/Cities_Skylines/Cities_Data/Mono/x86_64/data-0x7fc0b43118a0.so
Non platform assembly: data-0x7fc0b4317eb0 (this message is harmless)
Fallback handler could not load library /home/rich/.local/share/Steam/steamapps/common/Cities_Skylines/Cities_Data/Mono/x86_64/data-0x7fc0b4317eb0.so
Non platform assembly: data-0x7fc0b431a100 (this message is harmless)
Fallback handler could not load library /home/rich/.local/share/Steam/steamapps/common/Cities_Skylines/Cities_Data/Mono/x86_64/data-0x7fc0b431a100.so
Non platform assembly: data-0x7fc0b4313dc0 (this message is harmless)
Fallback handler could not load library /home/rich/.local/share/Steam/steamapps/common/Cities_Skylines/Cities_Data/Mono/x86_64/data-0x7fc0b4313dc0.so
Non platform assembly: data-0x7fc0b43251f0 (this message is harmless)
Fallback handler could not load library /home/rich/.local/share/Steam/steamapps/common/Cities_Skylines/Cities_Data/Mono/x86_64/data-0x7fc0b43251f0.so
Non platform assembly: data-0x7fc0b4328790 (this message is harmless)
Fallback handler could not load library /home/rich/.local/share/Steam/steamapps/common/Cities_Skylines/Cities_Data/Mono/x86_64/data-0x7fc0b4328790.so
Non platform assembly: data-0x7fc0b432f170 (this message is harmless)
Fallback handler could not load library /home/rich/.local/share/Steam/steamapps/common/Cities_Skylines/Cities_Data/Mono/x86_64/data-0x7fc0b432f170.so
Non platform assembly: data-0x7fc0b4332140 (this message is harmless)
Fallback handler could not load library /home/rich/.local/share/Steam/steamapps/common/Cities_Skylines/Cities_Data/Mono/x86_64/data-0x7fc0b4332140.so
Non platform assembly: data-0x7fc0b4339160 (this message is harmless)
Fallback handler could not load library /home/rich/.local/share/Steam/steamapps/common/Cities_Skylines/Cities_Data/Mono/x86_64/data-0x7fc0b4339160.so
Non platform assembly: data-0x7fc0b4334120 (this message is harmless)
Fallback handler could not load library /home/rich/.local/share/Steam/steamapps/common/Cities_Skylines/Cities_Data/Mono/x86_64/data-0x7fc0b4334120.so
Non platform assembly: data-0x7fc0b434ae10 (this message is harmless)
Fallback handler could not load library /home/rich/.local/share/Steam/steamapps/common/Cities_Skylines/Cities_Data/Mono/x86_64/data-0x7fc0b434ae10.so
Non platform assembly: data-0x7fc0b43402a0 (this message is harmless)
Fallback handler could not load library /home/rich/.local/share/Steam/steamapps/common/Cities_Skylines/Cities_Data/Mono/x86_64/data-0x7fc0b43402a0.so
Non platform assembly: data-0x7fc0b4345a20 (this message is harmless)
Fallback handler could not load library /home/rich/.local/share/Steam/steamapps/common/Cities_Skylines/Cities_Data/Mono/x86_64/data-0x7fc0b4345a20.so
Saving /home/rich/.local/share/Colossal Order/Cities_Skylines/userGameState.cgs  [Settings - Internal]
 
(Filename: /home/builduser/buildslave/unity/build/artifacts/generated/common/runtime/DebugBindings.gen.cpp Line: 51)

Loading Screen Mod Revisited: status: milliseconds: 29392
.
 
(Filename: /home/builduser/buildslave/unity/build/artifacts/generated/common/runtime/DebugBindings.gen.cpp Line: 51)

Loading Screen Mod Revisited: PoliciesPanel not initialized yet. Initializing at 30392.
 
(Filename: /home/builduser/buildslave/unity/build/artifacts/generated/common/runtime/DebugBindings.gen.cpp Line: 51)

Error with UIFILTER[TrolleybusHub]:0: The id was not found in the localization files.  [Localization - Internal]
 
(Filename: /home/builduser/buildslave/unity/build/artifacts/generated/common/runtime/DebugBindings.gen.cpp Line: 51)

Error with UIFILTER[TrolleybusHub]:0: The id was not found in the localization files.  [Localization - Internal]
 
(Filename: /home/builduser/buildslave/unity/build/artifacts/generated/common/runtime/DebugBindings.gen.cpp Line: 51)

Error with UIFILTER[TrolleybusHub]:0: The id was not found in the localization files.  [Localization - Internal]
 
(Filename: /home/builduser/buildslave/unity/build/artifacts/generated/common/runtime/DebugBindings.gen.cpp Line: 51)

Error with UIFILTER[TrolleybusHub]:0: The id was not found in the localization files.  [Localization - Internal]
 
(Filename: /home/builduser/buildslave/unity/build/artifacts/generated/common/runtime/DebugBindings.gen.cpp Line: 51)

Error with UIFILTER[TrolleybusHub]:0: The id was not found in the localization files.  [Localization - Internal]
 
(Filename: /home/builduser/buildslave/unity/build/artifacts/generated/common/runtime/DebugBindings.gen.cpp Line: 51)

Error with UIFILTER[TrolleybusHub]:0: The id was not found in the localization files.  [Localization - Internal]
 
(Filename: /home/builduser/buildslave/unity/build/artifacts/generated/common/runtime/DebugBindings.gen.cpp Line: 51)

Assembly resolution failure. No assembly named 'ServicePointGroupPanel' was found.  [Serialization]
 
(Filename: /home/builduser/buildslave/unity/build/artifacts/generated/common/runtime/DebugBindings.gen.cpp Line: 51)

Assembly resolution failure. No assembly named 'HotelGroupPanel' was found.  [Serialization]
 
(Filename: /home/builduser/buildslave/unity/build/artifacts/generated/common/runtime/DebugBindings.gen.cpp Line: 51)

Non platform assembly: data-0x7fbe14e1f490 (this message is harmless)
Fallback handler could not load library /home/rich/.local/share/Steam/steamapps/common/Cities_Skylines/Cities_Data/Mono/x86_64/data-0x7fbe14e1f490.so
Non platform assembly: data-0x7fbe1378c040 (this message is harmless)
Fallback handler could not load library /home/rich/.local/share/Steam/steamapps/common/Cities_Skylines/Cities_Data/Mono/x86_64/data-0x7fbe1378c040.so
Non platform assembly: data-0x7fbe137920a0 (this message is harmless)
Fallback handler could not load library /home/rich/.local/share/Steam/steamapps/common/Cities_Skylines/Cities_Data/Mono/x86_64/data-0x7fbe137920a0.so
Non platform assembly: data-0x7fbe13794730 (this message is harmless)
Fallback handler could not load library /home/rich/.local/share/Steam/steamapps/common/Cities_Skylines/Cities_Data/Mono/x86_64/data-0x7fbe13794730.so
Non platform assembly: data-0x7fbe13797d30 (this message is harmless)
Fallback handler could not load library /home/rich/.local/share/Steam/steamapps/common/Cities_Skylines/Cities_Data/Mono/x86_64/data-0x7fbe13797d30.so
Non platform assembly: data-0x7fbe1379ca90 (this message is harmless)
Fallback handler could not load library /home/rich/.local/share/Steam/steamapps/common/Cities_Skylines/Cities_Data/Mono/x86_64/data-0x7fbe1379ca90.so
Non platform assembly: data-0x7fbe14e199d0 (this message is harmless)
Fallback handler could not load library /home/rich/.local/share/Steam/steamapps/common/Cities_Skylines/Cities_Data/Mono/x86_64/data-0x7fbe14e199d0.so
Non platform assembly: data-0x7fbe137a3be0 (this message is harmless)
Fallback handler could not load library /home/rich/.local/share/Steam/steamapps/common/Cities_Skylines/Cities_Data/Mono/x86_64/data-0x7fbe137a3be0.so
Non platform assembly: data-0x7fbe137ab220 (this message is harmless)
Fallback handler could not load library /home/rich/.local/share/Steam/steamapps/common/Cities_Skylines/Cities_Data/Mono/x86_64/data-0x7fbe137ab220.so
Non platform assembly: data-0x7fbe149f0950 (this message is harmless)
Fallback handler could not load library /home/rich/.local/share/Steam/steamapps/common/Cities_Skylines/Cities_Data/Mono/x86_64/data-0x7fbe149f0950.so
Lifecycle Rebalance Revisited: loading complete.
 
(Filename: /home/builduser/buildslave/unity/build/artifacts/generated/common/runtime/DebugBindings.gen.cpp Line: 51)

Non platform assembly: data-0xb8fb840 (this message is harmless)
Fallback handler could not load library /home/rich/.local/share/Steam/steamapps/common/Cities_Skylines/Cities_Data/Mono/x86_64/data-0xb8fb840.so
Non platform assembly: data-0xfb94b80 (this message is harmless)
Fallback handler could not load library /home/rich/.local/share/Steam/steamapps/common/Cities_Skylines/Cities_Data/Mono/x86_64/data-0xfb94b80.so
Non platform assembly: data-0x7fbe14a00ed0 (this message is harmless)
Fallback handler could not load library /home/rich/.local/share/Steam/steamapps/common/Cities_Skylines/Cities_Data/Mono/x86_64/data-0x7fbe14a00ed0.so
Non platform assembly: data-0xfba3cd0 (this message is harmless)
Fallback handler could not load library /home/rich/.local/share/Steam/steamapps/common/Cities_Skylines/Cities_Data/Mono/x86_64/data-0xfba3cd0.so
Non platform assembly: data-0xfba77b0 (this message is harmless)
Fallback handler could not load library /home/rich/.local/share/Steam/steamapps/common/Cities_Skylines/Cities_Data/Mono/x86_64/data-0xfba77b0.so
Non platform assembly: data-0x7fbe3db15620 (this message is harmless)
Fallback handler could not load library /home/rich/.local/share/Steam/steamapps/common/Cities_Skylines/Cities_Data/Mono/x86_64/data-0x7fbe3db15620.so
Non platform assembly: data-0x7fbe3db184b0 (this message is harmless)
Fallback handler could not load library /home/rich/.local/share/Steam/steamapps/common/Cities_Skylines/Cities_Data/Mono/x86_64/data-0x7fbe3db184b0.so
Non platform assembly: data-0xfb9bae0 (this message is harmless)
Fallback handler could not load library /home/rich/.local/share/Steam/steamapps/common/Cities_Skylines/Cities_Data/Mono/x86_64/data-0xfb9bae0.so
Non platform assembly: data-0x7fbe3db1c010 (this message is harmless)
Fallback handler could not load library /home/rich/.local/share/Steam/steamapps/common/Cities_Skylines/Cities_Data/Mono/x86_64/data-0x7fbe3db1c010.so
Non platform assembly: data-0x7fbe3db1f040 (this message is harmless)
Fallback handler could not load library /home/rich/.local/share/Steam/steamapps/common/Cities_Skylines/Cities_Data/Mono/x86_64/data-0x7fbe3db1f040.so
Non platform assembly: data-0x7fbe3db22030 (this message is harmless)
Fallback handler could not load library /home/rich/.local/share/Steam/steamapps/common/Cities_Skylines/Cities_Data/Mono/x86_64/data-0x7fbe3db22030.so
Non platform assembly: data-0x7fbe3db24de0 (this message is harmless)
Fallback handler could not load library /home/rich/.local/share/Steam/steamapps/common/Cities_Skylines/Cities_Data/Mono/x86_64/data-0x7fbe3db24de0.so
Non platform assembly: data-0x7fbe3db2a8a0 (this message is harmless)
Fallback handler could not load library /home/rich/.local/share/Steam/steamapps/common/Cities_Skylines/Cities_Data/Mono/x86_64/data-0x7fbe3db2a8a0.so
Non platform assembly: data-0x7fbe2f37ee30 (this message is harmless)
Fallback handler could not load library /home/rich/.local/share/Steam/steamapps/common/Cities_Skylines/Cities_Data/Mono/x86_64/data-0x7fbe2f37ee30.so
Non platform assembly: data-0x7fbe2f3818c0 (this message is harmless)
Fallback handler could not load library /home/rich/.local/share/Steam/steamapps/common/Cities_Skylines/Cities_Data/Mono/x86_64/data-0x7fbe2f3818c0.so
Non platform assembly: data-0x7fbe2f384550 (this message is harmless)
Fallback handler could not load library /home/rich/.local/share/Steam/steamapps/common/Cities_Skylines/Cities_Data/Mono/x86_64/data-0x7fbe2f384550.so
Non platform assembly: data-0x7fbe2f386ee0 (this message is harmless)
Fallback handler could not load library /home/rich/.local/share/Steam/steamapps/common/Cities_Skylines/Cities_Data/Mono/x86_64/data-0x7fbe2f386ee0.so
Non platform assembly: data-0x7fbe2f389850 (this message is harmless)
Fallback handler could not load library /home/rich/.local/share/Steam/steamapps/common/Cities_Skylines/Cities_Data/Mono/x86_64/data-0x7fbe2f389850.so
Non platform assembly: data-0x7fbe2f38c420 (this message is harmless)
Fallback handler could not load library /home/rich/.local/share/Steam/steamapps/common/Cities_Skylines/Cities_Data/Mono/x86_64/data-0x7fbe2f38c420.so
Non platform assembly: data-0xfba1060 (this message is harmless)
Fallback handler could not load library /home/rich/.local/share/Steam/steamapps/common/Cities_Skylines/Cities_Data/Mono/x86_64/data-0xfba1060.so
Non platform assembly: data-0x7fbe2f38f450 (this message is harmless)
Fallback handler could not load library /home/rich/.local/share/Steam/steamapps/common/Cities_Skylines/Cities_Data/Mono/x86_64/data-0x7fbe2f38f450.so
Non platform assembly: data-0x7fbe1bbbd020 (this message is harmless)
Fallback handler could not load library /home/rich/.local/share/Steam/steamapps/common/Cities_Skylines/Cities_Data/Mono/x86_64/data-0x7fbe1bbbd020.so
Non platform assembly: data-0x7fbe1bbd2050 (this message is harmless)
Fallback handler could not load library /home/rich/.local/share/Steam/steamapps/common/Cities_Skylines/Cities_Data/Mono/x86_64/data-0x7fbe1bbd2050.so
Non platform assembly: data-0x7fbe1bbc2830 (this message is harmless)
Fallback handler could not load library /home/rich/.local/share/Steam/steamapps/common/Cities_Skylines/Cities_Data/Mono/x86_64/data-0x7fbe1bbc2830.so
Non platform assembly: data-0x7fbe1bbbfd40 (this message is harmless)
Fallback handler could not load library /home/rich/.local/share/Steam/steamapps/common/Cities_Skylines/Cities_Data/Mono/x86_64/data-0x7fbe1bbbfd40.so
Non platform assembly: data-0x7fbe1bbd4020 (this message is harmless)
Fallback handler could not load library /home/rich/.local/share/Steam/steamapps/common/Cities_Skylines/Cities_Data/Mono/x86_64/data-0x7fbe1bbd4020.so
Non platform assembly: data-0x7fbe1bbdce20 (this message is harmless)
Fallback handler could not load library /home/rich/.local/share/Steam/steamapps/common/Cities_Skylines/Cities_Data/Mono/x86_64/data-0x7fbe1bbdce20.so
Non platform assembly: data-0x7fbe1bbd72d0 (this message is harmless)
Fallback handler could not load library /home/rich/.local/share/Steam/steamapps/common/Cities_Skylines/Cities_Data/Mono/x86_64/data-0x7fbe1bbd72d0.so
Non platform assembly: data-0x7fbe1bbdac80 (this message is harmless)
Fallback handler could not load library /home/rich/.local/share/Steam/steamapps/common/Cities_Skylines/Cities_Data/Mono/x86_64/data-0x7fbe1bbdac80.so
Non platform assembly: data-0x7fbe164cb550 (this message is harmless)
Fallback handler could not load library /home/rich/.local/share/Steam/steamapps/common/Cities_Skylines/Cities_Data/Mono/x86_64/data-0x7fbe164cb550.so
Non platform assembly: data-0x7fbe164ce280 (this message is harmless)
Fallback handler could not load library /home/rich/.local/share/Steam/steamapps/common/Cities_Skylines/Cities_Data/Mono/x86_64/data-0x7fbe164ce280.so
Non platform assembly: data-0x7fbe164d0cd0 (this message is harmless)
Fallback handler could not load library /home/rich/.local/share/Steam/steamapps/common/Cities_Skylines/Cities_Data/Mono/x86_64/data-0x7fbe164d0cd0.so
Non platform assembly: data-0x7fbe164d3820 (this message is harmless)
Fallback handler could not load library /home/rich/.local/share/Steam/steamapps/common/Cities_Skylines/Cities_Data/Mono/x86_64/data-0x7fbe164d3820.so
Non platform assembly: data-0x7fbe2f7aec80 (this message is harmless)
Fallback handler could not load library /home/rich/.local/share/Steam/steamapps/common/Cities_Skylines/Cities_Data/Mono/x86_64/data-0x7fbe2f7aec80.so
Non platform assembly: data-0x7fbe2f7b1630 (this message is harmless)
Fallback handler could not load library /home/rich/.local/share/Steam/steamapps/common/Cities_Skylines/Cities_Data/Mono/x86_64/data-0x7fbe2f7b1630.so
Non platform assembly: data-0x7fbe2f7b40e0 (this message is harmless)
Fallback handler could not load library /home/rich/.local/share/Steam/steamapps/common/Cities_Skylines/Cities_Data/Mono/x86_64/data-0x7fbe2f7b40e0.so
Non platform assembly: data-0x7fbe2f7b7250 (this message is harmless)
Fallback handler could not load library /home/rich/.local/share/Steam/steamapps/common/Cities_Skylines/Cities_Data/Mono/x86_64/data-0x7fbe2f7b7250.so
Non platform assembly: data-0x7fbe2f7b99e0 (this message is harmless)
Fallback handler could not load library /home/rich/.local/share/Steam/steamapps/common/Cities_Skylines/Cities_Data/Mono/x86_64/data-0x7fbe2f7b99e0.so
Non platform assembly: data-0x7fbe2f79d020 (this message is harmless)
Fallback handler could not load library /home/rich/.local/share/Steam/steamapps/common/Cities_Skylines/Cities_Data/Mono/x86_64/data-0x7fbe2f79d020.so
Non platform assembly: data-0x7fbe2f7a1720 (this message is harmless)
Fallback handler could not load library /home/rich/.local/share/Steam/steamapps/common/Cities_Skylines/Cities_Data/Mono/x86_64/data-0x7fbe2f7a1720.so
Non platform assembly: data-0x7fbe2f7a5c40 (this message is harmless)
Fallback handler could not load library /home/rich/.local/share/Steam/steamapps/common/Cities_Skylines/Cities_Data/Mono/x86_64/data-0x7fbe2f7a5c40.so
Non platform assembly: data-0x7fbe2f7a8c90 (this message is harmless)
Fallback handler could not load library /home/rich/.local/share/Steam/steamapps/common/Cities_Skylines/Cities_Data/Mono/x86_64/data-0x7fbe2f7a8c90.so
Non platform assembly: data-0x7fbe2f7ab720 (this message is harmless)
Fallback handler could not load library /home/rich/.local/share/Steam/steamapps/common/Cities_Skylines/Cities_Data/Mono/x86_64/data-0x7fbe2f7ab720.so
Non platform assembly: data-0x7fbe164b6240 (this message is harmless)
Fallback handler could not load library /home/rich/.local/share/Steam/steamapps/common/Cities_Skylines/Cities_Data/Mono/x86_64/data-0x7fbe164b6240.so
Non platform assembly: data-0x7fbe164b97f0 (this message is harmless)
Fallback handler could not load library /home/rich/.local/share/Steam/steamapps/common/Cities_Skylines/Cities_Data/Mono/x86_64/data-0x7fbe164b97f0.so
Non platform assembly: data-0x7fbe164bc480 (this message is harmless)
Fallback handler could not load library /home/rich/.local/share/Steam/steamapps/common/Cities_Skylines/Cities_Data/Mono/x86_64/data-0x7fbe164bc480.so
Non platform assembly: data-0x7fbe2f7bc7d0 (this message is harmless)
Fallback handler could not load library /home/rich/.local/share/Steam/steamapps/common/Cities_Skylines/Cities_Data/Mono/x86_64/data-0x7fbe2f7bc7d0.so
using latest UnifiedUILib version: UnifiedUILib, Version=2.2.12.31977, Culture=neutral, PublicKeyToken=null
 
(Filename: /home/builduser/buildslave/unity/build/artifacts/generated/common/runtime/DebugBindings.gen.cpp Line: 51)

UnifiedUILib | [Info]   12ms | Log file at /home/rich/.local/share/Steam/steamapps/common/Cities_Skylines/Cities_Data/Logs/UnifiedUILib.log now=08/29/2025 09:57:21
 
(Filename: /home/builduser/buildslave/unity/build/artifacts/generated/common/runtime/DebugBindings.gen.cpp Line: 51)

UnifiedUILib | [Info]   13ms | UnifiedUILib Version:2.2.12.31977 Commit:7fad2af CommitDate:2022-08-02T17:20:46+03:00
 
(Filename: /home/builduser/buildslave/unity/build/artifacts/generated/common/runtime/DebugBindings.gen.cpp Line: 51)

GameSettings: 'UnifiedUI' is not found or cannot be loaded. Make sure to call GameSettings.AddSettingsFile() to register a settings file before using SavedValue().  [Settings - Internal]
 
(Filename: /home/builduser/buildslave/unity/build/artifacts/generated/common/runtime/DebugBindings.gen.cpp Line: 51)

Assembly resolution failure. No assembly named 'NetworkSkins, Version=0.0.0.0, Culture=neutral, PublicKeyToken=null' was found.  [Serialization]
 
(Filename: /home/builduser/buildslave/unity/build/artifacts/generated/common/runtime/DebugBindings.gen.cpp Line: 51)

Assembly resolution failure. No assembly named 'NetworkSkins, Version=0.0.0.0, Culture=neutral, PublicKeyToken=null' was found.  [Serialization]
 
(Filename: /home/builduser/buildslave/unity/build/artifacts/generated/common/runtime/DebugBindings.gen.cpp Line: 51)

using latest UnifiedUILib version: UnifiedUILib, Version=2.2.12.31977, Culture=neutral, PublicKeyToken=null
 
(Filename: /home/builduser/buildslave/unity/build/artifacts/generated/common/runtime/DebugBindings.gen.cpp Line: 51)

using latest UnifiedUILib version: UnifiedUILib, Version=2.2.12.31977, Culture=neutral, PublicKeyToken=null
 
(Filename: /home/builduser/buildslave/unity/build/artifacts/generated/common/runtime/DebugBindings.gen.cpp Line: 51)

Saving /home/rich/.local/share/Colossal Order/Cities_Skylines/NetworkAnarchy.cgs  [Settings - Internal]
 
(Filename: /home/builduser/buildslave/unity/build/artifacts/generated/common/runtime/DebugBindings.gen.cpp Line: 51)

Non platform assembly: data-0x7fbe18989a50 (this message is harmless)
Fallback handler could not load library /home/rich/.local/share/Steam/steamapps/common/Cities_Skylines/Cities_Data/Mono/x86_64/data-0x7fbe18989a50.so
Non platform assembly: data-0x7fbe0bb630b0 (this message is harmless)
Fallback handler could not load library /home/rich/.local/share/Steam/steamapps/common/Cities_Skylines/Cities_Data/Mono/x86_64/data-0x7fbe0bb630b0.so
Non platform assembly: data-0x7fbe0e686070 (this message is harmless)
Fallback handler could not load library /home/rich/.local/share/Steam/steamapps/common/Cities_Skylines/Cities_Data/Mono/x86_64/data-0x7fbe0e686070.so
Non platform assembly: data-0x7fbe0bb80ef0 (this message is harmless)
Fallback handler could not load library /home/rich/.local/share/Steam/steamapps/common/Cities_Skylines/Cities_Data/Mono/x86_64/data-0x7fbe0bb80ef0.so
Non platform assembly: data-0x7fbe0bb694a0 (this message is harmless)
Fallback handler could not load library /home/rich/.local/share/Steam/steamapps/common/Cities_Skylines/Cities_Data/Mono/x86_64/data-0x7fbe0bb694a0.so
Non platform assembly: data-0x7fbe0bb71aa0 (this message is harmless)
Fallback handler could not load library /home/rich/.local/share/Steam/steamapps/common/Cities_Skylines/Cities_Data/Mono/x86_64/data-0x7fbe0bb71aa0.so
Non platform assembly: data-0x7fbe0bb74870 (this message is harmless)
Fallback handler could not load library /home/rich/.local/share/Steam/steamapps/common/Cities_Skylines/Cities_Data/Mono/x86_64/data-0x7fbe0bb74870.so
Loading Screen Mod Revisited: status: milliseconds: 36430
.
 
(Filename: /home/builduser/buildslave/unity/build/artifacts/generated/common/runtime/DebugBindings.gen.cpp Line: 51)

[LSM] Saving stats to /home/rich/.local/share/Colossal Order/Cities_Skylines/Report/LoadingScreenMod/Shady Strands - Assets Report-2025-08-29_09-57-01.htm
Loading Screen Mod Revisited: loading completed at 36442.
 
(Filename: /home/builduser/buildslave/unity/build/artifacts/generated/common/runtime/DebugBindings.gen.cpp Line: 51)

GfxDevice: creating device client; threaded=1
GfxDevice: creating device client; threaded=1
GfxDevice: creating device client; threaded=1
GfxDevice: creating device client; threaded=1
GfxDevice: creating device client; threaded=1
GfxDevice: creating device client; threaded=1
GfxDevice: creating device client; threaded=1
GfxDevice: creating device client; threaded=1
GfxDevice: creating device client; threaded=1
Saving /home/rich/.local/share/Colossal Order/Cities_Skylines/NetworkAnarchy.cgs  [Settings - Internal]
 
(Filename: /home/builduser/buildslave/unity/build/artifacts/generated/common/runtime/DebugBindings.gen.cpp Line: 51)

Saving /home/rich/.local/share/Colossal Order/Cities_Skylines/userGameState.cgs  [Settings - Internal]
 
(Filename: /home/builduser/buildslave/unity/build/artifacts/generated/common/runtime/DebugBindings.gen.cpp Line: 51)

GfxDevice: creating device client; threaded=1
Saving /home/rich/.local/share/Colossal Order/Cities_Skylines/userGameState.cgs  [Settings - Internal]
 
(Filename: /home/builduser/buildslave/unity/build/artifacts/generated/common/runtime/DebugBindings.gen.cpp Line: 51)

Error with UIFILTER[TrolleybusHub]:0: The id was not found in the localization files.  [Localization - Internal]
 
(Filename: /home/builduser/buildslave/unity/build/artifacts/generated/common/runtime/DebugBindings.gen.cpp Line: 51)

Error with UIFILTER[TrolleybusHub]:0: The id was not found in the localization files.  [Localization - Internal]
 
(Filename: /home/builduser/buildslave/unity/build/artifacts/generated/common/runtime/DebugBindings.gen.cpp Line: 51)

Error with UIFILTER[TrolleybusHub]:0: The id was not found in the localization files.  [Localization - Internal]
 
(Filename: /home/builduser/buildslave/unity/build/artifacts/generated/common/runtime/DebugBindings.gen.cpp Line: 51)

Assembly resolution failure. No assembly named 'ServicePointGroupPanel' was found.  [Serialization]
 
(Filename: /home/builduser/buildslave/unity/build/artifacts/generated/common/runtime/DebugBindings.gen.cpp Line: 51)

Assembly resolution failure. No assembly named 'HotelGroupPanel' was found.  [Serialization]
 
(Filename: /home/builduser/buildslave/unity/build/artifacts/generated/common/runtime/DebugBindings.gen.cpp Line: 51)

GfxDevice: creating device client; threaded=1
GfxDevice: creating device client; threaded=1
GfxDevice: creating device client; threaded=1
GfxDevice: creating device client; threaded=1
Non platform assembly: data-0x7fbe2dac6090 (this message is harmless)
Fallback handler could not load library /home/rich/.local/share/Steam/steamapps/common/Cities_Skylines/Cities_Data/Mono/x86_64/data-0x7fbe2dac6090.so
Non platform assembly: data-0x7fbe10133ef0 (this message is harmless)
Fallback handler could not load library /home/rich/.local/share/Steam/steamapps/common/Cities_Skylines/Cities_Data/Mono/x86_64/data-0x7fbe10133ef0.so
Non platform assembly: data-0x7fbe2bdeb880 (this message is harmless)
Fallback handler could not load library /home/rich/.local/share/Steam/steamapps/common/Cities_Skylines/Cities_Data/Mono/x86_64/data-0x7fbe2bdeb880.so
Non platform assembly: data-0x7fbe3e7787b0 (this message is harmless)
Fallback handler could not load library /home/rich/.local/share/Steam/steamapps/common/Cities_Skylines/Cities_Data/Mono/x86_64/data-0x7fbe3e7787b0.so
Non platform assembly: data-0x7fbe2bdeceb0 (this message is harmless)
Fallback handler could not load library /home/rich/.local/share/Steam/steamapps/common/Cities_Skylines/Cities_Data/Mono/x86_64/data-0x7fbe2bdeceb0.so
Non platform assembly: data-0x7fbe2dad3e50 (this message is harmless)
Fallback handler could not load library /home/rich/.local/share/Steam/steamapps/common/Cities_Skylines/Cities_Data/Mono/x86_64/data-0x7fbe2dad3e50.so
Non platform assembly: data-0x7fbe396e35a0 (this message is harmless)
Fallback handler could not load library /home/rich/.local/share/Steam/steamapps/common/Cities_Skylines/Cities_Data/Mono/x86_64/data-0x7fbe396e35a0.so
Non platform assembly: data-0x7fbe10143940 (this message is harmless)
Fallback handler could not load library /home/rich/.local/share/Steam/steamapps/common/Cities_Skylines/Cities_Data/Mono/x86_64/data-0x7fbe10143940.so
Non platform assembly: data-0x7fbe3e77a250 (this message is harmless)
Fallback handler could not load library /home/rich/.local/share/Steam/steamapps/common/Cities_Skylines/Cities_Data/Mono/x86_64/data-0x7fbe3e77a250.so
Non platform assembly: data-0x7fbe396cf110 (this message is harmless)
Fallback handler could not load library /home/rich/.local/share/Steam/steamapps/common/Cities_Skylines/Cities_Data/Mono/x86_64/data-0x7fbe396cf110.so
Non platform assembly: data-0x7fbe396d8ca0 (this message is harmless)
Fallback handler could not load library /home/rich/.local/share/Steam/steamapps/common/Cities_Skylines/Cities_Data/Mono/x86_64/data-0x7fbe396d8ca0.so
Non platform assembly: data-0x7fbe396d6e60 (this message is harmless)
Fallback handler could not load library /home/rich/.local/share/Steam/steamapps/common/Cities_Skylines/Cities_Data/Mono/x86_64/data-0x7fbe396d6e60.so
Non platform assembly: data-0x7fbe1012cc60 (this message is harmless)
Fallback handler could not load library /home/rich/.local/share/Steam/steamapps/common/Cities_Skylines/Cities_Data/Mono/x86_64/data-0x7fbe1012cc60.so
Non platform assembly: data-0x7fbe1012f470 (this message is harmless)
Fallback handler could not load library /home/rich/.local/share/Steam/steamapps/common/Cities_Skylines/Cities_Data/Mono/x86_64/data-0x7fbe1012f470.so
Non platform assembly: data-0x7fbe1013ded0 (this message is harmless)
Fallback handler could not load library /home/rich/.local/share/Steam/steamapps/common/Cities_Skylines/Cities_Data/Mono/x86_64/data-0x7fbe1013ded0.so
Non platform assembly: data-0x7fbe2dab7820 (this message is harmless)
Fallback handler could not load library /home/rich/.local/share/Steam/steamapps/common/Cities_Skylines/Cities_Data/Mono/x86_64/data-0x7fbe2dab7820.so
Non platform assembly: data-0x7fbe2dabdf70 (this message is harmless)
Fallback handler could not load library /home/rich/.local/share/Steam/steamapps/common/Cities_Skylines/Cities_Data/Mono/x86_64/data-0x7fbe2dabdf70.so
Non platform assembly: data-0x7fbe2dabc940 (this message is harmless)
Fallback handler could not load library /home/rich/.local/share/Steam/steamapps/common/Cities_Skylines/Cities_Data/Mono/x86_64/data-0x7fbe2dabc940.so
Non platform assembly: data-0x7fbe38e8ea20 (this message is harmless)
Fallback handler could not load library /home/rich/.local/share/Steam/steamapps/common/Cities_Skylines/Cities_Data/Mono/x86_64/data-0x7fbe38e8ea20.so
Non platform assembly: data-0x7fbe0e6a1ba0 (this message is harmless)
Fallback handler could not load library /home/rich/.local/share/Steam/steamapps/common/Cities_Skylines/Cities_Data/Mono/x86_64/data-0x7fbe0e6a1ba0.so
Non platform assembly: data-0x7fbe0e692240 (this message is harmless)
Fallback handler could not load library /home/rich/.local/share/Steam/steamapps/common/Cities_Skylines/Cities_Data/Mono/x86_64/data-0x7fbe0e692240.so
Non platform assembly: data-0x7fbe0e6950d0 (this message is harmless)
Fallback handler could not load library /home/rich/.local/share/Steam/steamapps/common/Cities_Skylines/Cities_Data/Mono/x86_64/data-0x7fbe0e6950d0.so
Non platform assembly: data-0x7fbe0e697ca0 (this message is harmless)
Fallback handler could not load library /home/rich/.local/share/Steam/steamapps/common/Cities_Skylines/Cities_Data/Mono/x86_64/data-0x7fbe0e697ca0.so
Non platform assembly: data-0x7fbe0e69a3d0 (this message is harmless)
Fallback handler could not load library /home/rich/.local/share/Steam/steamapps/common/Cities_Skylines/Cities_Data/Mono/x86_64/data-0x7fbe0e69a3d0.so
Non platform assembly: data-0x7fbe0e69d660 (this message is harmless)
Fallback handler could not load library /home/rich/.local/share/Steam/steamapps/common/Cities_Skylines/Cities_Data/Mono/x86_64/data-0x7fbe0e69d660.so
Non platform assembly: data-0x7fbe29cd9910 (this message is harmless)
Fallback handler could not load library /home/rich/.local/share/Steam/steamapps/common/Cities_Skylines/Cities_Data/Mono/x86_64/data-0x7fbe29cd9910.so
Non platform assembly: data-0x7fbe29cdde80 (this message is harmless)
Fallback handler could not load library /home/rich/.local/share/Steam/steamapps/common/Cities_Skylines/Cities_Data/Mono/x86_64/data-0x7fbe29cdde80.so
Non platform assembly: data-0x7fbe29ce06d0 (this message is harmless)
Fallback handler could not load library /home/rich/.local/share/Steam/steamapps/common/Cities_Skylines/Cities_Data/Mono/x86_64/data-0x7fbe29ce06d0.so
Non platform assembly: data-0x7fbe38e98ff0 (this message is harmless)
Fallback handler could not load library /home/rich/.local/share/Steam/steamapps/common/Cities_Skylines/Cities_Data/Mono/x86_64/data-0x7fbe38e98ff0.so
Non platform assembly: data-0x7fbe38e9b540 (this message is harmless)
Fallback handler could not load library /home/rich/.local/share/Steam/steamapps/common/Cities_Skylines/Cities_Data/Mono/x86_64/data-0x7fbe38e9b540.so
Non platform assembly: data-0x7fbe38e9e130 (this message is harmless)
Fallback handler could not load library /home/rich/.local/share/Steam/steamapps/common/Cities_Skylines/Cities_Data/Mono/x86_64/data-0x7fbe38e9e130.so
Non platform assembly: data-0x7fbe38ea0780 (this message is harmless)
Fallback handler could not load library /home/rich/.local/share/Steam/steamapps/common/Cities_Skylines/Cities_Data/Mono/x86_64/data-0x7fbe38ea0780.so
Non platform assembly: data-0x7fbe38ea2b10 (this message is harmless)
Fallback handler could not load library /home/rich/.local/share/Steam/steamapps/common/Cities_Skylines/Cities_Data/Mono/x86_64/data-0x7fbe38ea2b10.so
Non platform assembly: data-0x7fbe38ea52e0 (this message is harmless)
Fallback handler could not load library /home/rich/.local/share/Steam/steamapps/common/Cities_Skylines/Cities_Data/Mono/x86_64/data-0x7fbe38ea52e0.so
Non platform assembly: data-0x7fbe0fd270c0 (this message is harmless)
Fallback handler could not load library /home/rich/.local/share/Steam/steamapps/common/Cities_Skylines/Cities_Data/Mono/x86_64/data-0x7fbe0fd270c0.so
Non platform assembly: data-0x7fbe0fd089e0 (this message is harmless)
Fallback handler could not load library /home/rich/.local/share/Steam/steamapps/common/Cities_Skylines/Cities_Data/Mono/x86_64/data-0x7fbe0fd089e0.so
Non platform assembly: data-0x7fbe0fd0b150 (this message is harmless)
Fallback handler could not load library /home/rich/.local/share/Steam/steamapps/common/Cities_Skylines/Cities_Data/Mono/x86_64/data-0x7fbe0fd0b150.so
Non platform assembly: data-0x7fbe0fd0d7a0 (this message is harmless)
Fallback handler could not load library /home/rich/.local/share/Steam/steamapps/common/Cities_Skylines/Cities_Data/Mono/x86_64/data-0x7fbe0fd0d7a0.so
Non platform assembly: data-0x7fbe0fd10630 (this message is harmless)
Fallback handler could not load library /home/rich/.local/share/Steam/steamapps/common/Cities_Skylines/Cities_Data/Mono/x86_64/data-0x7fbe0fd10630.so
Non platform assembly: data-0x7fbe0fd13540 (this message is harmless)
Fallback handler could not load library /home/rich/.local/share/Steam/steamapps/common/Cities_Skylines/Cities_Data/Mono/x86_64/data-0x7fbe0fd13540.so
Non platform assembly: data-0x7fbe0fd15bb0 (this message is harmless)
Fallback handler could not load library /home/rich/.local/share/Steam/steamapps/common/Cities_Skylines/Cities_Data/Mono/x86_64/data-0x7fbe0fd15bb0.so
Non platform assembly: data-0x7fbe0fd18560 (this message is harmless)
Fallback handler could not load library /home/rich/.local/share/Steam/steamapps/common/Cities_Skylines/Cities_Data/Mono/x86_64/data-0x7fbe0fd18560.so
Non platform assembly: data-0x7fbe0fd1ab10 (this message is harmless)
Fallback handler could not load library /home/rich/.local/share/Steam/steamapps/common/Cities_Skylines/Cities_Data/Mono/x86_64/data-0x7fbe0fd1ab10.so
Non platform assembly: data-0x7fbe0fd1d2e0 (this message is harmless)
Fallback handler could not load library /home/rich/.local/share/Steam/steamapps/common/Cities_Skylines/Cities_Data/Mono/x86_64/data-0x7fbe0fd1d2e0.so
Non platform assembly: data-0x7fbe0fd21410 (this message is harmless)
Fallback handler could not load library /home/rich/.local/share/Steam/steamapps/common/Cities_Skylines/Cities_Data/Mono/x86_64/data-0x7fbe0fd21410.so
Non platform assembly: data-0x7fbe0fd23320 (this message is harmless)
Fallback handler could not load library /home/rich/.local/share/Steam/steamapps/common/Cities_Skylines/Cities_Data/Mono/x86_64/data-0x7fbe0fd23320.so
Non platform assembly: data-0x7fbe17118020 (this message is harmless)
Fallback handler could not load library /home/rich/.local/share/Steam/steamapps/common/Cities_Skylines/Cities_Data/Mono/x86_64/data-0x7fbe17118020.so
Non platform assembly: data-0x7fbe1711a5d0 (this message is harmless)
Fallback handler could not load library /home/rich/.local/share/Steam/steamapps/common/Cities_Skylines/Cities_Data/Mono/x86_64/data-0x7fbe1711a5d0.so
Non platform assembly: data-0x7fbe1711cd40 (this message is harmless)
Fallback handler could not load library /home/rich/.local/share/Steam/steamapps/common/Cities_Skylines/Cities_Data/Mono/x86_64/data-0x7fbe1711cd40.so
Non platform assembly: data-0x7fbe1711efb0 (this message is harmless)
Fallback handler could not load library /home/rich/.local/share/Steam/steamapps/common/Cities_Skylines/Cities_Data/Mono/x86_64/data-0x7fbe1711efb0.so
Non platform assembly: data-0x7fbe17125090 (this message is harmless)
Fallback handler could not load library /home/rich/.local/share/Steam/steamapps/common/Cities_Skylines/Cities_Data/Mono/x86_64/data-0x7fbe17125090.so
Non platform assembly: data-0x7fbe17121860 (this message is harmless)
Fallback handler could not load library /home/rich/.local/share/Steam/steamapps/common/Cities_Skylines/Cities_Data/Mono/x86_64/data-0x7fbe17121860.so
Non platform assembly: data-0x7fbe1712a3e0 (this message is harmless)
Fallback handler could not load library /home/rich/.local/share/Steam/steamapps/common/Cities_Skylines/Cities_Data/Mono/x86_64/data-0x7fbe1712a3e0.so
Non platform assembly: data-0x7fbe1712c870 (this message is harmless)
Fallback handler could not load library /home/rich/.local/share/Steam/steamapps/common/Cities_Skylines/Cities_Data/Mono/x86_64/data-0x7fbe1712c870.so
Non platform assembly: data-0x7fbe1712fe00 (this message is harmless)
Fallback handler could not load library /home/rich/.local/share/Steam/steamapps/common/Cities_Skylines/Cities_Data/Mono/x86_64/data-0x7fbe1712fe00.so
Non platform assembly: data-0x7fbe17132550 (this message is harmless)
Fallback handler could not load library /home/rich/.local/share/Steam/steamapps/common/Cities_Skylines/Cities_Data/Mono/x86_64/data-0x7fbe17132550.so
Non platform assembly: data-0x7fbe17134de0 (this message is harmless)
Fallback handler could not load library /home/rich/.local/share/Steam/steamapps/common/Cities_Skylines/Cities_Data/Mono/x86_64/data-0x7fbe17134de0.so
Non platform assembly: data-0x7fbe17137e30 (this message is harmless)
Fallback handler could not load library /home/rich/.local/share/Steam/steamapps/common/Cities_Skylines/Cities_Data/Mono/x86_64/data-0x7fbe17137e30.so
Non platform assembly: data-0x7fbe2ef5c840 (this message is harmless)
Fallback handler could not load library /home/rich/.local/share/Steam/steamapps/common/Cities_Skylines/Cities_Data/Mono/x86_64/data-0x7fbe2ef5c840.so
Non platform assembly: data-0x7fbe2ef5eff0 (this message is harmless)
Fallback handler could not load library /home/rich/.local/share/Steam/steamapps/common/Cities_Skylines/Cities_Data/Mono/x86_64/data-0x7fbe2ef5eff0.so
Non platform assembly: data-0x7fbe2ef63940 (this message is harmless)
Fallback handler could not load library /home/rich/.local/share/Steam/steamapps/common/Cities_Skylines/Cities_Data/Mono/x86_64/data-0x7fbe2ef63940.so
Non platform assembly: data-0x7fbe2ef662f0 (this message is harmless)
Fallback handler could not load library /home/rich/.local/share/Steam/steamapps/common/Cities_Skylines/Cities_Data/Mono/x86_64/data-0x7fbe2ef662f0.so
Non platform assembly: data-0x7fbe2ef6a3e0 (this message is harmless)
Fallback handler could not load library /home/rich/.local/share/Steam/steamapps/common/Cities_Skylines/Cities_Data/Mono/x86_64/data-0x7fbe2ef6a3e0.so
Non platform assembly: data-0x7fbe2ef6c170 (this message is harmless)
Fallback handler could not load library /home/rich/.local/share/Steam/steamapps/common/Cities_Skylines/Cities_Data/Mono/x86_64/data-0x7fbe2ef6c170.so
Non platform assembly: data-0x7fbe2ef6e920 (this message is harmless)
Fallback handler could not load library /home/rich/.local/share/Steam/steamapps/common/Cities_Skylines/Cities_Data/Mono/x86_64/data-0x7fbe2ef6e920.so
Non platform assembly: data-0x7fbe2ef71430 (this message is harmless)
Fallback handler could not load library /home/rich/.local/share/Steam/steamapps/common/Cities_Skylines/Cities_Data/Mono/x86_64/data-0x7fbe2ef71430.so
Non platform assembly: data-0x7fbe2ef73c80 (this message is harmless)
Fallback handler could not load library /home/rich/.local/share/Steam/steamapps/common/Cities_Skylines/Cities_Data/Mono/x86_64/data-0x7fbe2ef73c80.so
Non platform assembly: data-0x7fbe2ef76590 (this message is harmless)
Fallback handler could not load library /home/rich/.local/share/Steam/steamapps/common/Cities_Skylines/Cities_Data/Mono/x86_64/data-0x7fbe2ef76590.so
Non platform assembly: data-0x7fbe2ef78e60 (this message is harmless)
Fallback handler could not load library /home/rich/.local/share/Steam/steamapps/common/Cities_Skylines/Cities_Data/Mono/x86_64/data-0x7fbe2ef78e60.so
Non platform assembly: data-0x7fbe29065380 (this message is harmless)
Fallback handler could not load library /home/rich/.local/share/Steam/steamapps/common/Cities_Skylines/Cities_Data/Mono/x86_64/data-0x7fbe29065380.so
Non platform assembly: data-0x7fbe29067af0 (this message is harmless)
Fallback handler could not load library /home/rich/.local/share/Steam/steamapps/common/Cities_Skylines/Cities_Data/Mono/x86_64/data-0x7fbe29067af0.so
Non platform assembly: data-0x7fbe2906a240 (this message is harmless)
Fallback handler could not load library /home/rich/.local/share/Steam/steamapps/common/Cities_Skylines/Cities_Data/Mono/x86_64/data-0x7fbe2906a240.so
Non platform assembly: data-0x7fbe3f02fb40 (this message is harmless)
Fallback handler could not load library /home/rich/.local/share/Steam/steamapps/common/Cities_Skylines/Cities_Data/Mono/x86_64/data-0x7fbe3f02fb40.so
Non platform assembly: data-0x7fbe3f033fb0 (this message is harmless)
Fallback handler could not load library /home/rich/.local/share/Steam/steamapps/common/Cities_Skylines/Cities_Data/Mono/x86_64/data-0x7fbe3f033fb0.so
Non platform assembly: data-0x7fbe3f036460 (this message is harmless)
Fallback handler could not load library /home/rich/.local/share/Steam/steamapps/common/Cities_Skylines/Cities_Data/Mono/x86_64/data-0x7fbe3f036460.so
Non platform assembly: data-0x7fbe3f038cb0 (this message is harmless)
Fallback handler could not load library /home/rich/.local/share/Steam/steamapps/common/Cities_Skylines/Cities_Data/Mono/x86_64/data-0x7fbe3f038cb0.so
Non platform assembly: data-0x7fbe29072f10 (this message is harmless)
Fallback handler could not load library /home/rich/.local/share/Steam/steamapps/common/Cities_Skylines/Cities_Data/Mono/x86_64/data-0x7fbe29072f10.so
Non platform assembly: data-0x7fbe29075520 (this message is harmless)
Fallback handler could not load library /home/rich/.local/share/Steam/steamapps/common/Cities_Skylines/Cities_Data/Mono/x86_64/data-0x7fbe29075520.so
Non platform assembly: data-0x7fbe29077d10 (this message is harmless)
Fallback handler could not load library /home/rich/.local/share/Steam/steamapps/common/Cities_Skylines/Cities_Data/Mono/x86_64/data-0x7fbe29077d10.so
Non platform assembly: data-0x7fbe2907a600 (this message is harmless)
Fallback handler could not load library /home/rich/.local/share/Steam/steamapps/common/Cities_Skylines/Cities_Data/Mono/x86_64/data-0x7fbe2907a600.so
Non platform assembly: data-0x7fbe2ef7a930 (this message is harmless)
Fallback handler could not load library /home/rich/.local/share/Steam/steamapps/common/Cities_Skylines/Cities_Data/Mono/x86_64/data-0x7fbe2ef7a930.so
Non platform assembly: data-0x7fbe2907d0f0 (this message is harmless)
Fallback handler could not load library /home/rich/.local/share/Steam/steamapps/common/Cities_Skylines/Cities_Data/Mono/x86_64/data-0x7fbe2907d0f0.so
Non platform assembly: data-0x7fbe2907f7a0 (this message is harmless)
Fallback handler could not load library /home/rich/.local/share/Steam/steamapps/common/Cities_Skylines/Cities_Data/Mono/x86_64/data-0x7fbe2907f7a0.so
Non platform assembly: data-0x7fbe3f03a940 (this message is harmless)
Fallback handler could not load library /home/rich/.local/share/Steam/steamapps/common/Cities_Skylines/Cities_Data/Mono/x86_64/data-0x7fbe3f03a940.so
Non platform assembly: data-0x7fbe3f03d490 (this message is harmless)
Fallback handler could not load library /home/rich/.local/share/Steam/steamapps/common/Cities_Skylines/Cities_Data/Mono/x86_64/data-0x7fbe3f03d490.so
Non platform assembly: data-0x7fbe3f03f9e0 (this message is harmless)
Fallback handler could not load library /home/rich/.local/share/Steam/steamapps/common/Cities_Skylines/Cities_Data/Mono/x86_64/data-0x7fbe3f03f9e0.so
Non platform assembly: data-0x7fbe3f041f90 (this message is harmless)
Fallback handler could not load library /home/rich/.local/share/Steam/steamapps/common/Cities_Skylines/Cities_Data/Mono/x86_64/data-0x7fbe3f041f90.so
Non platform assembly: data-0x7fbe3f046320 (this message is harmless)
Fallback handler could not load library /home/rich/.local/share/Steam/steamapps/common/Cities_Skylines/Cities_Data/Mono/x86_64/data-0x7fbe3f046320.so
Non platform assembly: data-0x7fbe3f047fd0 (this message is harmless)
Fallback handler could not load library /home/rich/.local/share/Steam/steamapps/common/Cities_Skylines/Cities_Data/Mono/x86_64/data-0x7fbe3f047fd0.so
Non platform assembly: data-0x7fbe3f04afa0 (this message is harmless)
Fallback handler could not load library /home/rich/.local/share/Steam/steamapps/common/Cities_Skylines/Cities_Data/Mono/x86_64/data-0x7fbe3f04afa0.so
Non platform assembly: data-0x7fbe3f04d390 (this message is harmless)
Fallback handler could not load library /home/rich/.local/share/Steam/steamapps/common/Cities_Skylines/Cities_Data/Mono/x86_64/data-0x7fbe3f04d390.so
Non platform assembly: data-0x7fbe29082000 (this message is harmless)
Fallback handler could not load library /home/rich/.local/share/Steam/steamapps/common/Cities_Skylines/Cities_Data/Mono/x86_64/data-0x7fbe29082000.so
Non platform assembly: data-0x7fbe1cffa9f0 (this message is harmless)
Fallback handler could not load library /home/rich/.local/share/Steam/steamapps/common/Cities_Skylines/Cities_Data/Mono/x86_64/data-0x7fbe1cffa9f0.so
Non platform assembly: data-0x7fbe1cffcf40 (this message is harmless)
Fallback handler could not load library /home/rich/.local/share/Steam/steamapps/common/Cities_Skylines/Cities_Data/Mono/x86_64/data-0x7fbe1cffcf40.so
Non platform assembly: data-0x7fbe1cff83b0 (this message is harmless)
Fallback handler could not load library /home/rich/.local/share/Steam/steamapps/common/Cities_Skylines/Cities_Data/Mono/x86_64/data-0x7fbe1cff83b0.so
Non platform assembly: data-0x7fbe1cfe22a0 (this message is harmless)
Fallback handler could not load library /home/rich/.local/share/Steam/steamapps/common/Cities_Skylines/Cities_Data/Mono/x86_64/data-0x7fbe1cfe22a0.so
Non platform assembly: data-0x7fbe1cfe6b00 (this message is harmless)
Fallback handler could not load library /home/rich/.local/share/Steam/steamapps/common/Cities_Skylines/Cities_Data/Mono/x86_64/data-0x7fbe1cfe6b00.so
Non platform assembly: data-0x7fbe1cfeb190 (this message is harmless)
Fallback handler could not load library /home/rich/.local/share/Steam/steamapps/common/Cities_Skylines/Cities_Data/Mono/x86_64/data-0x7fbe1cfeb190.so
Non platform assembly: data-0x7fbe1cfee200 (this message is harmless)
Fallback handler could not load library /home/rich/.local/share/Steam/steamapps/common/Cities_Skylines/Cities_Data/Mono/x86_64/data-0x7fbe1cfee200.so
Non platform assembly: data-0x7fbe1cff10b0 (this message is harmless)
Fallback handler could not load library /home/rich/.local/share/Steam/steamapps/common/Cities_Skylines/Cities_Data/Mono/x86_64/data-0x7fbe1cff10b0.so
Non platform assembly: data-0x7fbe1cff4380 (this message is harmless)
Fallback handler could not load library /home/rich/.local/share/Steam/steamapps/common/Cities_Skylines/Cities_Data/Mono/x86_64/data-0x7fbe1cff4380.so
Non platform assembly: data-0x7fbe1cff69d0 (this message is harmless)
Fallback handler could not load library /home/rich/.local/share/Steam/steamapps/common/Cities_Skylines/Cities_Data/Mono/x86_64/data-0x7fbe1cff69d0.so
Non platform assembly: data-0x7fbe125d07f0 (this message is harmless)
Fallback handler could not load library /home/rich/.local/share/Steam/steamapps/common/Cities_Skylines/Cities_Data/Mono/x86_64/data-0x7fbe125d07f0.so
Non platform assembly: data-0x7fbe125d3460 (this message is harmless)
Fallback handler could not load library /home/rich/.local/share/Steam/steamapps/common/Cities_Skylines/Cities_Data/Mono/x86_64/data-0x7fbe125d3460.so
Non platform assembly: data-0x7fbe125d5890 (this message is harmless)
Fallback handler could not load library /home/rich/.local/share/Steam/steamapps/common/Cities_Skylines/Cities_Data/Mono/x86_64/data-0x7fbe125d5890.so
Non platform assembly: data-0x7fbe125d8320 (this message is harmless)
Fallback handler could not load library /home/rich/.local/share/Steam/steamapps/common/Cities_Skylines/Cities_Data/Mono/x86_64/data-0x7fbe125d8320.so
Non platform assembly: data-0x7fbe125d9030 (this message is harmless)
Fallback handler could not load library /home/rich/.local/share/Steam/steamapps/common/Cities_Skylines/Cities_Data/Mono/x86_64/data-0x7fbe125d9030.so
Non platform assembly: data-0x7fbe125de470 (this message is harmless)
Fallback handler could not load library /home/rich/.local/share/Steam/steamapps/common/Cities_Skylines/Cities_Data/Mono/x86_64/data-0x7fbe125de470.so
Non platform assembly: data-0x7fbe125e07a0 (this message is harmless)
Fallback handler could not load library /home/rich/.local/share/Steam/steamapps/common/Cities_Skylines/Cities_Data/Mono/x86_64/data-0x7fbe125e07a0.so
Non platform assembly: data-0x7fbe125e2e70 (this message is harmless)
Fallback handler could not load library /home/rich/.local/share/Steam/steamapps/common/Cities_Skylines/Cities_Data/Mono/x86_64/data-0x7fbe125e2e70.so
Non platform assembly: data-0x7fbe125e6100 (this message is harmless)
Fallback handler could not load library /home/rich/.local/share/Steam/steamapps/common/Cities_Skylines/Cities_Data/Mono/x86_64/data-0x7fbe125e6100.so
Non platform assembly: data-0x7fbe125e8a90 (this message is harmless)
Fallback handler could not load library /home/rich/.local/share/Steam/steamapps/common/Cities_Skylines/Cities_Data/Mono/x86_64/data-0x7fbe125e8a90.so
Non platform assembly: data-0x7fbe125eb240 (this message is harmless)
Fallback handler could not load library /home/rich/.local/share/Steam/steamapps/common/Cities_Skylines/Cities_Data/Mono/x86_64/data-0x7fbe125eb240.so
Non platform assembly: data-0x7fbe125ee1b0 (this message is harmless)
Fallback handler could not load library /home/rich/.local/share/Steam/steamapps/common/Cities_Skylines/Cities_Data/Mono/x86_64/data-0x7fbe125ee1b0.so
Non platform assembly: data-0x7fbe294867a0 (this message is harmless)
Fallback handler could not load library /home/rich/.local/share/Steam/steamapps/common/Cities_Skylines/Cities_Data/Mono/x86_64/data-0x7fbe294867a0.so
Non platform assembly: data-0x7fbe29489550 (this message is harmless)
Fallback handler could not load library /home/rich/.local/share/Steam/steamapps/common/Cities_Skylines/Cities_Data/Mono/x86_64/data-0x7fbe29489550.so
Non platform assembly: data-0x7fbe2948bba0 (this message is harmless)
Fallback handler could not load library /home/rich/.local/share/Steam/steamapps/common/Cities_Skylines/Cities_Data/Mono/x86_64/data-0x7fbe2948bba0.so
Non platform assembly: data-0x7fbe2948e0d0 (this message is harmless)
Fallback handler could not load library /home/rich/.local/share/Steam/steamapps/common/Cities_Skylines/Cities_Data/Mono/x86_64/data-0x7fbe2948e0d0.so
Non platform assembly: data-0x7fbe29492800 (this message is harmless)
Fallback handler could not load library /home/rich/.local/share/Steam/steamapps/common/Cities_Skylines/Cities_Data/Mono/x86_64/data-0x7fbe29492800.so
Non platform assembly: data-0x7fbe29494610 (this message is harmless)
Fallback handler could not load library /home/rich/.local/share/Steam/steamapps/common/Cities_Skylines/Cities_Data/Mono/x86_64/data-0x7fbe29494610.so
Non platform assembly: data-0x7fbe294973c0 (this message is harmless)
Fallback handler could not load library /home/rich/.local/share/Steam/steamapps/common/Cities_Skylines/Cities_Data/Mono/x86_64/data-0x7fbe294973c0.so
Non platform assembly: data-0x7fbe294a5360 (this message is harmless)
Fallback handler could not load library /home/rich/.local/share/Steam/steamapps/common/Cities_Skylines/Cities_Data/Mono/x86_64/data-0x7fbe294a5360.so
Non platform assembly: data-0x7fbe0f9052a0 (this message is harmless)
Fallback handler could not load library /home/rich/.local/share/Steam/steamapps/common/Cities_Skylines/Cities_Data/Mono/x86_64/data-0x7fbe0f9052a0.so
Non platform assembly: data-0x7fbe0f8f90c0 (this message is harmless)
Fallback handler could not load library /home/rich/.local/share/Steam/steamapps/common/Cities_Skylines/Cities_Data/Mono/x86_64/data-0x7fbe0f8f90c0.so
Non platform assembly: data-0x7fbe0f8fb810 (this message is harmless)
Fallback handler could not load library /home/rich/.local/share/Steam/steamapps/common/Cities_Skylines/Cities_Data/Mono/x86_64/data-0x7fbe0f8fb810.so
Non platform assembly: data-0x7fbe0f8fe040 (this message is harmless)
Fallback handler could not load library /home/rich/.local/share/Steam/steamapps/common/Cities_Skylines/Cities_Data/Mono/x86_64/data-0x7fbe0f8fe040.so
Non platform assembly: data-0x7fbe0f8f1140 (this message is harmless)
Fallback handler could not load library /home/rich/.local/share/Steam/steamapps/common/Cities_Skylines/Cities_Data/Mono/x86_64/data-0x7fbe0f8f1140.so
Non platform assembly: data-0x7fbe0f8f37d0 (this message is harmless)
Fallback handler could not load library /home/rich/.local/share/Steam/steamapps/common/Cities_Skylines/Cities_Data/Mono/x86_64/data-0x7fbe0f8f37d0.so
Non platform assembly: data-0x7fbe0f8f6400 (this message is harmless)
Fallback handler could not load library /home/rich/.local/share/Steam/steamapps/common/Cities_Skylines/Cities_Data/Mono/x86_64/data-0x7fbe0f8f6400.so
Non platform assembly: data-0x7fbe0f8ea050 (this message is harmless)
Fallback handler could not load library /home/rich/.local/share/Steam/steamapps/common/Cities_Skylines/Cities_Data/Mono/x86_64/data-0x7fbe0f8ea050.so
Non platform assembly: data-0x7fbe0f8ec1e0 (this message is harmless)
Fallback handler could not load library /home/rich/.local/share/Steam/steamapps/common/Cities_Skylines/Cities_Data/Mono/x86_64/data-0x7fbe0f8ec1e0.so
Non platform assembly: data-0x7fbe0f8ee850 (this message is harmless)
Fallback handler could not load library /home/rich/.local/share/Steam/steamapps/common/Cities_Skylines/Cities_Data/Mono/x86_64/data-0x7fbe0f8ee850.so
Non platform assembly: data-0x7fbe1301b880 (this message is harmless)
Fallback handler could not load library /home/rich/.local/share/Steam/steamapps/common/Cities_Skylines/Cities_Data/Mono/x86_64/data-0x7fbe1301b880.so
Non platform assembly: data-0x7fbe1301dc50 (this message is harmless)
Fallback handler could not load library /home/rich/.local/share/Steam/steamapps/common/Cities_Skylines/Cities_Data/Mono/x86_64/data-0x7fbe1301dc50.so
Non platform assembly: data-0x7fbe13020200 (this message is harmless)
Fallback handler could not load library /home/rich/.local/share/Steam/steamapps/common/Cities_Skylines/Cities_Data/Mono/x86_64/data-0x7fbe13020200.so
Non platform assembly: data-0x7fbe13022bb0 (this message is harmless)
Fallback handler could not load library /home/rich/.local/share/Steam/steamapps/common/Cities_Skylines/Cities_Data/Mono/x86_64/data-0x7fbe13022bb0.so
Non platform assembly: data-0x7fbe130237c0 (this message is harmless)
Fallback handler could not load library /home/rich/.local/share/Steam/steamapps/common/Cities_Skylines/Cities_Data/Mono/x86_64/data-0x7fbe130237c0.so
Non platform assembly: data-0x7fbe130243d0 (this message is harmless)
Fallback handler could not load library /home/rich/.local/share/Steam/steamapps/common/Cities_Skylines/Cities_Data/Mono/x86_64/data-0x7fbe130243d0.so
Non platform assembly: data-0x7fbe396dbde0 (this message is harmless)
Fallback handler could not load library /home/rich/.local/share/Steam/steamapps/common/Cities_Skylines/Cities_Data/Mono/x86_64/data-0x7fbe396dbde0.so
Non platform assembly: data-0x7fbe1302f8c0 (this message is harmless)
Fallback handler could not load library /home/rich/.local/share/Steam/steamapps/common/Cities_Skylines/Cities_Data/Mono/x86_64/data-0x7fbe1302f8c0.so
Non platform assembly: data-0x7fbe0f8efcd0 (this message is harmless)
Fallback handler could not load library /home/rich/.local/share/Steam/steamapps/common/Cities_Skylines/Cities_Data/Mono/x86_64/data-0x7fbe0f8efcd0.so
Non platform assembly: data-0x7fbe13024fe0 (this message is harmless)
Fallback handler could not load library /home/rich/.local/share/Steam/steamapps/common/Cities_Skylines/Cities_Data/Mono/x86_64/data-0x7fbe13024fe0.so
Non platform assembly: data-0x7fbe13025bf0 (this message is harmless)
Fallback handler could not load library /home/rich/.local/share/Steam/steamapps/common/Cities_Skylines/Cities_Data/Mono/x86_64/data-0x7fbe13025bf0.so
Non platform assembly: data-0x7fbe13026800 (this message is harmless)
Fallback handler could not load library /home/rich/.local/share/Steam/steamapps/common/Cities_Skylines/Cities_Data/Mono/x86_64/data-0x7fbe13026800.so
Non platform assembly: data-0x7fbe130280c0 (this message is harmless)
Fallback handler could not load library /home/rich/.local/share/Steam/steamapps/common/Cities_Skylines/Cities_Data/Mono/x86_64/data-0x7fbe130280c0.so
Non platform assembly: data-0x7fbe13028cd0 (this message is harmless)
Fallback handler could not load library /home/rich/.local/share/Steam/steamapps/common/Cities_Skylines/Cities_Data/Mono/x86_64/data-0x7fbe13028cd0.so
Non platform assembly: data-0x7fbe130298e0 (this message is harmless)
Fallback handler could not load library /home/rich/.local/share/Steam/steamapps/common/Cities_Skylines/Cities_Data/Mono/x86_64/data-0x7fbe130298e0.so
Non platform assembly: data-0x7fbe1302a4f0 (this message is harmless)
Fallback handler could not load library /home/rich/.local/share/Steam/steamapps/common/Cities_Skylines/Cities_Data/Mono/x86_64/data-0x7fbe1302a4f0.so
Non platform assembly: data-0x7fbe1302b100 (this message is harmless)
Fallback handler could not load library /home/rich/.local/share/Steam/steamapps/common/Cities_Skylines/Cities_Data/Mono/x86_64/data-0x7fbe1302b100.so
Non platform assembly: data-0x7fbe1302bd10 (this message is harmless)
Fallback handler could not load library /home/rich/.local/share/Steam/steamapps/common/Cities_Skylines/Cities_Data/Mono/x86_64/data-0x7fbe1302bd10.so
NullReferenceException: Object reference not set to an instance of an object
  at NetworkAnarchy.NetworkAnarchy.Deactivate () [0x00000] in <filename unknown>:0 
  at NetworkAnarchy.NetworkAnarchy.OnDisable () [0x00000] in <filename unknown>:0 
UnityEngine.Behaviour:set_enabled(Boolean)
NetworkAnarchy.ModInfo:DestroyMod()
NetworkAnarchy.ModInfo:OnLevelUnloading()
LoadingWrapper:OnLevelUnloading()
LoadingManager:QuitApplication()
PauseMenu:<Quit>m__2(UIComponent, Int32)
ColossalFramework.UI.UIView:PopModal(Int32)
ColossalFramework.UI.UIDynamicPanels:Hide(String, Int32)
ExitConfirmPanel:OnExitGame()
System.Object:DynamicEventWrapper_OnExitGame(ExitConfirmPanel, UIComponent, UIMouseEventParameter)
ColossalFramework.UI.UIComponent:OnClick(UIMouseEventParameter)
ColossalFramework.UI.UIButton:OnClick(UIMouseEventParameter)
ColossalFramework.UI.MouseHandler:ProcessInput(IInputTranslator, Ray, UIComponent, Boolean)
ColossalFramework.UI.UIInput:ProcessMouseInput()
ColossalFramework.UI.UIInput:Update()
 
(Filename:  Line: -1)

Waiting for simulation to quit...  [Core]
 
(Filename: /home/builduser/buildslave/unity/build/artifacts/generated/common/runtime/DebugBindings.gen.cpp Line: 51)

PopsApi: Shutdown complete
 
(Filename: /home/builduser/buildslave/unity/build/artifacts/generated/common/runtime/DebugBindings.gen.cpp Line: 51)

Setting up 11 worker threads for Enlighten.
  Thread -> id: 7fbfd6ffd6c0 -> priority: 1 
  Thread -> id: 7fbfd5ffb6c0 -> priority: 1 
  Thread -> id: 7fbe08b626c0 -> priority: 1 
  Thread -> id: 7fbe03fff6c0 -> priority: 1 
  Thread -> id: 7fbe037fe6c0 -> priority: 1 
  Thread -> id: 7fbe02ffd6c0 -> priority: 1 
  Thread -> id: 7fbe017fa6c0 -> priority: 1 
  Thread -> id: 7fbe00ff96c0 -> priority: 1 
  Thread -> id: 7fbe01ffb6c0 -> priority: 1 
  Thread -> id: 7fbe027fc6c0 -> priority: 1 
  Thread -> id: 7fbdfbfff6c0 -> priority: 1 
Non platform assembly: data-0x7fbe18985710 (this message is harmless)
Fallback handler could not load library /home/rich/.local/share/Steam/steamapps/common/Cities_Skylines/Cities_Data/Mono/x86_64/data-0x7fbe18985710.so
Non platform assembly: data-0x7fbe10134eb0 (this message is harmless)
Fallback handler could not load library /home/rich/.local/share/Steam/steamapps/common/Cities_Skylines/Cities_Data/Mono/x86_64/data-0x7fbe10134eb0.so
Non platform assembly: data-0x563c520 (this message is harmless)
Fallback handler could not load library /home/rich/.local/share/Steam/steamapps/common/Cities_Skylines/Cities_Data/Mono/x86_64/data-0x563c520.so
Non platform assembly: data-0x53dfeb0 (this message is harmless)
Fallback handler could not load library /home/rich/.local/share/Steam/steamapps/common/Cities_Skylines/Cities_Data/Mono/x86_64/data-0x53dfeb0.so
Destroying object multiple times. Don't use DestroyImmediate on the same object in OnDisable or OnDestroy.
 
(Filename:  Line: 1456)

Destroying object multiple times. Don't use DestroyImmediate on the same object in OnDisable or OnDestroy.
 
(Filename:  Line: 1456)

Destroying object multiple times. Don't use DestroyImmediate on the same object in OnDisable or OnDestroy.
 
(Filename:  Line: 1456)

Destroying object multiple times. Don't use DestroyImmediate on the same object in OnDisable or OnDestroy.
 
(Filename:  Line: 1456)

Destroying object multiple times. Don't use DestroyImmediate on the same object in OnDisable or OnDestroy.
 
(Filename:  Line: 1456)

Destroying object multiple times. Don't use DestroyImmediate on the same object in OnDisable or OnDestroy.
 
(Filename:  Line: 1456)

Destroying object multiple times. Don't use DestroyImmediate on the same object in OnDisable or OnDestroy.
 
(Filename:  Line: 1456)

Destroying object multiple times. Don't use DestroyImmediate on the same object in OnDisable or OnDestroy.
 
(Filename:  Line: 1456)

Destroying object multiple times. Don't use DestroyImmediate on the same object in OnDisable or OnDestroy.
 
(Filename:  Line: 1456)

Destroying object multiple times. Don't use DestroyImmediate on the same object in OnDisable or OnDestroy.
 
(Filename:  Line: 1456)

Can't add component to object that is being destroyed.
 
(Filename:  Line: 97)

Can't add component to object that is being destroyed.
 
(Filename:  Line: 97)

Can't add component to object that is being destroyed.
 
(Filename:  Line: 97)

Can't add component to object that is being destroyed.
 
(Filename:  Line: 97)

Simulation terminated  [Core]
 
(Filename: /home/builduser/buildslave/unity/build/artifacts/generated/common/runtime/DebugBindings.gen.cpp Line: 51)

GameSettings Monitor Exiting...  [Settings - Internal]
 
(Filename: /home/builduser/buildslave/unity/build/artifacts/generated/common/runtime/DebugBindings.gen.cpp Line: 51)

GameSettings terminated  [Settings - Internal]
 
(Filename: /home/builduser/buildslave/unity/build/artifacts/generated/common/runtime/DebugBindings.gen.cpp Line: 51)

Non platform assembly: data-0x7fbe2ce5c9d0 (this message is harmless)
Fallback handler could not load library /home/rich/.local/share/Steam/steamapps/common/Cities_Skylines/Cities_Data/Mono/x86_64/data-0x7fbe2ce5c9d0.so
Non platform assembly: data-0xb8707d0 (this message is harmless)
Fallback handler could not load library /home/rich/.local/share/Steam/steamapps/common/Cities_Skylines/Cities_Data/Mono/x86_64/data-0xb8707d0.so
Non platform assembly: data-0x56d0e40 (this message is harmless)
Fallback handler could not load library /home/rich/.local/share/Steam/steamapps/common/Cities_Skylines/Cities_Data/Mono/x86_64/data-0x56d0e40.so
Non platform assembly: data-0x56c56d0 (this message is harmless)
Fallback handler could not load library /home/rich/.local/share/Steam/steamapps/common/Cities_Skylines/Cities_Data/Mono/x86_64/data-0x56c56d0.so
Non platform assembly: data-0x56b6b80 (this message is harmless)
Fallback handler could not load library /home/rich/.local/share/Steam/steamapps/common/Cities_Skylines/Cities_Data/Mono/x86_64/data-0x56b6b80.so
Non platform assembly: data-0x56337e0 (this message is harmless)
Fallback handler could not load library /home/rich/.local/share/Steam/steamapps/common/Cities_Skylines/Cities_Data/Mono/x86_64/data-0x56337e0.so
Non platform assembly: data-0x7fbe379eb6a0 (this message is harmless)
Fallback handler could not load library /home/rich/.local/share/Steam/steamapps/common/Cities_Skylines/Cities_Data/Mono/x86_64/data-0x7fbe379eb6a0.so
Non platform assembly: data-0xb84f1e0 (this message is harmless)
Fallback handler could not load library /home/rich/.local/share/Steam/steamapps/common/Cities_Skylines/Cities_Data/Mono/x86_64/data-0xb84f1e0.so
Non platform assembly: data-0x7fbe1302e930 (this message is harmless)
Fallback handler could not load library /home/rich/.local/share/Steam/steamapps/common/Cities_Skylines/Cities_Data/Mono/x86_64/data-0x7fbe1302e930.so
Non platform assembly: data-0x5625b50 (this message is harmless)
Fallback handler could not load library /home/rich/.local/share/Steam/steamapps/common/Cities_Skylines/Cities_Data/Mono/x86_64/data-0x5625b50.so
Non platform assembly: data-0x5622140 (this message is harmless)
Fallback handler could not load library /home/rich/.local/share/Steam/steamapps/common/Cities_Skylines/Cities_Data/Mono/x86_64/data-0x5622140.so
Non platform assembly: data-0xb850110 (this message is harmless)
Fallback handler could not load library /home/rich/.local/share/Steam/steamapps/common/Cities_Skylines/Cities_Data/Mono/x86_64/data-0xb850110.so
Non platform assembly: data-0x5631ff0 (this message is harmless)
Fallback handler could not load library /home/rich/.local/share/Steam/steamapps/common/Cities_Skylines/Cities_Data/Mono/x86_64/data-0x5631ff0.so
Non platform assembly: data-0x5639180 (this message is harmless)
Fallback handler could not load library /home/rich/.local/share/Steam/steamapps/common/Cities_Skylines/Cities_Data/Mono/x86_64/data-0x5639180.so
Non platform assembly: data-0x5668320 (this message is harmless)
Fallback handler could not load library /home/rich/.local/share/Steam/steamapps/common/Cities_Skylines/Cities_Data/Mono/x86_64/data-0x5668320.so
Non platform assembly: data-0x5630780 (this message is harmless)
Fallback handler could not load library /home/rich/.local/share/Steam/steamapps/common/Cities_Skylines/Cities_Data/Mono/x86_64/data-0x5630780.so
Non platform assembly: data-0x56761c0 (this message is harmless)
Fallback handler could not load library /home/rich/.local/share/Steam/steamapps/common/Cities_Skylines/Cities_Data/Mono/x86_64/data-0x56761c0.so
Non platform assembly: data-0xc5def10 (this message is harmless)
Fallback handler could not load library /home/rich/.local/share/Steam/steamapps/common/Cities_Skylines/Cities_Data/Mono/x86_64/data-0xc5def10.so
Non platform assembly: data-0x7fbe2e71d040 (this message is harmless)
Fallback handler could not load library /home/rich/.local/share/Steam/steamapps/common/Cities_Skylines/Cities_Data/Mono/x86_64/data-0x7fbe2e71d040.so
Non platform assembly: data-0xb829240 (this message is harmless)
Fallback handler could not load library /home/rich/.local/share/Steam/steamapps/common/Cities_Skylines/Cities_Data/Mono/x86_64/data-0xb829240.so
Non platform assembly: data-0xc5c5d90 (this message is harmless)
Fallback handler could not load library /home/rich/.local/share/Steam/steamapps/common/Cities_Skylines/Cities_Data/Mono/x86_64/data-0xc5c5d90.so
Non platform assembly: data-0x56c64d0 (this message is harmless)
Fallback handler could not load library /home/rich/.local/share/Steam/steamapps/common/Cities_Skylines/Cities_Data/Mono/x86_64/data-0x56c64d0.so
Non platform assembly: data-0x5663590 (this message is harmless)
Fallback handler could not load library /home/rich/.local/share/Steam/steamapps/common/Cities_Skylines/Cities_Data/Mono/x86_64/data-0x5663590.so
Non platform assembly: data-0x7fbe379ecb10 (this message is harmless)
Fallback handler could not load library /home/rich/.local/share/Steam/steamapps/common/Cities_Skylines/Cities_Data/Mono/x86_64/data-0x7fbe379ecb10.so
Non platform assembly: data-0x53e4ed0 (this message is harmless)
Fallback handler could not load library /home/rich/.local/share/Steam/steamapps/common/Cities_Skylines/Cities_Data/Mono/x86_64/data-0x53e4ed0.so
Non platform assembly: data-0x5636e30 (this message is harmless)
Fallback handler could not load library /home/rich/.local/share/Steam/steamapps/common/Cities_Skylines/Cities_Data/Mono/x86_64/data-0x5636e30.so
Non platform assembly: data-0x5637a40 (this message is harmless)
Fallback handler could not load library /home/rich/.local/share/Steam/steamapps/common/Cities_Skylines/Cities_Data/Mono/x86_64/data-0x5637a40.so
Non platform assembly: data-0x563d1c0 (this message is harmless)
Fallback handler could not load library /home/rich/.local/share/Steam/steamapps/common/Cities_Skylines/Cities_Data/Mono/x86_64/data-0x563d1c0.so
Non platform assembly: data-0x563ddd0 (this message is harmless)
Fallback handler could not load library /home/rich/.local/share/Steam/steamapps/common/Cities_Skylines/Cities_Data/Mono/x86_64/data-0x563ddd0.so
Non platform assembly: data-0x56c3a50 (this message is harmless)
Fallback handler could not load library /home/rich/.local/share/Steam/steamapps/common/Cities_Skylines/Cities_Data/Mono/x86_64/data-0x56c3a50.so
Non platform assembly: data-0x56c4660 (this message is harmless)
Fallback handler could not load library /home/rich/.local/share/Steam/steamapps/common/Cities_Skylines/Cities_Data/Mono/x86_64/data-0x56c4660.so
Non platform assembly: data-0x53e1a20 (this message is harmless)
Fallback handler could not load library /home/rich/.local/share/Steam/steamapps/common/Cities_Skylines/Cities_Data/Mono/x86_64/data-0x53e1a20.so
Non platform assembly: data-0x53e2630 (this message is harmless)
Fallback handler could not load library /home/rich/.local/share/Steam/steamapps/common/Cities_Skylines/Cities_Data/Mono/x86_64/data-0x53e2630.so
Non platform assembly: data-0x7fbe11dab530 (this message is harmless)
Fallback handler could not load library /home/rich/.local/share/Steam/steamapps/common/Cities_Skylines/Cities_Data/Mono/x86_64/data-0x7fbe11dab530.so
Non platform assembly: data-0x7fbe11dac140 (this message is harmless)
Fallback handler could not load library /home/rich/.local/share/Steam/steamapps/common/Cities_Skylines/Cities_Data/Mono/x86_64/data-0x7fbe11dac140.so
Non platform assembly: data-0x56513d0 (this message is harmless)
Fallback handler could not load library /home/rich/.local/share/Steam/steamapps/common/Cities_Skylines/Cities_Data/Mono/x86_64/data-0x56513d0.so
