[11/25/25, 12:50:23:586] info: [DND_V2] (T095LHX9N) Will check for changes in DND status again in 5 minutes 
[11/25/25, 12:52:08:181] info: [API-Q] (T07CXALJLTU) noversion-1764100328.179 Flannel users/info called with reason: flannel-call:users/info 
[11/25/25, 12:52:08:181] info: [API-Q] (T07CXALJLTU) noversion-1764100328.179 Flannel users/info is ENQUEUED 
[11/25/25, 12:52:08:181] info: [API-Q] (T07CXALJLTU) noversion-1764100328.179 Flannel users/info is ACTIVE 
[11/25/25, 12:52:08:252] info: [API-Q] (T07CXALJLTU) noversion-1764100328.179 Flannel users/info is RESOLVED 
[11/25/25, 12:52:13:443] info: [CHECK-FOR-OLD-CHANNEL] (T095LHX9N) Start cleaning up DMs/MPDMs — starting with 52 entries. 
[11/25/25, 12:52:13:443] info: [CHECK-FOR-OLD-CHANNEL] (T095LHX9N) Eligible DMs/MPDMs for cleanup — [external DMs]:0, [internal DMs]: 11, [app DMs]: 0 
[11/25/25, 12:52:13:443] info: [CHECK-FOR-OLD-CHANNEL] (T095LHX9N) Identified 0 DMs/MPDMs of externalDMs type for closure 
[11/25/25, 12:52:13:444] info: [CHECK-FOR-OLD-CHANNEL] (T095LHX9N) Not eligible C09TW15MSKH: Not idle 
[11/25/25, 12:52:13:444] info: [CHECK-FOR-OLD-CHANNEL] (T095LHX9N) Not eligible D04U62ZABBM: Self DM 
[11/25/25, 12:52:13:444] info: [CHECK-FOR-OLD-CHANNEL] (T095LHX9N) Not eligible D04U6FHBBD1: Not idle 
[11/25/25, 12:52:13:444] info: [CHECK-FOR-OLD-CHANNEL] (T095LHX9N) Not eligible D04U8LHMQS0: Slackbot 
[11/25/25, 12:52:13:444] info: [CHECK-FOR-OLD-CHANNEL] (T095LHX9N) Not eligible D04UM60PJB1: Not idle 
[11/25/25, 12:52:13:444] info: [CHECK-FOR-OLD-CHANNEL] (T095LHX9N) Not eligible D07Q38WSLRL: Not idle 
[11/25/25, 12:52:13:444] info: [CHECK-FOR-OLD-CHANNEL] (T095LHX9N) Not eligible D08T2G33XDM: Not idle 
[11/25/25, 12:52:13:444] info: [CHECK-FOR-OLD-CHANNEL] (T095LHX9N) Not eligible D098CC27XGV: Has draft 
[11/25/25, 12:52:13:444] info: [CHECK-FOR-OLD-CHANNEL] (T095LHX9N) Identified 0 DMs/MPDMs of internalDMs type for closure 
[11/25/25, 12:52:13:444] info: [CHECK-FOR-OLD-CHANNEL] (T095LHX9N) Identified 0 DMs/MPDMs of appDMs type for closure 
[11/25/25, 12:52:14:445] info: [CHECK-FOR-OLD-CHANNEL] (T026U7G95U6) Start cleaning up DMs/MPDMs — starting with 11 entries. 
[11/25/25, 12:52:14:445] info: [CHECK-FOR-OLD-CHANNEL] (T026U7G95U6) Eligible DMs/MPDMs for cleanup — [external DMs]:0, [internal DMs]: 11, [app DMs]: 0 
[11/25/25, 12:52:14:445] info: [CHECK-FOR-OLD-CHANNEL] (T026U7G95U6) Identified 0 DMs/MPDMs of externalDMs type for closure 
[11/25/25, 12:52:14:445] info: [CHECK-FOR-OLD-CHANNEL] (T026U7G95U6) Not eligible D02AV4K7V6H: Slackbot 
[11/25/25, 12:52:14:445] info: [CHECK-FOR-OLD-CHANNEL] (T026U7G95U6) Not eligible D02B4B892TW: Self DM 
[11/25/25, 12:52:14:446] info: [CHECK-FOR-OLD-CHANNEL] (T026U7G95U6) Identified 0 DMs/MPDMs of internalDMs type for closure 
[11/25/25, 12:52:14:446] info: [CHECK-FOR-OLD-CHANNEL] (T026U7G95U6) Identified 0 DMs/MPDMs of appDMs type for closure 
[11/25/25, 12:52:15:447] info: [CHECK-FOR-OLD-CHANNEL] (T07CXALJLTU) Start cleaning up DMs/MPDMs — starting with 14 entries. 
[11/25/25, 12:52:15:447] info: [CHECK-FOR-OLD-CHANNEL] (T07CXALJLTU) Eligible DMs/MPDMs for cleanup — [external DMs]:0, [internal DMs]: 11, [app DMs]: 0 
[11/25/25, 12:52:15:447] info: [CHECK-FOR-OLD-CHANNEL] (T07CXALJLTU) Identified 0 DMs/MPDMs of externalDMs type for closure 
[11/25/25, 12:52:15:447] info: [CHECK-FOR-OLD-CHANNEL] (T07CXALJLTU) Not eligible D09SUDGUMPU: Self DM 
[11/25/25, 12:52:15:447] info: [CHECK-FOR-OLD-CHANNEL] (T07CXALJLTU) Identified 0 DMs/MPDMs of internalDMs type for closure 
[11/25/25, 12:52:15:447] info: [CHECK-FOR-OLD-CHANNEL] (T07CXALJLTU) Identified 0 DMs/MPDMs of appDMs type for closure 
[11/25/25, 12:52:24:593] info: [MIN-VERSION] Checking to see if we should reload 
[11/25/25, 12:52:24:595] info: [BOOT-QUEUE] T095LHX9N noversion-1764100344.594 client.shouldReload called with reason: polling 
[11/25/25, 12:52:24:595] info: [BOOT-QUEUE] T095LHX9N noversion-1764100344.594 client.shouldReload is ENQUEUED 
[11/25/25, 12:52:24:595] info: [BOOT-QUEUE] T095LHX9N noversion-1764100344.594 client.shouldReload is ACTIVE 
[11/25/25, 12:52:24:773] info: [BOOT-QUEUE] T095LHX9N noversion-1764100344.594 client.shouldReload is RESOLVED 
[11/25/25, 12:52:24:773] info: [MIN-VERSION] No need to reload 
[11/25/25, 12:52:24:773] info: [MIN-VERSION] No need to install new service worker 
[11/25/25, 12:55:14:691] info: [RTM-EVENT-METRICS] Metrics collection sampling has been reset. 
[11/25/25, 12:55:23:586] info: [DND_V2] (T095LHX9N) Checking for changes in DND status for the following members: U04UJR2PHMX,U095LTFRC,U03FCQ34JPK,U08PY1SAM0W,U0AL64VTR,U02BPRZ4FAQ,U06PZDZSXDZ,U06QB0DNF6U,U08L58USZ6V,U08RY079RFD,U090VKSQFFW,U04M57LQ3EV,U08V8DJ5LP8 
[11/25/25, 12:55:23:588] info: [DND_V2] (T095LHX9N) Will check for changes in DND status again in 5 minutes 
[11/25/25, 12:56:19:471] info: [API-Q] (T026U7G95U6) noversion-1764100579.470 Flannel users/info called with reason: flannel-call:users/info 
[11/25/25, 12:56:19:471] info: [API-Q] (T026U7G95U6) noversion-1764100579.470 Flannel users/info is ENQUEUED 
[11/25/25, 12:56:19:472] info: [API-Q] (T026U7G95U6) noversion-1764100579.470 Flannel users/info is ACTIVE 
[11/25/25, 12:56:19:563] info: [API-Q] (T026U7G95U6) noversion-1764100579.470 Flannel users/info is RESOLVED 
[11/25/25, 12:57:03:292] info: Store: SET_SUSPEND_STATUS false 
[11/25/25, 12:57:03:293] info: [DESKTOP-SIDE-EFFECT] Update from desktop for keys  ["app"] 
[11/25/25, 12:57:03:294] warn: SOCKET-MANAGER (T026U7G95U6) Socket was closed because #1006: generic error 
[11/25/25, 12:57:03:295] info: [SOCKET-MANAGER] (T026U7G95U6) Changing from connected to error 
[11/25/25, 12:57:03:296] info: [SOCKET-MANAGER] (T026U7G95U6) will stay in error state for up to 10000 ms 
[11/25/25, 12:57:03:296] info: [SOCKET-MANAGER] (T026U7G95U6) Changing from error to wait_for_rate_limit 
[11/25/25, 12:57:03:296] info: [SOCKET-MANAGER] (T026U7G95U6) will stay in wait_for_rate_limit state for up to 120000 ms 
[11/25/25, 12:57:03:296] info: [SOCKET-MANAGER] (T026U7G95U6) backing off: will wait for 538 ms 
[11/25/25, 12:57:03:297] info: [EVENTLOG] (T026U7G95U6) socket was closed while we were fetching history; cancelling our request 
[11/25/25, 12:57:03:298] warn: SOCKET-MANAGER (T095LHX9N) Socket was closed because #1006: generic error 
[11/25/25, 12:57:03:298] info: [SOCKET-MANAGER] (T095LHX9N) Changing from connected to error 
[11/25/25, 12:57:03:299] info: [SOCKET-MANAGER] (T095LHX9N) will stay in error state for up to 10000 ms 
[11/25/25, 12:57:03:299] info: [SOCKET-MANAGER] (T095LHX9N) Changing from error to wait_for_rate_limit 
[11/25/25, 12:57:03:299] info: [SOCKET-MANAGER] (T095LHX9N) will stay in wait_for_rate_limit state for up to 120000 ms 
[11/25/25, 12:57:03:299] info: [SOCKET-MANAGER] (T095LHX9N) backing off: will wait for 40 ms 
[11/25/25, 12:57:03:300] info: [EVENTLOG] (T095LHX9N) socket was closed while we were fetching history; cancelling our request 
[11/25/25, 12:57:03:300] warn: SOCKET-MANAGER (T07CXALJLTU) Socket was closed because #1006: generic error 
[11/25/25, 12:57:03:301] info: [SOCKET-MANAGER] (T07CXALJLTU) Changing from connected to error 
[11/25/25, 12:57:03:301] info: [SOCKET-MANAGER] (T07CXALJLTU) will stay in error state for up to 10000 ms 
[11/25/25, 12:57:03:301] info: [SOCKET-MANAGER] (T07CXALJLTU) Changing from error to wait_for_rate_limit 
[11/25/25, 12:57:03:302] info: [SOCKET-MANAGER] (T07CXALJLTU) will stay in wait_for_rate_limit state for up to 120000 ms 
[11/25/25, 12:57:03:302] info: [SOCKET-MANAGER] (T07CXALJLTU) backing off: will wait for 126 ms 
[11/25/25, 12:57:03:302] info: [EVENTLOG] (T07CXALJLTU) socket was closed while we were fetching history; cancelling our request 
[11/25/25, 12:57:03:302] info: [SOCKET-MANAGER] (T095LHX9N) Sleeping 
[11/25/25, 12:57:03:302] info: [SOCKET-MANAGER] (T095LHX9N) Changing from wait_for_rate_limit to sleep 
[11/25/25, 12:57:03:302] info: [SOCKET-MANAGER] (T095LHX9N) will stay in sleep state for up to 10000 ms 
[11/25/25, 12:57:03:303] info: [SOCKET-MANAGER] (T095LHX9N) Changing from sleep to sleeping 
[11/25/25, 12:57:03:303] info: [SOCKET-MANAGER] (T095LHX9N) will stay in sleeping state for up to 10000 ms 
[11/25/25, 12:57:03:303] info: [SOCKET-MANAGER] (T095LHX9N) Changing from sleeping to asleep 
[11/25/25, 12:57:03:303] info: [SOCKET-MANAGER] (T095LHX9N) will stay in asleep state for up to Infinity ms 
[11/25/25, 12:57:03:303] info: [SOCKET-MANAGER] (T026U7G95U6) Sleeping 
[11/25/25, 12:57:03:303] info: [SOCKET-MANAGER] (T026U7G95U6) Changing from wait_for_rate_limit to sleep 
[11/25/25, 12:57:03:303] info: [SOCKET-MANAGER] (T026U7G95U6) will stay in sleep state for up to 10000 ms 
[11/25/25, 12:57:03:303] info: [SOCKET-MANAGER] (T026U7G95U6) Changing from sleep to sleeping 
[11/25/25, 12:57:03:303] info: [SOCKET-MANAGER] (T026U7G95U6) will stay in sleeping state for up to 10000 ms 
[11/25/25, 12:57:03:303] info: [SOCKET-MANAGER] (T026U7G95U6) Changing from sleeping to asleep 
[11/25/25, 12:57:03:303] info: [SOCKET-MANAGER] (T026U7G95U6) will stay in asleep state for up to Infinity ms 
[11/25/25, 12:57:03:303] info: [SOCKET-MANAGER] (T07CXALJLTU) Sleeping 
[11/25/25, 12:57:03:303] info: [SOCKET-MANAGER] (T07CXALJLTU) Changing from wait_for_rate_limit to sleep 
[11/25/25, 12:57:03:304] info: [SOCKET-MANAGER] (T07CXALJLTU) will stay in sleep state for up to 10000 ms 
[11/25/25, 12:57:03:304] info: [SOCKET-MANAGER] (T07CXALJLTU) Changing from sleep to sleeping 
[11/25/25, 12:57:03:304] info: [SOCKET-MANAGER] (T07CXALJLTU) will stay in sleeping state for up to 10000 ms 
[11/25/25, 12:57:03:304] info: [SOCKET-MANAGER] (T07CXALJLTU) Changing from sleeping to asleep 
[11/25/25, 12:57:03:304] info: [SOCKET-MANAGER] (T07CXALJLTU) will stay in asleep state for up to Infinity ms 
[11/25/25, 12:57:03:304] info: Store: SET_SUSPEND_STATUS false 
[11/25/25, 12:57:03:305] info: [DESKTOP-SIDE-EFFECT] Update from desktop for keys  ["app"] 
[11/25/25, 12:57:03:306] info: [SOCKET-MANAGER] (T095LHX9N) Sleeping 
[11/25/25, 12:57:03:306] info: [SOCKET-MANAGER] (T026U7G95U6) Sleeping 
[11/25/25, 12:57:03:307] info: [SOCKET-MANAGER] (T07CXALJLTU) Sleeping 
[11/25/25, 12:57:03:547] info: [DEVICE-PREFS] Device list change event received at 1764100623547 
[11/25/25, 12:57:03:548] info: [HUDDLE-SDK] (T095LHX9N) Device change event callback is triggered 
[11/25/25, 12:57:03:549] info: [DEVICE-PREFS] Device list change event received at 1764100623548 
[11/25/25, 12:57:03:549] info: [DEVICE-PREFS] Available devices update already in progress. Returning existing promise. 
[11/25/25, 12:57:03:549] info: [HUDDLE-SDK] (T095LHX9N) Device change event callback is triggered 
[11/25/25, 12:57:03:550] info: [DEVICE-PREFS] Device list change event received at 1764100623550 
[11/25/25, 12:57:03:550] info: [DEVICE-PREFS] Available devices update already in progress. Returning existing promise. 
[11/25/25, 12:57:03:550] info: [HUDDLE-SDK] (T095LHX9N) Device change event callback is triggered 
[11/25/25, 13:03:37:560] info: [DEVICE-PREFS] Amending label for OS default audiooutput device: Default -> System Default (Default) 
[11/25/25, 13:03:37:560] info: [DEVICE-PREFS] Device list update complete 
[11/25/25, 13:03:37:572] info: [DND_V2] (T095LHX9N) Will check for changes in DND status again in 5 minutes 
[11/25/25, 13:03:37:861] info: [DEVICE-PREFS] Propagating device selection history update 
[11/25/25, 13:03:37:861] warn: DEVICE-PREFS No preferred device found for type camera. Returning undefined. If this happens, the user will likely report that their device is not working. They may also have revoked or not given permission to use the device. 
[11/25/25, 13:03:37:861] warn: DEVICE-PREFS No preferred device found for type microphone. Returning undefined. If this happens, the user will likely report that their device is not working. They may also have revoked or not given permission to use the device. 
[11/25/25, 13:03:37:862] info: [DEVICE-PREFS] Setting preferred audiooutput device in huddle default 
[11/25/25, 13:03:38:289] info: Store: POWER_RESUMED  
[11/25/25, 13:03:38:290] info: Store: SET_SUSPEND_STATUS true 
[11/25/25, 13:03:38:302] info: [DESKTOP-SIDE-EFFECT] Update from desktop for keys  ["app"] 
[11/25/25, 13:03:38:303] info: [SOCKET-MANAGER] (T095LHX9N) Waking 
[11/25/25, 13:03:38:303] info: [SOCKET-MANAGER] (T095LHX9N) Changing from asleep to connect 
[11/25/25, 13:03:38:303] info: [SOCKET-MANAGER] (T095LHX9N) will stay in connect state for up to 10000 ms 
[11/25/25, 13:03:38:304] info: [SOCKET-MANAGER] (T095LHX9N) Changing from connect to checking_fast_reconnect 
[11/25/25, 13:03:38:304] info: [SOCKET-MANAGER] (T095LHX9N) will stay in checking_fast_reconnect state for up to 60000 ms 
[11/25/25, 13:03:38:305] info: [SOCKET-MANAGER] (T095LHX9N) Attempting to connect to primary region 
[11/25/25, 13:03:38:305] info: [SOCKET-MANAGER] (T095LHX9N) Changing from checking_fast_reconnect to prov_connect 
[11/25/25, 13:03:38:305] info: [SOCKET-MANAGER] (T095LHX9N) will stay in prov_connect state for up to 10000 ms 
[11/25/25, 13:03:38:305] info: [SOCKET-MANAGER] (T095LHX9N) Connecting with token ending: b49d 
[11/25/25, 13:03:38:306] info: [SOCKET-MANAGER] (T095LHX9N) Changing from prov_connect to prov_connecting 
[11/25/25, 13:03:38:306] info: [SOCKET-MANAGER] (T095LHX9N) will stay in prov_connecting state for up to 35000 ms 
[11/25/25, 13:03:38:307] info: [SOCKET-MANAGER] (T026U7G95U6) Waking 
[11/25/25, 13:03:38:307] info: [SOCKET-MANAGER] (T026U7G95U6) Changing from asleep to connect 
[11/25/25, 13:03:38:307] info: [SOCKET-MANAGER] (T026U7G95U6) will stay in connect state for up to 10000 ms 
[11/25/25, 13:03:38:307] info: [SOCKET-MANAGER] (T026U7G95U6) Changing from connect to checking_fast_reconnect 
[11/25/25, 13:03:38:307] info: [SOCKET-MANAGER] (T026U7G95U6) will stay in checking_fast_reconnect state for up to 60000 ms 
[11/25/25, 13:03:38:307] info: [SOCKET-MANAGER] (T026U7G95U6) Attempting to connect to primary region 
[11/25/25, 13:03:38:308] info: [SOCKET-MANAGER] (T026U7G95U6) Changing from checking_fast_reconnect to prov_connect 
[11/25/25, 13:03:38:308] info: [SOCKET-MANAGER] (T026U7G95U6) will stay in prov_connect state for up to 10000 ms 
[11/25/25, 13:03:38:308] info: [SOCKET-MANAGER] (T026U7G95U6) Connecting with token ending: 125a 
[11/25/25, 13:03:38:308] info: [SOCKET-MANAGER] (T026U7G95U6) Changing from prov_connect to prov_connecting 
[11/25/25, 13:03:38:308] info: [SOCKET-MANAGER] (T026U7G95U6) will stay in prov_connecting state for up to 35000 ms 
[11/25/25, 13:03:38:308] info: [SOCKET-MANAGER] (T07CXALJLTU) Waking 
[11/25/25, 13:03:38:308] info: [SOCKET-MANAGER] (T07CXALJLTU) Changing from asleep to connect 
[11/25/25, 13:03:38:308] info: [SOCKET-MANAGER] (T07CXALJLTU) will stay in connect state for up to 10000 ms 
[11/25/25, 13:03:38:309] info: [SOCKET-MANAGER] (T07CXALJLTU) Changing from connect to checking_fast_reconnect 
[11/25/25, 13:03:38:309] info: [SOCKET-MANAGER] (T07CXALJLTU) will stay in checking_fast_reconnect state for up to 60000 ms 
[11/25/25, 13:03:38:309] info: [SOCKET-MANAGER] (T07CXALJLTU) Attempting to connect to primary region 
[11/25/25, 13:03:38:309] info: [SOCKET-MANAGER] (T07CXALJLTU) Changing from checking_fast_reconnect to prov_connect 
[11/25/25, 13:03:38:309] info: [SOCKET-MANAGER] (T07CXALJLTU) will stay in prov_connect state for up to 10000 ms 
[11/25/25, 13:03:38:309] info: [SOCKET-MANAGER] (T07CXALJLTU) Connecting with token ending: 09ff 
[11/25/25, 13:03:38:309] info: [SOCKET-MANAGER] (T07CXALJLTU) Changing from prov_connect to prov_connecting 
[11/25/25, 13:03:38:309] info: [SOCKET-MANAGER] (T07CXALJLTU) will stay in prov_connecting state for up to 35000 ms 
[11/25/25, 13:03:38:312] info: Store: POWER_RESUMED  
[11/25/25, 13:03:38:312] info: Store: SET_SUSPEND_STATUS true 
[11/25/25, 13:03:38:314] info: [DESKTOP-SIDE-EFFECT] Update from desktop for keys  ["app"] 
[11/25/25, 13:03:38:315] warn: SOCKET-MANAGER (T095LHX9N) Got asked to wake but we are not asleep; ignoring 
[11/25/25, 13:03:38:315] warn: SOCKET-MANAGER (T026U7G95U6) Got asked to wake but we are not asleep; ignoring 
[11/25/25, 13:03:38:315] warn: SOCKET-MANAGER (T07CXALJLTU) Got asked to wake but we are not asleep; ignoring 
[11/25/25, 13:03:38:315] warn: SOCKET-MANAGER (T095LHX9N) Socket was closed because #1006: generic error 
[11/25/25, 13:03:38:316] info: [SOCKET-MANAGER] (T095LHX9N) Changing from prov_connecting to error 
[11/25/25, 13:03:38:316] info: [SOCKET-MANAGER] (T095LHX9N) will stay in error state for up to 10000 ms 
[11/25/25, 13:03:38:316] info: [SOCKET-MANAGER] (T095LHX9N) Changing from error to wait_for_rate_limit 
[11/25/25, 13:03:38:316] info: [SOCKET-MANAGER] (T095LHX9N) will stay in wait_for_rate_limit state for up to 120000 ms 
[11/25/25, 13:03:38:316] info: [SOCKET-MANAGER] (T095LHX9N) backing off: will wait for 429 ms 
[11/25/25, 13:03:38:316] warn: SOCKET-MANAGER (T026U7G95U6) Socket was closed because #1006: generic error 
[11/25/25, 13:03:38:317] info: [SOCKET-MANAGER] (T026U7G95U6) Changing from prov_connecting to error 
[11/25/25, 13:03:38:317] info: [SOCKET-MANAGER] (T026U7G95U6) will stay in error state for up to 10000 ms 
[11/25/25, 13:03:38:317] info: [SOCKET-MANAGER] (T026U7G95U6) Changing from error to wait_for_rate_limit 
[11/25/25, 13:03:38:317] info: [SOCKET-MANAGER] (T026U7G95U6) will stay in wait_for_rate_limit state for up to 120000 ms 
[11/25/25, 13:03:38:317] info: [SOCKET-MANAGER] (T026U7G95U6) backing off: will wait for 1052 ms 
[11/25/25, 13:03:38:317] warn: SOCKET-MANAGER (T07CXALJLTU) Socket was closed because #1006: generic error 
[11/25/25, 13:03:38:318] info: [SOCKET-MANAGER] (T07CXALJLTU) Changing from prov_connecting to error 
[11/25/25, 13:03:38:318] info: [SOCKET-MANAGER] (T07CXALJLTU) will stay in error state for up to 10000 ms 
[11/25/25, 13:03:38:318] info: [SOCKET-MANAGER] (T07CXALJLTU) Changing from error to wait_for_rate_limit 
[11/25/25, 13:03:38:318] info: [SOCKET-MANAGER] (T07CXALJLTU) will stay in wait_for_rate_limit state for up to 120000 ms 
[11/25/25, 13:03:38:318] info: [SOCKET-MANAGER] (T07CXALJLTU) backing off: will wait for 600 ms 
[11/25/25, 13:03:38:746] info: [SOCKET-MANAGER] (T095LHX9N) Changing from wait_for_rate_limit to connect 
[11/25/25, 13:03:38:747] info: [SOCKET-MANAGER] (T095LHX9N) will stay in connect state for up to 10000 ms 
[11/25/25, 13:03:38:747] info: [SOCKET-MANAGER] (T095LHX9N) Changing from connect to checking_fast_reconnect 
[11/25/25, 13:03:38:747] info: [SOCKET-MANAGER] (T095LHX9N) will stay in checking_fast_reconnect state for up to 60000 ms 
[11/25/25, 13:03:38:747] info: [SOCKET-MANAGER] (T095LHX9N) Attempting to connect to primary region 
[11/25/25, 13:03:38:747] info: [SOCKET-MANAGER] (T095LHX9N) Changing from checking_fast_reconnect to prov_connect 
[11/25/25, 13:03:38:747] info: [SOCKET-MANAGER] (T095LHX9N) will stay in prov_connect state for up to 10000 ms 
[11/25/25, 13:03:38:747] info: [SOCKET-MANAGER] (T095LHX9N) Connecting with token ending: b49d 
[11/25/25, 13:03:38:747] info: [SOCKET-MANAGER] (T095LHX9N) Changing from prov_connect to prov_connecting 
[11/25/25, 13:03:38:748] info: [SOCKET-MANAGER] (T095LHX9N) will stay in prov_connecting state for up to 35000 ms 
[11/25/25, 13:03:38:882] warn: SOCKET-MANAGER (T095LHX9N) Socket was closed because #1006: generic error 
[11/25/25, 13:03:38:883] info: [SOCKET-MANAGER] (T095LHX9N) Changing from prov_connecting to error 
[11/25/25, 13:03:38:883] info: [SOCKET-MANAGER] (T095LHX9N) will stay in error state for up to 10000 ms 
[11/25/25, 13:03:38:883] info: [SOCKET-MANAGER] (T095LHX9N) Changing from error to wait_for_rate_limit 
[11/25/25, 13:03:38:883] info: [SOCKET-MANAGER] (T095LHX9N) will stay in wait_for_rate_limit state for up to 120000 ms 
[11/25/25, 13:03:38:883] info: [SOCKET-MANAGER] (T095LHX9N) backing off: will wait for 1192 ms 
[11/25/25, 13:03:38:918] info: [SOCKET-MANAGER] (T07CXALJLTU) Changing from wait_for_rate_limit to connect 
[11/25/25, 13:03:38:919] info: [SOCKET-MANAGER] (T07CXALJLTU) will stay in connect state for up to 10000 ms 
[11/25/25, 13:03:38:919] info: [SOCKET-MANAGER] (T07CXALJLTU) Changing from connect to checking_fast_reconnect 
[11/25/25, 13:03:38:920] info: [SOCKET-MANAGER] (T07CXALJLTU) will stay in checking_fast_reconnect state for up to 60000 ms 
[11/25/25, 13:03:38:920] info: [SOCKET-MANAGER] (T07CXALJLTU) Attempting to connect to primary region 
[11/25/25, 13:03:38:920] info: [SOCKET-MANAGER] (T07CXALJLTU) Changing from checking_fast_reconnect to prov_connect 
[11/25/25, 13:03:38:920] info: [SOCKET-MANAGER] (T07CXALJLTU) will stay in prov_connect state for up to 10000 ms 
[11/25/25, 13:03:38:920] info: [SOCKET-MANAGER] (T07CXALJLTU) Connecting with token ending: 09ff 
[11/25/25, 13:03:38:920] info: [SOCKET-MANAGER] (T07CXALJLTU) Changing from prov_connect to prov_connecting 
[11/25/25, 13:03:38:920] info: [SOCKET-MANAGER] (T07CXALJLTU) will stay in prov_connecting state for up to 35000 ms 
[11/25/25, 13:03:38:922] warn: SOCKET-MANAGER (T07CXALJLTU) Socket was closed because #1006: generic error 
[11/25/25, 13:03:38:922] info: [SOCKET-MANAGER] (T07CXALJLTU) Changing from prov_connecting to error 
[11/25/25, 13:03:38:922] info: [SOCKET-MANAGER] (T07CXALJLTU) will stay in error state for up to 10000 ms 
[11/25/25, 13:03:38:922] info: [SOCKET-MANAGER] (T07CXALJLTU) Changing from error to wait_for_rate_limit 
[11/25/25, 13:03:38:922] info: [SOCKET-MANAGER] (T07CXALJLTU) will stay in wait_for_rate_limit state for up to 120000 ms 
[11/25/25, 13:03:38:923] info: [SOCKET-MANAGER] (T07CXALJLTU) backing off: will wait for 1032 ms 
[11/25/25, 13:03:39:370] info: [SOCKET-MANAGER] (T026U7G95U6) Changing from wait_for_rate_limit to connect 
[11/25/25, 13:03:39:371] info: [SOCKET-MANAGER] (T026U7G95U6) will stay in connect state for up to 10000 ms 
[11/25/25, 13:03:39:371] info: [SOCKET-MANAGER] (T026U7G95U6) Changing from connect to checking_fast_reconnect 
[11/25/25, 13:03:39:371] info: [SOCKET-MANAGER] (T026U7G95U6) will stay in checking_fast_reconnect state for up to 60000 ms 
[11/25/25, 13:03:39:371] info: [SOCKET-MANAGER] (T026U7G95U6) Attempting to connect to primary region 
[11/25/25, 13:03:39:371] info: [SOCKET-MANAGER] (T026U7G95U6) Changing from checking_fast_reconnect to prov_connect 
[11/25/25, 13:03:39:371] info: [SOCKET-MANAGER] (T026U7G95U6) will stay in prov_connect state for up to 10000 ms 
[11/25/25, 13:03:39:371] info: [SOCKET-MANAGER] (T026U7G95U6) Connecting with token ending: 125a 
[11/25/25, 13:03:39:372] info: [SOCKET-MANAGER] (T026U7G95U6) Changing from prov_connect to prov_connecting 
[11/25/25, 13:03:39:372] info: [SOCKET-MANAGER] (T026U7G95U6) will stay in prov_connecting state for up to 35000 ms 
[11/25/25, 13:03:39:377] warn: SOCKET-MANAGER (T026U7G95U6) Socket was closed because #1006: generic error 
[11/25/25, 13:03:39:377] info: [SOCKET-MANAGER] (T026U7G95U6) Changing from prov_connecting to error 
[11/25/25, 13:03:39:377] info: [SOCKET-MANAGER] (T026U7G95U6) will stay in error state for up to 10000 ms 
[11/25/25, 13:03:39:377] info: [SOCKET-MANAGER] (T026U7G95U6) Changing from error to wait_for_rate_limit 
[11/25/25, 13:03:39:377] info: [SOCKET-MANAGER] (T026U7G95U6) will stay in wait_for_rate_limit state for up to 120000 ms 
[11/25/25, 13:03:39:377] info: [SOCKET-MANAGER] (T026U7G95U6) backing off: will wait for 3014 ms 
[11/25/25, 13:03:39:955] info: [SOCKET-MANAGER] (T07CXALJLTU) Changing from wait_for_rate_limit to connect 
[11/25/25, 13:03:39:956] info: [SOCKET-MANAGER] (T07CXALJLTU) will stay in connect state for up to 10000 ms 
[11/25/25, 13:03:39:956] info: [SOCKET-MANAGER] (T07CXALJLTU) Changing from connect to checking_fast_reconnect 
[11/25/25, 13:03:39:956] info: [SOCKET-MANAGER] (T07CXALJLTU) will stay in checking_fast_reconnect state for up to 60000 ms 
[11/25/25, 13:03:39:956] info: [SOCKET-MANAGER] (T07CXALJLTU) Attempting to connect to primary region 
[11/25/25, 13:03:39:956] info: [SOCKET-MANAGER] (T07CXALJLTU) Changing from checking_fast_reconnect to prov_connect 
[11/25/25, 13:03:39:956] info: [SOCKET-MANAGER] (T07CXALJLTU) will stay in prov_connect state for up to 10000 ms 
[11/25/25, 13:03:39:957] info: [SOCKET-MANAGER] (T07CXALJLTU) Connecting with token ending: 09ff 
[11/25/25, 13:03:39:957] info: [SOCKET-MANAGER] (T07CXALJLTU) Changing from prov_connect to prov_connecting 
[11/25/25, 13:03:39:957] info: [SOCKET-MANAGER] (T07CXALJLTU) will stay in prov_connecting state for up to 35000 ms 
[11/25/25, 13:03:39:966] warn: SOCKET-MANAGER (T07CXALJLTU) Socket was closed because #1006: generic error 
[11/25/25, 13:03:39:967] info: [SOCKET-MANAGER] (T07CXALJLTU) Changing from prov_connecting to error 
[11/25/25, 13:03:39:967] info: [SOCKET-MANAGER] (T07CXALJLTU) Failed to connect 3 times; going into failover mode until we connect 
[11/25/25, 13:03:39:968] info: [SOCKET-MANAGER] (T07CXALJLTU) will stay in error state for up to 10000 ms 
[11/25/25, 13:03:39:968] info: [SOCKET-MANAGER] (T07CXALJLTU) Changing from error to wait_for_rate_limit 
[11/25/25, 13:03:39:968] info: [SOCKET-MANAGER] (T07CXALJLTU) will stay in wait_for_rate_limit state for up to 120000 ms 
[11/25/25, 13:03:39:968] info: [SOCKET-MANAGER] (T07CXALJLTU) backing off: will wait for 3078 ms 
[11/25/25, 13:03:40:077] info: [SOCKET-MANAGER] (T095LHX9N) Changing from wait_for_rate_limit to connect 
[11/25/25, 13:03:40:077] info: [SOCKET-MANAGER] (T095LHX9N) will stay in connect state for up to 10000 ms 
[11/25/25, 13:03:40:078] info: [SOCKET-MANAGER] (T095LHX9N) Changing from connect to checking_fast_reconnect 
[11/25/25, 13:03:40:078] info: [SOCKET-MANAGER] (T095LHX9N) will stay in checking_fast_reconnect state for up to 60000 ms 
[11/25/25, 13:03:40:078] info: [SOCKET-MANAGER] (T095LHX9N) Attempting to connect to primary region 
[11/25/25, 13:03:40:078] info: [SOCKET-MANAGER] (T095LHX9N) Changing from checking_fast_reconnect to prov_connect 
[11/25/25, 13:03:40:078] info: [SOCKET-MANAGER] (T095LHX9N) will stay in prov_connect state for up to 10000 ms 
[11/25/25, 13:03:40:078] info: [SOCKET-MANAGER] (T095LHX9N) Connecting with token ending: b49d 
[11/25/25, 13:03:40:078] info: [SOCKET-MANAGER] (T095LHX9N) Changing from prov_connect to prov_connecting 
[11/25/25, 13:03:40:078] info: [SOCKET-MANAGER] (T095LHX9N) will stay in prov_connecting state for up to 35000 ms 
[11/25/25, 13:03:40:090] warn: SOCKET-MANAGER (T095LHX9N) Socket was closed because #1006: generic error 
[11/25/25, 13:03:40:090] info: [SOCKET-MANAGER] (T095LHX9N) Changing from prov_connecting to error 
[11/25/25, 13:03:40:091] info: [SOCKET-MANAGER] (T095LHX9N) Failed to connect 3 times; going into failover mode until we connect 
[11/25/25, 13:03:40:091] info: [SOCKET-MANAGER] (T095LHX9N) will stay in error state for up to 10000 ms 
[11/25/25, 13:03:40:091] info: [SOCKET-MANAGER] (T095LHX9N) Changing from error to wait_for_rate_limit 
[11/25/25, 13:03:40:091] info: [SOCKET-MANAGER] (T095LHX9N) will stay in wait_for_rate_limit state for up to 120000 ms 
[11/25/25, 13:03:40:091] info: [SOCKET-MANAGER] (T095LHX9N) backing off: will wait for 3573 ms 
[11/25/25, 13:03:42:391] info: [SOCKET-MANAGER] (T026U7G95U6) Changing from wait_for_rate_limit to connect 
[11/25/25, 13:03:42:392] info: [SOCKET-MANAGER] (T026U7G95U6) will stay in connect state for up to 10000 ms 
[11/25/25, 13:03:42:392] info: [SOCKET-MANAGER] (T026U7G95U6) Changing from connect to checking_fast_reconnect 
[11/25/25, 13:03:42:392] info: [SOCKET-MANAGER] (T026U7G95U6) will stay in checking_fast_reconnect state for up to 60000 ms 
[11/25/25, 13:03:42:392] info: [SOCKET-MANAGER] (T026U7G95U6) Attempting to connect to primary region 
[11/25/25, 13:03:42:393] info: [SOCKET-MANAGER] (T026U7G95U6) Changing from checking_fast_reconnect to prov_connect 
[11/25/25, 13:03:42:393] info: [SOCKET-MANAGER] (T026U7G95U6) will stay in prov_connect state for up to 10000 ms 
[11/25/25, 13:03:42:393] info: [SOCKET-MANAGER] (T026U7G95U6) Connecting with token ending: 125a 
[11/25/25, 13:03:42:393] info: [SOCKET-MANAGER] (T026U7G95U6) Changing from prov_connect to prov_connecting 
[11/25/25, 13:03:42:393] info: [SOCKET-MANAGER] (T026U7G95U6) will stay in prov_connecting state for up to 35000 ms 
[11/25/25, 13:03:42:419] warn: SOCKET-MANAGER (T026U7G95U6) Socket was closed because #1006: generic error 
[11/25/25, 13:03:42:420] info: [SOCKET-MANAGER] (T026U7G95U6) Changing from prov_connecting to error 
[11/25/25, 13:03:42:420] info: [SOCKET-MANAGER] (T026U7G95U6) Failed to connect 3 times; going into failover mode until we connect 
[11/25/25, 13:03:42:421] info: [SOCKET-MANAGER] (T026U7G95U6) will stay in error state for up to 10000 ms 
[11/25/25, 13:03:42:421] info: [SOCKET-MANAGER] (T026U7G95U6) Changing from error to wait_for_rate_limit 
[11/25/25, 13:03:42:421] info: [SOCKET-MANAGER] (T026U7G95U6) will stay in wait_for_rate_limit state for up to 120000 ms 
[11/25/25, 13:03:42:421] info: [SOCKET-MANAGER] (T026U7G95U6) backing off: will wait for 3388 ms 
[11/25/25, 13:03:43:047] info: [SOCKET-MANAGER] (T07CXALJLTU) Changing from wait_for_rate_limit to connect 
[11/25/25, 13:03:43:048] info: [SOCKET-MANAGER] (T07CXALJLTU) will stay in connect state for up to 10000 ms 
[11/25/25, 13:03:43:048] info: [SOCKET-MANAGER] (T07CXALJLTU) Changing from connect to checking_fast_reconnect 
[11/25/25, 13:03:43:048] info: [SOCKET-MANAGER] (T07CXALJLTU) will stay in checking_fast_reconnect state for up to 60000 ms 
[11/25/25, 13:03:43:049] info: [SOCKET-MANAGER] (T07CXALJLTU) Attempting to connect to backup region 
[11/25/25, 13:03:43:049] info: [SOCKET-MANAGER] (T07CXALJLTU) Changing from checking_fast_reconnect to prov_connect 
[11/25/25, 13:03:43:049] info: [SOCKET-MANAGER] (T07CXALJLTU) will stay in prov_connect state for up to 10000 ms 
[11/25/25, 13:03:43:049] info: [SOCKET-MANAGER] (T07CXALJLTU) Connecting with token ending: 09ff 
[11/25/25, 13:03:43:050] info: [SOCKET-MANAGER] (T07CXALJLTU) Changing from prov_connect to prov_connecting 
[11/25/25, 13:03:43:050] info: [SOCKET-MANAGER] (T07CXALJLTU) will stay in prov_connecting state for up to 35000 ms 
[11/25/25, 13:03:43:115] warn: SOCKET-MANAGER (T07CXALJLTU) Socket was closed because #1006: generic error 
[11/25/25, 13:03:43:116] info: [SOCKET-MANAGER] (T07CXALJLTU) Changing from prov_connecting to error 
[11/25/25, 13:03:43:116] info: [SOCKET-MANAGER] (T07CXALJLTU) will stay in error state for up to 10000 ms 
[11/25/25, 13:03:43:116] info: [SOCKET-MANAGER] (T07CXALJLTU) Changing from error to wait_for_rate_limit 
[11/25/25, 13:03:43:116] info: [SOCKET-MANAGER] (T07CXALJLTU) will stay in wait_for_rate_limit state for up to 120000 ms 
[11/25/25, 13:03:43:117] info: [SOCKET-MANAGER] (T07CXALJLTU) backing off: will wait for 3358 ms 
[11/25/25, 13:03:43:665] info: [SOCKET-MANAGER] (T095LHX9N) Changing from wait_for_rate_limit to connect 
[11/25/25, 13:03:43:666] info: [SOCKET-MANAGER] (T095LHX9N) will stay in connect state for up to 10000 ms 
[11/25/25, 13:03:43:666] info: [SOCKET-MANAGER] (T095LHX9N) Changing from connect to checking_fast_reconnect 
[11/25/25, 13:03:43:666] info: [SOCKET-MANAGER] (T095LHX9N) will stay in checking_fast_reconnect state for up to 60000 ms 
[11/25/25, 13:03:43:667] info: [SOCKET-MANAGER] (T095LHX9N) Attempting to connect to backup region 
[11/25/25, 13:03:43:667] info: [SOCKET-MANAGER] (T095LHX9N) Changing from checking_fast_reconnect to prov_connect 
[11/25/25, 13:03:43:667] info: [SOCKET-MANAGER] (T095LHX9N) will stay in prov_connect state for up to 10000 ms 
[11/25/25, 13:03:43:667] info: [SOCKET-MANAGER] (T095LHX9N) Connecting with token ending: b49d 
[11/25/25, 13:03:43:667] info: [SOCKET-MANAGER] (T095LHX9N) Changing from prov_connect to prov_connecting 
[11/25/25, 13:03:43:667] info: [SOCKET-MANAGER] (T095LHX9N) will stay in prov_connecting state for up to 35000 ms 
[11/25/25, 13:03:43:825] warn: SOCKET-MANAGER (T095LHX9N) Socket was closed because #1006: generic error 
[11/25/25, 13:03:43:826] info: [SOCKET-MANAGER] (T095LHX9N) Changing from prov_connecting to error 
[11/25/25, 13:03:43:826] info: [SOCKET-MANAGER] (T095LHX9N) will stay in error state for up to 10000 ms 
[11/25/25, 13:03:43:826] info: [SOCKET-MANAGER] (T095LHX9N) Changing from error to wait_for_rate_limit 
[11/25/25, 13:03:43:826] info: [SOCKET-MANAGER] (T095LHX9N) will stay in wait_for_rate_limit state for up to 120000 ms 
[11/25/25, 13:03:43:827] info: [SOCKET-MANAGER] (T095LHX9N) backing off: will wait for 4307 ms 
[11/25/25, 13:03:45:810] info: [SOCKET-MANAGER] (T026U7G95U6) Changing from wait_for_rate_limit to connect 
[11/25/25, 13:03:45:811] info: [SOCKET-MANAGER] (T026U7G95U6) will stay in connect state for up to 10000 ms 
[11/25/25, 13:03:45:811] info: [SOCKET-MANAGER] (T026U7G95U6) Changing from connect to checking_fast_reconnect 
[11/25/25, 13:03:45:811] info: [SOCKET-MANAGER] (T026U7G95U6) will stay in checking_fast_reconnect state for up to 60000 ms 
[11/25/25, 13:03:45:812] info: [SOCKET-MANAGER] (T026U7G95U6) Attempting to connect to backup region 
[11/25/25, 13:03:45:812] info: [SOCKET-MANAGER] (T026U7G95U6) Changing from checking_fast_reconnect to prov_connect 
[11/25/25, 13:03:45:812] info: [SOCKET-MANAGER] (T026U7G95U6) will stay in prov_connect state for up to 10000 ms 
[11/25/25, 13:03:45:812] info: [SOCKET-MANAGER] (T026U7G95U6) Connecting with token ending: 125a 
[11/25/25, 13:03:45:812] info: [SOCKET-MANAGER] (T026U7G95U6) Changing from prov_connect to prov_connecting 
[11/25/25, 13:03:45:812] info: [SOCKET-MANAGER] (T026U7G95U6) will stay in prov_connecting state for up to 35000 ms 
[11/25/25, 13:03:46:330] info: [SOCKET-MANAGER] (T026U7G95U6) Changing from prov_connecting to prov_connected 
[11/25/25, 13:03:46:331] info: [SOCKET-MANAGER] (T026U7G95U6) will stay in prov_connected state for up to 60000 ms 
[11/25/25, 13:03:46:335] info: [DESKTOP-SIDE-EFFECT] (T026U7G95U6) Reacting to  {"type":"[21] Set a value that represents whether we are currently in the boot phase","payload":true,"error":false} 
[11/25/25, 13:03:46:335] info: [MIN-VERSION] No need to reload 
[11/25/25, 13:03:46:336] info: [API-Q] (T026U7G95U6) e147fbfc-1764101026.335 client.userBoot called with reason: provisionally-connected 
[11/25/25, 13:03:46:336] info: [API-Q] (T026U7G95U6) e147fbfc-1764101026.335 client.userBoot is ENQUEUED 
[11/25/25, 13:03:46:336] info: [API-Q] (T026U7G95U6) e147fbfc-1764101026.335 client.userBoot is ACTIVE 
[11/25/25, 13:03:46:475] info: [SOCKET-MANAGER] (T07CXALJLTU) Changing from wait_for_rate_limit to connect 
[11/25/25, 13:03:46:476] info: [SOCKET-MANAGER] (T07CXALJLTU) will stay in connect state for up to 10000 ms 
[11/25/25, 13:03:46:477] info: [SOCKET-MANAGER] (T07CXALJLTU) Changing from connect to checking_fast_reconnect 
[11/25/25, 13:03:46:477] info: [SOCKET-MANAGER] (T07CXALJLTU) will stay in checking_fast_reconnect state for up to 60000 ms 
[11/25/25, 13:03:46:477] info: [SOCKET-MANAGER] (T07CXALJLTU) Attempting to connect to primary region 
[11/25/25, 13:03:46:477] info: [SOCKET-MANAGER] (T07CXALJLTU) Changing from checking_fast_reconnect to prov_connect 
[11/25/25, 13:03:46:477] info: [SOCKET-MANAGER] (T07CXALJLTU) will stay in prov_connect state for up to 10000 ms 
[11/25/25, 13:03:46:477] info: [SOCKET-MANAGER] (T07CXALJLTU) Connecting with token ending: 09ff 
[11/25/25, 13:03:46:477] info: [SOCKET-MANAGER] (T07CXALJLTU) Changing from prov_connect to prov_connecting 
[11/25/25, 13:03:46:477] info: [SOCKET-MANAGER] (T07CXALJLTU) will stay in prov_connecting state for up to 35000 ms 
[11/25/25, 13:03:46:611] info: [API-Q] (T026U7G95U6) e147fbfc-1764101026.335 client.userBoot is RESOLVED 
[11/25/25, 13:03:46:616] info: [SOCKET-MANAGER] (T026U7G95U6) Changing from prov_connected to prov_finalize 
[11/25/25, 13:03:46:616] info: [SOCKET-MANAGER] (T026U7G95U6) will stay in prov_finalize state for up to 10000 ms 
[11/25/25, 13:03:46:616] info: [SOCKET-MANAGER] (T026U7G95U6) Changing from prov_finalize to prov_finalizing 
[11/25/25, 13:03:46:616] info: [SOCKET-MANAGER] (T026U7G95U6) will stay in prov_finalizing state for up to 10000 ms 
[11/25/25, 13:03:46:616] info: [SOCKET-MANAGER] (T026U7G95U6) Changing from prov_finalizing to connected 
[11/25/25, 13:03:46:616] info: [SOCKET-MANAGER] (T026U7G95U6) will stay in connected state for up to Infinity ms 
[11/25/25, 13:03:46:616] info: [SOCKET-MANAGER] (T026U7G95U6) Connected to backup region 
[11/25/25, 13:03:46:629] info: [EMOJI_TRANSLATION] Emoji translations not needed for default locale, only adding keywords 
[11/25/25, 13:03:46:629] info: [API-Q] (T026U7G95U6) e147fbfc-1764101026.629 search.autocomplete.topEmojis called with reason: loadEmoji-maybeReloadEmoji-setModelData 
[11/25/25, 13:03:46:629] info: [API-Q] (T026U7G95U6) e147fbfc-1764101026.629 search.autocomplete.topEmojis is ENQUEUED 
[11/25/25, 13:03:46:631] info: [EVENTLOG] (T026U7G95U6) fr=false, lc=false, lt=1764090314.031000 
[11/25/25, 13:03:46:631] info: [EVENTLOG] (T026U7G95U6) fetching events since 1764090314.031000 (10713 seconds ago) 
[11/25/25, 13:03:46:631] info: [API-Q] (T026U7G95U6) e147fbfc-1764101026.631 ublockworkaround.history called with reason: onSocketConnected 
[11/25/25, 13:03:46:631] info: [API-Q] (T026U7G95U6) e147fbfc-1764101026.631 ublockworkaround.history is ENQUEUED 
[11/25/25, 13:03:46:631] info: [MESSAGE-HISTORY] (T026U7G95U6) Resetting reachedEnd 
[11/25/25, 13:03:46:632] info: [API-Q] (T026U7G95U6) e147fbfc-1764101026.632 users.customStatus.list called with reason: fetchCustomStatusOnReconnect 
[11/25/25, 13:03:46:632] info: [API-Q] (T026U7G95U6) e147fbfc-1764101026.632 users.customStatus.list is ENQUEUED 
[11/25/25, 13:03:46:632] info: [API-Q] (T026U7G95U6) e147fbfc-1764101026.632 drafts.list called with reason: fetchDraftsOnReconnect 
[11/25/25, 13:03:46:632] info: [API-Q] (T026U7G95U6) e147fbfc-1764101026.632 drafts.list is ENQUEUED 
[11/25/25, 13:03:46:633] info: [DRAFTS] (T026U7G95U6) No local drafts - skipping fetch to purge inactive drafts 
[11/25/25, 13:03:46:633] info: [API-Q] (T026U7G95U6) e147fbfc-1764101026.633 usergroups.membership called with reason: user-group-membership-api/fetchUserGroupMembership 
[11/25/25, 13:03:46:633] info: [API-Q] (T026U7G95U6) e147fbfc-1764101026.633 usergroups.membership is ENQUEUED 
[11/25/25, 13:03:46:634] info: [UNREAD-COUNTS] (T026U7G95U6) Fetching counts 
[11/25/25, 13:03:46:634] info: [API-Q] (T026U7G95U6) e147fbfc-1764101026.634 client.counts called with reason: fetchClientCountsOnConnect 
[11/25/25, 13:03:46:634] info: [API-Q] (T026U7G95U6) e147fbfc-1764101026.634 client.counts is ENQUEUED 
[11/25/25, 13:03:46:635] info: [API-Q] (T026U7G95U6) e147fbfc-1764101026.635 sfdc.integration.listOrgs called with reason: fetch-orgs-and-sign-in-silently-v2 
[11/25/25, 13:03:46:635] info: [API-Q] (T026U7G95U6) e147fbfc-1764101026.635 sfdc.integration.listOrgs is ENQUEUED 
[11/25/25, 13:03:46:636] info: [PRESENCE_PROMPT] (T026U7G95U6) ignoring prompt due to presence (active) 
[11/25/25, 13:03:46:636] info: [API-Q] (T026U7G95U6) e147fbfc-1764101026.636 users.prefs.get called with reason: fetch-frecency-prefs 
[11/25/25, 13:03:46:636] info: [API-Q] (T026U7G95U6) e147fbfc-1764101026.636 users.prefs.get is ENQUEUED 
[11/25/25, 13:03:46:637] info: [API-Q] (T026U7G95U6) e147fbfc-1764101026.629 search.autocomplete.topEmojis is ACTIVE 
[11/25/25, 13:03:46:637] info: [DESKTOP-SIDE-EFFECT] (T026U7G95U6) Reacting to  {"type":"[21] Set a value that represents whether we are currently in the boot phase","payload":false,"error":false} 
[11/25/25, 13:03:46:639] info: [API-Q] (T026U7G95U6) noversion-1764101026.637 Flannel users/info called with reason: flannel-call:users/info 
[11/25/25, 13:03:46:639] info: [API-Q] (T026U7G95U6) noversion-1764101026.637 Flannel users/info is ENQUEUED 
[11/25/25, 13:03:46:639] info: Store: STORE_USER_WORKSPACES {
  "userTeamId": "T026U7G95U6",
  "workspaceIds": [
    "T026U7G95U6"
  ]
} 
[11/25/25, 13:03:46:746] info: [SOCKET-MANAGER] (T07CXALJLTU) Changing from prov_connecting to prov_connected 
[11/25/25, 13:03:46:746] info: [SOCKET-MANAGER] (T07CXALJLTU) will stay in prov_connected state for up to 60000 ms 
[11/25/25, 13:03:46:749] info: [DESKTOP-SIDE-EFFECT] (T07CXALJLTU) Reacting to  {"type":"[21] Set a value that represents whether we are currently in the boot phase","payload":true,"error":false} 
[11/25/25, 13:03:46:749] info: [MIN-VERSION] No need to reload 
[11/25/25, 13:03:46:750] info: [API-Q] (T07CXALJLTU) e147fbfc-1764101026.749 client.userBoot called with reason: provisionally-connected 
[11/25/25, 13:03:46:750] info: [API-Q] (T07CXALJLTU) e147fbfc-1764101026.749 client.userBoot is ENQUEUED 
[11/25/25, 13:03:46:750] info: [API-Q] (T07CXALJLTU) e147fbfc-1764101026.749 client.userBoot is ACTIVE 
[11/25/25, 13:03:46:763] info: [API-Q] (T026U7G95U6) e147fbfc-1764101026.629 search.autocomplete.topEmojis is RESOLVED 
[11/25/25, 13:03:46:764] info: [API-Q] (T026U7G95U6) noversion-1764101026.637 Flannel users/info is ACTIVE 
[11/25/25, 13:03:46:835] info: [API-Q] (T026U7G95U6) noversion-1764101026.637 Flannel users/info is RESOLVED 
[11/25/25, 13:03:46:835] info: [API-Q] (T026U7G95U6) e147fbfc-1764101026.636 users.prefs.get is ACTIVE 
[11/25/25, 13:03:46:955] info: [API-Q] (T07CXALJLTU) e147fbfc-1764101026.749 client.userBoot is RESOLVED 
[11/25/25, 13:03:46:959] info: [SOCKET-MANAGER] (T07CXALJLTU) Changing from prov_connected to prov_finalize 
[11/25/25, 13:03:46:959] info: [SOCKET-MANAGER] (T07CXALJLTU) will stay in prov_finalize state for up to 10000 ms 
[11/25/25, 13:03:46:959] info: [SOCKET-MANAGER] (T07CXALJLTU) Changing from prov_finalize to prov_finalizing 
[11/25/25, 13:03:46:959] info: [SOCKET-MANAGER] (T07CXALJLTU) will stay in prov_finalizing state for up to 10000 ms 
[11/25/25, 13:03:46:959] info: [SOCKET-MANAGER] (T07CXALJLTU) Changing from prov_finalizing to connected 
[11/25/25, 13:03:46:959] info: [SOCKET-MANAGER] (T07CXALJLTU) will stay in connected state for up to Infinity ms 
[11/25/25, 13:03:46:960] info: [SOCKET-MANAGER] (T07CXALJLTU) Connected to primary region 
[11/25/25, 13:03:46:972] info: [EMOJI_TRANSLATION] Emoji translations not needed for default locale, only adding keywords 
[11/25/25, 13:03:46:973] info: [API-Q] (T07CXALJLTU) e147fbfc-1764101026.972 search.autocomplete.topEmojis called with reason: loadEmoji-maybeReloadEmoji-setModelData 
[11/25/25, 13:03:46:973] info: [API-Q] (T07CXALJLTU) e147fbfc-1764101026.972 search.autocomplete.topEmojis is ENQUEUED 
[11/25/25, 13:03:46:974] info: [EVENTLOG] (T07CXALJLTU) fr=false, lc=false, lt=1764091947.000400 
[11/25/25, 13:03:46:974] info: [EVENTLOG] (T07CXALJLTU) fetching events since 1764091947.000400 (9080 seconds ago) 
[11/25/25, 13:03:46:975] info: [API-Q] (T07CXALJLTU) e147fbfc-1764101026.974 ublockworkaround.history called with reason: onSocketConnected 
[11/25/25, 13:03:46:975] info: [API-Q] (T07CXALJLTU) e147fbfc-1764101026.974 ublockworkaround.history is ENQUEUED 
[11/25/25, 13:03:46:975] info: [MESSAGE-HISTORY] (T07CXALJLTU) Resetting reachedEnd 
[11/25/25, 13:03:46:975] info: [API-Q] (T07CXALJLTU) e147fbfc-1764101026.975 users.customStatus.list called with reason: fetchCustomStatusOnReconnect 
[11/25/25, 13:03:46:976] info: [API-Q] (T07CXALJLTU) e147fbfc-1764101026.975 users.customStatus.list is ENQUEUED 
[11/25/25, 13:03:46:976] info: [API-Q] (T07CXALJLTU) e147fbfc-1764101026.975 drafts.list called with reason: fetchDraftsOnReconnect 
[11/25/25, 13:03:46:976] info: [API-Q] (T07CXALJLTU) e147fbfc-1764101026.975 drafts.list is ENQUEUED 
[11/25/25, 13:03:46:976] info: [DRAFTS] (T07CXALJLTU) No local drafts - skipping fetch to purge inactive drafts 
[11/25/25, 13:03:46:976] info: [API-Q] (T07CXALJLTU) e147fbfc-1764101026.976 usergroups.membership called with reason: user-group-membership-api/fetchUserGroupMembership 
[11/25/25, 13:03:46:976] info: [API-Q] (T07CXALJLTU) e147fbfc-1764101026.976 usergroups.membership is ENQUEUED 
[11/25/25, 13:03:46:977] info: [UNREAD-COUNTS] (T07CXALJLTU) Fetching counts 
[11/25/25, 13:03:46:977] info: [API-Q] (T07CXALJLTU) e147fbfc-1764101026.977 client.counts called with reason: fetchClientCountsOnConnect 
[11/25/25, 13:03:46:977] info: [API-Q] (T07CXALJLTU) e147fbfc-1764101026.977 client.counts is ENQUEUED 
[11/25/25, 13:03:46:978] info: [API-Q] (T07CXALJLTU) e147fbfc-1764101026.978 sfdc.integration.listOrgs called with reason: fetch-orgs-and-sign-in-silently-v2 
[11/25/25, 13:03:46:978] info: [API-Q] (T07CXALJLTU) e147fbfc-1764101026.978 sfdc.integration.listOrgs is ENQUEUED 
[11/25/25, 13:03:46:978] info: [PRESENCE_PROMPT] (T07CXALJLTU) ignoring prompt due to presence (active) 
[11/25/25, 13:03:46:978] info: [API-Q] (T07CXALJLTU) e147fbfc-1764101026.978 users.prefs.get called with reason: fetch-frecency-prefs 
[11/25/25, 13:03:46:978] info: [API-Q] (T07CXALJLTU) e147fbfc-1764101026.978 users.prefs.get is ENQUEUED 
[11/25/25, 13:03:46:979] info: [API-Q] (T07CXALJLTU) e147fbfc-1764101026.972 search.autocomplete.topEmojis is ACTIVE 
[11/25/25, 13:03:46:979] info: [DESKTOP-SIDE-EFFECT] (T07CXALJLTU) Reacting to  {"type":"[21] Set a value that represents whether we are currently in the boot phase","payload":false,"error":false} 
[11/25/25, 13:03:46:980] info: [API-Q] (T026U7G95U6) e147fbfc-1764101026.636 users.prefs.get is RESOLVED 
[11/25/25, 13:03:46:980] info: [API-Q] (T026U7G95U6) e147fbfc-1764101026.631 ublockworkaround.history is ACTIVE 
[11/25/25, 13:03:46:980] info: [API-Q] (T07CXALJLTU) noversion-1764101026.980 Flannel users/info called with reason: flannel-call:users/info 
[11/25/25, 13:03:46:980] info: [API-Q] (T07CXALJLTU) noversion-1764101026.980 Flannel users/info is ENQUEUED 
[11/25/25, 13:03:46:981] info: Store: STORE_USER_WORKSPACES {
  "userTeamId": "T07CXALJLTU",
  "workspaceIds": [
    "T07CXALJLTU"
  ]
} 
[11/25/25, 13:03:47:105] info: [API-Q] (T026U7G95U6) e147fbfc-1764101026.631 ublockworkaround.history is RESOLVED 
[11/25/25, 13:03:47:105] info: [API-Q] (T026U7G95U6) e147fbfc-1764101026.632 users.customStatus.list is ACTIVE 
[11/25/25, 13:03:47:106] info: [EVENTLOG] (T026U7G95U6) nothing to process 
[11/25/25, 13:03:47:106] info: [EVENTLOG] (T026U7G95U6) fetched finish (aborted? false) 
[11/25/25, 13:03:47:106] info: [EVENTLOG] (T026U7G95U6) dispatching signal and clearing timestamp 
[11/25/25, 13:03:47:107] info: [API-Q] (T07CXALJLTU) e147fbfc-1764101026.972 search.autocomplete.topEmojis is RESOLVED 
[11/25/25, 13:03:47:108] info: [API-Q] (T07CXALJLTU) noversion-1764101026.980 Flannel users/info is ACTIVE 
[11/25/25, 13:03:47:143] info: [API-Q] (T07CXALJLTU) noversion-1764101026.980 Flannel users/info is RESOLVED 
[11/25/25, 13:03:47:143] info: [API-Q] (T07CXALJLTU) e147fbfc-1764101026.978 users.prefs.get is ACTIVE 
[11/25/25, 13:03:47:226] info: [API-Q] (T026U7G95U6) e147fbfc-1764101026.632 users.customStatus.list is RESOLVED 
[11/25/25, 13:03:47:226] info: [API-Q] (T026U7G95U6) e147fbfc-1764101026.632 drafts.list is ACTIVE 
[11/25/25, 13:03:47:269] info: [API-Q] (T07CXALJLTU) e147fbfc-1764101026.978 users.prefs.get is RESOLVED 
[11/25/25, 13:03:47:269] info: [API-Q] (T07CXALJLTU) e147fbfc-1764101026.974 ublockworkaround.history is ACTIVE 
[11/25/25, 13:03:47:354] info: [API-Q] (T026U7G95U6) e147fbfc-1764101026.632 drafts.list is RESOLVED 
[11/25/25, 13:03:47:354] info: [API-Q] (T026U7G95U6) e147fbfc-1764101026.633 usergroups.membership is ACTIVE 
[11/25/25, 13:03:47:355] info: [DRAFTS] (T026U7G95U6) No active drafts 
[11/25/25, 13:03:47:355] info: [DRAFTS] (T026U7G95U6) Successfully fetched all active and inactive drafts ✨ 
[11/25/25, 13:03:47:397] info: [API-Q] (T07CXALJLTU) e147fbfc-1764101026.974 ublockworkaround.history is RESOLVED 
[11/25/25, 13:03:47:397] info: [API-Q] (T07CXALJLTU) e147fbfc-1764101026.975 users.customStatus.list is ACTIVE 
[11/25/25, 13:03:47:397] info: [EVENTLOG] (T07CXALJLTU) nothing to process 
[11/25/25, 13:03:47:397] info: [EVENTLOG] (T07CXALJLTU) fetched finish (aborted? false) 
[11/25/25, 13:03:47:398] info: [EVENTLOG] (T07CXALJLTU) dispatching signal and clearing timestamp 
[11/25/25, 13:03:47:480] info: [API-Q] (T026U7G95U6) e147fbfc-1764101026.633 usergroups.membership is RESOLVED 
[11/25/25, 13:03:47:481] info: [API-Q] (T026U7G95U6) e147fbfc-1764101026.634 client.counts is ACTIVE 
[11/25/25, 13:03:47:482] info: [USER_GROUP_MEMBERSHIP] (T026U7G95U6) Completed usergroups.membership processing 
[11/25/25, 13:03:47:515] info: [API-Q] (T07CXALJLTU) e147fbfc-1764101026.975 users.customStatus.list is RESOLVED 
[11/25/25, 13:03:47:516] info: [API-Q] (T07CXALJLTU) e147fbfc-1764101026.975 drafts.list is ACTIVE 
[11/25/25, 13:03:47:620] info: [API-Q] (T026U7G95U6) e147fbfc-1764101026.634 client.counts is RESOLVED 
[11/25/25, 13:03:47:621] info: [API-Q] (T026U7G95U6) e147fbfc-1764101026.635 sfdc.integration.listOrgs is ACTIVE 
[11/25/25, 13:03:47:623] info: [COUNTS] (T026U7G95U6) Applying counts to channels. wasLastConnectFast: false isConnected: true applying: 15 out of total: 15 
[11/25/25, 13:03:47:624] info: [COUNTS] (T026U7G95U6) Threads has_unreads:false mention_count:0 
[11/25/25, 13:03:47:624] info: [COUNTS] (T026U7G95U6) Completed counts processing 
[11/25/25, 13:03:47:637] info: [API-Q] (T07CXALJLTU) e147fbfc-1764101026.975 drafts.list is RESOLVED 
[11/25/25, 13:03:47:638] info: [API-Q] (T07CXALJLTU) e147fbfc-1764101026.976 usergroups.membership is ACTIVE 
[11/25/25, 13:03:47:638] info: [DRAFTS] (T07CXALJLTU) No active drafts 
[11/25/25, 13:03:47:638] info: [DRAFTS] (T07CXALJLTU) Successfully fetched all active and inactive drafts ✨ 
[11/25/25, 13:03:47:762] info: [API-Q] (T026U7G95U6) e147fbfc-1764101026.635 sfdc.integration.listOrgs is RESOLVED 
[11/25/25, 13:03:47:775] info: [API-Q] (T07CXALJLTU) e147fbfc-1764101026.976 usergroups.membership is RESOLVED 
[11/25/25, 13:03:47:775] info: [API-Q] (T07CXALJLTU) e147fbfc-1764101026.977 client.counts is ACTIVE 
[11/25/25, 13:03:47:776] info: [USER_GROUP_MEMBERSHIP] (T07CXALJLTU) Completed usergroups.membership processing 
[11/25/25, 13:03:47:918] info: [API-Q] (T07CXALJLTU) e147fbfc-1764101026.977 client.counts is RESOLVED 
[11/25/25, 13:03:47:918] info: [API-Q] (T07CXALJLTU) e147fbfc-1764101026.978 sfdc.integration.listOrgs is ACTIVE 
[11/25/25, 13:03:47:920] info: [COUNTS] (T07CXALJLTU) Applying counts to channels. wasLastConnectFast: false isConnected: true applying: 14 out of total: 14 
[11/25/25, 13:03:47:921] info: [COUNTS] (T07CXALJLTU) Threads has_unreads:false mention_count:0 
[11/25/25, 13:03:47:921] info: [COUNTS] (T07CXALJLTU) Completed counts processing 
[11/25/25, 13:03:48:063] info: [API-Q] (T07CXALJLTU) e147fbfc-1764101026.978 sfdc.integration.listOrgs is RESOLVED 
[11/25/25, 13:03:48:134] info: [SOCKET-MANAGER] (T095LHX9N) Changing from wait_for_rate_limit to connect 
[11/25/25, 13:03:48:136] info: [SOCKET-MANAGER] (T095LHX9N) will stay in connect state for up to 10000 ms 
[11/25/25, 13:03:48:136] info: [SOCKET-MANAGER] (T095LHX9N) Changing from connect to checking_fast_reconnect 
[11/25/25, 13:03:48:137] info: [SOCKET-MANAGER] (T095LHX9N) will stay in checking_fast_reconnect state for up to 60000 ms 
[11/25/25, 13:03:48:137] info: [SOCKET-MANAGER] (T095LHX9N) Attempting to connect to primary region 
[11/25/25, 13:03:48:137] info: [SOCKET-MANAGER] (T095LHX9N) Changing from checking_fast_reconnect to prov_connect 
[11/25/25, 13:03:48:137] info: [SOCKET-MANAGER] (T095LHX9N) will stay in prov_connect state for up to 10000 ms 
[11/25/25, 13:03:48:137] info: [SOCKET-MANAGER] (T095LHX9N) Connecting with token ending: b49d 
[11/25/25, 13:03:48:137] info: [SOCKET-MANAGER] (T095LHX9N) Changing from prov_connect to prov_connecting 
[11/25/25, 13:03:48:138] info: [SOCKET-MANAGER] (T095LHX9N) will stay in prov_connecting state for up to 35000 ms 
[11/25/25, 13:03:48:390] info: [SOCKET-MANAGER] (T095LHX9N) Changing from prov_connecting to prov_connected 
[11/25/25, 13:03:48:390] info: [SOCKET-MANAGER] (T095LHX9N) will stay in prov_connected state for up to 60000 ms 
[11/25/25, 13:03:48:393] info: [BOOT-QUEUE] T095LHX9N noversion-1764101028.392 client.shouldReload called with reason: slow_reconnect 
[11/25/25, 13:03:48:393] info: [BOOT-QUEUE] T095LHX9N noversion-1764101028.392 client.shouldReload is ENQUEUED 
[11/25/25, 13:03:48:393] info: [DESKTOP-SIDE-EFFECT] (T095LHX9N) Reacting to  {"type":"[21] Set a value that represents whether we are currently in the boot phase","payload":true,"error":false} 
[11/25/25, 13:03:48:394] info: [BOOT-QUEUE] T095LHX9N noversion-1764101028.392 client.shouldReload is ACTIVE 
[11/25/25, 13:03:48:394] info: [API-Q] (T095LHX9N) e147fbfc-1764101028.393 client.userBoot called with reason: provisionally-connected 
[11/25/25, 13:03:48:394] info: [API-Q] (T095LHX9N) e147fbfc-1764101028.393 client.userBoot is ENQUEUED 
[11/25/25, 13:03:48:394] info: [API-Q] (T095LHX9N) e147fbfc-1764101028.393 client.userBoot is ACTIVE 
[11/25/25, 13:03:48:535] info: [BOOT-QUEUE] T095LHX9N noversion-1764101028.392 client.shouldReload is RESOLVED 
[11/25/25, 13:03:48:535] info: [MIN-VERSION] No need to reload 
[11/25/25, 13:03:48:633] info: [API-Q] (T095LHX9N) e147fbfc-1764101028.393 client.userBoot is RESOLVED 
[11/25/25, 13:03:48:639] info: [SOCKET-MANAGER] (T095LHX9N) Changing from prov_connected to prov_finalize 
[11/25/25, 13:03:48:639] info: [SOCKET-MANAGER] (T095LHX9N) will stay in prov_finalize state for up to 10000 ms 
[11/25/25, 13:03:48:639] info: [SOCKET-MANAGER] (T095LHX9N) Changing from prov_finalize to prov_finalizing 
[11/25/25, 13:03:48:639] info: [SOCKET-MANAGER] (T095LHX9N) will stay in prov_finalizing state for up to 10000 ms 
[11/25/25, 13:03:48:639] info: [SOCKET-MANAGER] (T095LHX9N) Changing from prov_finalizing to connected 
[11/25/25, 13:03:48:639] info: [SOCKET-MANAGER] (T095LHX9N) will stay in connected state for up to Infinity ms 
[11/25/25, 13:03:48:639] info: [SOCKET-MANAGER] (T095LHX9N) Connected to primary region 
[11/25/25, 13:03:48:649] info: [EMOJI_TRANSLATION] Emoji translations not needed for default locale, only adding keywords 
[11/25/25, 13:03:48:653] info: [API-Q] (T095LHX9N) e147fbfc-1764101028.652 search.autocomplete.topEmojis called with reason: loadEmoji-maybeReloadEmoji-setModelData 
[11/25/25, 13:03:48:653] info: [API-Q] (T095LHX9N) e147fbfc-1764101028.652 search.autocomplete.topEmojis is ENQUEUED 
[11/25/25, 13:03:48:655] info: [EVENTLOG] (T095LHX9N) fr=false, lc=false, lt=1764098671.005300 
[11/25/25, 13:03:48:655] info: [EVENTLOG] (T095LHX9N) fetching events since 1764098671.005300 (2358 seconds ago) 
[11/25/25, 13:03:48:655] info: [API-Q] (T095LHX9N) e147fbfc-1764101028.654 ublockworkaround.history called with reason: onSocketConnected 
[11/25/25, 13:03:48:655] info: [API-Q] (T095LHX9N) e147fbfc-1764101028.654 ublockworkaround.history is ENQUEUED 
[11/25/25, 13:03:48:655] info: [MESSAGE-HISTORY] (T095LHX9N) Resetting reachedEnd 
[11/25/25, 13:03:48:656] info: [API-Q] (T095LHX9N) e147fbfc-1764101028.655 users.customStatus.list called with reason: fetchCustomStatusOnReconnect 
[11/25/25, 13:03:48:656] info: [API-Q] (T095LHX9N) e147fbfc-1764101028.655 users.customStatus.list is ENQUEUED 
[11/25/25, 13:03:48:656] info: [DND_V2] (T095LHX9N) Marking all DND times as stale for the following members after connecting to the websocket: U04UJR2PHMX,U095LTFRC,U03FCQ34JPK,U08PY1SAM0W,U0AL64VTR,U02BPRZ4FAQ,U06PZDZSXDZ,U06QB0DNF6U,U08L58USZ6V,U08RY079RFD,U090VKSQFFW,U04M57LQ3EV,U08V8DJ5LP8 
[11/25/25, 13:03:48:656] info: [API-Q] (T095LHX9N) e147fbfc-1764101028.656 drafts.list called with reason: fetchDraftsOnReconnect 
[11/25/25, 13:03:48:656] info: [API-Q] (T095LHX9N) e147fbfc-1764101028.656 drafts.list is ENQUEUED 
[11/25/25, 13:03:48:657] info: [API-Q] (T095LHX9N) e147fbfc-1764101028.656 drafts.listActive called with reason: fetchDraftsOnReconnect 
[11/25/25, 13:03:48:657] info: [API-Q] (T095LHX9N) e147fbfc-1764101028.656 drafts.listActive is ENQUEUED 
[11/25/25, 13:03:48:657] info: [API-Q] (T095LHX9N) e147fbfc-1764101028.657 usergroups.membership called with reason: user-group-membership-api/fetchUserGroupMembership 
[11/25/25, 13:03:48:657] info: [API-Q] (T095LHX9N) e147fbfc-1764101028.657 usergroups.membership is ENQUEUED 
[11/25/25, 13:03:48:657] info: [UNREAD-COUNTS] (T095LHX9N) Fetching counts 
[11/25/25, 13:03:48:658] info: [API-Q] (T095LHX9N) e147fbfc-1764101028.657 client.counts called with reason: fetchClientCountsOnConnect 
[11/25/25, 13:03:48:658] info: [API-Q] (T095LHX9N) e147fbfc-1764101028.657 client.counts is ENQUEUED 
[11/25/25, 13:03:48:658] info: [API-Q] (T095LHX9N) e147fbfc-1764101028.658 sfdc.integration.listOrgs called with reason: fetch-orgs-and-sign-in-silently-v2 
[11/25/25, 13:03:48:658] info: [API-Q] (T095LHX9N) e147fbfc-1764101028.658 sfdc.integration.listOrgs is ENQUEUED 
[11/25/25, 13:03:48:659] info: [PRESENCE_PROMPT] (T095LHX9N) ignoring prompt due to presence (active) 
[11/25/25, 13:03:48:659] info: [API-Q] (T095LHX9N) e147fbfc-1764101028.658 users.prefs.get called with reason: fetch-frecency-prefs 
[11/25/25, 13:03:48:659] info: [API-Q] (T095LHX9N) e147fbfc-1764101028.658 users.prefs.get is ENQUEUED 
[11/25/25, 13:03:48:660] info: [API-Q] (T095LHX9N) e147fbfc-1764101028.652 search.autocomplete.topEmojis is ACTIVE 
[11/25/25, 13:03:48:660] info: [API-Q] (T095LHX9N) e147fbfc-1764101028.654 ublockworkaround.history is ACTIVE 
[11/25/25, 13:03:48:660] info: [API-Q] (T095LHX9N) e147fbfc-1764101028.655 users.customStatus.list is ACTIVE 
[11/25/25, 13:03:48:660] info: [API-Q] (T095LHX9N) e147fbfc-1764101028.656 drafts.list is ACTIVE 
[11/25/25, 13:03:48:660] info: [API-Q] (T095LHX9N) e147fbfc-1764101028.656 drafts.listActive is ACTIVE 
[11/25/25, 13:03:48:660] info: [API-Q] (T095LHX9N) e147fbfc-1764101028.657 usergroups.membership is ACTIVE 
[11/25/25, 13:03:48:660] info: [API-Q] (T095LHX9N) e147fbfc-1764101028.657 client.counts is ACTIVE 
[11/25/25, 13:03:48:660] info: [API-Q] (T095LHX9N) e147fbfc-1764101028.658 sfdc.integration.listOrgs is ACTIVE 
[11/25/25, 13:03:48:660] info: [API-Q] (T095LHX9N) e147fbfc-1764101028.658 users.prefs.get is ACTIVE 
[11/25/25, 13:03:48:660] info: [DESKTOP-SIDE-EFFECT] (T095LHX9N) Reacting to  {"type":"[21] Set a value that represents whether we are currently in the boot phase","payload":false,"error":false} 
[11/25/25, 13:03:48:764] info: [HISTORY-FETCH] (T095LHX9N) Fetching history for message pane: D04U6FHBBD1 oldest: 1764098669.294869 latest: null 
[11/25/25, 13:03:48:764] info: [API-Q] (T095LHX9N) e147fbfc-1764101028.764 conversations.history called with reason: message-pane/requestHistory 
[11/25/25, 13:03:48:764] info: [API-Q] (T095LHX9N) e147fbfc-1764101028.764 conversations.history is ENQUEUED 
[11/25/25, 13:03:48:766] info: [CHECK-UNREADS] (T095LHX9N) unreadLineVisible updated in main window container primary: true -> false 
[11/25/25, 13:03:48:773] info: [API-Q] (T095LHX9N) e147fbfc-1764101028.764 conversations.history is ACTIVE 
[11/25/25, 13:03:48:801] info: [API-Q] (T095LHX9N) noversion-1764101028.800 Flannel users/info called with reason: flannel-call:users/info 
[11/25/25, 13:03:48:801] info: [API-Q] (T095LHX9N) noversion-1764101028.800 Flannel users/info is ENQUEUED 
[11/25/25, 13:03:48:801] info: Store: STORE_USER_WORKSPACES {
  "userTeamId": "T095LHX9N",
  "workspaceIds": [
    "T095LHX9N"
  ]
} 
[11/25/25, 13:03:48:802] info: [API-Q] (T095LHX9N) e147fbfc-1764101028.802 slackAi.permissions.getForUser called with reason: fetch-slack-ai-permissions 
[11/25/25, 13:03:48:802] info: [API-Q] (T095LHX9N) e147fbfc-1764101028.802 slackAi.permissions.getForUser is ENQUEUED 
[11/25/25, 13:03:48:802] info: [API-Q] (T095LHX9N) noversion-1764101028.802 Flannel permissions/info called with reason: flannel-call:permissions/info 
[11/25/25, 13:03:48:802] info: [API-Q] (T095LHX9N) noversion-1764101028.802 Flannel permissions/info is ENQUEUED 
[11/25/25, 13:03:48:802] info: [DND_V2] (T095LHX9N) fetchAndUpsertDndForUsers - Preparing to fetch DND times for the following members: U095LTFRC,U04UJR2PHMX,U08PY1SAM0W,U0AL64VTR,U02BPRZ4FAQ,U06PZDZSXDZ,U090VKSQFFW,U06QB0DNF6U,U08L58USZ6V,U03FCQ34JPK,U04M57LQ3EV,U08RY079RFD 
[11/25/25, 13:03:48:802] info: [API-Q] (T095LHX9N) e147fbfc-1764101028.802 dnd.info called with reason: fetchAndUpsertDndForUsers-getDndTimesFor:self 
[11/25/25, 13:03:48:803] info: [API-Q] (T095LHX9N) e147fbfc-1764101028.802 dnd.info is ENQUEUED 
[11/25/25, 13:03:48:803] info: [API-Q] (T095LHX9N) e147fbfc-1764101028.803 dnd.teamInfo called with reason: fetchAndUpsertDndForUsers-getDndTimesFor:others 
[11/25/25, 13:03:48:803] info: [API-Q] (T095LHX9N) e147fbfc-1764101028.803 dnd.teamInfo is ENQUEUED 
[11/25/25, 13:03:48:803] info: [API-Q] (T095LHX9N) e147fbfc-1764101028.803 team.targetingCriteria called with reason: team_targeting_criteria 
[11/25/25, 13:03:48:803] info: [API-Q] (T095LHX9N) e147fbfc-1764101028.803 team.targetingCriteria is ENQUEUED 
[11/25/25, 13:03:48:804] info: [API-Q] (T095LHX9N) e147fbfc-1764101028.803 saved.list called with reason: saved-api/savedList 
[11/25/25, 13:03:48:804] info: [API-Q] (T095LHX9N) e147fbfc-1764101028.803 saved.list is ENQUEUED 
[11/25/25, 13:03:48:804] info: [API-Q] (T095LHX9N) e147fbfc-1764101028.804 files.info called with reason: files-store.ConditionalFetchManager.fetch 
[11/25/25, 13:03:48:804] info: [API-Q] (T095LHX9N) e147fbfc-1764101028.804 files.info is ENQUEUED 
[11/25/25, 13:03:48:804] info: [API-Q] (T095LHX9N) e147fbfc-1764101028.804 files.info called with reason: files-store.ConditionalFetchManager.fetch 
[11/25/25, 13:03:48:804] info: [API-Q] (T095LHX9N) e147fbfc-1764101028.804 files.info is ENQUEUED 
[11/25/25, 13:03:48:804] info: [API-Q] (T095LHX9N) e147fbfc-1764101028.804 files.info called with reason: files-store.ConditionalFetchManager.fetch 
[11/25/25, 13:03:48:804] info: [API-Q] (T095LHX9N) e147fbfc-1764101028.804 files.info is ENQUEUED 
[11/25/25, 13:03:48:804] info: [API-Q] (T095LHX9N) e147fbfc-1764101028.804 files.info called with reason: files-store.ConditionalFetchManager.fetch 
[11/25/25, 13:03:48:804] info: [API-Q] (T095LHX9N) e147fbfc-1764101028.804 files.info is ENQUEUED 
[11/25/25, 13:03:48:805] info: [API-Q] (T095LHX9N) e147fbfc-1764101028.805 help.issues.ticketStats called with reason: fetchAndUpsertTicketStats 
[11/25/25, 13:03:48:805] info: [API-Q] (T095LHX9N) e147fbfc-1764101028.805 help.issues.ticketStats is ENQUEUED 
[11/25/25, 13:03:48:805] info: [API-Q] (T095LHX9N) e147fbfc-1764101028.805 users.channelSections.list called with reason: conditional-fetch-manager 
[11/25/25, 13:03:48:805] info: [API-Q] (T095LHX9N) e147fbfc-1764101028.805 users.channelSections.list is ENQUEUED 
[11/25/25, 13:03:48:805] info: [API-Q] (T095LHX9N) noversion-1764101028.805 Flannel permissions/info called with reason: flannel-call:permissions/info 
[11/25/25, 13:03:48:805] info: [API-Q] (T095LHX9N) noversion-1764101028.805 Flannel permissions/info is ENQUEUED 
[11/25/25, 13:03:48:806] info: [API-Q] (T095LHX9N) noversion-1764101028.806 Flannel channels/info called with reason: flannel-call:channels/info 
[11/25/25, 13:03:48:806] info: [API-Q] (T095LHX9N) noversion-1764101028.806 Flannel channels/info is ENQUEUED 
[11/25/25, 13:03:48:806] info: [API-Q] (T095LHX9N) e147fbfc-1764101028.806 conversations.listPrefs called with reason: client_redux_store 
[11/25/25, 13:03:48:806] info: [API-Q] (T095LHX9N) e147fbfc-1764101028.806 conversations.listPrefs is ENQUEUED 
[11/25/25, 13:03:48:808] info: [API-Q] (T095LHX9N) e147fbfc-1764101028.807 quip.lookupThreadIds called with reason: fetch-quip-ids 
[11/25/25, 13:03:48:808] info: [API-Q] (T095LHX9N) e147fbfc-1764101028.807 quip.lookupThreadIds is ENQUEUED 
[11/25/25, 13:03:48:837] info: [MESSAGE-LIST] (T095LHX9N) componentWillReceiveProps isLoading: true isLoadingOlder: false timestamps: 52 
[11/25/25, 13:03:48:851] info: [API-Q] (T095LHX9N) e147fbfc-1764101028.652 search.autocomplete.topEmojis is RESOLVED 
[11/25/25, 13:03:48:851] info: [API-Q] (T095LHX9N) noversion-1764101028.806 Flannel channels/info is ACTIVE 
[11/25/25, 13:03:48:852] info: [API-Q] (T095LHX9N) e147fbfc-1764101028.654 ublockworkaround.history is RESOLVED 
[11/25/25, 13:03:48:852] info: [API-Q] (T095LHX9N) noversion-1764101028.805 Flannel permissions/info is ACTIVE 
[11/25/25, 13:03:48:852] info: [API-Q] (T095LHX9N) e147fbfc-1764101028.655 users.customStatus.list is RESOLVED 
[11/25/25, 13:03:48:852] info: [API-Q] (T095LHX9N) noversion-1764101028.802 Flannel permissions/info is ACTIVE 
[11/25/25, 13:03:48:852] info: [API-Q] (T095LHX9N) e147fbfc-1764101028.656 drafts.listActive is RESOLVED 
[11/25/25, 13:03:48:853] info: [API-Q] (T095LHX9N) noversion-1764101028.800 Flannel users/info is ACTIVE 
[11/25/25, 13:03:48:853] info: [API-Q] (T095LHX9N) e147fbfc-1764101028.657 usergroups.membership is RESOLVED 
[11/25/25, 13:03:48:854] info: [API-Q] (T095LHX9N) e147fbfc-1764101028.802 slackAi.permissions.getForUser is ACTIVE 
[11/25/25, 13:03:48:854] info: [API-Q] (T095LHX9N) e147fbfc-1764101028.657 client.counts is RESOLVED 
[11/25/25, 13:03:48:854] info: [API-Q] (T095LHX9N) e147fbfc-1764101028.802 dnd.info is ACTIVE 
[11/25/25, 13:03:48:855] info: [API-Q] (T095LHX9N) e147fbfc-1764101028.658 sfdc.integration.listOrgs is RESOLVED 
[11/25/25, 13:03:48:855] info: [API-Q] (T095LHX9N) e147fbfc-1764101028.803 dnd.teamInfo is ACTIVE 
[11/25/25, 13:03:48:856] info: [API-Q] (T095LHX9N) e147fbfc-1764101028.658 users.prefs.get is RESOLVED 
[11/25/25, 13:03:48:856] info: [API-Q] (T095LHX9N) e147fbfc-1764101028.803 team.targetingCriteria is ACTIVE 
[11/25/25, 13:03:48:859] info: [API-Q] (T095LHX9N) noversion-1764101028.858 Flannel emojis/info called with reason: flannel-call:emojis/info 
[11/25/25, 13:03:48:859] info: [API-Q] (T095LHX9N) noversion-1764101028.858 Flannel emojis/info is ENQUEUED 
[11/25/25, 13:03:48:859] info: [EVENTLOG] (T095LHX9N) nothing to process 
[11/25/25, 13:03:48:859] info: [EVENTLOG] (T095LHX9N) fetched finish (aborted? false) 
[11/25/25, 13:03:48:859] info: [EVENTLOG] (T095LHX9N) dispatching signal and clearing timestamp 
[11/25/25, 13:03:48:860] info: [DRAFTS] (T095LHX9N) Fetched 6 active draft ids - page 1 
[11/25/25, 13:03:48:860] info: [DRAFTS] (T095LHX9N) Purged 0 inactive drafts 
[11/25/25, 13:03:48:860] info: [USER_GROUP_MEMBERSHIP] (T095LHX9N) Completed usergroups.membership processing 
[11/25/25, 13:03:48:861] info: [COUNTS] (T095LHX9N) Applying counts to channels. wasLastConnectFast: false isConnected: true applying: 19 out of total: 19 
[11/25/25, 13:03:48:862] info: [COUNTS] (T095LHX9N) Threads has_unreads:false mention_count:0 
[11/25/25, 13:03:48:863] info: [COUNTS] (T095LHX9N) Completed counts processing 
[11/25/25, 13:03:48:873] info: [API-Q] (T095LHX9N) e147fbfc-1764101028.656 drafts.list is RESOLVED 
[11/25/25, 13:03:48:873] info: [API-Q] (T095LHX9N) noversion-1764101028.858 Flannel emojis/info is ACTIVE 
[11/25/25, 13:03:48:874] info: [DRAFTS] (T095LHX9N) Fetched 6 active drafts - page 1 
[11/25/25, 13:03:48:874] info: [DRAFTS] (T095LHX9N) Reconciliation handled - server ts <= local model ts (D098CC27XGV) 
[11/25/25, 13:03:48:874] info: [DRAFTS] (T095LHX9N) Reconciliation handled - server ts <= local model ts (e49cf26c-161c-4513-a616-73e67cc0373f) 
[11/25/25, 13:03:48:874] info: [DRAFTS] (T095LHX9N) Reconciliation handled - server ts <= local model ts (C095M2SMP-1733252733.509889) 
[11/25/25, 13:03:48:874] info: [DRAFTS] (T095LHX9N) Reconciliation handled - server ts <= local model ts (bd8852dd-298c-4a79-97ef-2313acbbe64c) 
[11/25/25, 13:03:48:874] info: [DRAFTS] (T095LHX9N) Reconciliation handled - server ts <= local model ts (D05D58FK9MJ-1693432966.276699) 
[11/25/25, 13:03:48:874] info: [DRAFTS] (T095LHX9N) Reconciliation handled - server ts <= local model ts (C04U87M0X55-1685048615.285539) 
[11/25/25, 13:03:48:874] info: [DRAFTS] (T095LHX9N) Reconciled fetched drafts:
Drafts added: 0
Drafts updated: 0
Drafts removed: 0
Drafts ignored: 0 
[11/25/25, 13:03:48:874] info: [DRAFTS] (T095LHX9N) Upserting 1 files associated with the fetched drafts 
[11/25/25, 13:03:48:874] info: [DRAFTS] (T095LHX9N) Successfully fetched all active and inactive drafts ✨ 
[11/25/25, 13:03:48:891] info: [API-Q] (T095LHX9N) noversion-1764101028.800 Flannel users/info is RESOLVED 
[11/25/25, 13:03:48:891] info: [API-Q] (T095LHX9N) e147fbfc-1764101028.803 saved.list is ACTIVE 
[11/25/25, 13:03:48:898] info: [API-Q] (T095LHX9N) noversion-1764101028.805 Flannel permissions/info is RESOLVED 
[11/25/25, 13:03:48:898] info: [API-Q] (T095LHX9N) e147fbfc-1764101028.804 files.info is ACTIVE 
[11/25/25, 13:03:48:898] info: [API-Q] (T095LHX9N) noversion-1764101028.802 Flannel permissions/info is RESOLVED 
[11/25/25, 13:03:48:899] info: [API-Q] (T095LHX9N) e147fbfc-1764101028.804 files.info is ACTIVE 
[11/25/25, 13:03:48:903] info: [API-Q] (T095LHX9N) e147fbfc-1764101028.764 conversations.history is RESOLVED 
[11/25/25, 13:03:48:903] info: [API-Q] (T095LHX9N) e147fbfc-1764101028.804 files.info is ACTIVE 
[11/25/25, 13:03:48:904] info: [PLATFORM-CHANNEL-ACTI] (T095LHX9N) Not updating count for channel D04U6FHBBD1, as count was already set to 0 
[11/25/25, 13:03:48:906] info: [CHECK-UNREADS] (T095LHX9N) Not marking D04U6FHBBD1 because last_read >= latest && channel is read 
[11/25/25, 13:03:48:917] info: [MESSAGE-LIST] (T095LHX9N) componentWillReceiveProps isLoading: false isLoadingOlder: false timestamps: 52 
[11/25/25, 13:03:48:954] info: [CHECK-UNREADS] (T095LHX9N) unreadLineVisible updated in main window container primary: false -> true 
[11/25/25, 13:03:48:974] info: [API-Q] (T095LHX9N) noversion-1764101028.858 Flannel emojis/info is RESOLVED 
[11/25/25, 13:03:48:975] info: [API-Q] (T095LHX9N) e147fbfc-1764101028.804 files.info is ACTIVE 
[11/25/25, 13:03:48:975] info: [API-Q] (T095LHX9N) e147fbfc-1764101028.802 slackAi.permissions.getForUser is RESOLVED 
[11/25/25, 13:03:48:976] info: [API-Q] (T095LHX9N) e147fbfc-1764101028.805 help.issues.ticketStats is ACTIVE 
[11/25/25, 13:03:49:005] info: [API-Q] (T095LHX9N) e147fbfc-1764101028.802 dnd.info is RESOLVED 
[11/25/25, 13:03:49:005] info: [API-Q] (T095LHX9N) e147fbfc-1764101028.805 users.channelSections.list is ACTIVE 
[11/25/25, 13:03:49:005] info: [API-Q] (T095LHX9N) e147fbfc-1764101028.803 dnd.teamInfo is RESOLVED 
[11/25/25, 13:03:49:006] info: [API-Q] (T095LHX9N) e147fbfc-1764101028.806 conversations.listPrefs is ACTIVE 
[11/25/25, 13:03:49:010] info: [DND] (T095LHX9N) Fetched DND info for the following member: U04UJR2PHMX 
[11/25/25, 13:03:49:011] info: [DND_V2] (T095LHX9N) Not setting a timer as all schedules are stale 
[11/25/25, 13:03:49:012] info: [DND] (T095LHX9N) Fetched DND info for the following members: U095LTFRC,U08PY1SAM0W,U0AL64VTR,U02BPRZ4FAQ,U06PZDZSXDZ,U090VKSQFFW,U06QB0DNF6U,U08L58USZ6V,U03FCQ34JPK,U04M57LQ3EV,U08RY079RFD 
[11/25/25, 13:03:49:012] info: [DND_V2] (T095LHX9N) Not setting a timer as all schedules are stale 
[11/25/25, 13:03:49:025] info: [API-Q] (T095LHX9N) e147fbfc-1764101028.803 saved.list is RESOLVED 
[11/25/25, 13:03:49:025] info: [API-Q] (T095LHX9N) e147fbfc-1764101028.807 quip.lookupThreadIds is ACTIVE 
[11/25/25, 13:03:49:031] info: [API-Q] (T095LHX9N) e147fbfc-1764101028.804 files.info is RESOLVED 
[11/25/25, 13:03:49:063] info: [API-Q] (T095LHX9N) e147fbfc-1764101028.804 files.info is RESOLVED 
[11/25/25, 13:03:49:079] info: [API-Q] (T095LHX9N) noversion-1764101028.806 Flannel channels/info is RESOLVED 
[11/25/25, 13:03:49:080] info: [API-Q] (T095LHX9N) e147fbfc-1764101029.080 conversations.genericInfo called with reason: fallback:fetchAndUpsertChannelsById 
[11/25/25, 13:03:49:080] info: [API-Q] (T095LHX9N) e147fbfc-1764101029.080 conversations.genericInfo is ENQUEUED 
[11/25/25, 13:03:49:080] info: [API-Q] (T095LHX9N) e147fbfc-1764101029.080 conversations.genericInfo is ACTIVE 
[11/25/25, 13:03:49:088] info: [API-Q] (T095LHX9N) e147fbfc-1764101028.803 team.targetingCriteria is RESOLVED 
[11/25/25, 13:03:49:100] info: [API-Q] (T095LHX9N) e147fbfc-1764101028.804 files.info is RESOLVED 
[11/25/25, 13:03:49:105] info: [API-Q] (T095LHX9N) e147fbfc-1764101028.805 help.issues.ticketStats is RESOLVED 
[11/25/25, 13:03:49:119] info: [API-Q] (T095LHX9N) e147fbfc-1764101028.804 files.info is RESOLVED 
[11/25/25, 13:03:49:131] info: [API-Q] (T095LHX9N) e147fbfc-1764101028.805 users.channelSections.list is RESOLVED 
[11/25/25, 13:03:49:133] info: [API-Q] (T095LHX9N) e147fbfc-1764101028.806 conversations.listPrefs is RESOLVED 
[11/25/25, 13:03:49:179] info: [API-Q] (T095LHX9N) e147fbfc-1764101028.807 quip.lookupThreadIds is RESOLVED 
[11/25/25, 13:03:49:205] info: [API-Q] (T095LHX9N) e147fbfc-1764101029.080 conversations.genericInfo is RESOLVED 
[11/25/25, 13:03:49:323] info: [CHECK-UNREADS] (T095LHX9N) Checking unreads after unread line became visible 
[11/25/25, 13:03:49:323] info: [CHECK-UNREADS] (T095LHX9N) Not marking D04U6FHBBD1 because last_read >= latest && channel is read 
[11/25/25, 13:03:51:339] info: [FOCUS-EVENT] (T095LHX9N) Main window blurred 
[11/25/25, 13:03:51:369] info: [API-Q] (T095LHX9N) noversion-1764101031.368 Flannel permissions/info called with reason: flannel-call:permissions/info 
[11/25/25, 13:03:51:369] info: [API-Q] (T095LHX9N) noversion-1764101031.368 Flannel permissions/info is ENQUEUED 
[11/25/25, 13:03:51:369] info: [API-Q] (T095LHX9N) noversion-1764101031.368 Flannel permissions/info is ACTIVE 
[11/25/25, 13:03:51:416] info: [API-Q] (T095LHX9N) noversion-1764101031.368 Flannel permissions/info is RESOLVED 
[11/25/25, 13:04:50:408] info: [API-Q] (T095LHX9N) e147fbfc-1764101090.407 client.counts called with reason: pollClientCountsAfterTimeout 
[11/25/25, 13:04:50:408] info: [API-Q] (T095LHX9N) e147fbfc-1764101090.407 client.counts is ENQUEUED 
[11/25/25, 13:04:50:410] info: [API-Q] (T095LHX9N) e147fbfc-1764101090.407 client.counts is ACTIVE 
[11/25/25, 13:04:50:608] info: [API-Q] (T095LHX9N) e147fbfc-1764101090.407 client.counts is RESOLVED 
[11/25/25, 13:04:50:610] info: [COUNTS] (T095LHX9N) Applying counts to channels. wasLastConnectFast: false isConnected: true applying: 19 out of total: 19 
[11/25/25, 13:04:50:611] info: [COUNTS] (T095LHX9N) Threads has_unreads:false mention_count:0 
[11/25/25, 13:04:50:612] info: [COUNTS] (T095LHX9N) Completed counts processing 
[11/25/25, 13:04:53:388] info: [API-Q] (T026U7G95U6) e147fbfc-1764101093.387 client.counts called with reason: pollClientCountsAfterTimeout 
[11/25/25, 13:04:53:389] info: [API-Q] (T026U7G95U6) e147fbfc-1764101093.387 client.counts is ENQUEUED 
[11/25/25, 13:04:53:389] info: [API-Q] (T026U7G95U6) e147fbfc-1764101093.387 client.counts is ACTIVE 
[11/25/25, 13:04:53:547] info: [API-Q] (T026U7G95U6) e147fbfc-1764101093.387 client.counts is RESOLVED 
[11/25/25, 13:04:53:549] info: [COUNTS] (T026U7G95U6) Applying counts to channels. wasLastConnectFast: false isConnected: true applying: 15 out of total: 15 
[11/25/25, 13:04:53:550] info: [COUNTS] (T026U7G95U6) Threads has_unreads:false mention_count:0 
[11/25/25, 13:04:53:551] info: [COUNTS] (T026U7G95U6) Completed counts processing 
[11/25/25, 13:04:55:503] info: [API-Q] (T07CXALJLTU) e147fbfc-1764101095.502 client.counts called with reason: pollClientCountsAfterTimeout 
[11/25/25, 13:04:55:503] info: [API-Q] (T07CXALJLTU) e147fbfc-1764101095.502 client.counts is ENQUEUED 
[11/25/25, 13:04:55:503] info: [API-Q] (T07CXALJLTU) e147fbfc-1764101095.502 client.counts is ACTIVE 
[11/25/25, 13:04:55:675] info: [API-Q] (T07CXALJLTU) e147fbfc-1764101095.502 client.counts is RESOLVED 
[11/25/25, 13:04:55:676] info: [COUNTS] (T07CXALJLTU) Applying counts to channels. wasLastConnectFast: false isConnected: true applying: 14 out of total: 14 
[11/25/25, 13:04:55:677] info: [COUNTS] (T07CXALJLTU) Threads has_unreads:false mention_count:0 
[11/25/25, 13:04:55:677] info: [COUNTS] (T07CXALJLTU) Completed counts processing 
[11/25/25, 13:05:47:202] info: [CHECK-FOR-OLD-CHANNEL] (T026U7G95U6) Start cleaning up DMs/MPDMs — starting with 11 entries. 
[11/25/25, 13:05:47:202] info: [CHECK-FOR-OLD-CHANNEL] (T026U7G95U6) Eligible DMs/MPDMs for cleanup — [external DMs]:0, [internal DMs]: 11, [app DMs]: 0 
[11/25/25, 13:05:47:202] info: [CHECK-FOR-OLD-CHANNEL] (T026U7G95U6) Identified 0 DMs/MPDMs of externalDMs type for closure 
[11/25/25, 13:05:47:202] info: [CHECK-FOR-OLD-CHANNEL] (T026U7G95U6) Not eligible D02AV4K7V6H: Slackbot 
[11/25/25, 13:05:47:202] info: [CHECK-FOR-OLD-CHANNEL] (T026U7G95U6) Not eligible D02B4B892TW: Self DM 
[11/25/25, 13:05:47:202] info: [CHECK-FOR-OLD-CHANNEL] (T026U7G95U6) Identified 0 DMs/MPDMs of internalDMs type for closure 
[11/25/25, 13:05:47:202] info: [CHECK-FOR-OLD-CHANNEL] (T026U7G95U6) Identified 0 DMs/MPDMs of appDMs type for closure 
[11/25/25, 13:05:47:202] info: [API-Q] (T026U7G95U6) e147fbfc-1764101147.201 users.channelSections.list called with reason: conditional-fetch-manager 
[11/25/25, 13:05:47:202] info: [API-Q] (T026U7G95U6) e147fbfc-1764101147.201 users.channelSections.list is ENQUEUED 
[11/25/25, 13:05:47:203] info: [API-Q] (T026U7G95U6) e147fbfc-1764101147.201 users.channelSections.list is ACTIVE 
[11/25/25, 13:05:47:204] info: [API-Q] (T026U7G95U6) noversion-1764101147.203 Flannel users/info called with reason: flannel-call:users/info 
[11/25/25, 13:05:47:204] info: [API-Q] (T026U7G95U6) noversion-1764101147.203 Flannel users/info is ENQUEUED 
[11/25/25, 13:05:47:356] info: [API-Q] (T026U7G95U6) e147fbfc-1764101147.201 users.channelSections.list is RESOLVED 
[11/25/25, 13:05:47:357] info: [API-Q] (T026U7G95U6) noversion-1764101147.203 Flannel users/info is ACTIVE 
[11/25/25, 13:05:47:431] info: [API-Q] (T026U7G95U6) noversion-1764101147.203 Flannel users/info is RESOLVED 
[11/25/25, 13:05:47:544] info: [CHECK-FOR-OLD-CHANNEL] (T07CXALJLTU) Start cleaning up DMs/MPDMs — starting with 14 entries. 
[11/25/25, 13:05:47:544] info: [CHECK-FOR-OLD-CHANNEL] (T07CXALJLTU) Eligible DMs/MPDMs for cleanup — [external DMs]:0, [internal DMs]: 11, [app DMs]: 0 
[11/25/25, 13:05:47:544] info: [CHECK-FOR-OLD-CHANNEL] (T07CXALJLTU) Identified 0 DMs/MPDMs of externalDMs type for closure 
[11/25/25, 13:05:47:544] info: [CHECK-FOR-OLD-CHANNEL] (T07CXALJLTU) Not eligible D09SUDGUMPU: Self DM 
[11/25/25, 13:05:47:545] info: [CHECK-FOR-OLD-CHANNEL] (T07CXALJLTU) Identified 0 DMs/MPDMs of internalDMs type for closure 
[11/25/25, 13:05:47:545] info: [CHECK-FOR-OLD-CHANNEL] (T07CXALJLTU) Identified 0 DMs/MPDMs of appDMs type for closure 
[11/25/25, 13:05:47:545] info: [API-Q] (T07CXALJLTU) e147fbfc-1764101147.544 users.channelSections.list called with reason: conditional-fetch-manager 
[11/25/25, 13:05:47:545] info: [API-Q] (T07CXALJLTU) e147fbfc-1764101147.544 users.channelSections.list is ENQUEUED 
[11/25/25, 13:05:47:546] info: [API-Q] (T07CXALJLTU) e147fbfc-1764101147.544 users.channelSections.list is ACTIVE 
[11/25/25, 13:05:47:547] info: [API-Q] (T07CXALJLTU) noversion-1764101147.546 Flannel users/info called with reason: flannel-call:users/info 
[11/25/25, 13:05:47:547] info: [API-Q] (T07CXALJLTU) noversion-1764101147.546 Flannel users/info is ENQUEUED 
[11/25/25, 13:05:47:692] info: [API-Q] (T07CXALJLTU) e147fbfc-1764101147.544 users.channelSections.list is RESOLVED 
[11/25/25, 13:05:47:692] info: [API-Q] (T07CXALJLTU) noversion-1764101147.546 Flannel users/info is ACTIVE 
[11/25/25, 13:05:47:875] info: [API-Q] (T07CXALJLTU) noversion-1764101147.546 Flannel users/info is RESOLVED 
[11/25/25, 13:05:49:224] info: [CHECK-FOR-OLD-CHANNEL] (T095LHX9N) Start cleaning up DMs/MPDMs — starting with 52 entries. 
[11/25/25, 13:05:49:225] info: [CHECK-FOR-OLD-CHANNEL] (T095LHX9N) Eligible DMs/MPDMs for cleanup — [external DMs]:0, [internal DMs]: 11, [app DMs]: 0 
[11/25/25, 13:05:49:225] info: [CHECK-FOR-OLD-CHANNEL] (T095LHX9N) Identified 0 DMs/MPDMs of externalDMs type for closure 
[11/25/25, 13:05:49:225] info: [CHECK-FOR-OLD-CHANNEL] (T095LHX9N) Not eligible C09TW15MSKH: Not idle 
[11/25/25, 13:05:49:225] info: [CHECK-FOR-OLD-CHANNEL] (T095LHX9N) Not eligible D04U62ZABBM: Self DM 
[11/25/25, 13:05:49:225] info: [CHECK-FOR-OLD-CHANNEL] (T095LHX9N) Not eligible D04U6FHBBD1: Not idle 
[11/25/25, 13:05:49:225] info: [CHECK-FOR-OLD-CHANNEL] (T095LHX9N) Not eligible D04U8LHMQS0: Slackbot 
[11/25/25, 13:05:49:225] info: [CHECK-FOR-OLD-CHANNEL] (T095LHX9N) Not eligible D04UM60PJB1: Not idle 
[11/25/25, 13:05:49:225] info: [CHECK-FOR-OLD-CHANNEL] (T095LHX9N) Not eligible D08T2G33XDM: Not idle 
[11/25/25, 13:05:49:225] info: [CHECK-FOR-OLD-CHANNEL] (T095LHX9N) Not eligible D098CC27XGV: Has draft 
[11/25/25, 13:05:49:225] info: [CHECK-FOR-OLD-CHANNEL] (T095LHX9N) Identified 0 DMs/MPDMs of internalDMs type for closure 
[11/25/25, 13:05:49:225] info: [CHECK-FOR-OLD-CHANNEL] (T095LHX9N) Identified 0 DMs/MPDMs of appDMs type for closure 
[11/25/25, 13:08:47:202] info: [SIDEBAR-NOISE-METRICS] (T026U7G95U6) Logging sidebar noise metrics 
[11/25/25, 13:08:47:202] info: [SIDEBAR-STATS] (T026U7G95U6) Begin gathering sidebar stats 
[11/25/25, 13:08:47:204] info: [SIDEBAR-NOISE-METRICS] (T026U7G95U6) Updated sidebar metrics for today 
[11/25/25, 13:08:47:204] info: [API-Q] (T026U7G95U6) noversion-1764101327.204 Flannel users/info called with reason: flannel-call:users/info 
[11/25/25, 13:08:47:205] info: [API-Q] (T026U7G95U6) noversion-1764101327.204 Flannel users/info is ENQUEUED 
[11/25/25, 13:08:47:205] info: [API-Q] (T026U7G95U6) noversion-1764101327.204 Flannel users/info is ACTIVE 
[11/25/25, 13:08:47:452] info: [API-Q] (T026U7G95U6) noversion-1764101327.204 Flannel users/info is RESOLVED 
[11/25/25, 13:08:47:455] info: [API-Q] (T095LHX9N) e147fbfc-1764101327.454 team.info called with reason: conditional-fetching 
[11/25/25, 13:08:47:455] info: [API-Q] (T095LHX9N) e147fbfc-1764101327.454 team.info is ENQUEUED 
[11/25/25, 13:08:47:455] info: [API-Q] (T095LHX9N) e147fbfc-1764101327.454 team.info is ACTIVE 
[11/25/25, 13:08:47:544] info: [SIDEBAR-NOISE-METRICS] (T07CXALJLTU) Logging sidebar noise metrics 
[11/25/25, 13:08:47:544] info: [SIDEBAR-STATS] (T07CXALJLTU) Begin gathering sidebar stats 
[11/25/25, 13:08:47:545] info: [SIDEBAR-NOISE-METRICS] (T07CXALJLTU) Updated sidebar metrics for today 
[11/25/25, 13:08:47:632] info: [API-Q] (T095LHX9N) e147fbfc-1764101327.454 team.info is RESOLVED 
[11/25/25, 13:08:49:224] info: [SIDEBAR-NOISE-METRICS] (T095LHX9N) Logging sidebar noise metrics 
[11/25/25, 13:08:49:224] info: [SIDEBAR-STATS] (T095LHX9N) Begin gathering sidebar stats 
[11/25/25, 13:08:49:225] info: [SIDEBAR-NOISE-METRICS] (T095LHX9N) Updated sidebar metrics for today 
[11/25/25, 13:10:32:495] info: [FOCUS-EVENT] (T095LHX9N) Main window focused 
[11/25/25, 13:10:32:499] info: [DND_V2] (T095LHX9N) Will check for changes in DND status again in 5 minutes 
[11/25/25, 13:10:32:516] info: [CHECK-UNREADS] (T095LHX9N) Checking unreads after window became focused 
[11/25/25, 13:10:32:516] info: [CHECK-UNREADS] (T095LHX9N) Not marking D04U6FHBBD1 because last_read >= latest && channel is read 
[11/25/25, 13:10:32:575] info: [API-Q] (T095LHX9N) noversion-1764101432.575 Flannel permissions/info called with reason: flannel-call:permissions/info 
[11/25/25, 13:10:32:576] info: [API-Q] (T095LHX9N) noversion-1764101432.575 Flannel permissions/info is ENQUEUED 
[11/25/25, 13:10:32:576] info: [API-Q] (T095LHX9N) noversion-1764101432.575 Flannel permissions/info is ACTIVE 
[11/25/25, 13:10:32:733] info: [API-Q] (T095LHX9N) noversion-1764101432.575 Flannel permissions/info is RESOLVED 
[11/25/25, 13:10:34:350] info: [FOCUS-EVENT] (T095LHX9N) Main window blurred 
[11/25/25, 13:11:47:722] info: [RTM-EVENT-METRICS] Metrics collection sampling has been reset. 
[11/25/25, 13:12:11:875] info: [PERSIST] (T095LHX9N) Successfully persisted state 
[11/25/25, 13:12:11:882] info: [PERSIST] (T026U7G95U6) Successfully persisted state 
[11/25/25, 13:12:11:889] info: [PERSIST] (T07CXALJLTU) Successfully persisted state 
[11/25/25, 13:15:32:500] info: [DND_V2] (T095LHX9N) Checking for changes in DND status for the following members: U04UJR2PHMX,U095LTFRC,U03FCQ34JPK,U08PY1SAM0W,U0AL64VTR,U02BPRZ4FAQ,U06PZDZSXDZ,U06QB0DNF6U,U08L58USZ6V,U08RY079RFD,U090VKSQFFW,U04M57LQ3EV 
[11/25/25, 13:15:32:500] info: [DND_V2] (T095LHX9N) Will check for changes in DND status again in 5 minutes 
[11/25/25, 13:17:51:867] info: [FOCUS-EVENT] (T095LHX9N) Main window focused 
[11/25/25, 13:17:51:898] info: [CHECK-UNREADS] (T095LHX9N) Checking unreads after window became focused 
[11/25/25, 13:17:51:899] info: [CHECK-UNREADS] (T095LHX9N) Not marking D04U6FHBBD1 because last_read >= latest && channel is read 
[11/25/25, 13:17:52:446] info: [FOCUS-EVENT] (T095LHX9N) Main window blurred 
[11/25/25, 13:18:03:260] info: [FOCUS-EVENT] (T095LHX9N) Main window focused 
[11/25/25, 13:18:03:278] info: [CHECK-UNREADS] (T095LHX9N) Checking unreads after window became focused 
[11/25/25, 13:18:03:278] info: [CHECK-UNREADS] (T095LHX9N) Not marking D04U6FHBBD1 because last_read >= latest && channel is read 
[11/25/25, 13:18:33:433] info: [FOCUS-EVENT] (T095LHX9N) Main window blurred 
[11/25/25, 13:20:32:501] info: [DND_V2] (T095LHX9N) Checking for changes in DND status for the following members: U04UJR2PHMX,U095LTFRC,U03FCQ34JPK,U08PY1SAM0W,U0AL64VTR,U02BPRZ4FAQ,U06PZDZSXDZ,U06QB0DNF6U,U08L58USZ6V,U08RY079RFD,U090VKSQFFW,U04M57LQ3EV 
[11/25/25, 13:20:32:502] info: [DND_V2] (T095LHX9N) Will check for changes in DND status again in 5 minutes 
[11/25/25, 13:20:47:203] info: [CHECK-FOR-OLD-CHANNEL] (T026U7G95U6) Start cleaning up DMs/MPDMs — starting with 11 entries. 
[11/25/25, 13:20:47:203] info: [CHECK-FOR-OLD-CHANNEL] (T026U7G95U6) Eligible DMs/MPDMs for cleanup — [external DMs]:0, [internal DMs]: 11, [app DMs]: 0 
[11/25/25, 13:20:47:203] info: [CHECK-FOR-OLD-CHANNEL] (T026U7G95U6) Identified 0 DMs/MPDMs of externalDMs type for closure 
[11/25/25, 13:20:47:203] info: [CHECK-FOR-OLD-CHANNEL] (T026U7G95U6) Not eligible D02AV4K7V6H: Slackbot 
[11/25/25, 13:20:47:203] info: [CHECK-FOR-OLD-CHANNEL] (T026U7G95U6) Not eligible D02B4B892TW: Self DM 
[11/25/25, 13:20:47:203] info: [CHECK-FOR-OLD-CHANNEL] (T026U7G95U6) Identified 0 DMs/MPDMs of internalDMs type for closure 
[11/25/25, 13:20:47:203] info: [CHECK-FOR-OLD-CHANNEL] (T026U7G95U6) Identified 0 DMs/MPDMs of appDMs type for closure 
[11/25/25, 13:20:47:545] info: [CHECK-FOR-OLD-CHANNEL] (T07CXALJLTU) Start cleaning up DMs/MPDMs — starting with 14 entries. 
[11/25/25, 13:20:47:545] info: [CHECK-FOR-OLD-CHANNEL] (T07CXALJLTU) Eligible DMs/MPDMs for cleanup — [external DMs]:0, [internal DMs]: 11, [app DMs]: 0 
[11/25/25, 13:20:47:545] info: [CHECK-FOR-OLD-CHANNEL] (T07CXALJLTU) Identified 0 DMs/MPDMs of externalDMs type for closure 
[11/25/25, 13:20:47:545] info: [CHECK-FOR-OLD-CHANNEL] (T07CXALJLTU) Not eligible D09SUDGUMPU: Self DM 
[11/25/25, 13:20:47:545] info: [CHECK-FOR-OLD-CHANNEL] (T07CXALJLTU) Identified 0 DMs/MPDMs of internalDMs type for closure 
[11/25/25, 13:20:47:545] info: [CHECK-FOR-OLD-CHANNEL] (T07CXALJLTU) Identified 0 DMs/MPDMs of appDMs type for closure 
[11/25/25, 13:20:49:226] info: [CHECK-FOR-OLD-CHANNEL] (T095LHX9N) Start cleaning up DMs/MPDMs — starting with 52 entries. 
[11/25/25, 13:20:49:226] info: [CHECK-FOR-OLD-CHANNEL] (T095LHX9N) Eligible DMs/MPDMs for cleanup — [external DMs]:0, [internal DMs]: 11, [app DMs]: 0 
[11/25/25, 13:20:49:226] info: [CHECK-FOR-OLD-CHANNEL] (T095LHX9N) Identified 0 DMs/MPDMs of externalDMs type for closure 
[11/25/25, 13:20:49:226] info: [CHECK-FOR-OLD-CHANNEL] (T095LHX9N) Not eligible C09TW15MSKH: Not idle 
[11/25/25, 13:20:49:226] info: [CHECK-FOR-OLD-CHANNEL] (T095LHX9N) Not eligible D04U62ZABBM: Self DM 
[11/25/25, 13:20:49:226] info: [CHECK-FOR-OLD-CHANNEL] (T095LHX9N) Not eligible D04U6FHBBD1: Not idle 
[11/25/25, 13:20:49:226] info: [CHECK-FOR-OLD-CHANNEL] (T095LHX9N) Not eligible D04U8LHMQS0: Slackbot 
[11/25/25, 13:20:49:226] info: [CHECK-FOR-OLD-CHANNEL] (T095LHX9N) Not eligible D04UM60PJB1: Not idle 
[11/25/25, 13:20:49:226] info: [CHECK-FOR-OLD-CHANNEL] (T095LHX9N) Not eligible D08T2G33XDM: Not idle 
[11/25/25, 13:20:49:226] info: [CHECK-FOR-OLD-CHANNEL] (T095LHX9N) Not eligible D098CC27XGV: Has draft 
[11/25/25, 13:20:49:226] info: [CHECK-FOR-OLD-CHANNEL] (T095LHX9N) Identified 0 DMs/MPDMs of internalDMs type for closure 
[11/25/25, 13:20:49:226] info: [CHECK-FOR-OLD-CHANNEL] (T095LHX9N) Identified 0 DMs/MPDMs of appDMs type for closure 
[11/25/25, 13:21:47:720] info: [RTM-EVENT-METRICS] Metrics collection sampling has been reset. 
[11/25/25, 13:25:32:503] info: [DND_V2] (T095LHX9N) Checking for changes in DND status for the following members: U04UJR2PHMX,U095LTFRC,U03FCQ34JPK,U08PY1SAM0W,U0AL64VTR,U02BPRZ4FAQ,U06PZDZSXDZ,U06QB0DNF6U,U08L58USZ6V,U08RY079RFD,U090VKSQFFW,U04M57LQ3EV 
[11/25/25, 13:25:32:504] info: [DND_V2] (T095LHX9N) Will check for changes in DND status again in 5 minutes 
[11/25/25, 13:27:26:967] info: [FOCUS-EVENT] (T095LHX9N) Main window focused 
[11/25/25, 13:27:26:994] info: [CHECK-UNREADS] (T095LHX9N) Checking unreads after window became focused 
[11/25/25, 13:27:26:994] info: [CHECK-UNREADS] (T095LHX9N) Not marking D04U6FHBBD1 because last_read >= latest && channel is read 
[11/25/25, 13:27:28:502] info: [FOCUS-EVENT] (T095LHX9N) Main window blurred 
[11/25/25, 13:30:32:504] info: [DND_V2] (T095LHX9N) Checking for changes in DND status for the following members: U04UJR2PHMX,U095LTFRC,U03FCQ34JPK,U08PY1SAM0W,U0AL64VTR,U02BPRZ4FAQ,U06PZDZSXDZ,U06QB0DNF6U,U08L58USZ6V,U08RY079RFD,U090VKSQFFW,U04M57LQ3EV 
[11/25/25, 13:30:32:506] info: [DND_V2] (T095LHX9N) Will check for changes in DND status again in 5 minutes 
[11/25/25, 13:31:47:720] info: [RTM-EVENT-METRICS] Metrics collection sampling has been reset. 
[11/25/25, 13:35:32:506] info: [DND_V2] (T095LHX9N) Checking for changes in DND status for the following members: U04UJR2PHMX,U095LTFRC,U03FCQ34JPK,U08PY1SAM0W,U0AL64VTR,U02BPRZ4FAQ,U06PZDZSXDZ,U06QB0DNF6U,U08L58USZ6V,U08RY079RFD,U090VKSQFFW,U04M57LQ3EV 
[11/25/25, 13:35:32:508] info: [DND_V2] (T095LHX9N) Will check for changes in DND status again in 5 minutes 
[11/25/25, 13:35:47:203] info: [CHECK-FOR-OLD-CHANNEL] (T026U7G95U6) Start cleaning up DMs/MPDMs — starting with 11 entries. 
[11/25/25, 13:35:47:203] info: [CHECK-FOR-OLD-CHANNEL] (T026U7G95U6) Eligible DMs/MPDMs for cleanup — [external DMs]:0, [internal DMs]: 11, [app DMs]: 0 
[11/25/25, 13:35:47:203] info: [CHECK-FOR-OLD-CHANNEL] (T026U7G95U6) Identified 0 DMs/MPDMs of externalDMs type for closure 
[11/25/25, 13:35:47:203] info: [CHECK-FOR-OLD-CHANNEL] (T026U7G95U6) Not eligible D02AV4K7V6H: Slackbot 
[11/25/25, 13:35:47:203] info: [CHECK-FOR-OLD-CHANNEL] (T026U7G95U6) Not eligible D02B4B892TW: Self DM 
[11/25/25, 13:35:47:203] info: [CHECK-FOR-OLD-CHANNEL] (T026U7G95U6) Identified 0 DMs/MPDMs of internalDMs type for closure 
[11/25/25, 13:35:47:203] info: [CHECK-FOR-OLD-CHANNEL] (T026U7G95U6) Identified 0 DMs/MPDMs of appDMs type for closure 
[11/25/25, 13:35:47:545] info: [CHECK-FOR-OLD-CHANNEL] (T07CXALJLTU) Start cleaning up DMs/MPDMs — starting with 14 entries. 
[11/25/25, 13:35:47:546] info: [CHECK-FOR-OLD-CHANNEL] (T07CXALJLTU) Eligible DMs/MPDMs for cleanup — [external DMs]:0, [internal DMs]: 11, [app DMs]: 0 
[11/25/25, 13:35:47:546] info: [CHECK-FOR-OLD-CHANNEL] (T07CXALJLTU) Identified 0 DMs/MPDMs of externalDMs type for closure 
[11/25/25, 13:35:47:546] info: [CHECK-FOR-OLD-CHANNEL] (T07CXALJLTU) Not eligible D09SUDGUMPU: Self DM 
[11/25/25, 13:35:47:546] info: [CHECK-FOR-OLD-CHANNEL] (T07CXALJLTU) Identified 0 DMs/MPDMs of internalDMs type for closure 
[11/25/25, 13:35:47:546] info: [CHECK-FOR-OLD-CHANNEL] (T07CXALJLTU) Identified 0 DMs/MPDMs of appDMs type for closure 
[11/25/25, 13:35:49:226] info: [CHECK-FOR-OLD-CHANNEL] (T095LHX9N) Start cleaning up DMs/MPDMs — starting with 52 entries. 
[11/25/25, 13:35:49:226] info: [CHECK-FOR-OLD-CHANNEL] (T095LHX9N) Eligible DMs/MPDMs for cleanup — [external DMs]:0, [internal DMs]: 11, [app DMs]: 0 
[11/25/25, 13:35:49:226] info: [CHECK-FOR-OLD-CHANNEL] (T095LHX9N) Identified 0 DMs/MPDMs of externalDMs type for closure 
[11/25/25, 13:35:49:226] info: [CHECK-FOR-OLD-CHANNEL] (T095LHX9N) Not eligible C09TW15MSKH: Not idle 
[11/25/25, 13:35:49:226] info: [CHECK-FOR-OLD-CHANNEL] (T095LHX9N) Not eligible D04U62ZABBM: Self DM 
[11/25/25, 13:35:49:226] info: [CHECK-FOR-OLD-CHANNEL] (T095LHX9N) Not eligible D04U6FHBBD1: Not idle 
[11/25/25, 13:35:49:226] info: [CHECK-FOR-OLD-CHANNEL] (T095LHX9N) Not eligible D04U8LHMQS0: Slackbot 
[11/25/25, 13:35:49:226] info: [CHECK-FOR-OLD-CHANNEL] (T095LHX9N) Not eligible D04UM60PJB1: Not idle 
[11/25/25, 13:35:49:226] info: [CHECK-FOR-OLD-CHANNEL] (T095LHX9N) Not eligible D08T2G33XDM: Not idle 
[11/25/25, 13:35:49:226] info: [CHECK-FOR-OLD-CHANNEL] (T095LHX9N) Not eligible D098CC27XGV: Has draft 
[11/25/25, 13:35:49:226] info: [CHECK-FOR-OLD-CHANNEL] (T095LHX9N) Identified 0 DMs/MPDMs of internalDMs type for closure 
[11/25/25, 13:35:49:226] info: [CHECK-FOR-OLD-CHANNEL] (T095LHX9N) Identified 0 DMs/MPDMs of appDMs type for closure 
[11/25/25, 13:40:32:508] info: [DND_V2] (T095LHX9N) Checking for changes in DND status for the following members: U04UJR2PHMX,U095LTFRC,U03FCQ34JPK,U08PY1SAM0W,U0AL64VTR,U02BPRZ4FAQ,U06PZDZSXDZ,U06QB0DNF6U,U08L58USZ6V,U08RY079RFD,U090VKSQFFW,U04M57LQ3EV 
[11/25/25, 13:40:32:510] info: [DND_V2] (T095LHX9N) Will check for changes in DND status again in 5 minutes 
[11/25/25, 13:41:47:720] info: [RTM-EVENT-METRICS] Metrics collection sampling has been reset. 
[11/25/25, 13:45:32:511] info: [DND_V2] (T095LHX9N) Checking for changes in DND status for the following members: U04UJR2PHMX,U095LTFRC,U03FCQ34JPK,U08PY1SAM0W,U0AL64VTR,U02BPRZ4FAQ,U06PZDZSXDZ,U06QB0DNF6U,U08L58USZ6V,U08RY079RFD,U090VKSQFFW,U04M57LQ3EV 
[11/25/25, 13:45:32:512] info: [DND_V2] (T095LHX9N) Will check for changes in DND status again in 5 minutes 
[11/25/25, 13:50:32:512] info: [DND_V2] (T095LHX9N) Checking for changes in DND status for the following members: U04UJR2PHMX,U095LTFRC,U03FCQ34JPK,U08PY1SAM0W,U0AL64VTR,U02BPRZ4FAQ,U06PZDZSXDZ,U06QB0DNF6U,U08L58USZ6V,U08RY079RFD,U090VKSQFFW,U04M57LQ3EV 
[11/25/25, 13:50:32:513] info: [DND_V2] (T095LHX9N) Will check for changes in DND status again in 5 minutes 
[11/25/25, 13:50:47:203] info: [CHECK-FOR-OLD-CHANNEL] (T026U7G95U6) Start cleaning up DMs/MPDMs — starting with 11 entries. 
[11/25/25, 13:50:47:203] info: [CHECK-FOR-OLD-CHANNEL] (T026U7G95U6) Eligible DMs/MPDMs for cleanup — [external DMs]:0, [internal DMs]: 11, [app DMs]: 0 
[11/25/25, 13:50:47:203] info: [CHECK-FOR-OLD-CHANNEL] (T026U7G95U6) Identified 0 DMs/MPDMs of externalDMs type for closure 
[11/25/25, 13:50:47:203] info: [CHECK-FOR-OLD-CHANNEL] (T026U7G95U6) Not eligible D02AV4K7V6H: Slackbot 
[11/25/25, 13:50:47:203] info: [CHECK-FOR-OLD-CHANNEL] (T026U7G95U6) Not eligible D02B4B892TW: Self DM 
[11/25/25, 13:50:47:203] info: [CHECK-FOR-OLD-CHANNEL] (T026U7G95U6) Identified 0 DMs/MPDMs of internalDMs type for closure 
[11/25/25, 13:50:47:204] info: [CHECK-FOR-OLD-CHANNEL] (T026U7G95U6) Identified 0 DMs/MPDMs of appDMs type for closure 
[11/25/25, 13:50:47:545] info: [CHECK-FOR-OLD-CHANNEL] (T07CXALJLTU) Start cleaning up DMs/MPDMs — starting with 14 entries. 
[11/25/25, 13:50:47:546] info: [CHECK-FOR-OLD-CHANNEL] (T07CXALJLTU) Eligible DMs/MPDMs for cleanup — [external DMs]:0, [internal DMs]: 11, [app DMs]: 0 
[11/25/25, 13:50:47:546] info: [CHECK-FOR-OLD-CHANNEL] (T07CXALJLTU) Identified 0 DMs/MPDMs of externalDMs type for closure 
[11/25/25, 13:50:47:546] info: [CHECK-FOR-OLD-CHANNEL] (T07CXALJLTU) Not eligible D09SUDGUMPU: Self DM 
[11/25/25, 13:50:47:546] info: [CHECK-FOR-OLD-CHANNEL] (T07CXALJLTU) Identified 0 DMs/MPDMs of internalDMs type for closure 
[11/25/25, 13:50:47:546] info: [CHECK-FOR-OLD-CHANNEL] (T07CXALJLTU) Identified 0 DMs/MPDMs of appDMs type for closure 
[11/25/25, 13:50:49:226] info: [CHECK-FOR-OLD-CHANNEL] (T095LHX9N) Start cleaning up DMs/MPDMs — starting with 52 entries. 
[11/25/25, 13:50:49:226] info: [CHECK-FOR-OLD-CHANNEL] (T095LHX9N) Eligible DMs/MPDMs for cleanup — [external DMs]:0, [internal DMs]: 11, [app DMs]: 0 
[11/25/25, 13:50:49:226] info: [CHECK-FOR-OLD-CHANNEL] (T095LHX9N) Identified 0 DMs/MPDMs of externalDMs type for closure 
[11/25/25, 13:50:49:226] info: [CHECK-FOR-OLD-CHANNEL] (T095LHX9N) Not eligible C09TW15MSKH: Not idle 
[11/25/25, 13:50:49:226] info: [CHECK-FOR-OLD-CHANNEL] (T095LHX9N) Not eligible D04U62ZABBM: Self DM 
[11/25/25, 13:50:49:226] info: [CHECK-FOR-OLD-CHANNEL] (T095LHX9N) Not eligible D04U6FHBBD1: Not idle 
[11/25/25, 13:50:49:226] info: [CHECK-FOR-OLD-CHANNEL] (T095LHX9N) Not eligible D04U8LHMQS0: Slackbot 
[11/25/25, 13:50:49:226] info: [CHECK-FOR-OLD-CHANNEL] (T095LHX9N) Not eligible D04UM60PJB1: Not idle 
[11/25/25, 13:50:49:226] info: [CHECK-FOR-OLD-CHANNEL] (T095LHX9N) Not eligible D08T2G33XDM: Not idle 
[11/25/25, 13:50:49:226] info: [CHECK-FOR-OLD-CHANNEL] (T095LHX9N) Not eligible D098CC27XGV: Has draft 
[11/25/25, 13:50:49:226] info: [CHECK-FOR-OLD-CHANNEL] (T095LHX9N) Identified 0 DMs/MPDMs of internalDMs type for closure 
[11/25/25, 13:50:49:226] info: [CHECK-FOR-OLD-CHANNEL] (T095LHX9N) Identified 0 DMs/MPDMs of appDMs type for closure 
[11/25/25, 13:51:47:721] info: [RTM-EVENT-METRICS] Metrics collection sampling has been reset. 
[11/25/25, 13:55:32:514] info: [DND_V2] (T095LHX9N) Checking for changes in DND status for the following members: U04UJR2PHMX,U095LTFRC,U03FCQ34JPK,U08PY1SAM0W,U0AL64VTR,U02BPRZ4FAQ,U06PZDZSXDZ,U06QB0DNF6U,U08L58USZ6V,U08RY079RFD,U090VKSQFFW,U04M57LQ3EV 
[11/25/25, 13:55:32:515] info: [DND_V2] (T095LHX9N) Will check for changes in DND status again in 5 minutes 
[11/25/25, 13:55:54:116] info: [API-Q] (T07CXALJLTU) noversion-1764104154.115 Flannel users/info called with reason: flannel-call:users/info 
[11/25/25, 13:55:54:117] info: [API-Q] (T07CXALJLTU) noversion-1764104154.115 Flannel users/info is ENQUEUED 
[11/25/25, 13:55:54:117] info: [API-Q] (T07CXALJLTU) noversion-1764104154.115 Flannel users/info is ACTIVE 
[11/25/25, 13:55:54:207] info: [API-Q] (T07CXALJLTU) noversion-1764104154.115 Flannel users/info is RESOLVED 
[11/25/25, 13:56:55:213] info: [API-Q] (T095LHX9N) noversion-1764104215.212 Flannel users/info called with reason: flannel-call:users/info 
[11/25/25, 13:56:55:213] info: [API-Q] (T095LHX9N) noversion-1764104215.212 Flannel users/info is ENQUEUED 
[11/25/25, 13:56:55:214] info: [API-Q] (T095LHX9N) noversion-1764104215.212 Flannel users/info is ACTIVE 
[11/25/25, 13:56:55:322] info: [API-Q] (T095LHX9N) noversion-1764104215.212 Flannel users/info is RESOLVED 
[11/25/25, 13:56:56:302] info: [API-Q] (T095LHX9N) noversion-1764104216.301 Flannel users/info called with reason: flannel-call:users/info 
[11/25/25, 13:56:56:302] info: [API-Q] (T095LHX9N) noversion-1764104216.301 Flannel users/info is ENQUEUED 
[11/25/25, 13:56:56:303] info: [API-Q] (T095LHX9N) noversion-1764104216.301 Flannel users/info is ACTIVE 
[11/25/25, 13:56:56:341] info: [API-Q] (T095LHX9N) noversion-1764104216.301 Flannel users/info is RESOLVED 
[11/25/25, 14:00:32:516] info: [DND_V2] (T095LHX9N) Checking for changes in DND status for the following members: U04UJR2PHMX,U095LTFRC,U03FCQ34JPK,U08PY1SAM0W,U0AL64VTR,U02BPRZ4FAQ,U06PZDZSXDZ,U06QB0DNF6U,U08L58USZ6V,U08RY079RFD,U090VKSQFFW,U04M57LQ3EV 
[11/25/25, 14:00:32:517] info: [DND_V2] (T095LHX9N) Will check for changes in DND status again in 5 minutes 
[11/25/25, 14:00:56:428] info: [FOCUS-EVENT] (T095LHX9N) Main window focused 
[11/25/25, 14:00:56:453] info: [CHECK-UNREADS] (T095LHX9N) Checking unreads after window became focused 
[11/25/25, 14:00:56:453] info: [CHECK-UNREADS] (T095LHX9N) Not marking D04U6FHBBD1 because last_read >= latest && channel is read 
[11/25/25, 14:00:56:463] info: [API-Q] (T095LHX9N) noversion-1764104456.462 Flannel users/info called with reason: flannel-call:users/info 
[11/25/25, 14:00:56:463] info: [API-Q] (T095LHX9N) noversion-1764104456.462 Flannel users/info is ENQUEUED 
[11/25/25, 14:00:56:464] info: [API-Q] (T095LHX9N) noversion-1764104456.462 Flannel users/info is ACTIVE 
[11/25/25, 14:00:56:544] info: [API-Q] (T095LHX9N) noversion-1764104456.462 Flannel users/info is RESOLVED 
[11/25/25, 14:00:57:921] info: [FOCUS-EVENT] (T095LHX9N) Main window blurred 
[11/25/25, 14:01:47:720] info: [RTM-EVENT-METRICS] Metrics collection sampling has been reset. 
[11/25/25, 14:01:48:144] info: [FOCUS-EVENT] (T095LHX9N) Main window focused 
[11/25/25, 14:01:48:163] info: [CHECK-UNREADS] (T095LHX9N) Checking unreads after window became focused 
[11/25/25, 14:01:48:163] info: [CHECK-UNREADS] (T095LHX9N) Not marking D04U6FHBBD1 because last_read >= latest && channel is read 
[11/25/25, 14:01:48:178] info: [API-Q] (T095LHX9N) noversion-1764104508.177 Flannel users/info called with reason: flannel-call:users/info 
[11/25/25, 14:01:48:178] info: [API-Q] (T095LHX9N) noversion-1764104508.177 Flannel users/info is ENQUEUED 
[11/25/25, 14:01:48:178] info: [API-Q] (T095LHX9N) noversion-1764104508.177 Flannel users/info is ACTIVE 
[11/25/25, 14:01:48:252] info: [API-Q] (T095LHX9N) noversion-1764104508.177 Flannel users/info is RESOLVED 
[11/25/25, 14:01:49:827] info: [FOCUS-EVENT] (T095LHX9N) Main window blurred 
[11/25/25, 14:05:25:715] info: [API-Q] (T026U7G95U6) noversion-1764104725.713 Flannel users/info called with reason: flannel-call:users/info 
[11/25/25, 14:05:25:715] info: [API-Q] (T026U7G95U6) noversion-1764104725.713 Flannel users/info is ENQUEUED 
[11/25/25, 14:05:25:715] info: [API-Q] (T026U7G95U6) noversion-1764104725.713 Flannel users/info is ACTIVE 
[11/25/25, 14:05:25:790] info: [API-Q] (T026U7G95U6) noversion-1764104725.713 Flannel users/info is RESOLVED 
[11/25/25, 14:05:32:518] info: [DND_V2] (T095LHX9N) Checking for changes in DND status for the following members: U04UJR2PHMX,U095LTFRC,U03FCQ34JPK,U08PY1SAM0W,U0AL64VTR,U02BPRZ4FAQ,U06PZDZSXDZ,U06QB0DNF6U,U08L58USZ6V,U08RY079RFD,U090VKSQFFW,U04M57LQ3EV 
[11/25/25, 14:05:32:519] info: [DND_V2] (T095LHX9N) Will check for changes in DND status again in 5 minutes 
[11/25/25, 14:05:47:202] info: [CHECK-FOR-OLD-CHANNEL] (T026U7G95U6) Start cleaning up DMs/MPDMs — starting with 11 entries. 
[11/25/25, 14:05:47:203] info: [CHECK-FOR-OLD-CHANNEL] (T026U7G95U6) Eligible DMs/MPDMs for cleanup — [external DMs]:0, [internal DMs]: 11, [app DMs]: 0 
[11/25/25, 14:05:47:203] info: [CHECK-FOR-OLD-CHANNEL] (T026U7G95U6) Identified 0 DMs/MPDMs of externalDMs type for closure 
[11/25/25, 14:05:47:203] info: [CHECK-FOR-OLD-CHANNEL] (T026U7G95U6) Not eligible D02AV4K7V6H: Slackbot 
[11/25/25, 14:05:47:203] info: [CHECK-FOR-OLD-CHANNEL] (T026U7G95U6) Not eligible D02B4B892TW: Self DM 
[11/25/25, 14:05:47:203] info: [CHECK-FOR-OLD-CHANNEL] (T026U7G95U6) Identified 0 DMs/MPDMs of internalDMs type for closure 
[11/25/25, 14:05:47:203] info: [CHECK-FOR-OLD-CHANNEL] (T026U7G95U6) Identified 0 DMs/MPDMs of appDMs type for closure 
[11/25/25, 14:05:47:203] info: [API-Q] (T026U7G95U6) noversion-1764104747.202 Flannel users/info called with reason: flannel-call:users/info 
[11/25/25, 14:05:47:203] info: [API-Q] (T026U7G95U6) noversion-1764104747.202 Flannel users/info is ENQUEUED 
[11/25/25, 14:05:47:203] info: [API-Q] (T026U7G95U6) noversion-1764104747.202 Flannel users/info is ACTIVE 
[11/25/25, 14:05:47:241] info: [API-Q] (T026U7G95U6) noversion-1764104747.202 Flannel users/info is RESOLVED 
[11/25/25, 14:05:47:546] info: [CHECK-FOR-OLD-CHANNEL] (T07CXALJLTU) Start cleaning up DMs/MPDMs — starting with 14 entries. 
[11/25/25, 14:05:47:546] info: [CHECK-FOR-OLD-CHANNEL] (T07CXALJLTU) Eligible DMs/MPDMs for cleanup — [external DMs]:0, [internal DMs]: 11, [app DMs]: 0 
[11/25/25, 14:05:47:546] info: [CHECK-FOR-OLD-CHANNEL] (T07CXALJLTU) Identified 0 DMs/MPDMs of externalDMs type for closure 
[11/25/25, 14:05:47:546] info: [CHECK-FOR-OLD-CHANNEL] (T07CXALJLTU) Not eligible D09SUDGUMPU: Self DM 
[11/25/25, 14:05:47:546] info: [CHECK-FOR-OLD-CHANNEL] (T07CXALJLTU) Identified 0 DMs/MPDMs of internalDMs type for closure 
[11/25/25, 14:05:47:546] info: [CHECK-FOR-OLD-CHANNEL] (T07CXALJLTU) Identified 0 DMs/MPDMs of appDMs type for closure 
[11/25/25, 14:05:47:547] info: [API-Q] (T07CXALJLTU) noversion-1764104747.546 Flannel users/info called with reason: flannel-call:users/info 
[11/25/25, 14:05:47:547] info: [API-Q] (T07CXALJLTU) noversion-1764104747.546 Flannel users/info is ENQUEUED 
[11/25/25, 14:05:47:547] info: [API-Q] (T07CXALJLTU) noversion-1764104747.546 Flannel users/info is ACTIVE 
[11/25/25, 14:05:47:585] info: [API-Q] (T07CXALJLTU) noversion-1764104747.546 Flannel users/info is RESOLVED 
[11/25/25, 14:05:49:226] info: [CHECK-FOR-OLD-CHANNEL] (T095LHX9N) Start cleaning up DMs/MPDMs — starting with 52 entries. 
[11/25/25, 14:05:49:226] info: [CHECK-FOR-OLD-CHANNEL] (T095LHX9N) Eligible DMs/MPDMs for cleanup — [external DMs]:0, [internal DMs]: 11, [app DMs]: 0 
[11/25/25, 14:05:49:226] info: [CHECK-FOR-OLD-CHANNEL] (T095LHX9N) Identified 0 DMs/MPDMs of externalDMs type for closure 
[11/25/25, 14:05:49:226] info: [CHECK-FOR-OLD-CHANNEL] (T095LHX9N) Not eligible C09TW15MSKH: Not idle 
[11/25/25, 14:05:49:226] info: [CHECK-FOR-OLD-CHANNEL] (T095LHX9N) Not eligible D04U62ZABBM: Self DM 
[11/25/25, 14:05:49:226] info: [CHECK-FOR-OLD-CHANNEL] (T095LHX9N) Not eligible D04U6FHBBD1: Not idle 
[11/25/25, 14:05:49:226] info: [CHECK-FOR-OLD-CHANNEL] (T095LHX9N) Not eligible D04U8LHMQS0: Slackbot 
[11/25/25, 14:05:49:226] info: [CHECK-FOR-OLD-CHANNEL] (T095LHX9N) Not eligible D04UM60PJB1: Not idle 
[11/25/25, 14:05:49:227] info: [CHECK-FOR-OLD-CHANNEL] (T095LHX9N) Not eligible D08T2G33XDM: Not idle 
[11/25/25, 14:05:49:227] info: [CHECK-FOR-OLD-CHANNEL] (T095LHX9N) Not eligible D098CC27XGV: Has draft 
[11/25/25, 14:05:49:227] info: [CHECK-FOR-OLD-CHANNEL] (T095LHX9N) Identified 0 DMs/MPDMs of internalDMs type for closure 
[11/25/25, 14:05:49:227] info: [CHECK-FOR-OLD-CHANNEL] (T095LHX9N) Identified 0 DMs/MPDMs of appDMs type for closure 
[11/25/25, 14:08:47:205] info: [SIDEBAR-NOISE-METRICS] (T026U7G95U6) Logging sidebar noise metrics 
[11/25/25, 14:08:47:205] info: [SIDEBAR-STATS] (T026U7G95U6) Begin gathering sidebar stats 
[11/25/25, 14:08:47:207] info: [SIDEBAR-NOISE-METRICS] (T026U7G95U6) Updated sidebar metrics for today 
[11/25/25, 14:08:47:208] info: [API-Q] (T026U7G95U6) noversion-1764104927.207 Flannel users/info called with reason: flannel-call:users/info 
[11/25/25, 14:08:47:208] info: [API-Q] (T026U7G95U6) noversion-1764104927.207 Flannel users/info is ENQUEUED 
[11/25/25, 14:08:47:208] info: [API-Q] (T026U7G95U6) noversion-1764104927.207 Flannel users/info is ACTIVE 
[11/25/25, 14:08:47:302] info: [API-Q] (T026U7G95U6) noversion-1764104927.207 Flannel users/info is RESOLVED 
[11/25/25, 14:08:47:546] info: [SIDEBAR-NOISE-METRICS] (T07CXALJLTU) Logging sidebar noise metrics 
[11/25/25, 14:08:47:546] info: [SIDEBAR-STATS] (T07CXALJLTU) Begin gathering sidebar stats 
[11/25/25, 14:08:47:547] info: [SIDEBAR-NOISE-METRICS] (T07CXALJLTU) Updated sidebar metrics for today 
[11/25/25, 14:08:47:547] info: [API-Q] (T07CXALJLTU) noversion-1764104927.547 Flannel users/info called with reason: flannel-call:users/info 
[11/25/25, 14:08:47:548] info: [API-Q] (T07CXALJLTU) noversion-1764104927.547 Flannel users/info is ENQUEUED 
[11/25/25, 14:08:47:548] info: [API-Q] (T07CXALJLTU) noversion-1764104927.547 Flannel users/info is ACTIVE 
[11/25/25, 14:08:47:731] info: [API-Q] (T07CXALJLTU) noversion-1764104927.547 Flannel users/info is RESOLVED 
[11/25/25, 14:08:49:226] info: [SIDEBAR-NOISE-METRICS] (T095LHX9N) Logging sidebar noise metrics 
[11/25/25, 14:08:49:226] info: [SIDEBAR-STATS] (T095LHX9N) Begin gathering sidebar stats 
[11/25/25, 14:08:49:227] info: [SIDEBAR-NOISE-METRICS] (T095LHX9N) Updated sidebar metrics for today 
[11/25/25, 14:08:49:236] info: [API-Q] (T095LHX9N) e147fbfc-1764104929.235 slackAi.permissions.getForUser called with reason: fetch-slack-ai-permissions 
[11/25/25, 14:08:49:236] info: [API-Q] (T095LHX9N) e147fbfc-1764104929.235 slackAi.permissions.getForUser is ENQUEUED 
[11/25/25, 14:08:49:236] info: [API-Q] (T095LHX9N) e147fbfc-1764104929.235 slackAi.permissions.getForUser is ACTIVE 
[11/25/25, 14:08:49:438] info: [API-Q] (T095LHX9N) e147fbfc-1764104929.235 slackAi.permissions.getForUser is RESOLVED 
[11/25/25, 14:08:49:445] info: [API-Q] (T095LHX9N) e147fbfc-1764104929.445 slackAi.permissions.getForUser called with reason: fetch-slack-ai-permissions 
[11/25/25, 14:08:49:445] info: [API-Q] (T095LHX9N) e147fbfc-1764104929.445 slackAi.permissions.getForUser is ENQUEUED 
[11/25/25, 14:08:49:446] info: [API-Q] (T095LHX9N) noversion-1764104929.445 Flannel permissions/info called with reason: flannel-call:permissions/info 
[11/25/25, 14:08:49:446] info: [API-Q] (T095LHX9N) noversion-1764104929.445 Flannel permissions/info is ENQUEUED 
[11/25/25, 14:08:49:446] info: [API-Q] (T095LHX9N) e147fbfc-1764104929.445 slackAi.permissions.getForUser is ACTIVE 
[11/25/25, 14:08:49:446] info: [API-Q] (T095LHX9N) noversion-1764104929.445 Flannel permissions/info is ACTIVE 
[11/25/25, 14:08:49:446] info: [API-Q] (T095LHX9N) noversion-1764104929.446 Flannel permissions/info called with reason: flannel-call:permissions/info 
[11/25/25, 14:08:49:446] info: [API-Q] (T095LHX9N) noversion-1764104929.446 Flannel permissions/info is ENQUEUED 
[11/25/25, 14:08:49:446] info: [API-Q] (T095LHX9N) noversion-1764104929.446 Flannel permissions/info is ACTIVE 
[11/25/25, 14:08:49:577] info: [API-Q] (T095LHX9N) noversion-1764104929.445 Flannel permissions/info is RESOLVED 
[11/25/25, 14:08:49:579] info: [API-Q] (T095LHX9N) e147fbfc-1764104929.445 slackAi.permissions.getForUser is RESOLVED 
[11/25/25, 14:08:49:587] info: [API-Q] (T095LHX9N) noversion-1764104929.446 Flannel permissions/info is RESOLVED 
[11/25/25, 14:08:50:272] info: [API-Q] (T095LHX9N) noversion-1764104930.271 Flannel users/info called with reason: flannel-call:users/info 
[11/25/25, 14:08:50:272] info: [API-Q] (T095LHX9N) noversion-1764104930.271 Flannel users/info is ENQUEUED 
[11/25/25, 14:08:50:272] info: [API-Q] (T095LHX9N) noversion-1764104930.271 Flannel users/info is ACTIVE 
[11/25/25, 14:08:50:452] info: [API-Q] (T095LHX9N) noversion-1764104930.271 Flannel users/info is RESOLVED 
[11/25/25, 14:08:51:352] info: [API-Q] (T095LHX9N) noversion-1764104931.352 Flannel users/info called with reason: flannel-call:users/info 
[11/25/25, 14:08:51:352] info: [API-Q] (T095LHX9N) noversion-1764104931.352 Flannel users/info is ENQUEUED 
[11/25/25, 14:08:51:353] info: [API-Q] (T095LHX9N) noversion-1764104931.352 Flannel users/info is ACTIVE 
[11/25/25, 14:08:51:389] info: [API-Q] (T095LHX9N) noversion-1764104931.352 Flannel users/info is RESOLVED 
[11/25/25, 14:10:32:520] info: [DND_V2] (T095LHX9N) Checking for changes in DND status for the following members: U04UJR2PHMX,U095LTFRC,U03FCQ34JPK,U08PY1SAM0W,U0AL64VTR,U02BPRZ4FAQ,U06PZDZSXDZ,U06QB0DNF6U,U08L58USZ6V,U08RY079RFD,U090VKSQFFW,U04M57LQ3EV 
[11/25/25, 14:10:32:521] info: [DND_V2] (T095LHX9N) Will check for changes in DND status again in 5 minutes 
[11/25/25, 14:11:45:977] info: [API-Q] (T095LHX9N) noversion-1764105105.976 Flannel users/info called with reason: flannel-call:users/info 
[11/25/25, 14:11:45:977] info: [API-Q] (T095LHX9N) noversion-1764105105.976 Flannel users/info is ENQUEUED 
[11/25/25, 14:11:45:978] info: [API-Q] (T095LHX9N) noversion-1764105105.976 Flannel users/info is ACTIVE 
[11/25/25, 14:11:46:071] info: [API-Q] (T095LHX9N) noversion-1764105105.976 Flannel users/info is RESOLVED 
[11/25/25, 14:11:46:991] info: [API-Q] (T095LHX9N) noversion-1764105106.990 Flannel users/info called with reason: flannel-call:users/info 
[11/25/25, 14:11:46:991] info: [API-Q] (T095LHX9N) noversion-1764105106.990 Flannel users/info is ENQUEUED 
[11/25/25, 14:11:46:992] info: [API-Q] (T095LHX9N) noversion-1764105106.990 Flannel users/info is ACTIVE 
[11/25/25, 14:11:47:030] info: [API-Q] (T095LHX9N) noversion-1764105106.990 Flannel users/info is RESOLVED 
[11/25/25, 14:11:47:720] info: [RTM-EVENT-METRICS] Metrics collection sampling has been reset. 
[11/25/25, 14:12:11:954] info: [PERSIST] (T095LHX9N) Successfully persisted state 
[11/25/25, 14:12:14:944] info: [PERSIST] (T026U7G95U6) Successfully persisted state 
[11/25/25, 14:12:14:950] info: [PERSIST] (T07CXALJLTU) Successfully persisted state 
[11/25/25, 14:12:22:724] info: [FOCUS-EVENT] (T095LHX9N) Main window focused 
[11/25/25, 14:12:22:744] info: [CHECK-UNREADS] (T095LHX9N) Checking unreads after window became focused 
[11/25/25, 14:12:22:744] info: [CHECK-UNREADS] (T095LHX9N) Not marking D04U6FHBBD1 because last_read >= latest && channel is read 
[11/25/25, 14:12:22:756] info: [API-Q] (T095LHX9N) noversion-1764105142.755 Flannel permissions/info called with reason: flannel-call:permissions/info 
[11/25/25, 14:12:22:756] info: [API-Q] (T095LHX9N) noversion-1764105142.755 Flannel permissions/info is ENQUEUED 
[11/25/25, 14:12:22:757] info: [API-Q] (T095LHX9N) noversion-1764105142.755 Flannel permissions/info is ACTIVE 
[11/25/25, 14:12:22:914] info: [API-Q] (T095LHX9N) noversion-1764105142.755 Flannel permissions/info is RESOLVED 
[11/25/25, 14:12:25:418] info: [API-Q] (T095LHX9N) noversion-1764105145.417 Flannel permissions/info called with reason: flannel-call:permissions/info 
[11/25/25, 14:12:25:418] info: [API-Q] (T095LHX9N) noversion-1764105145.417 Flannel permissions/info is ENQUEUED 
[11/25/25, 14:12:25:418] info: [API-Q] (T095LHX9N) noversion-1764105145.417 Flannel permissions/info is ACTIVE 
[11/25/25, 14:12:25:475] info: [API-Q] (T095LHX9N) noversion-1764105145.417 Flannel permissions/info is RESOLVED 
[11/25/25, 14:12:27:487] info: Breadcrumb: ui.click: img.p-file_image_thumbnail__image[REDACTED]  
[11/25/25, 14:12:41:237] info: Breadcrumb: ui.click: div.p-file_viewer__content > div.p-image_viewer_container > div.p-image_viewer  
[11/25/25, 14:12:44:896] info: [FOCUS-EVENT] (T095LHX9N) Main window blurred 
[11/25/25, 14:12:46:914] info: [FOCUS-EVENT] (T095LHX9N) Main window focused 
[11/25/25, 14:12:46:936] info: [CHECK-UNREADS] (T095LHX9N) Checking unreads after window became focused 
[11/25/25, 14:12:46:936] info: [CHECK-UNREADS] (T095LHX9N) Not marking D04U6FHBBD1 because last_read >= latest && channel is read 
[11/25/25, 14:12:47:558] info: [FOCUS-EVENT] (T095LHX9N) Main window blurred 
[11/25/25, 14:12:53:666] info: [FOCUS-EVENT] (T095LHX9N) Main window focused 
[11/25/25, 14:12:53:682] info: [CHECK-UNREADS] (T095LHX9N) Checking unreads after window became focused 
[11/25/25, 14:12:53:682] info: [CHECK-UNREADS] (T095LHX9N) Not marking D04U6FHBBD1 because last_read >= latest && channel is read 
[11/25/25, 14:12:57:713] info: [FOCUS-EVENT] (T095LHX9N) Main window blurred 
[11/25/25, 14:13:00:193] info: [FOCUS-EVENT] (T095LHX9N) Main window focused 
[11/25/25, 14:13:00:213] info: [CHECK-UNREADS] (T095LHX9N) Checking unreads after window became focused 
[11/25/25, 14:13:00:213] info: [CHECK-UNREADS] (T095LHX9N) Not marking D04U6FHBBD1 because last_read >= latest && channel is read 
[11/25/25, 14:13:01:488] info: [FOCUS-EVENT] (T095LHX9N) Main window blurred 
[11/25/25, 14:15:32:522] info: [DND_V2] (T095LHX9N) Checking for changes in DND status for the following members: U04UJR2PHMX,U095LTFRC,U03FCQ34JPK,U08PY1SAM0W,U0AL64VTR,U02BPRZ4FAQ,U06PZDZSXDZ,U06QB0DNF6U,U08L58USZ6V,U08RY079RFD,U090VKSQFFW,U04M57LQ3EV 
[11/25/25, 14:15:32:523] info: [DND_V2] (T095LHX9N) Will check for changes in DND status again in 5 minutes 
[11/25/25, 14:20:05:307] info: [FOCUS-EVENT] (T095LHX9N) Main window focused 
[11/25/25, 14:20:05:345] info: [CHECK-UNREADS] (T095LHX9N) Checking unreads after window became focused 
[11/25/25, 14:20:05:345] info: [CHECK-UNREADS] (T095LHX9N) Not marking D04U6FHBBD1 because last_read >= latest && channel is read 
[11/25/25, 14:20:05:374] info: [API-Q] (T095LHX9N) noversion-1764105605.373 Flannel users/info called with reason: flannel-call:users/info 
[11/25/25, 14:20:05:375] info: [API-Q] (T095LHX9N) noversion-1764105605.373 Flannel users/info is ENQUEUED 
[11/25/25, 14:20:05:375] info: [API-Q] (T095LHX9N) noversion-1764105605.373 Flannel users/info is ACTIVE 
[11/25/25, 14:20:05:464] info: [API-Q] (T095LHX9N) noversion-1764105605.373 Flannel users/info is RESOLVED 
[11/25/25, 14:20:32:524] info: [DND_V2] (T095LHX9N) Checking for changes in DND status for the following members: U04UJR2PHMX,U095LTFRC,U03FCQ34JPK,U08PY1SAM0W,U0AL64VTR,U02BPRZ4FAQ,U06PZDZSXDZ,U06QB0DNF6U,U08L58USZ6V,U08RY079RFD,U090VKSQFFW,U04M57LQ3EV 
[11/25/25, 14:20:32:525] info: [DND_V2] (T095LHX9N) Will check for changes in DND status again in 5 minutes 
[11/25/25, 14:20:47:203] info: [CHECK-FOR-OLD-CHANNEL] (T026U7G95U6) Start cleaning up DMs/MPDMs — starting with 11 entries. 
[11/25/25, 14:20:47:203] info: [CHECK-FOR-OLD-CHANNEL] (T026U7G95U6) Eligible DMs/MPDMs for cleanup — [external DMs]:0, [internal DMs]: 11, [app DMs]: 0 
[11/25/25, 14:20:47:203] info: [CHECK-FOR-OLD-CHANNEL] (T026U7G95U6) Identified 0 DMs/MPDMs of externalDMs type for closure 
[11/25/25, 14:20:47:203] info: [CHECK-FOR-OLD-CHANNEL] (T026U7G95U6) Not eligible D02AV4K7V6H: Slackbot 
[11/25/25, 14:20:47:203] info: [CHECK-FOR-OLD-CHANNEL] (T026U7G95U6) Not eligible D02B4B892TW: Self DM 
[11/25/25, 14:20:47:203] info: [CHECK-FOR-OLD-CHANNEL] (T026U7G95U6) Identified 0 DMs/MPDMs of internalDMs type for closure 
[11/25/25, 14:20:47:203] info: [CHECK-FOR-OLD-CHANNEL] (T026U7G95U6) Identified 0 DMs/MPDMs of appDMs type for closure 
[11/25/25, 14:20:47:545] info: [CHECK-FOR-OLD-CHANNEL] (T07CXALJLTU) Start cleaning up DMs/MPDMs — starting with 14 entries. 
[11/25/25, 14:20:47:545] info: [CHECK-FOR-OLD-CHANNEL] (T07CXALJLTU) Eligible DMs/MPDMs for cleanup — [external DMs]:0, [internal DMs]: 11, [app DMs]: 0 
[11/25/25, 14:20:47:545] info: [CHECK-FOR-OLD-CHANNEL] (T07CXALJLTU) Identified 0 DMs/MPDMs of externalDMs type for closure 
[11/25/25, 14:20:47:545] info: [CHECK-FOR-OLD-CHANNEL] (T07CXALJLTU) Not eligible D09SUDGUMPU: Self DM 
[11/25/25, 14:20:47:545] info: [CHECK-FOR-OLD-CHANNEL] (T07CXALJLTU) Identified 0 DMs/MPDMs of internalDMs type for closure 
[11/25/25, 14:20:47:545] info: [CHECK-FOR-OLD-CHANNEL] (T07CXALJLTU) Identified 0 DMs/MPDMs of appDMs type for closure 
[11/25/25, 14:20:47:546] info: [API-Q] (T07CXALJLTU) noversion-1764105647.546 Flannel users/info called with reason: flannel-call:users/info 
[11/25/25, 14:20:47:546] info: [API-Q] (T07CXALJLTU) noversion-1764105647.546 Flannel users/info is ENQUEUED 
[11/25/25, 14:20:47:547] info: [API-Q] (T07CXALJLTU) noversion-1764105647.546 Flannel users/info is ACTIVE 
[11/25/25, 14:20:47:760] info: [API-Q] (T07CXALJLTU) noversion-1764105647.546 Flannel users/info is RESOLVED 
[11/25/25, 14:20:48:256] info: [API-Q] (T026U7G95U6) noversion-1764105648.255 Flannel users/info called with reason: flannel-call:users/info 
[11/25/25, 14:20:48:256] info: [API-Q] (T026U7G95U6) noversion-1764105648.255 Flannel users/info is ENQUEUED 
[11/25/25, 14:20:48:256] info: [API-Q] (T026U7G95U6) noversion-1764105648.255 Flannel users/info is ACTIVE 
[11/25/25, 14:20:48:435] info: [API-Q] (T026U7G95U6) noversion-1764105648.255 Flannel users/info is RESOLVED 
[11/25/25, 14:20:49:226] info: [CHECK-FOR-OLD-CHANNEL] (T095LHX9N) Start cleaning up DMs/MPDMs — starting with 52 entries. 
[11/25/25, 14:20:49:226] info: [CHECK-FOR-OLD-CHANNEL] (T095LHX9N) Eligible DMs/MPDMs for cleanup — [external DMs]:0, [internal DMs]: 11, [app DMs]: 0 
[11/25/25, 14:20:49:226] info: [CHECK-FOR-OLD-CHANNEL] (T095LHX9N) Identified 0 DMs/MPDMs of externalDMs type for closure 
[11/25/25, 14:20:49:226] info: [CHECK-FOR-OLD-CHANNEL] (T095LHX9N) Not eligible C09TW15MSKH: Not idle 
[11/25/25, 14:20:49:226] info: [CHECK-FOR-OLD-CHANNEL] (T095LHX9N) Not eligible D04U62ZABBM: Self DM 
[11/25/25, 14:20:49:226] info: [CHECK-FOR-OLD-CHANNEL] (T095LHX9N) Not eligible D04U6FHBBD1: Not idle 
[11/25/25, 14:20:49:227] info: [CHECK-FOR-OLD-CHANNEL] (T095LHX9N) Not eligible D04U8LHMQS0: Slackbot 
[11/25/25, 14:20:49:227] info: [CHECK-FOR-OLD-CHANNEL] (T095LHX9N) Not eligible D04UM60PJB1: Not idle 
[11/25/25, 14:20:49:227] info: [CHECK-FOR-OLD-CHANNEL] (T095LHX9N) Not eligible D08T2G33XDM: Not idle 
[11/25/25, 14:20:49:227] info: [CHECK-FOR-OLD-CHANNEL] (T095LHX9N) Not eligible D098CC27XGV: Has draft 
[11/25/25, 14:20:49:227] info: [CHECK-FOR-OLD-CHANNEL] (T095LHX9N) Identified 0 DMs/MPDMs of internalDMs type for closure 
[11/25/25, 14:20:49:227] info: [CHECK-FOR-OLD-CHANNEL] (T095LHX9N) Identified 0 DMs/MPDMs of appDMs type for closure 
[11/25/25, 14:21:47:720] info: [RTM-EVENT-METRICS] Metrics collection sampling has been reset. 
[11/25/25, 14:22:32:594] info: [MIN-VERSION] Checking to see if we should reload 
[11/25/25, 14:22:32:595] info: [BOOT-QUEUE] T095LHX9N noversion-1764105752.594 client.shouldReload called with reason: polling 
[11/25/25, 14:22:32:595] info: [BOOT-QUEUE] T095LHX9N noversion-1764105752.594 client.shouldReload is ENQUEUED 
[11/25/25, 14:22:32:595] info: [BOOT-QUEUE] T095LHX9N noversion-1764105752.594 client.shouldReload is ACTIVE 
[11/25/25, 14:22:32:715] info: [BOOT-QUEUE] T095LHX9N noversion-1764105752.594 client.shouldReload is RESOLVED 
[11/25/25, 14:22:32:715] info: [MIN-VERSION] No need to reload 
[11/25/25, 14:22:32:715] info: [MIN-VERSION] No need to install new service worker 
[11/25/25, 14:22:33:364] info: [NOTIFICATIONS] (T095LHX9N) shouldShowNotificationForDirectMessage: '0' 
[11/25/25, 14:22:33:367] info: [COUNTS] (T095LHX9N) Updated unread_cnt for D08T2G33XDM: 1 
[11/25/25, 14:22:33:368] info: [DESKTOP-MIDDLEWARE] (T095LHX9N) Forwarding redux payload to desktop ["unreads"] 
[11/25/25, 14:22:33:371] info: [UNREAD-COUNTS] (T095LHX9N) Fetching history for unread counting: D08T2G33XDM, waiting 3293 ms 
[11/25/25, 14:22:33:375] info: Store: REDUX_UPDATE_FROM_WEBAPP (T095LHX9N) Changed keys [unreads] 
[11/25/25, 14:22:33:376] info: [NOTIFICATIONS] (T095LHX9N) canPlaySound: true 
[11/25/25, 14:22:33:376] info: [NOTIFICATIONS] (T095LHX9N) New msg sound path: knock_brush.mp3 
[11/25/25, 14:22:33:376] info: [SOUND-PLAYBACK] Setting sound playback sink id to default 
[11/25/25, 14:22:33:376] info: Store: NEW_NOTIFICATION {
  "id": "T095LHX9N_1764105753.301079",
  "title": "[REDACTED]",
  "subtitle": "[REDACTED]",
  "content": "[REDACTED]",
  "authorName": "[REDACTED]",
  "avatarImage": "[REDACTED]",
  "teamId": "T095LHX9N",
  "userId": "U04UJR2PHMX",
  "msg": "1764105753.301079",
  "channel": "D08T2G33XDM",
  "channelName": "[REDACTED]",
  "launchUri": "[REDACTED]",
  "silent": true,
  "hasReply": true,
  "groupWindowsNotifications": true,
  "trace_id": "{\"traceId\":\"e3ef21a02fb0a4a4\",\"parentSpanId\":\"e3ef21a02fb0a4a4\"}"
} 
[11/25/25, 14:22:33:378] info: [DEVICE-PREFS] Device list change event received at 1764105753378 
[11/25/25, 14:22:33:379] info: [HUDDLE-SDK] (T095LHX9N) Device change event callback is triggered 
[11/25/25, 14:22:33:385] info: [DEVICE-PREFS] Device list change event received at 1764105753385 
[11/25/25, 14:22:33:385] info: [DEVICE-PREFS] Available devices update already in progress. Returning existing promise. 
[11/25/25, 14:22:33:385] info: [HUDDLE-SDK] (T095LHX9N) Device change event callback is triggered 
[11/25/25, 14:22:33:731] info: [COUNTS] (T095LHX9N) dmsBadgeCount: 1 
[11/25/25, 14:22:33:731] info: [COUNTS] (T095LHX9N) activityBadgeCount: 0 
[11/25/25, 14:22:34:453] info: [NOTIFICATIONS] (T095LHX9N) shouldShowNotificationForDesktopNotification: '7' 
[11/25/25, 14:22:34:710] info: [DEVICE-PREFS] Amending label for OS default audioinput device: Default -> System Default (Default) 
[11/25/25, 14:22:34:711] info: [DEVICE-PREFS] Amending label for OS default audiooutput device: Default -> System Default (Default) 
[11/25/25, 14:22:34:711] info: [DEVICE-PREFS] Device list update complete 
[11/25/25, 14:22:35:011] info: [DEVICE-PREFS] Propagating device selection history update 
[11/25/25, 14:22:35:011] warn: DEVICE-PREFS No preferred device found for type camera. Returning undefined. If this happens, the user will likely report that their device is not working. They may also have revoked or not given permission to use the device. 
[11/25/25, 14:22:35:012] info: [DEVICE-PREFS] Setting preferred audioinput device in huddle default 
[11/25/25, 14:22:35:012] info: [DEVICE-PREFS] Setting preferred audiooutput device in huddle default 
[11/25/25, 14:22:36:663] info: [HISTORY-FETCH] (T095LHX9N) Fetching history for unread counting: D08T2G33XDM 
[11/25/25, 14:22:36:664] info: [API-Q] (T095LHX9N) e147fbfc-1764105756.663 conversations.history called with reason: unread-counts/onAddTimestamps 
[11/25/25, 14:22:36:664] info: [API-Q] (T095LHX9N) e147fbfc-1764105756.663 conversations.history is ENQUEUED 
[11/25/25, 14:22:36:664] info: [API-Q] (T095LHX9N) e147fbfc-1764105756.663 conversations.history is ACTIVE 
[11/25/25, 14:22:36:797] info: [API-Q] (T095LHX9N) e147fbfc-1764105756.663 conversations.history is RESOLVED 
[11/25/25, 14:22:36:797] info: [PLATFORM-CHANNEL-ACTI] (T095LHX9N) Not updating count for channel D08T2G33XDM, as count was already set to 0 
[11/25/25, 14:22:46:443] info: [NOTIFICATIONS] (T095LHX9N) shouldShowNotificationForDirectMessage: '0' 
[11/25/25, 14:22:46:445] info: [COUNTS] (T095LHX9N) Updated unread_cnt for D08T2G33XDM: 2 
[11/25/25, 14:22:46:446] info: [DESKTOP-MIDDLEWARE] (T095LHX9N) Forwarding redux payload to desktop ["unreads"] 
[11/25/25, 14:22:46:450] info: Store: REDUX_UPDATE_FROM_WEBAPP (T095LHX9N) Changed keys [unreads] 
[11/25/25, 14:22:46:451] info: [NOTIFICATIONS] (T095LHX9N) canPlaySound: true 
[11/25/25, 14:22:46:451] info: [NOTIFICATIONS] (T095LHX9N) New msg sound path: knock_brush.mp3 
[11/25/25, 14:22:46:451] info: [SOUND-PLAYBACK] Setting sound playback sink id to default 
[11/25/25, 14:22:46:451] info: Store: NEW_NOTIFICATION {
  "id": "T095LHX9N_1764105766.379899",
  "title": "[REDACTED]",
  "subtitle": "[REDACTED]",
  "content": "[REDACTED]",
  "authorName": "[REDACTED]",
  "avatarImage": "[REDACTED]",
  "teamId": "T095LHX9N",
  "userId": "U04UJR2PHMX",
  "msg": "1764105766.379899",
  "channel": "D08T2G33XDM",
  "channelName": "[REDACTED]",
  "launchUri": "[REDACTED]",
  "silent": true,
  "hasReply": true,
  "groupWindowsNotifications": true,
  "trace_id": "{\"traceId\":\"c764911fd61c8803\",\"parentSpanId\":\"c764911fd61c8803\"}"
} 
[11/25/25, 14:22:46:748] info: [COUNTS] (T095LHX9N) dmsBadgeCount: 2 
[11/25/25, 14:22:46:748] info: [COUNTS] (T095LHX9N) activityBadgeCount: 0 
[11/25/25, 14:22:47:415] info: [NOTIFICATIONS] (T095LHX9N) shouldShowNotificationForDesktopNotification: '7' 
[11/25/25, 14:22:56:029] info: [RTM-BADGE-COUNTS-UPDA] (T095LHX9N) badge_counts_updated 
[11/25/25, 14:22:56:033] info: [UNREAD-COUNTS] (T095LHX9N) Counting unreads in D08T2G33XDM because last_read changed to 1764105766.379899 
[11/25/25, 14:22:56:033] info: [COUNTS] (T095LHX9N) Updated unread_cnt for D08T2G33XDM: 0 
[11/25/25, 14:22:56:078] info: [COUNTS] (T095LHX9N) dmsBadgeCount: 0 
[11/25/25, 14:22:56:079] info: [COUNTS] (T095LHX9N) activityBadgeCount: 0 
[11/25/25, 14:22:56:089] info: [DESKTOP-MIDDLEWARE] (T095LHX9N) Forwarding redux payload to desktop ["unreads"] 
[11/25/25, 14:22:56:097] info: Store: REDUX_UPDATE_FROM_WEBAPP (T095LHX9N) Changed keys [unreads] 
[11/25/25, 14:23:57:980] info: [NOTIFICATIONS] (T095LHX9N) shouldShowNotificationForDirectMessage: '11' 
[11/25/25, 14:23:58:077] info: [UNREAD-COUNTS] (T095LHX9N) Counting unreads in D08T2G33XDM because last_read changed to 1764105837.915979 
[11/25/25, 14:24:18:167] info: [NOTIFICATIONS] (T095LHX9N) shouldShowNotificationForDirectMessage: '0' 
[11/25/25, 14:24:18:170] info: [COUNTS] (T095LHX9N) Updated unread_cnt for D08T2G33XDM: 1 
[11/25/25, 14:24:18:171] info: [DESKTOP-MIDDLEWARE] (T095LHX9N) Forwarding redux payload to desktop ["unreads"] 
[11/25/25, 14:24:18:175] info: Store: REDUX_UPDATE_FROM_WEBAPP (T095LHX9N) Changed keys [unreads] 
[11/25/25, 14:24:18:175] info: [NOTIFICATIONS] (T095LHX9N) canPlaySound: true 
[11/25/25, 14:24:18:175] info: [NOTIFICATIONS] (T095LHX9N) New msg sound path: knock_brush.mp3 
[11/25/25, 14:24:18:175] info: [SOUND-PLAYBACK] Setting sound playback sink id to default 
[11/25/25, 14:24:18:175] info: Store: NEW_NOTIFICATION {
  "id": "T095LHX9N_1764105858.102899",
  "title": "[REDACTED]",
  "subtitle": "[REDACTED]",
  "content": "[REDACTED]",
  "authorName": "[REDACTED]",
  "avatarImage": "[REDACTED]",
  "teamId": "T095LHX9N",
  "userId": "U04UJR2PHMX",
  "msg": "1764105858.102899",
  "channel": "D08T2G33XDM",
  "channelName": "[REDACTED]",
  "launchUri": "[REDACTED]",
  "silent": true,
  "hasReply": true,
  "groupWindowsNotifications": true,
  "trace_id": "{\"traceId\":\"b8e5cb884899e0ec\",\"parentSpanId\":\"b8e5cb884899e0ec\"}"
} 
[11/25/25, 14:24:18:863] info: [COUNTS] (T095LHX9N) dmsBadgeCount: 1 
[11/25/25, 14:24:18:864] info: [COUNTS] (T095LHX9N) activityBadgeCount: 0 
[11/25/25, 14:24:19:041] info: [NOTIFICATIONS] (T095LHX9N) shouldShowNotificationForDesktopNotification: '7' 
[11/25/25, 14:24:22:664] info: [RTM-BADGE-COUNTS-UPDA] (T095LHX9N) badge_counts_updated 
[11/25/25, 14:24:22:670] info: [UNREAD-COUNTS] (T095LHX9N) Counting unreads in D08T2G33XDM because last_read changed to 1764105858.102899 
[11/25/25, 14:24:22:670] info: [COUNTS] (T095LHX9N) Updated unread_cnt for D08T2G33XDM: 0 
[11/25/25, 14:24:22:871] info: [COUNTS] (T095LHX9N) dmsBadgeCount: 0 
[11/25/25, 14:24:22:871] info: [COUNTS] (T095LHX9N) activityBadgeCount: 0 
[11/25/25, 14:24:22:881] info: [DESKTOP-MIDDLEWARE] (T095LHX9N) Forwarding redux payload to desktop ["unreads"] 
[11/25/25, 14:24:22:885] info: Store: REDUX_UPDATE_FROM_WEBAPP (T095LHX9N) Changed keys [unreads] 
[11/25/25, 14:24:32:212] info: [NOTIFICATIONS] (T095LHX9N) shouldShowNotificationForDirectMessage: '0' 
[11/25/25, 14:24:32:213] info: [COUNTS] (T095LHX9N) Updated unread_cnt for D08T2G33XDM: 1 
[11/25/25, 14:24:32:214] info: [DESKTOP-MIDDLEWARE] (T095LHX9N) Forwarding redux payload to desktop ["unreads"] 
[11/25/25, 14:24:32:218] info: Store: REDUX_UPDATE_FROM_WEBAPP (T095LHX9N) Changed keys [unreads] 
[11/25/25, 14:24:32:218] info: [NOTIFICATIONS] (T095LHX9N) canPlaySound: true 
[11/25/25, 14:24:32:218] info: [NOTIFICATIONS] (T095LHX9N) New msg sound path: knock_brush.mp3 
[11/25/25, 14:24:32:218] info: [SOUND-PLAYBACK] Setting sound playback sink id to default 
[11/25/25, 14:24:32:219] info: Store: NEW_NOTIFICATION {
  "id": "T095LHX9N_1764105872.150649",
  "title": "[REDACTED]",
  "subtitle": "[REDACTED]",
  "content": "[REDACTED]",
  "authorName": "[REDACTED]",
  "avatarImage": "[REDACTED]",
  "teamId": "T095LHX9N",
  "userId": "U04UJR2PHMX",
  "msg": "1764105872.150649",
  "channel": "D08T2G33XDM",
  "channelName": "[REDACTED]",
  "launchUri": "[REDACTED]",
  "silent": true,
  "hasReply": true,
  "groupWindowsNotifications": true,
  "trace_id": "{\"traceId\":\"6b133b661936880d\",\"parentSpanId\":\"6b133b661936880d\"}"
} 
[11/25/25, 14:24:32:887] info: [COUNTS] (T095LHX9N) dmsBadgeCount: 1 
[11/25/25, 14:24:32:887] info: [COUNTS] (T095LHX9N) activityBadgeCount: 0 
[11/25/25, 14:24:34:050] info: [NOTIFICATIONS] (T095LHX9N) shouldShowNotificationForDesktopNotification: '7' 
[11/25/25, 14:25:32:525] info: [DND_V2] (T095LHX9N) Checking for changes in DND status for the following members: U04UJR2PHMX,U095LTFRC,U03FCQ34JPK,U08PY1SAM0W,U0AL64VTR,U02BPRZ4FAQ,U06PZDZSXDZ,U06QB0DNF6U,U08L58USZ6V,U08RY079RFD,U090VKSQFFW,U04M57LQ3EV 
[11/25/25, 14:25:32:526] info: [DND_V2] (T095LHX9N) Will check for changes in DND status again in 5 minutes 
[11/25/25, 14:29:28:276] info: [NOTIFICATIONS] (T095LHX9N) shouldShowNotificationForDirectMessage: '0' 
[11/25/25, 14:29:28:277] info: [COUNTS] (T095LHX9N) Updated unread_cnt for D08T2G33XDM: 2 
[11/25/25, 14:29:28:278] info: [DESKTOP-MIDDLEWARE] (T095LHX9N) Forwarding redux payload to desktop ["unreads"] 
[11/25/25, 14:29:28:282] info: Store: REDUX_UPDATE_FROM_WEBAPP (T095LHX9N) Changed keys [unreads] 
[11/25/25, 14:29:28:282] info: [NOTIFICATIONS] (T095LHX9N) canPlaySound: true 
[11/25/25, 14:29:28:282] info: [NOTIFICATIONS] (T095LHX9N) New msg sound path: knock_brush.mp3 
[11/25/25, 14:29:28:282] info: [SOUND-PLAYBACK] Setting sound playback sink id to default 
[11/25/25, 14:29:28:282] info: Store: NEW_NOTIFICATION {
  "id": "T095LHX9N_1764106168.212719",
  "title": "[REDACTED]",
  "subtitle": "[REDACTED]",
  "content": "[REDACTED]",
  "authorName": "[REDACTED]",
  "avatarImage": "[REDACTED]",
  "teamId": "T095LHX9N",
  "userId": "U04UJR2PHMX",
  "msg": "1764106168.212719",
  "channel": "D08T2G33XDM",
  "channelName": "[REDACTED]",
  "launchUri": "[REDACTED]",
  "silent": true,
  "hasReply": true,
  "groupWindowsNotifications": true,
  "trace_id": "{\"traceId\":\"cbe9ec44d467ecb2\",\"parentSpanId\":\"cbe9ec44d467ecb2\"}"
} 
[11/25/25, 14:29:28:799] info: [COUNTS] (T095LHX9N) dmsBadgeCount: 2 
[11/25/25, 14:29:28:800] info: [COUNTS] (T095LHX9N) activityBadgeCount: 0 
[11/25/25, 14:29:29:522] info: [NOTIFICATIONS] (T095LHX9N) shouldShowNotificationForDesktopNotification: '7' 
[11/25/25, 14:30:32:527] info: [DND_V2] (T095LHX9N) Checking for changes in DND status for the following members: U04UJR2PHMX,U095LTFRC,U03FCQ34JPK,U08PY1SAM0W,U0AL64VTR,U02BPRZ4FAQ,U06PZDZSXDZ,U06QB0DNF6U,U08L58USZ6V,U08RY079RFD,U090VKSQFFW,U04M57LQ3EV 
[11/25/25, 14:30:32:528] info: [DND_V2] (T095LHX9N) Will check for changes in DND status again in 5 minutes 
[11/25/25, 14:31:47:722] info: [RTM-EVENT-METRICS] Metrics collection sampling has been reset. 
[11/25/25, 14:35:32:529] info: [DND_V2] (T095LHX9N) Checking for changes in DND status for the following members: U04UJR2PHMX,U095LTFRC,U03FCQ34JPK,U08PY1SAM0W,U0AL64VTR,U02BPRZ4FAQ,U06PZDZSXDZ,U06QB0DNF6U,U08L58USZ6V,U08RY079RFD,U090VKSQFFW,U04M57LQ3EV 
[11/25/25, 14:35:32:530] info: [DND_V2] (T095LHX9N) Will check for changes in DND status again in 5 minutes 
[11/25/25, 14:35:47:202] info: [CHECK-FOR-OLD-CHANNEL] (T026U7G95U6) Start cleaning up DMs/MPDMs — starting with 11 entries. 
[11/25/25, 14:35:47:203] info: [CHECK-FOR-OLD-CHANNEL] (T026U7G95U6) Eligible DMs/MPDMs for cleanup — [external DMs]:0, [internal DMs]: 11, [app DMs]: 0 
[11/25/25, 14:35:47:203] info: [CHECK-FOR-OLD-CHANNEL] (T026U7G95U6) Identified 0 DMs/MPDMs of externalDMs type for closure 
[11/25/25, 14:35:47:203] info: [CHECK-FOR-OLD-CHANNEL] (T026U7G95U6) Not eligible D02AV4K7V6H: Slackbot 
[11/25/25, 14:35:47:203] info: [CHECK-FOR-OLD-CHANNEL] (T026U7G95U6) Not eligible D02B4B892TW: Self DM 
[11/25/25, 14:35:47:203] info: [CHECK-FOR-OLD-CHANNEL] (T026U7G95U6) Identified 0 DMs/MPDMs of internalDMs type for closure 
[11/25/25, 14:35:47:203] info: [CHECK-FOR-OLD-CHANNEL] (T026U7G95U6) Identified 0 DMs/MPDMs of appDMs type for closure 
[11/25/25, 14:35:47:545] info: [CHECK-FOR-OLD-CHANNEL] (T07CXALJLTU) Start cleaning up DMs/MPDMs — starting with 14 entries. 
[11/25/25, 14:35:47:546] info: [CHECK-FOR-OLD-CHANNEL] (T07CXALJLTU) Eligible DMs/MPDMs for cleanup — [external DMs]:0, [internal DMs]: 11, [app DMs]: 0 
[11/25/25, 14:35:47:546] info: [CHECK-FOR-OLD-CHANNEL] (T07CXALJLTU) Identified 0 DMs/MPDMs of externalDMs type for closure 
[11/25/25, 14:35:47:546] info: [CHECK-FOR-OLD-CHANNEL] (T07CXALJLTU) Not eligible D09SUDGUMPU: Self DM 
[11/25/25, 14:35:47:546] info: [CHECK-FOR-OLD-CHANNEL] (T07CXALJLTU) Identified 0 DMs/MPDMs of internalDMs type for closure 
[11/25/25, 14:35:47:546] info: [CHECK-FOR-OLD-CHANNEL] (T07CXALJLTU) Identified 0 DMs/MPDMs of appDMs type for closure 
[11/25/25, 14:35:49:226] info: [CHECK-FOR-OLD-CHANNEL] (T095LHX9N) Start cleaning up DMs/MPDMs — starting with 52 entries. 
[11/25/25, 14:35:49:226] info: [CHECK-FOR-OLD-CHANNEL] (T095LHX9N) Eligible DMs/MPDMs for cleanup — [external DMs]:0, [internal DMs]: 11, [app DMs]: 0 
[11/25/25, 14:35:49:226] info: [CHECK-FOR-OLD-CHANNEL] (T095LHX9N) Identified 0 DMs/MPDMs of externalDMs type for closure 
[11/25/25, 14:35:49:226] info: [CHECK-FOR-OLD-CHANNEL] (T095LHX9N) Not eligible C09TW15MSKH: Not idle 
[11/25/25, 14:35:49:226] info: [CHECK-FOR-OLD-CHANNEL] (T095LHX9N) Not eligible D04U62ZABBM: Self DM 
[11/25/25, 14:35:49:227] info: [CHECK-FOR-OLD-CHANNEL] (T095LHX9N) Not eligible D04U6FHBBD1: Not idle 
[11/25/25, 14:35:49:227] info: [CHECK-FOR-OLD-CHANNEL] (T095LHX9N) Not eligible D04U8LHMQS0: Slackbot 
[11/25/25, 14:35:49:227] info: [CHECK-FOR-OLD-CHANNEL] (T095LHX9N) Not eligible D04UM60PJB1: Not idle 
[11/25/25, 14:35:49:227] info: [CHECK-FOR-OLD-CHANNEL] (T095LHX9N) Not eligible D08T2G33XDM: Is unread 
[11/25/25, 14:35:49:227] info: [CHECK-FOR-OLD-CHANNEL] (T095LHX9N) Not eligible D098CC27XGV: Has draft 
[11/25/25, 14:35:49:227] info: [CHECK-FOR-OLD-CHANNEL] (T095LHX9N) Identified 0 DMs/MPDMs of internalDMs type for closure 
[11/25/25, 14:35:49:227] info: [CHECK-FOR-OLD-CHANNEL] (T095LHX9N) Identified 0 DMs/MPDMs of appDMs type for closure 
[11/25/25, 14:40:32:531] info: [DND_V2] (T095LHX9N) Checking for changes in DND status for the following members: U04UJR2PHMX,U095LTFRC,U03FCQ34JPK,U08PY1SAM0W,U0AL64VTR,U02BPRZ4FAQ,U06PZDZSXDZ,U06QB0DNF6U,U08L58USZ6V,U08RY079RFD,U090VKSQFFW,U04M57LQ3EV 
[11/25/25, 14:40:32:532] info: [DND_V2] (T095LHX9N) Will check for changes in DND status again in 5 minutes 
[11/25/25, 14:41:47:720] info: [RTM-EVENT-METRICS] Metrics collection sampling has been reset. 
[11/25/25, 14:45:32:532] info: [DND_V2] (T095LHX9N) Checking for changes in DND status for the following members: U04UJR2PHMX,U095LTFRC,U03FCQ34JPK,U08PY1SAM0W,U0AL64VTR,U02BPRZ4FAQ,U06PZDZSXDZ,U06QB0DNF6U,U08L58USZ6V,U08RY079RFD,U090VKSQFFW,U04M57LQ3EV 
[11/25/25, 14:45:32:534] info: [DND_V2] (T095LHX9N) Will check for changes in DND status again in 5 minutes 
[11/25/25, 14:50:13:367] info: Store: SET_SUSPEND_STATUS false 
[11/25/25, 14:50:13:370] info: [DESKTOP-SIDE-EFFECT] Update from desktop for keys  ["app"] 
[11/25/25, 14:50:13:372] info: [SOCKET-MANAGER] (T095LHX9N) Sleeping 
[11/25/25, 14:50:13:372] info: [SOCKET-MANAGER] (T095LHX9N) Changing from connected to sleep 
[11/25/25, 14:50:13:373] info: [SOCKET-MANAGER] (T095LHX9N) will stay in sleep state for up to 10000 ms 
[11/25/25, 14:50:13:373] info: [SOCKET-MANAGER] (T095LHX9N) Changing from sleep to sleeping 
[11/25/25, 14:50:13:373] info: [SOCKET-MANAGER] (T095LHX9N) will stay in sleeping state for up to 10000 ms 
[11/25/25, 14:50:13:373] info: [SOCKET-MANAGER] (T095LHX9N) Closing socket because #4102: client is going to sleep 
[11/25/25, 14:50:13:373] info: [SLACK-SOCKET] socket.close() has been initiated with statusCode 4102 and description client is going to sleep 
[11/25/25, 14:50:13:373] info: [SOCKET-MANAGER] (T095LHX9N) Changing from sleeping to asleep 
[11/25/25, 14:50:13:374] info: [SOCKET-MANAGER] (T095LHX9N) will stay in asleep state for up to Infinity ms 
[11/25/25, 14:50:13:374] info: [SOCKET-MANAGER] (T026U7G95U6) Sleeping 
[11/25/25, 14:50:13:374] info: [SOCKET-MANAGER] (T026U7G95U6) Changing from connected to sleep 
[11/25/25, 14:50:13:374] info: [SOCKET-MANAGER] (T026U7G95U6) will stay in sleep state for up to 10000 ms 
[11/25/25, 14:50:13:374] info: [SOCKET-MANAGER] (T026U7G95U6) Changing from sleep to sleeping 
[11/25/25, 14:50:13:374] info: [SOCKET-MANAGER] (T026U7G95U6) will stay in sleeping state for up to 10000 ms 
[11/25/25, 14:50:13:375] info: [SOCKET-MANAGER] (T026U7G95U6) Closing socket because #4102: client is going to sleep 
[11/25/25, 14:50:13:375] info: [SLACK-SOCKET] socket.close() has been initiated with statusCode 4102 and description client is going to sleep 
[11/25/25, 14:50:13:375] info: [SOCKET-MANAGER] (T026U7G95U6) Changing from sleeping to asleep 
[11/25/25, 14:50:13:375] info: [SOCKET-MANAGER] (T026U7G95U6) will stay in asleep state for up to Infinity ms 
[11/25/25, 14:50:13:375] info: [SOCKET-MANAGER] (T07CXALJLTU) Sleeping 
[11/25/25, 14:50:13:375] info: [SOCKET-MANAGER] (T07CXALJLTU) Changing from connected to sleep 
[11/25/25, 14:50:13:375] info: [SOCKET-MANAGER] (T07CXALJLTU) will stay in sleep state for up to 10000 ms 
[11/25/25, 14:50:13:375] info: [SOCKET-MANAGER] (T07CXALJLTU) Changing from sleep to sleeping 
[11/25/25, 14:50:13:375] info: [SOCKET-MANAGER] (T07CXALJLTU) will stay in sleeping state for up to 10000 ms 
[11/25/25, 14:50:13:375] info: [SOCKET-MANAGER] (T07CXALJLTU) Closing socket because #4102: client is going to sleep 
[11/25/25, 14:50:13:375] info: [SLACK-SOCKET] socket.close() has been initiated with statusCode 4102 and description client is going to sleep 
[11/25/25, 14:50:13:375] info: [SOCKET-MANAGER] (T07CXALJLTU) Changing from sleeping to asleep 
[11/25/25, 14:50:13:375] info: [SOCKET-MANAGER] (T07CXALJLTU) will stay in asleep state for up to Infinity ms 
[11/25/25, 14:50:13:375] info: [EVENTLOG] (T095LHX9N) socket was closed while we were fetching history; cancelling our request 
[11/25/25, 14:50:13:376] info: [EVENTLOG] (T026U7G95U6) socket was closed while we were fetching history; cancelling our request 
[11/25/25, 14:50:13:376] info: [EVENTLOG] (T07CXALJLTU) socket was closed while we were fetching history; cancelling our request 
[11/25/25, 14:50:13:377] info: Store: SET_SUSPEND_STATUS false 
[11/25/25, 14:50:13:378] info: [DESKTOP-SIDE-EFFECT] Update from desktop for keys  ["app"] 
[11/25/25, 14:50:13:379] info: [SOCKET-MANAGER] (T095LHX9N) Sleeping 
[11/25/25, 14:50:13:379] info: [SOCKET-MANAGER] (T026U7G95U6) Sleeping 
[11/25/25, 14:50:13:379] info: [SOCKET-MANAGER] (T07CXALJLTU) Sleeping 
[11/25/25, 14:50:15:693] info: [DEVICE-PREFS] Device list change event received at 1764107415693 
[11/25/25, 14:50:15:693] info: [HUDDLE-SDK] (T095LHX9N) Device change event callback is triggered 
[11/25/25, 14:50:15:695] info: [DEVICE-PREFS] Device list change event received at 1764107415694 
[11/25/25, 14:50:15:695] info: [DEVICE-PREFS] Available devices update already in progress. Returning existing promise. 
[11/25/25, 14:50:15:695] info: [HUDDLE-SDK] (T095LHX9N) Device change event callback is triggered 
[11/25/25, 14:50:15:696] info: [DEVICE-PREFS] Device list change event received at 1764107415696 
[11/25/25, 14:50:15:696] info: [DEVICE-PREFS] Available devices update already in progress. Returning existing promise. 
[11/25/25, 14:50:15:697] info: [HUDDLE-SDK] (T095LHX9N) Device change event callback is triggered 
[11/25/25, 14:50:15:721] info: [DEVICE-PREFS] Amending label for OS default audiooutput device: Default -> System Default (Default) 
[11/25/25, 14:50:15:721] info: [DEVICE-PREFS] Device list update complete 
[11/25/25, 14:50:16:021] info: [DEVICE-PREFS] Propagating device selection history update 
[11/25/25, 14:50:16:022] warn: DEVICE-PREFS No preferred device found for type camera. Returning undefined. If this happens, the user will likely report that their device is not working. They may also have revoked or not given permission to use the device. 
[11/25/25, 14:50:16:022] warn: DEVICE-PREFS No preferred device found for type microphone. Returning undefined. If this happens, the user will likely report that their device is not working. They may also have revoked or not given permission to use the device. 
[11/25/25, 14:50:16:023] info: [DEVICE-PREFS] Setting preferred audiooutput device in huddle default 
[11/25/25, 14:58:38:132] info: [GATEWAY_SERVER_REQUES] (T07CXALJLTU) received a user_unsubscribe_request call while we are not connected; deferring 
[11/25/25, 14:58:38:492] info: Store: POWER_RESUMED  
[11/25/25, 14:58:38:492] info: Store: SET_SUSPEND_STATUS true 
[11/25/25, 14:58:38:494] info: [DESKTOP-SIDE-EFFECT] Update from desktop for keys  ["app"] 
[11/25/25, 14:58:38:498] info: [GATEWAY_SERVER_REQUES] (T095LHX9N) received a user_unsubscribe_request call while we are not connected; deferring 
[11/25/25, 14:58:38:504] info: [SOCKET-MANAGER] (T095LHX9N) Waking 
[11/25/25, 14:58:38:505] info: [SOCKET-MANAGER] (T095LHX9N) Changing from asleep to connect 
[11/25/25, 14:58:38:505] info: [SOCKET-MANAGER] (T095LHX9N) will stay in connect state for up to 10000 ms 
[11/25/25, 14:58:38:505] info: [SOCKET-MANAGER] (T095LHX9N) Changing from connect to checking_fast_reconnect 
[11/25/25, 14:58:38:506] info: [SOCKET-MANAGER] (T095LHX9N) will stay in checking_fast_reconnect state for up to 60000 ms 
[11/25/25, 14:58:38:507] info: [SOCKET-MANAGER] (T095LHX9N) Attempting to connect to primary region 
[11/25/25, 14:58:38:507] info: [SOCKET-MANAGER] (T095LHX9N) Changing from checking_fast_reconnect to prov_connect 
[11/25/25, 14:58:38:507] info: [SOCKET-MANAGER] (T095LHX9N) will stay in prov_connect state for up to 10000 ms 
[11/25/25, 14:58:38:507] info: [SOCKET-MANAGER] (T095LHX9N) Connecting with token ending: b49d 
[11/25/25, 14:58:38:507] info: [SOCKET-MANAGER] (T095LHX9N) Changing from prov_connect to prov_connecting 
[11/25/25, 14:58:38:507] info: [SOCKET-MANAGER] (T095LHX9N) will stay in prov_connecting state for up to 35000 ms 
[11/25/25, 14:58:38:509] info: [SOCKET-MANAGER] (T026U7G95U6) Waking 
[11/25/25, 14:58:38:510] info: [SOCKET-MANAGER] (T026U7G95U6) Changing from asleep to connect 
[11/25/25, 14:58:38:510] info: [SOCKET-MANAGER] (T026U7G95U6) will stay in connect state for up to 10000 ms 
[11/25/25, 14:58:38:510] info: [SOCKET-MANAGER] (T026U7G95U6) Changing from connect to checking_fast_reconnect 
[11/25/25, 14:58:38:511] info: [SOCKET-MANAGER] (T026U7G95U6) will stay in checking_fast_reconnect state for up to 60000 ms 
[11/25/25, 14:58:38:511] info: [SOCKET-MANAGER] (T026U7G95U6) Attempting to connect to primary region 
[11/25/25, 14:58:38:511] info: [SOCKET-MANAGER] (T026U7G95U6) Changing from checking_fast_reconnect to prov_connect 
[11/25/25, 14:58:38:511] info: [SOCKET-MANAGER] (T026U7G95U6) will stay in prov_connect state for up to 10000 ms 
[11/25/25, 14:58:38:511] info: [SOCKET-MANAGER] (T026U7G95U6) Connecting with token ending: 125a 
[11/25/25, 14:58:38:511] info: [SOCKET-MANAGER] (T026U7G95U6) Changing from prov_connect to prov_connecting 
[11/25/25, 14:58:38:512] info: [SOCKET-MANAGER] (T026U7G95U6) will stay in prov_connecting state for up to 35000 ms 
[11/25/25, 14:58:38:512] info: [SOCKET-MANAGER] (T07CXALJLTU) Waking 
[11/25/25, 14:58:38:512] info: [SOCKET-MANAGER] (T07CXALJLTU) Changing from asleep to connect 
[11/25/25, 14:58:38:512] info: [SOCKET-MANAGER] (T07CXALJLTU) will stay in connect state for up to 10000 ms 
[11/25/25, 14:58:38:512] info: [SOCKET-MANAGER] (T07CXALJLTU) Changing from connect to checking_fast_reconnect 
[11/25/25, 14:58:38:513] info: [SOCKET-MANAGER] (T07CXALJLTU) will stay in checking_fast_reconnect state for up to 60000 ms 
[11/25/25, 14:58:38:513] info: [SOCKET-MANAGER] (T07CXALJLTU) Attempting to connect to primary region 
[11/25/25, 14:58:38:513] info: [SOCKET-MANAGER] (T07CXALJLTU) Changing from checking_fast_reconnect to prov_connect 
[11/25/25, 14:58:38:513] info: [SOCKET-MANAGER] (T07CXALJLTU) will stay in prov_connect state for up to 10000 ms 
[11/25/25, 14:58:38:513] info: [SOCKET-MANAGER] (T07CXALJLTU) Connecting with token ending: 09ff 
[11/25/25, 14:58:38:513] info: [SOCKET-MANAGER] (T07CXALJLTU) Changing from prov_connect to prov_connecting 
[11/25/25, 14:58:38:513] info: [SOCKET-MANAGER] (T07CXALJLTU) will stay in prov_connecting state for up to 35000 ms 
[11/25/25, 14:58:38:515] info: Store: POWER_RESUMED  
[11/25/25, 14:58:38:515] info: Store: SET_SUSPEND_STATUS true 
[11/25/25, 14:58:38:516] info: [DESKTOP-SIDE-EFFECT] Update from desktop for keys  ["app"] 
[11/25/25, 14:58:38:518] warn: SOCKET-MANAGER (T095LHX9N) Got asked to wake but we are not asleep; ignoring 
[11/25/25, 14:58:38:518] warn: SOCKET-MANAGER (T026U7G95U6) Got asked to wake but we are not asleep; ignoring 
[11/25/25, 14:58:38:518] warn: SOCKET-MANAGER (T07CXALJLTU) Got asked to wake but we are not asleep; ignoring 
[11/25/25, 14:58:38:529] warn: SOCKET-MANAGER (T095LHX9N) Socket was closed because #1006: generic error 
[11/25/25, 14:58:38:531] info: [SOCKET-MANAGER] (T095LHX9N) Changing from prov_connecting to error 
[11/25/25, 14:58:38:531] info: [SOCKET-MANAGER] (T095LHX9N) will stay in error state for up to 10000 ms 
[11/25/25, 14:58:38:531] info: [SOCKET-MANAGER] (T095LHX9N) Changing from error to wait_for_rate_limit 
[11/25/25, 14:58:38:531] info: [SOCKET-MANAGER] (T095LHX9N) will stay in wait_for_rate_limit state for up to 120000 ms 
[11/25/25, 14:58:38:532] info: [SOCKET-MANAGER] (T095LHX9N) backing off: will wait for 947 ms 
[11/25/25, 14:58:38:532] warn: SOCKET-MANAGER (T026U7G95U6) Socket was closed because #1006: generic error 
[11/25/25, 14:58:38:532] info: [SOCKET-MANAGER] (T026U7G95U6) Changing from prov_connecting to error 
[11/25/25, 14:58:38:532] info: [SOCKET-MANAGER] (T026U7G95U6) will stay in error state for up to 10000 ms 
[11/25/25, 14:58:38:532] info: [SOCKET-MANAGER] (T026U7G95U6) Changing from error to wait_for_rate_limit 
[11/25/25, 14:58:38:532] info: [SOCKET-MANAGER] (T026U7G95U6) will stay in wait_for_rate_limit state for up to 120000 ms 
[11/25/25, 14:58:38:532] info: [SOCKET-MANAGER] (T026U7G95U6) backing off: will wait for 138 ms 
[11/25/25, 14:58:38:532] warn: SOCKET-MANAGER (T07CXALJLTU) Socket was closed because #1006: generic error 
[11/25/25, 14:58:38:533] info: [SOCKET-MANAGER] (T07CXALJLTU) Changing from prov_connecting to error 
[11/25/25, 14:58:38:533] info: [SOCKET-MANAGER] (T07CXALJLTU) will stay in error state for up to 10000 ms 
[11/25/25, 14:58:38:533] info: [SOCKET-MANAGER] (T07CXALJLTU) Changing from error to wait_for_rate_limit 
[11/25/25, 14:58:38:533] info: [SOCKET-MANAGER] (T07CXALJLTU) will stay in wait_for_rate_limit state for up to 120000 ms 
[11/25/25, 14:58:38:533] info: [SOCKET-MANAGER] (T07CXALJLTU) backing off: will wait for 851 ms 
[11/25/25, 14:58:38:671] info: [SOCKET-MANAGER] (T026U7G95U6) Changing from wait_for_rate_limit to connect 
[11/25/25, 14:58:38:671] info: [SOCKET-MANAGER] (T026U7G95U6) will stay in connect state for up to 10000 ms 
[11/25/25, 14:58:38:672] info: [SOCKET-MANAGER] (T026U7G95U6) Changing from connect to checking_fast_reconnect 
[11/25/25, 14:58:38:672] info: [SOCKET-MANAGER] (T026U7G95U6) will stay in checking_fast_reconnect state for up to 60000 ms 
[11/25/25, 14:58:38:672] info: [SOCKET-MANAGER] (T026U7G95U6) Attempting to connect to primary region 
[11/25/25, 14:58:38:672] info: [SOCKET-MANAGER] (T026U7G95U6) Changing from checking_fast_reconnect to prov_connect 
[11/25/25, 14:58:38:672] info: [SOCKET-MANAGER] (T026U7G95U6) will stay in prov_connect state for up to 10000 ms 
[11/25/25, 14:58:38:672] info: [SOCKET-MANAGER] (T026U7G95U6) Connecting with token ending: 125a 
[11/25/25, 14:58:38:672] info: [SOCKET-MANAGER] (T026U7G95U6) Changing from prov_connect to prov_connecting 
[11/25/25, 14:58:38:672] info: [SOCKET-MANAGER] (T026U7G95U6) will stay in prov_connecting state for up to 35000 ms 
[11/25/25, 14:58:38:730] warn: SOCKET-MANAGER (T026U7G95U6) Socket was closed because #1006: generic error 
[11/25/25, 14:58:38:731] info: [SOCKET-MANAGER] (T026U7G95U6) Changing from prov_connecting to error 
[11/25/25, 14:58:38:731] info: [SOCKET-MANAGER] (T026U7G95U6) will stay in error state for up to 10000 ms 
[11/25/25, 14:58:38:731] info: [SOCKET-MANAGER] (T026U7G95U6) Changing from error to wait_for_rate_limit 
[11/25/25, 14:58:38:731] info: [SOCKET-MANAGER] (T026U7G95U6) will stay in wait_for_rate_limit state for up to 120000 ms 
[11/25/25, 14:58:38:731] info: [SOCKET-MANAGER] (T026U7G95U6) backing off: will wait for 578 ms 
[11/25/25, 14:58:39:233] info: [GATEWAY_SERVER_REQUES] (T07CXALJLTU) received a user_subscribe_request call while we are not connected; deferring 
[11/25/25, 14:58:39:233] info: [API-Q] (T07CXALJLTU) noversion-1764107919.233 Flannel users/info called with reason: flannel-call:users/info 
[11/25/25, 14:58:39:233] info: [API-Q] (T07CXALJLTU) noversion-1764107919.233 Flannel users/info is ENQUEUED 
[11/25/25, 14:58:39:234] info: [API-Q] (T07CXALJLTU) noversion-1764107919.233 Flannel users/info is ACTIVE 
[11/25/25, 14:58:39:241] info: [API-Q] (T07CXALJLTU) noversion-1764107919.233 Flannel users/info is ERROR: request did not complete 
[11/25/25, 14:58:39:310] info: [SOCKET-MANAGER] (T026U7G95U6) Changing from wait_for_rate_limit to connect 
[11/25/25, 14:58:39:311] info: [SOCKET-MANAGER] (T026U7G95U6) will stay in connect state for up to 10000 ms 
[11/25/25, 14:58:39:311] info: [SOCKET-MANAGER] (T026U7G95U6) Changing from connect to checking_fast_reconnect 
[11/25/25, 14:58:39:311] info: [SOCKET-MANAGER] (T026U7G95U6) will stay in checking_fast_reconnect state for up to 60000 ms 
[11/25/25, 14:58:39:311] info: [SOCKET-MANAGER] (T026U7G95U6) Attempting to connect to primary region 
[11/25/25, 14:58:39:311] info: [SOCKET-MANAGER] (T026U7G95U6) Changing from checking_fast_reconnect to prov_connect 
[11/25/25, 14:58:39:311] info: [SOCKET-MANAGER] (T026U7G95U6) will stay in prov_connect state for up to 10000 ms 
[11/25/25, 14:58:39:312] info: [SOCKET-MANAGER] (T026U7G95U6) Connecting with token ending: 125a 
[11/25/25, 14:58:39:312] info: [SOCKET-MANAGER] (T026U7G95U6) Changing from prov_connect to prov_connecting 
[11/25/25, 14:58:39:312] info: [SOCKET-MANAGER] (T026U7G95U6) will stay in prov_connecting state for up to 35000 ms 
[11/25/25, 14:58:39:314] warn: SOCKET-MANAGER (T026U7G95U6) Socket was closed because #1006: generic error 
[11/25/25, 14:58:39:314] info: [SOCKET-MANAGER] (T026U7G95U6) Changing from prov_connecting to error 
[11/25/25, 14:58:39:315] info: [SOCKET-MANAGER] (T026U7G95U6) Failed to connect 3 times; going into failover mode until we connect 
[11/25/25, 14:58:39:315] info: [SOCKET-MANAGER] (T026U7G95U6) will stay in error state for up to 10000 ms 
[11/25/25, 14:58:39:315] info: [SOCKET-MANAGER] (T026U7G95U6) Changing from error to wait_for_rate_limit 
[11/25/25, 14:58:39:315] info: [SOCKET-MANAGER] (T026U7G95U6) will stay in wait_for_rate_limit state for up to 120000 ms 
[11/25/25, 14:58:39:315] info: [SOCKET-MANAGER] (T026U7G95U6) backing off: will wait for 1408 ms 
[11/25/25, 14:58:39:384] info: [SOCKET-MANAGER] (T07CXALJLTU) Changing from wait_for_rate_limit to connect 
[11/25/25, 14:58:39:385] info: [SOCKET-MANAGER] (T07CXALJLTU) will stay in connect state for up to 10000 ms 
[11/25/25, 14:58:39:385] info: [SOCKET-MANAGER] (T07CXALJLTU) Changing from connect to checking_fast_reconnect 
[11/25/25, 14:58:39:385] info: [SOCKET-MANAGER] (T07CXALJLTU) will stay in checking_fast_reconnect state for up to 60000 ms 
[11/25/25, 14:58:39:385] info: [SOCKET-MANAGER] (T07CXALJLTU) Attempting to connect to primary region 
[11/25/25, 14:58:39:386] info: [SOCKET-MANAGER] (T07CXALJLTU) Changing from checking_fast_reconnect to prov_connect 
[11/25/25, 14:58:39:386] info: [SOCKET-MANAGER] (T07CXALJLTU) will stay in prov_connect state for up to 10000 ms 
[11/25/25, 14:58:39:386] info: [SOCKET-MANAGER] (T07CXALJLTU) Connecting with token ending: 09ff 
[11/25/25, 14:58:39:386] info: [SOCKET-MANAGER] (T07CXALJLTU) Changing from prov_connect to prov_connecting 
[11/25/25, 14:58:39:386] info: [SOCKET-MANAGER] (T07CXALJLTU) will stay in prov_connecting state for up to 35000 ms 
[11/25/25, 14:58:39:392] warn: SOCKET-MANAGER (T07CXALJLTU) Socket was closed because #1006: generic error 
[11/25/25, 14:58:39:392] info: [SOCKET-MANAGER] (T07CXALJLTU) Changing from prov_connecting to error 
[11/25/25, 14:58:39:392] info: [SOCKET-MANAGER] (T07CXALJLTU) will stay in error state for up to 10000 ms 
[11/25/25, 14:58:39:392] info: [SOCKET-MANAGER] (T07CXALJLTU) Changing from error to wait_for_rate_limit 
[11/25/25, 14:58:39:392] info: [SOCKET-MANAGER] (T07CXALJLTU) will stay in wait_for_rate_limit state for up to 120000 ms 
[11/25/25, 14:58:39:392] info: [SOCKET-MANAGER] (T07CXALJLTU) backing off: will wait for 2379 ms 
[11/25/25, 14:58:39:478] info: [SOCKET-MANAGER] (T095LHX9N) Changing from wait_for_rate_limit to connect 
[11/25/25, 14:58:39:479] info: [SOCKET-MANAGER] (T095LHX9N) will stay in connect state for up to 10000 ms 
[11/25/25, 14:58:39:479] info: [SOCKET-MANAGER] (T095LHX9N) Changing from connect to checking_fast_reconnect 
[11/25/25, 14:58:39:479] info: [SOCKET-MANAGER] (T095LHX9N) will stay in checking_fast_reconnect state for up to 60000 ms 
[11/25/25, 14:58:39:479] info: [SOCKET-MANAGER] (T095LHX9N) Attempting to connect to primary region 
[11/25/25, 14:58:39:479] info: [SOCKET-MANAGER] (T095LHX9N) Changing from checking_fast_reconnect to prov_connect 
[11/25/25, 14:58:39:479] info: [SOCKET-MANAGER] (T095LHX9N) will stay in prov_connect state for up to 10000 ms 
[11/25/25, 14:58:39:479] info: [SOCKET-MANAGER] (T095LHX9N) Connecting with token ending: b49d 
[11/25/25, 14:58:39:479] info: [SOCKET-MANAGER] (T095LHX9N) Changing from prov_connect to prov_connecting 
[11/25/25, 14:58:39:479] info: [SOCKET-MANAGER] (T095LHX9N) will stay in prov_connecting state for up to 35000 ms 
[11/25/25, 14:58:39:487] warn: SOCKET-MANAGER (T095LHX9N) Socket was closed because #1006: generic error 
[11/25/25, 14:58:39:488] info: [SOCKET-MANAGER] (T095LHX9N) Changing from prov_connecting to error 
[11/25/25, 14:58:39:488] info: [SOCKET-MANAGER] (T095LHX9N) will stay in error state for up to 10000 ms 
[11/25/25, 14:58:39:488] info: [SOCKET-MANAGER] (T095LHX9N) Changing from error to wait_for_rate_limit 
[11/25/25, 14:58:39:488] info: [SOCKET-MANAGER] (T095LHX9N) will stay in wait_for_rate_limit state for up to 120000 ms 
[11/25/25, 14:58:39:488] info: [SOCKET-MANAGER] (T095LHX9N) backing off: will wait for 1122 ms 
[11/25/25, 14:58:39:580] info: [GATEWAY_SERVER_REQUES] (T095LHX9N) received a user_subscribe_request call while we are not connected; deferring 
[11/25/25, 14:58:39:580] info: [API-Q] (T095LHX9N) noversion-1764107919.579 Flannel users/info called with reason: flannel-call:users/info 
[11/25/25, 14:58:39:580] info: [API-Q] (T095LHX9N) noversion-1764107919.579 Flannel users/info is ENQUEUED 
[11/25/25, 14:58:39:580] info: [API-Q] (T095LHX9N) noversion-1764107919.579 Flannel users/info is ACTIVE 
[11/25/25, 14:58:39:582] info: [API-Q] (T095LHX9N) noversion-1764107919.579 Flannel users/info is ERROR: request did not complete 
[11/25/25, 14:58:40:611] info: [SOCKET-MANAGER] (T095LHX9N) Changing from wait_for_rate_limit to connect 
[11/25/25, 14:58:40:612] info: [SOCKET-MANAGER] (T095LHX9N) will stay in connect state for up to 10000 ms 
[11/25/25, 14:58:40:612] info: [SOCKET-MANAGER] (T095LHX9N) Changing from connect to checking_fast_reconnect 
[11/25/25, 14:58:40:612] info: [SOCKET-MANAGER] (T095LHX9N) will stay in checking_fast_reconnect state for up to 60000 ms 
[11/25/25, 14:58:40:613] info: [SOCKET-MANAGER] (T095LHX9N) Attempting to connect to primary region 
[11/25/25, 14:58:40:613] info: [SOCKET-MANAGER] (T095LHX9N) Changing from checking_fast_reconnect to prov_connect 
[11/25/25, 14:58:40:613] info: [SOCKET-MANAGER] (T095LHX9N) will stay in prov_connect state for up to 10000 ms 
[11/25/25, 14:58:40:613] info: [SOCKET-MANAGER] (T095LHX9N) Connecting with token ending: b49d 
[11/25/25, 14:58:40:613] info: [SOCKET-MANAGER] (T095LHX9N) Changing from prov_connect to prov_connecting 
[11/25/25, 14:58:40:613] info: [SOCKET-MANAGER] (T095LHX9N) will stay in prov_connecting state for up to 35000 ms 
[11/25/25, 14:58:40:630] warn: SOCKET-MANAGER (T095LHX9N) Socket was closed because #1006: generic error 
[11/25/25, 14:58:40:630] info: [SOCKET-MANAGER] (T095LHX9N) Changing from prov_connecting to error 
[11/25/25, 14:58:40:630] info: [SOCKET-MANAGER] (T095LHX9N) Failed to connect 3 times; going into failover mode until we connect 
[11/25/25, 14:58:40:630] info: [SOCKET-MANAGER] (T095LHX9N) will stay in error state for up to 10000 ms 
[11/25/25, 14:58:40:631] info: [SOCKET-MANAGER] (T095LHX9N) Changing from error to wait_for_rate_limit 
[11/25/25, 14:58:40:631] info: [SOCKET-MANAGER] (T095LHX9N) will stay in wait_for_rate_limit state for up to 120000 ms 
[11/25/25, 14:58:40:631] info: [SOCKET-MANAGER] (T095LHX9N) backing off: will wait for 1200 ms 
[11/25/25, 14:58:40:724] info: [SOCKET-MANAGER] (T026U7G95U6) Changing from wait_for_rate_limit to connect 
[11/25/25, 14:58:40:724] info: [SOCKET-MANAGER] (T026U7G95U6) will stay in connect state for up to 10000 ms 
[11/25/25, 14:58:40:725] info: [SOCKET-MANAGER] (T026U7G95U6) Changing from connect to checking_fast_reconnect 
[11/25/25, 14:58:40:725] info: [SOCKET-MANAGER] (T026U7G95U6) will stay in checking_fast_reconnect state for up to 60000 ms 
[11/25/25, 14:58:40:725] info: [SOCKET-MANAGER] (T026U7G95U6) Attempting to connect to backup region 
[11/25/25, 14:58:40:725] info: [SOCKET-MANAGER] (T026U7G95U6) Changing from checking_fast_reconnect to prov_connect 
[11/25/25, 14:58:40:726] info: [SOCKET-MANAGER] (T026U7G95U6) will stay in prov_connect state for up to 10000 ms 
[11/25/25, 14:58:40:726] info: [SOCKET-MANAGER] (T026U7G95U6) Connecting with token ending: 125a 
[11/25/25, 14:58:40:726] info: [SOCKET-MANAGER] (T026U7G95U6) Changing from prov_connect to prov_connecting 
[11/25/25, 14:58:40:726] info: [SOCKET-MANAGER] (T026U7G95U6) will stay in prov_connecting state for up to 35000 ms 
[11/25/25, 14:58:40:756] warn: SOCKET-MANAGER (T026U7G95U6) Socket was closed because #1006: generic error 
[11/25/25, 14:58:40:757] info: [SOCKET-MANAGER] (T026U7G95U6) Changing from prov_connecting to error 
[11/25/25, 14:58:40:757] info: [SOCKET-MANAGER] (T026U7G95U6) will stay in error state for up to 10000 ms 
[11/25/25, 14:58:40:757] info: [SOCKET-MANAGER] (T026U7G95U6) Changing from error to wait_for_rate_limit 
[11/25/25, 14:58:40:757] info: [SOCKET-MANAGER] (T026U7G95U6) will stay in wait_for_rate_limit state for up to 120000 ms 
[11/25/25, 14:58:40:757] info: [SOCKET-MANAGER] (T026U7G95U6) backing off: will wait for 3582 ms 
[11/25/25, 14:58:41:772] info: [SOCKET-MANAGER] (T07CXALJLTU) Changing from wait_for_rate_limit to connect 
[11/25/25, 14:58:41:773] info: [SOCKET-MANAGER] (T07CXALJLTU) will stay in connect state for up to 10000 ms 
[11/25/25, 14:58:41:773] info: [SOCKET-MANAGER] (T07CXALJLTU) Changing from connect to checking_fast_reconnect 
[11/25/25, 14:58:41:773] info: [SOCKET-MANAGER] (T07CXALJLTU) will stay in checking_fast_reconnect state for up to 60000 ms 
[11/25/25, 14:58:41:774] info: [SOCKET-MANAGER] (T07CXALJLTU) Attempting to connect to primary region 
[11/25/25, 14:58:41:774] info: [SOCKET-MANAGER] (T07CXALJLTU) Changing from checking_fast_reconnect to prov_connect 
[11/25/25, 14:58:41:774] info: [SOCKET-MANAGER] (T07CXALJLTU) will stay in prov_connect state for up to 10000 ms 
[11/25/25, 14:58:41:774] info: [SOCKET-MANAGER] (T07CXALJLTU) Connecting with token ending: 09ff 
[11/25/25, 14:58:41:774] info: [SOCKET-MANAGER] (T07CXALJLTU) Changing from prov_connect to prov_connecting 
[11/25/25, 14:58:41:774] info: [SOCKET-MANAGER] (T07CXALJLTU) will stay in prov_connecting state for up to 35000 ms 
[11/25/25, 14:58:41:803] warn: SOCKET-MANAGER (T07CXALJLTU) Socket was closed because #1006: generic error 
[11/25/25, 14:58:41:804] info: [SOCKET-MANAGER] (T07CXALJLTU) Changing from prov_connecting to error 
[11/25/25, 14:58:41:805] info: [SOCKET-MANAGER] (T07CXALJLTU) Failed to connect 3 times; going into failover mode until we connect 
[11/25/25, 14:58:41:805] info: [SOCKET-MANAGER] (T07CXALJLTU) will stay in error state for up to 10000 ms 
[11/25/25, 14:58:41:805] info: [SOCKET-MANAGER] (T07CXALJLTU) Changing from error to wait_for_rate_limit 
[11/25/25, 14:58:41:805] info: [SOCKET-MANAGER] (T07CXALJLTU) will stay in wait_for_rate_limit state for up to 120000 ms 
[11/25/25, 14:58:41:805] info: [SOCKET-MANAGER] (T07CXALJLTU) backing off: will wait for 5235 ms 
[11/25/25, 14:58:41:831] info: [SOCKET-MANAGER] (T095LHX9N) Changing from wait_for_rate_limit to connect 
[11/25/25, 14:58:41:832] info: [SOCKET-MANAGER] (T095LHX9N) will stay in connect state for up to 10000 ms 
[11/25/25, 14:58:41:832] info: [SOCKET-MANAGER] (T095LHX9N) Changing from connect to checking_fast_reconnect 
[11/25/25, 14:58:41:832] info: [SOCKET-MANAGER] (T095LHX9N) will stay in checking_fast_reconnect state for up to 60000 ms 
[11/25/25, 14:58:41:833] info: [SOCKET-MANAGER] (T095LHX9N) Attempting to connect to backup region 
[11/25/25, 14:58:41:833] info: [SOCKET-MANAGER] (T095LHX9N) Changing from checking_fast_reconnect to prov_connect 
[11/25/25, 14:58:41:833] info: [SOCKET-MANAGER] (T095LHX9N) will stay in prov_connect state for up to 10000 ms 
[11/25/25, 14:58:41:834] info: [SOCKET-MANAGER] (T095LHX9N) Connecting with token ending: b49d 
[11/25/25, 14:58:41:834] info: [SOCKET-MANAGER] (T095LHX9N) Changing from prov_connect to prov_connecting 
[11/25/25, 14:58:41:834] info: [SOCKET-MANAGER] (T095LHX9N) will stay in prov_connecting state for up to 35000 ms 
[11/25/25, 14:58:41:936] warn: SOCKET-MANAGER (T095LHX9N) Socket was closed because #1006: generic error 
[11/25/25, 14:58:41:937] info: [SOCKET-MANAGER] (T095LHX9N) Changing from prov_connecting to error 
[11/25/25, 14:58:41:937] info: [SOCKET-MANAGER] (T095LHX9N) will stay in error state for up to 10000 ms 
[11/25/25, 14:58:41:938] info: [SOCKET-MANAGER] (T095LHX9N) Changing from error to wait_for_rate_limit 
[11/25/25, 14:58:41:938] info: [SOCKET-MANAGER] (T095LHX9N) will stay in wait_for_rate_limit state for up to 120000 ms 
[11/25/25, 14:58:41:938] info: [SOCKET-MANAGER] (T095LHX9N) backing off: will wait for 1651 ms 
[11/25/25, 14:58:43:589] info: [SOCKET-MANAGER] (T095LHX9N) Changing from wait_for_rate_limit to connect 
[11/25/25, 14:58:43:590] info: [SOCKET-MANAGER] (T095LHX9N) will stay in connect state for up to 10000 ms 
[11/25/25, 14:58:43:591] info: [SOCKET-MANAGER] (T095LHX9N) Changing from connect to checking_fast_reconnect 
[11/25/25, 14:58:43:591] info: [SOCKET-MANAGER] (T095LHX9N) will stay in checking_fast_reconnect state for up to 60000 ms 
[11/25/25, 14:58:43:591] info: [SOCKET-MANAGER] (T095LHX9N) Attempting to connect to primary region 
[11/25/25, 14:58:43:591] info: [SOCKET-MANAGER] (T095LHX9N) Changing from checking_fast_reconnect to prov_connect 
[11/25/25, 14:58:43:592] info: [SOCKET-MANAGER] (T095LHX9N) will stay in prov_connect state for up to 10000 ms 
[11/25/25, 14:58:43:592] info: [SOCKET-MANAGER] (T095LHX9N) Connecting with token ending: b49d 
[11/25/25, 14:58:43:592] info: [SOCKET-MANAGER] (T095LHX9N) Changing from prov_connect to prov_connecting 
[11/25/25, 14:58:43:592] info: [SOCKET-MANAGER] (T095LHX9N) will stay in prov_connecting state for up to 35000 ms 
[11/25/25, 14:58:43:731] warn: SOCKET-MANAGER (T095LHX9N) Socket was closed because #1006: generic error 
[11/25/25, 14:58:43:732] info: [SOCKET-MANAGER] (T095LHX9N) Changing from prov_connecting to error 
[11/25/25, 14:58:43:732] info: [SOCKET-MANAGER] (T095LHX9N) will stay in error state for up to 10000 ms 
[11/25/25, 14:58:43:732] info: [SOCKET-MANAGER] (T095LHX9N) Changing from error to wait_for_rate_limit 
[11/25/25, 14:58:43:732] info: [SOCKET-MANAGER] (T095LHX9N) will stay in wait_for_rate_limit state for up to 120000 ms 
[11/25/25, 14:58:43:733] info: [SOCKET-MANAGER] (T095LHX9N) backing off: will wait for 4336 ms 
[11/25/25, 14:58:44:340] info: [SOCKET-MANAGER] (T026U7G95U6) Changing from wait_for_rate_limit to connect 
[11/25/25, 14:58:44:341] info: [SOCKET-MANAGER] (T026U7G95U6) will stay in connect state for up to 10000 ms 
[11/25/25, 14:58:44:341] info: [SOCKET-MANAGER] (T026U7G95U6) Changing from connect to checking_fast_reconnect 
[11/25/25, 14:58:44:341] info: [SOCKET-MANAGER] (T026U7G95U6) will stay in checking_fast_reconnect state for up to 60000 ms 
[11/25/25, 14:58:44:342] info: [SOCKET-MANAGER] (T026U7G95U6) Attempting to connect to primary region 
[11/25/25, 14:58:44:343] info: [SOCKET-MANAGER] (T026U7G95U6) Changing from checking_fast_reconnect to prov_connect 
[11/25/25, 14:58:44:343] info: [SOCKET-MANAGER] (T026U7G95U6) will stay in prov_connect state for up to 10000 ms 
[11/25/25, 14:58:44:343] info: [SOCKET-MANAGER] (T026U7G95U6) Connecting with token ending: 125a 
[11/25/25, 14:58:44:343] info: [SOCKET-MANAGER] (T026U7G95U6) Changing from prov_connect to prov_connecting 
[11/25/25, 14:58:44:343] info: [SOCKET-MANAGER] (T026U7G95U6) will stay in prov_connecting state for up to 35000 ms 
[11/25/25, 14:58:44:762] warn: SOCKET-MANAGER (T026U7G95U6) Socket was closed because #1006: generic error 
[11/25/25, 14:58:44:763] info: [SOCKET-MANAGER] (T026U7G95U6) Changing from prov_connecting to error 
[11/25/25, 14:58:44:763] info: [SOCKET-MANAGER] (T026U7G95U6) will stay in error state for up to 10000 ms 
[11/25/25, 14:58:44:763] info: [SOCKET-MANAGER] (T026U7G95U6) Changing from error to wait_for_rate_limit 
[11/25/25, 14:58:44:763] info: [SOCKET-MANAGER] (T026U7G95U6) will stay in wait_for_rate_limit state for up to 120000 ms 
[11/25/25, 14:58:44:763] info: [SOCKET-MANAGER] (T026U7G95U6) backing off: will wait for 6703 ms 
[11/25/25, 14:58:46:243] info: [API-Q] (T07CXALJLTU) noversion-1764107919.233 Flannel users/info is retrying, attempt 2 
[11/25/25, 14:58:46:243] info: [API-Q] (T07CXALJLTU) noversion-1764107919.233 Flannel users/info is ENQUEUED 
[11/25/25, 14:58:46:243] info: [API-Q] (T07CXALJLTU) noversion-1764107919.233 Flannel users/info is ACTIVE 
[11/25/25, 14:58:46:247] info: [API-Q] (T07CXALJLTU) noversion-1764107919.233 Flannel users/info is ERROR: request did not complete 
[11/25/25, 14:58:47:041] info: [SOCKET-MANAGER] (T07CXALJLTU) Changing from wait_for_rate_limit to connect 
[11/25/25, 14:58:47:042] info: [SOCKET-MANAGER] (T07CXALJLTU) will stay in connect state for up to 10000 ms 
[11/25/25, 14:58:47:042] info: [SOCKET-MANAGER] (T07CXALJLTU) Changing from connect to checking_fast_reconnect 
[11/25/25, 14:58:47:042] info: [SOCKET-MANAGER] (T07CXALJLTU) will stay in checking_fast_reconnect state for up to 60000 ms 
[11/25/25, 14:58:47:043] info: [SOCKET-MANAGER] (T07CXALJLTU) Attempting to connect to backup region 
[11/25/25, 14:58:47:043] info: [SOCKET-MANAGER] (T07CXALJLTU) Changing from checking_fast_reconnect to prov_connect 
[11/25/25, 14:58:47:043] info: [SOCKET-MANAGER] (T07CXALJLTU) will stay in prov_connect state for up to 10000 ms 
[11/25/25, 14:58:47:044] info: [SOCKET-MANAGER] (T07CXALJLTU) Connecting with token ending: 09ff 
[11/25/25, 14:58:47:044] info: [SOCKET-MANAGER] (T07CXALJLTU) Changing from prov_connect to prov_connecting 
[11/25/25, 14:58:47:044] info: [SOCKET-MANAGER] (T07CXALJLTU) will stay in prov_connecting state for up to 35000 ms 
[11/25/25, 14:58:47:882] info: [DND_V2] (T095LHX9N) Checking for changes in DND status for the following members: U04UJR2PHMX,U095LTFRC,U03FCQ34JPK,U08PY1SAM0W,U0AL64VTR,U02BPRZ4FAQ,U06PZDZSXDZ,U06QB0DNF6U,U08L58USZ6V,U08RY079RFD,U090VKSQFFW,U04M57LQ3EV 
[11/25/25, 14:58:47:882] info: [DND_V2] (T095LHX9N) Will check for changes in DND status again in 5 minutes 
[11/25/25, 14:58:47:883] info: [DND_V2] (T095LHX9N) Will check for changes in DND status again in 5 minutes 
[11/25/25, 14:58:48:069] info: [SOCKET-MANAGER] (T095LHX9N) Changing from wait_for_rate_limit to connect 
[11/25/25, 14:58:48:070] info: [SOCKET-MANAGER] (T095LHX9N) will stay in connect state for up to 10000 ms 
[11/25/25, 14:58:48:071] info: [SOCKET-MANAGER] (T095LHX9N) Changing from connect to checking_fast_reconnect 
[11/25/25, 14:58:48:071] info: [SOCKET-MANAGER] (T095LHX9N) will stay in checking_fast_reconnect state for up to 60000 ms 
[11/25/25, 14:58:48:071] info: [SOCKET-MANAGER] (T095LHX9N) Attempting to connect to backup region 
[11/25/25, 14:58:48:072] info: [SOCKET-MANAGER] (T095LHX9N) Changing from checking_fast_reconnect to prov_connect 
[11/25/25, 14:58:48:072] info: [SOCKET-MANAGER] (T095LHX9N) will stay in prov_connect state for up to 10000 ms 
[11/25/25, 14:58:48:072] info: [SOCKET-MANAGER] (T095LHX9N) Connecting with token ending: b49d 
[11/25/25, 14:58:48:072] info: [SOCKET-MANAGER] (T095LHX9N) Changing from prov_connect to prov_connecting 
[11/25/25, 14:58:48:072] info: [SOCKET-MANAGER] (T095LHX9N) will stay in prov_connecting state for up to 35000 ms 
[11/25/25, 14:58:48:100] info: [SOCKET-MANAGER] (T07CXALJLTU) Changing from prov_connecting to prov_connected 
[11/25/25, 14:58:48:100] info: [SOCKET-MANAGER] (T07CXALJLTU) will stay in prov_connected state for up to 60000 ms 
[11/25/25, 14:58:48:103] info: [GATEWAY_SERVER_REQUES] (T07CXALJLTU) connected and trouble free! Continuing deferred user_unsubscribe_request call 
[11/25/25, 14:58:48:103] info: [GATEWAY_SERVER_REQUES] (T07CXALJLTU) connected and trouble free! Continuing deferred user_subscribe_request call 
[11/25/25, 14:58:48:103] info: [DESKTOP-SIDE-EFFECT] (T07CXALJLTU) Reacting to  {"type":"[21] Set a value that represents whether we are currently in the boot phase","payload":true,"error":false} 
[11/25/25, 14:58:48:103] info: [MIN-VERSION] No need to reload 
[11/25/25, 14:58:48:104] info: [API-Q] (T07CXALJLTU) e147fbfc-1764107928.104 client.userBoot called with reason: provisionally-connected 
[11/25/25, 14:58:48:104] info: [API-Q] (T07CXALJLTU) e147fbfc-1764107928.104 client.userBoot is ENQUEUED 
[11/25/25, 14:58:48:104] info: [API-Q] (T07CXALJLTU) e147fbfc-1764107928.104 client.userBoot is ACTIVE 
[11/25/25, 14:58:48:147] info: [GATEWAY_SERVER_REQUES] (T07CXALJLTU) troubled! Exiting deferred user_unsubscribe_request call 
[11/25/25, 14:58:48:148] error: Uncaught (in promise) Error: Gateway server request failed for method 'user_unsubscribe_request' -- error Error: Not currently subscribed to requested unsubscribe ids. 
[11/25/25, 14:58:48:259] info: [SOCKET-MANAGER] (T095LHX9N) Changing from prov_connecting to prov_connected 
[11/25/25, 14:58:48:260] info: [SOCKET-MANAGER] (T095LHX9N) will stay in prov_connected state for up to 60000 ms 
[11/25/25, 14:58:48:263] info: [BOOT-QUEUE] T095LHX9N noversion-1764107928.262 client.shouldReload called with reason: slow_reconnect 
[11/25/25, 14:58:48:263] info: [BOOT-QUEUE] T095LHX9N noversion-1764107928.262 client.shouldReload is ENQUEUED 
[11/25/25, 14:58:48:263] info: [GATEWAY_SERVER_REQUES] (T095LHX9N) connected and trouble free! Continuing deferred user_unsubscribe_request call 
[11/25/25, 14:58:48:263] info: [GATEWAY_SERVER_REQUES] (T095LHX9N) connected and trouble free! Continuing deferred user_subscribe_request call 
[11/25/25, 14:58:48:263] info: [DESKTOP-SIDE-EFFECT] (T095LHX9N) Reacting to  {"type":"[21] Set a value that represents whether we are currently in the boot phase","payload":true,"error":false} 
[11/25/25, 14:58:48:264] info: [BOOT-QUEUE] T095LHX9N noversion-1764107928.262 client.shouldReload is ACTIVE 
[11/25/25, 14:58:48:264] info: [API-Q] (T095LHX9N) e147fbfc-1764107928.263 client.userBoot called with reason: provisionally-connected 
[11/25/25, 14:58:48:264] info: [API-Q] (T095LHX9N) e147fbfc-1764107928.263 client.userBoot is ENQUEUED 
[11/25/25, 14:58:48:264] info: [API-Q] (T095LHX9N) e147fbfc-1764107928.263 client.userBoot is ACTIVE 
[11/25/25, 14:58:48:307] info: [GATEWAY_SERVER_REQUES] (T095LHX9N) troubled! Exiting deferred user_unsubscribe_request call 
[11/25/25, 14:58:48:307] error: Uncaught (in promise) Error: Gateway server request failed for method 'user_unsubscribe_request' -- error Error: Not currently subscribed to requested unsubscribe ids. 
[11/25/25, 14:58:48:373] info: [API-Q] (T07CXALJLTU) e147fbfc-1764107928.104 client.userBoot is RESOLVED 
[11/25/25, 14:58:48:379] info: [SOCKET-MANAGER] (T07CXALJLTU) Changing from prov_connected to prov_finalize 
[11/25/25, 14:58:48:379] info: [SOCKET-MANAGER] (T07CXALJLTU) will stay in prov_finalize state for up to 10000 ms 
[11/25/25, 14:58:48:379] info: [SOCKET-MANAGER] (T07CXALJLTU) Changing from prov_finalize to prov_finalizing 
[11/25/25, 14:58:48:379] info: [SOCKET-MANAGER] (T07CXALJLTU) will stay in prov_finalizing state for up to 10000 ms 
[11/25/25, 14:58:48:379] info: [SOCKET-MANAGER] (T07CXALJLTU) Changing from prov_finalizing to connected 
[11/25/25, 14:58:48:379] info: [SOCKET-MANAGER] (T07CXALJLTU) will stay in connected state for up to Infinity ms 
[11/25/25, 14:58:48:379] info: [SOCKET-MANAGER] (T07CXALJLTU) Connected to backup region 
[11/25/25, 14:58:48:391] info: [EMOJI_TRANSLATION] Emoji translations not needed for default locale, only adding keywords 
[11/25/25, 14:58:48:391] info: [API-Q] (T07CXALJLTU) e147fbfc-1764107928.390 search.autocomplete.topEmojis called with reason: loadEmoji-maybeReloadEmoji-setModelData 
[11/25/25, 14:58:48:391] info: [API-Q] (T07CXALJLTU) e147fbfc-1764107928.390 search.autocomplete.topEmojis is ENQUEUED 
[11/25/25, 14:58:48:392] info: [EVENTLOG] (T07CXALJLTU) fr=false, lc=false, lt=1764101026.974000 
[11/25/25, 14:58:48:393] info: [EVENTLOG] (T07CXALJLTU) fetching events since 1764101026.974000 (6902 seconds ago) 
[11/25/25, 14:58:48:393] info: [API-Q] (T07CXALJLTU) e147fbfc-1764107928.393 ublockworkaround.history called with reason: onSocketConnected 
[11/25/25, 14:58:48:393] info: [API-Q] (T07CXALJLTU) e147fbfc-1764107928.393 ublockworkaround.history is ENQUEUED 
[11/25/25, 14:58:48:393] info: [MESSAGE-HISTORY] (T07CXALJLTU) Resetting reachedEnd 
[11/25/25, 14:58:48:394] info: [API-Q] (T07CXALJLTU) e147fbfc-1764107928.393 users.customStatus.list called with reason: fetchCustomStatusOnReconnect 
[11/25/25, 14:58:48:394] info: [API-Q] (T07CXALJLTU) e147fbfc-1764107928.393 users.customStatus.list is ENQUEUED 
[11/25/25, 14:58:48:394] info: [API-Q] (T07CXALJLTU) e147fbfc-1764107928.394 drafts.list called with reason: fetchDraftsOnReconnect 
[11/25/25, 14:58:48:394] info: [API-Q] (T07CXALJLTU) e147fbfc-1764107928.394 drafts.list is ENQUEUED 
[11/25/25, 14:58:48:394] info: [DRAFTS] (T07CXALJLTU) No local drafts - skipping fetch to purge inactive drafts 
[11/25/25, 14:58:48:395] info: [API-Q] (T07CXALJLTU) e147fbfc-1764107928.394 usergroups.membership called with reason: user-group-membership-api/fetchUserGroupMembership 
[11/25/25, 14:58:48:395] info: [API-Q] (T07CXALJLTU) e147fbfc-1764107928.394 usergroups.membership is ENQUEUED 
[11/25/25, 14:58:48:395] info: [UNREAD-COUNTS] (T07CXALJLTU) Fetching counts 
[11/25/25, 14:58:48:396] info: [API-Q] (T07CXALJLTU) e147fbfc-1764107928.395 client.counts called with reason: fetchClientCountsOnConnect 
[11/25/25, 14:58:48:396] info: [API-Q] (T07CXALJLTU) e147fbfc-1764107928.395 client.counts is ENQUEUED 
[11/25/25, 14:58:48:397] info: [API-Q] (T07CXALJLTU) e147fbfc-1764107928.397 sfdc.integration.listOrgs called with reason: fetch-orgs-and-sign-in-silently-v2 
[11/25/25, 14:58:48:397] info: [API-Q] (T07CXALJLTU) e147fbfc-1764107928.397 sfdc.integration.listOrgs is ENQUEUED 
[11/25/25, 14:58:48:397] info: [PRESENCE_PROMPT] (T07CXALJLTU) ignoring prompt due to presence (active) 
[11/25/25, 14:58:48:398] info: [API-Q] (T07CXALJLTU) e147fbfc-1764107928.398 users.prefs.get called with reason: fetch-frecency-prefs 
[11/25/25, 14:58:48:398] info: [API-Q] (T07CXALJLTU) e147fbfc-1764107928.398 users.prefs.get is ENQUEUED 
[11/25/25, 14:58:48:398] info: [API-Q] (T07CXALJLTU) e147fbfc-1764107928.390 search.autocomplete.topEmojis is ACTIVE 
[11/25/25, 14:58:48:399] info: [DESKTOP-SIDE-EFFECT] (T07CXALJLTU) Reacting to  {"type":"[21] Set a value that represents whether we are currently in the boot phase","payload":false,"error":false} 
[11/25/25, 14:58:48:404] info: [BOOT-QUEUE] T095LHX9N noversion-1764107928.262 client.shouldReload is RESOLVED 
[11/25/25, 14:58:48:404] info: [MIN-VERSION] No need to reload 
[11/25/25, 14:58:48:404] info: Store: STORE_USER_WORKSPACES {
  "userTeamId": "T07CXALJLTU",
  "workspaceIds": [
    "T07CXALJLTU"
  ]
} 
[11/25/25, 14:58:48:469] info: [API-Q] (T095LHX9N) e147fbfc-1764107928.263 client.userBoot is RESOLVED 
[11/25/25, 14:58:48:471] info: [SOCKET-MANAGER] (T095LHX9N) Changing from prov_connected to prov_finalize 
[11/25/25, 14:58:48:471] info: [SOCKET-MANAGER] (T095LHX9N) will stay in prov_finalize state for up to 10000 ms 
[11/25/25, 14:58:48:471] info: [SOCKET-MANAGER] (T095LHX9N) Changing from prov_finalize to prov_finalizing 
[11/25/25, 14:58:48:471] info: [SOCKET-MANAGER] (T095LHX9N) will stay in prov_finalizing state for up to 10000 ms 
[11/25/25, 14:58:48:472] info: [SOCKET-MANAGER] (T095LHX9N) Changing from prov_finalizing to connected 
[11/25/25, 14:58:48:472] info: [SOCKET-MANAGER] (T095LHX9N) will stay in connected state for up to Infinity ms 
[11/25/25, 14:58:48:472] info: [SOCKET-MANAGER] (T095LHX9N) Connected to backup region 
[11/25/25, 14:58:48:492] info: [EMOJI_TRANSLATION] Emoji translations not needed for default locale, only adding keywords 
[11/25/25, 14:58:48:492] info: [API-Q] (T095LHX9N) e147fbfc-1764107928.491 search.autocomplete.topEmojis called with reason: loadEmoji-maybeReloadEmoji-setModelData 
[11/25/25, 14:58:48:492] info: [API-Q] (T095LHX9N) e147fbfc-1764107928.491 search.autocomplete.topEmojis is ENQUEUED 
[11/25/25, 14:58:48:493] info: [EVENTLOG] (T095LHX9N) fr=false, lc=false, lt=1764106169.006500 
[11/25/25, 14:58:48:493] info: [EVENTLOG] (T095LHX9N) fetching events since 1764106169.006500 (1760 seconds ago) 
[11/25/25, 14:58:48:493] info: [API-Q] (T095LHX9N) e147fbfc-1764107928.493 ublockworkaround.history called with reason: onSocketConnected 
[11/25/25, 14:58:48:494] info: [API-Q] (T095LHX9N) e147fbfc-1764107928.493 ublockworkaround.history is ENQUEUED 
[11/25/25, 14:58:48:494] info: [MESSAGE-HISTORY] (T095LHX9N) Resetting reachedEnd 
[11/25/25, 14:58:48:494] info: [API-Q] (T095LHX9N) e147fbfc-1764107928.493 users.customStatus.list called with reason: fetchCustomStatusOnReconnect 
[11/25/25, 14:58:48:494] info: [API-Q] (T095LHX9N) e147fbfc-1764107928.493 users.customStatus.list is ENQUEUED 
[11/25/25, 14:58:48:494] info: [DND_V2] (T095LHX9N) Marking all DND times as stale for the following members after connecting to the websocket: U04UJR2PHMX,U095LTFRC,U03FCQ34JPK,U08PY1SAM0W,U0AL64VTR,U02BPRZ4FAQ,U06PZDZSXDZ,U06QB0DNF6U,U08L58USZ6V,U08RY079RFD,U090VKSQFFW,U04M57LQ3EV,U08V8DJ5LP8 
[11/25/25, 14:58:48:494] info: [API-Q] (T095LHX9N) e147fbfc-1764107928.494 drafts.list called with reason: fetchDraftsOnReconnect 
[11/25/25, 14:58:48:494] info: [API-Q] (T095LHX9N) e147fbfc-1764107928.494 drafts.list is ENQUEUED 
[11/25/25, 14:58:48:494] info: [API-Q] (T095LHX9N) e147fbfc-1764107928.494 drafts.listActive called with reason: fetchDraftsOnReconnect 
[11/25/25, 14:58:48:494] info: [API-Q] (T095LHX9N) e147fbfc-1764107928.494 drafts.listActive is ENQUEUED 
[11/25/25, 14:58:48:495] info: [API-Q] (T095LHX9N) e147fbfc-1764107928.494 usergroups.membership called with reason: user-group-membership-api/fetchUserGroupMembership 
[11/25/25, 14:58:48:495] info: [API-Q] (T095LHX9N) e147fbfc-1764107928.494 usergroups.membership is ENQUEUED 
[11/25/25, 14:58:48:495] info: [UNREAD-COUNTS] (T095LHX9N) Fetching counts 
[11/25/25, 14:58:48:495] info: [API-Q] (T095LHX9N) e147fbfc-1764107928.495 client.counts called with reason: fetchClientCountsOnConnect 
[11/25/25, 14:58:48:496] info: [API-Q] (T095LHX9N) e147fbfc-1764107928.495 client.counts is ENQUEUED 
[11/25/25, 14:58:48:496] info: [API-Q] (T095LHX9N) e147fbfc-1764107928.496 sfdc.integration.listOrgs called with reason: fetch-orgs-and-sign-in-silently-v2 
[11/25/25, 14:58:48:496] info: [API-Q] (T095LHX9N) e147fbfc-1764107928.496 sfdc.integration.listOrgs is ENQUEUED 
[11/25/25, 14:58:48:496] info: [PRESENCE_PROMPT] (T095LHX9N) ignoring prompt due to presence (active) 
[11/25/25, 14:58:48:497] info: [API-Q] (T095LHX9N) e147fbfc-1764107928.497 users.prefs.get called with reason: fetch-frecency-prefs 
[11/25/25, 14:58:48:497] info: [API-Q] (T095LHX9N) e147fbfc-1764107928.497 users.prefs.get is ENQUEUED 
[11/25/25, 14:58:48:497] info: [API-Q] (T095LHX9N) e147fbfc-1764107928.491 search.autocomplete.topEmojis is ACTIVE 
[11/25/25, 14:58:48:497] info: [API-Q] (T095LHX9N) e147fbfc-1764107928.493 ublockworkaround.history is ACTIVE 
[11/25/25, 14:58:48:498] info: [API-Q] (T095LHX9N) e147fbfc-1764107928.493 users.customStatus.list is ACTIVE 
[11/25/25, 14:58:48:498] info: [API-Q] (T095LHX9N) e147fbfc-1764107928.494 drafts.list is ACTIVE 
[11/25/25, 14:58:48:498] info: [API-Q] (T095LHX9N) e147fbfc-1764107928.494 drafts.listActive is ACTIVE 
[11/25/25, 14:58:48:498] info: [API-Q] (T095LHX9N) e147fbfc-1764107928.494 usergroups.membership is ACTIVE 
[11/25/25, 14:58:48:498] info: [API-Q] (T095LHX9N) e147fbfc-1764107928.495 client.counts is ACTIVE 
[11/25/25, 14:58:48:498] info: [API-Q] (T095LHX9N) e147fbfc-1764107928.496 sfdc.integration.listOrgs is ACTIVE 
[11/25/25, 14:58:48:498] info: [API-Q] (T095LHX9N) e147fbfc-1764107928.497 users.prefs.get is ACTIVE 
[11/25/25, 14:58:48:499] info: [DESKTOP-SIDE-EFFECT] (T095LHX9N) Reacting to  {"type":"[21] Set a value that represents whether we are currently in the boot phase","payload":false,"error":false} 
[11/25/25, 14:58:48:605] info: [HISTORY-FETCH] (T095LHX9N) Fetching history for message pane: D04U6FHBBD1 oldest: 1764098669.294869 latest: null 
[11/25/25, 14:58:48:605] info: [API-Q] (T095LHX9N) e147fbfc-1764107928.605 conversations.history called with reason: message-pane/requestHistory 
[11/25/25, 14:58:48:605] info: [API-Q] (T095LHX9N) e147fbfc-1764107928.605 conversations.history is ENQUEUED 
[11/25/25, 14:58:48:607] info: [CHECK-UNREADS] (T095LHX9N) unreadLineVisible updated in main window container primary: true -> false 
[11/25/25, 14:58:48:615] info: [API-Q] (T095LHX9N) e147fbfc-1764107928.605 conversations.history is ACTIVE 
[11/25/25, 14:58:48:618] info: [API-Q] (T095LHX9N) noversion-1764107928.617 Flannel channels/info called with reason: flannel-call:channels/info 
[11/25/25, 14:58:48:618] info: [API-Q] (T095LHX9N) noversion-1764107928.617 Flannel channels/info is ENQUEUED 
[11/25/25, 14:58:48:619] info: [API-Q] (T095LHX9N) e147fbfc-1764107928.618 slackAi.permissions.getForUser called with reason: fetch-slack-ai-permissions 
[11/25/25, 14:58:48:619] info: [API-Q] (T095LHX9N) e147fbfc-1764107928.618 slackAi.permissions.getForUser is ENQUEUED 
[11/25/25, 14:58:48:619] info: [API-Q] (T095LHX9N) noversion-1764107928.618 Flannel permissions/info called with reason: flannel-call:permissions/info 
[11/25/25, 14:58:48:619] info: [API-Q] (T095LHX9N) noversion-1764107928.618 Flannel permissions/info is ENQUEUED 
[11/25/25, 14:58:48:619] info: Store: STORE_USER_WORKSPACES {
  "userTeamId": "T095LHX9N",
  "workspaceIds": [
    "T095LHX9N"
  ]
} 
[11/25/25, 14:58:48:620] info: [DND_V2] (T095LHX9N) fetchAndUpsertDndForUsers - Preparing to fetch DND times for the following members: U095LTFRC,U04UJR2PHMX,U08PY1SAM0W,U0AL64VTR,U02BPRZ4FAQ,U06PZDZSXDZ,U090VKSQFFW,U06QB0DNF6U,U08L58USZ6V,U03FCQ34JPK,U04M57LQ3EV,U08RY079RFD 
[11/25/25, 14:58:48:620] info: [API-Q] (T095LHX9N) e147fbfc-1764107928.620 dnd.info called with reason: fetchAndUpsertDndForUsers-getDndTimesFor:self 
[11/25/25, 14:58:48:620] info: [API-Q] (T095LHX9N) e147fbfc-1764107928.620 dnd.info is ENQUEUED 
[11/25/25, 14:58:48:620] info: [API-Q] (T095LHX9N) e147fbfc-1764107928.620 dnd.teamInfo called with reason: fetchAndUpsertDndForUsers-getDndTimesFor:others 
[11/25/25, 14:58:48:620] info: [API-Q] (T095LHX9N) e147fbfc-1764107928.620 dnd.teamInfo is ENQUEUED 
[11/25/25, 14:58:48:621] info: [API-Q] (T095LHX9N) e147fbfc-1764107928.620 conversations.listPrefs called with reason: client_redux_store 
[11/25/25, 14:58:48:621] info: [API-Q] (T095LHX9N) e147fbfc-1764107928.620 conversations.listPrefs is ENQUEUED 
[11/25/25, 14:58:48:625] info: [API-Q] (T095LHX9N) e147fbfc-1764107928.625 team.targetingCriteria called with reason: team_targeting_criteria 
[11/25/25, 14:58:48:625] info: [API-Q] (T095LHX9N) e147fbfc-1764107928.625 team.targetingCriteria is ENQUEUED 
[11/25/25, 14:58:48:626] info: [API-Q] (T095LHX9N) e147fbfc-1764107928.625 saved.list called with reason: saved-api/savedList 
[11/25/25, 14:58:48:626] info: [API-Q] (T095LHX9N) e147fbfc-1764107928.625 saved.list is ENQUEUED 
[11/25/25, 14:58:48:626] info: [API-Q] (T095LHX9N) e147fbfc-1764107928.626 files.info called with reason: files-store.ConditionalFetchManager.fetch 
[11/25/25, 14:58:48:626] info: [API-Q] (T095LHX9N) e147fbfc-1764107928.626 files.info is ENQUEUED 
[11/25/25, 14:58:48:626] info: [API-Q] (T095LHX9N) e147fbfc-1764107928.626 files.info called with reason: files-store.ConditionalFetchManager.fetch 
[11/25/25, 14:58:48:626] info: [API-Q] (T095LHX9N) e147fbfc-1764107928.626 files.info is ENQUEUED 
[11/25/25, 14:58:48:627] info: [API-Q] (T095LHX9N) e147fbfc-1764107928.626 files.info called with reason: files-store.ConditionalFetchManager.fetch 
[11/25/25, 14:58:48:627] info: [API-Q] (T095LHX9N) e147fbfc-1764107928.626 files.info is ENQUEUED 
[11/25/25, 14:58:48:627] info: [API-Q] (T095LHX9N) e147fbfc-1764107928.627 files.info called with reason: files-store.ConditionalFetchManager.fetch 
[11/25/25, 14:58:48:627] info: [API-Q] (T095LHX9N) e147fbfc-1764107928.627 files.info is ENQUEUED 
[11/25/25, 14:58:48:627] info: [API-Q] (T095LHX9N) e147fbfc-1764107928.627 help.issues.ticketStats called with reason: fetchAndUpsertTicketStats 
[11/25/25, 14:58:48:627] info: [API-Q] (T095LHX9N) e147fbfc-1764107928.627 help.issues.ticketStats is ENQUEUED 
[11/25/25, 14:58:48:627] info: [API-Q] (T095LHX9N) e147fbfc-1764107928.627 users.channelSections.list called with reason: conditional-fetch-manager 
[11/25/25, 14:58:48:628] info: [API-Q] (T095LHX9N) e147fbfc-1764107928.627 users.channelSections.list is ENQUEUED 
[11/25/25, 14:58:48:628] info: [API-Q] (T095LHX9N) noversion-1764107928.627 Flannel permissions/info called with reason: flannel-call:permissions/info 
[11/25/25, 14:58:48:628] info: [API-Q] (T095LHX9N) noversion-1764107928.627 Flannel permissions/info is ENQUEUED 
[11/25/25, 14:58:48:630] info: [API-Q] (T095LHX9N) e147fbfc-1764107928.629 quip.lookupThreadIds called with reason: fetch-quip-ids 
[11/25/25, 14:58:48:630] info: [API-Q] (T095LHX9N) e147fbfc-1764107928.629 quip.lookupThreadIds is ENQUEUED 
[11/25/25, 14:58:48:630] info: [API-Q] (T07CXALJLTU) e147fbfc-1764107928.390 search.autocomplete.topEmojis is RESOLVED 
[11/25/25, 14:58:48:631] info: [API-Q] (T07CXALJLTU) e147fbfc-1764107928.398 users.prefs.get is ACTIVE 
[11/25/25, 14:58:48:633] info: [API-Q] (T095LHX9N) e147fbfc-1764107928.491 search.autocomplete.topEmojis is RESOLVED 
[11/25/25, 14:58:48:633] info: [API-Q] (T095LHX9N) noversion-1764107928.627 Flannel permissions/info is ACTIVE 
[11/25/25, 14:58:48:633] info: [API-Q] (T095LHX9N) noversion-1764107919.579 Flannel users/info is retrying, attempt 2 
[11/25/25, 14:58:48:633] info: [API-Q] (T095LHX9N) noversion-1764107919.579 Flannel users/info is ENQUEUED 
[11/25/25, 14:58:48:659] info: [MESSAGE-LIST] (T095LHX9N) componentWillReceiveProps isLoading: true isLoadingOlder: false timestamps: 52 
[11/25/25, 14:58:48:678] info: [API-Q] (T095LHX9N) e147fbfc-1764107928.493 users.customStatus.list is RESOLVED 
[11/25/25, 14:58:48:678] info: [API-Q] (T095LHX9N) noversion-1764107919.579 Flannel users/info is ACTIVE 
[11/25/25, 14:58:48:679] info: [API-Q] (T095LHX9N) e147fbfc-1764107928.494 usergroups.membership is RESOLVED 
[11/25/25, 14:58:48:679] info: [API-Q] (T095LHX9N) noversion-1764107928.618 Flannel permissions/info is ACTIVE 
[11/25/25, 14:58:48:679] info: [API-Q] (T095LHX9N) e147fbfc-1764107928.497 users.prefs.get is RESOLVED 
[11/25/25, 14:58:48:679] info: [API-Q] (T095LHX9N) noversion-1764107928.617 Flannel channels/info is ACTIVE 
[11/25/25, 14:58:48:680] info: [API-Q] (T095LHX9N) e147fbfc-1764107928.494 drafts.listActive is RESOLVED 
[11/25/25, 14:58:48:680] info: [API-Q] (T095LHX9N) e147fbfc-1764107928.618 slackAi.permissions.getForUser is ACTIVE 
[11/25/25, 14:58:48:680] info: [API-Q] (T095LHX9N) e147fbfc-1764107928.493 ublockworkaround.history is RESOLVED 
[11/25/25, 14:58:48:681] info: [API-Q] (T095LHX9N) e147fbfc-1764107928.620 dnd.info is ACTIVE 
[11/25/25, 14:58:48:681] info: [API-Q] (T095LHX9N) noversion-1764107928.681 Flannel emojis/info called with reason: flannel-call:emojis/info 
[11/25/25, 14:58:48:681] info: [API-Q] (T095LHX9N) noversion-1764107928.681 Flannel emojis/info is ENQUEUED 
[11/25/25, 14:58:48:681] info: [API-Q] (T095LHX9N) e147fbfc-1764107928.495 client.counts is RESOLVED 
[11/25/25, 14:58:48:682] info: [API-Q] (T095LHX9N) noversion-1764107928.681 Flannel emojis/info is ACTIVE 
[11/25/25, 14:58:48:682] info: [API-Q] (T095LHX9N) e147fbfc-1764107928.496 sfdc.integration.listOrgs is RESOLVED 
[11/25/25, 14:58:48:682] info: [API-Q] (T095LHX9N) e147fbfc-1764107928.620 dnd.teamInfo is ACTIVE 
[11/25/25, 14:58:48:683] info: [API-Q] (T095LHX9N) e147fbfc-1764107928.494 drafts.list is RESOLVED 
[11/25/25, 14:58:48:683] info: [API-Q] (T095LHX9N) e147fbfc-1764107928.620 conversations.listPrefs is ACTIVE 
[11/25/25, 14:58:48:685] info: [USER_GROUP_MEMBERSHIP] (T095LHX9N) Completed usergroups.membership processing 
[11/25/25, 14:58:48:686] info: [DRAFTS] (T095LHX9N) Fetched 6 active draft ids - page 1 
[11/25/25, 14:58:48:686] info: [DRAFTS] (T095LHX9N) Purged 0 inactive drafts 
[11/25/25, 14:58:48:686] info: [EVENTLOG] (T095LHX9N) nothing to process 
[11/25/25, 14:58:48:686] info: [EVENTLOG] (T095LHX9N) fetched finish (aborted? false) 
[11/25/25, 14:58:48:686] info: [EVENTLOG] (T095LHX9N) dispatching signal and clearing timestamp 
[11/25/25, 14:58:48:687] info: [COUNTS] (T095LHX9N) Applying counts to channels. wasLastConnectFast: false isConnected: true applying: 19 out of total: 19 
[11/25/25, 14:58:48:689] info: [COUNTS] (T095LHX9N) Threads has_unreads:false mention_count:0 
[11/25/25, 14:58:48:689] info: [COUNTS] (T095LHX9N) Completed counts processing 
[11/25/25, 14:58:48:690] info: [DRAFTS] (T095LHX9N) Fetched 6 active drafts - page 1 
[11/25/25, 14:58:48:690] info: [DRAFTS] (T095LHX9N) Reconciliation handled - server ts <= local model ts (D098CC27XGV) 
[11/25/25, 14:58:48:690] info: [DRAFTS] (T095LHX9N) Reconciliation handled - server ts <= local model ts (e49cf26c-161c-4513-a616-73e67cc0373f) 
[11/25/25, 14:58:48:690] info: [DRAFTS] (T095LHX9N) Reconciliation handled - server ts <= local model ts (C095M2SMP-1733252733.509889) 
[11/25/25, 14:58:48:690] info: [DRAFTS] (T095LHX9N) Reconciliation handled - server ts <= local model ts (bd8852dd-298c-4a79-97ef-2313acbbe64c) 
[11/25/25, 14:58:48:690] info: [DRAFTS] (T095LHX9N) Reconciliation handled - server ts <= local model ts (D05D58FK9MJ-1693432966.276699) 
[11/25/25, 14:58:48:690] info: [DRAFTS] (T095LHX9N) Reconciliation handled - server ts <= local model ts (C04U87M0X55-1685048615.285539) 
[11/25/25, 14:58:48:691] info: [DRAFTS] (T095LHX9N) Reconciled fetched drafts:
Drafts added: 0
Drafts updated: 0
Drafts removed: 0
Drafts ignored: 0 
[11/25/25, 14:58:48:691] info: [DRAFTS] (T095LHX9N) Upserting 1 files associated with the fetched drafts 
[11/25/25, 14:58:48:691] info: [DRAFTS] (T095LHX9N) Successfully fetched all active and inactive drafts ✨ 
[11/25/25, 14:58:48:716] info: [API-Q] (T095LHX9N) noversion-1764107919.579 Flannel users/info is RESOLVED 
[11/25/25, 14:58:48:716] info: [API-Q] (T095LHX9N) e147fbfc-1764107928.625 team.targetingCriteria is ACTIVE 
[11/25/25, 14:58:48:719] info: [API-Q] (T095LHX9N) noversion-1764107928.627 Flannel permissions/info is RESOLVED 
[11/25/25, 14:58:48:720] info: [API-Q] (T095LHX9N) e147fbfc-1764107928.625 saved.list is ACTIVE 
[11/25/25, 14:58:48:723] info: [API-Q] (T095LHX9N) noversion-1764107928.722 Flannel users/info called with reason: flannel-call:users/info 
[11/25/25, 14:58:48:723] info: [API-Q] (T095LHX9N) noversion-1764107928.722 Flannel users/info is ENQUEUED 
[11/25/25, 14:58:48:725] info: [API-Q] (T095LHX9N) noversion-1764107928.681 Flannel emojis/info is RESOLVED 
[11/25/25, 14:58:48:725] info: [API-Q] (T095LHX9N) noversion-1764107928.722 Flannel users/info is ACTIVE 
[11/25/25, 14:58:48:725] info: [API-Q] (T095LHX9N) noversion-1764107928.618 Flannel permissions/info is RESOLVED 
[11/25/25, 14:58:48:726] info: [API-Q] (T095LHX9N) e147fbfc-1764107928.626 files.info is ACTIVE 
[11/25/25, 14:58:48:751] info: [API-Q] (T095LHX9N) e147fbfc-1764107928.605 conversations.history is RESOLVED 
[11/25/25, 14:58:48:752] info: [API-Q] (T095LHX9N) e147fbfc-1764107928.626 files.info is ACTIVE 
[11/25/25, 14:58:48:752] info: [API-Q] (T07CXALJLTU) e147fbfc-1764107928.398 users.prefs.get is RESOLVED 
[11/25/25, 14:58:48:753] info: [API-Q] (T07CXALJLTU) e147fbfc-1764107928.393 ublockworkaround.history is ACTIVE 
[11/25/25, 14:58:48:783] info: [PLATFORM-CHANNEL-ACTI] (T095LHX9N) Not updating count for channel D04U6FHBBD1, as count was already set to 0 
[11/25/25, 14:58:48:785] info: [CHECK-UNREADS] (T095LHX9N) Not marking D04U6FHBBD1 because last_read >= latest && channel is read 
[11/25/25, 14:58:48:786] info: [API-Q] (T095LHX9N) noversion-1764107928.722 Flannel users/info is RESOLVED 
[11/25/25, 14:58:48:787] info: [API-Q] (T095LHX9N) e147fbfc-1764107928.626 files.info is ACTIVE 
[11/25/25, 14:58:48:793] info: [MESSAGE-LIST] (T095LHX9N) componentWillReceiveProps isLoading: false isLoadingOlder: false timestamps: 52 
[11/25/25, 14:58:48:822] info: [CHECK-UNREADS] (T095LHX9N) unreadLineVisible updated in main window container primary: false -> true 
[11/25/25, 14:58:48:830] info: [API-Q] (T095LHX9N) e147fbfc-1764107928.618 slackAi.permissions.getForUser is RESOLVED 
[11/25/25, 14:58:48:830] info: [API-Q] (T095LHX9N) e147fbfc-1764107928.627 files.info is ACTIVE 
[11/25/25, 14:58:48:830] info: [API-Q] (T095LHX9N) e147fbfc-1764107928.620 conversations.listPrefs is RESOLVED 
[11/25/25, 14:58:48:831] info: [API-Q] (T095LHX9N) e147fbfc-1764107928.627 help.issues.ticketStats is ACTIVE 
[11/25/25, 14:58:48:831] info: [API-Q] (T095LHX9N) e147fbfc-1764107928.620 dnd.info is RESOLVED 
[11/25/25, 14:58:48:831] info: [API-Q] (T095LHX9N) e147fbfc-1764107928.627 users.channelSections.list is ACTIVE 
[11/25/25, 14:58:48:832] info: [API-Q] (T095LHX9N) e147fbfc-1764107928.620 dnd.teamInfo is RESOLVED 
[11/25/25, 14:58:48:832] info: [API-Q] (T095LHX9N) e147fbfc-1764107928.629 quip.lookupThreadIds is ACTIVE 
[11/25/25, 14:58:48:862] info: [DND] (T095LHX9N) Fetched DND info for the following member: U04UJR2PHMX 
[11/25/25, 14:58:48:863] info: [DND_V2] (T095LHX9N) Not setting a timer as all schedules are stale 
[11/25/25, 14:58:48:863] info: [DND] (T095LHX9N) Fetched DND info for the following members: U095LTFRC,U08PY1SAM0W,U0AL64VTR,U02BPRZ4FAQ,U06PZDZSXDZ,U090VKSQFFW,U06QB0DNF6U,U08L58USZ6V,U03FCQ34JPK,U04M57LQ3EV,U08RY079RFD 
[11/25/25, 14:58:48:863] info: [DND_V2] (T095LHX9N) Not setting a timer as all schedules are stale 
[11/25/25, 14:58:48:864] info: [API-Q] (T095LHX9N) e147fbfc-1764107928.625 team.targetingCriteria is RESOLVED 
[11/25/25, 14:58:48:864] info: [API-Q] (T095LHX9N) e147fbfc-1764107928.625 saved.list is RESOLVED 
[11/25/25, 14:58:48:891] info: [API-Q] (T095LHX9N) e147fbfc-1764107928.626 files.info is RESOLVED 
[11/25/25, 14:58:48:893] info: [API-Q] (T07CXALJLTU) e147fbfc-1764107928.393 ublockworkaround.history is RESOLVED 
[11/25/25, 14:58:48:894] info: [API-Q] (T07CXALJLTU) e147fbfc-1764107928.393 users.customStatus.list is ACTIVE 
[11/25/25, 14:58:48:899] info: [EVENTLOG] (T07CXALJLTU) nothing to process 
[11/25/25, 14:58:48:900] info: [EVENTLOG] (T07CXALJLTU) fetched finish (aborted? false) 
[11/25/25, 14:58:48:900] info: [EVENTLOG] (T07CXALJLTU) dispatching signal and clearing timestamp 
[11/25/25, 14:58:48:900] info: [API-Q] (T095LHX9N) e147fbfc-1764107928.626 files.info is RESOLVED 
[11/25/25, 14:58:48:903] info: [API-Q] (T095LHX9N) noversion-1764107928.617 Flannel channels/info is RESOLVED 
[11/25/25, 14:58:48:905] info: [API-Q] (T095LHX9N) e147fbfc-1764107928.904 conversations.genericInfo called with reason: fallback:fetchAndUpsertChannelsById 
[11/25/25, 14:58:48:905] info: [API-Q] (T095LHX9N) e147fbfc-1764107928.904 conversations.genericInfo is ENQUEUED 
[11/25/25, 14:58:48:905] info: [API-Q] (T095LHX9N) e147fbfc-1764107928.904 conversations.genericInfo is ACTIVE 
[11/25/25, 14:58:48:949] info: [API-Q] (T095LHX9N) e147fbfc-1764107928.627 help.issues.ticketStats is RESOLVED 
[11/25/25, 14:58:48:958] info: [API-Q] (T095LHX9N) e147fbfc-1764107928.626 files.info is RESOLVED 
[11/25/25, 14:58:48:959] info: [API-Q] (T095LHX9N) e147fbfc-1764107928.627 users.channelSections.list is RESOLVED 
[11/25/25, 14:58:48:961] info: [API-Q] (T095LHX9N) e147fbfc-1764107928.627 files.info is RESOLVED 
[11/25/25, 14:58:48:978] info: [API-Q] (T095LHX9N) e147fbfc-1764107928.629 quip.lookupThreadIds is RESOLVED 
[11/25/25, 14:58:49:013] info: [API-Q] (T07CXALJLTU) e147fbfc-1764107928.393 users.customStatus.list is RESOLVED 
[11/25/25, 14:58:49:013] info: [API-Q] (T07CXALJLTU) e147fbfc-1764107928.394 drafts.list is ACTIVE 
[11/25/25, 14:58:49:029] info: [API-Q] (T095LHX9N) e147fbfc-1764107928.904 conversations.genericInfo is RESOLVED 
[11/25/25, 14:58:49:135] info: [API-Q] (T07CXALJLTU) e147fbfc-1764107928.394 drafts.list is RESOLVED 
[11/25/25, 14:58:49:135] info: [API-Q] (T07CXALJLTU) e147fbfc-1764107928.394 usergroups.membership is ACTIVE 
[11/25/25, 14:58:49:135] info: [DRAFTS] (T07CXALJLTU) No active drafts 
[11/25/25, 14:58:49:135] info: [DRAFTS] (T07CXALJLTU) Successfully fetched all active and inactive drafts ✨ 
[11/25/25, 14:58:49:175] info: [CHECK-UNREADS] (T095LHX9N) Checking unreads after unread line became visible 
[11/25/25, 14:58:49:176] info: [CHECK-UNREADS] (T095LHX9N) Not marking D04U6FHBBD1 because last_read >= latest && channel is read 
[11/25/25, 14:58:49:288] info: [API-Q] (T07CXALJLTU) e147fbfc-1764107928.394 usergroups.membership is RESOLVED 
[11/25/25, 14:58:49:289] info: [API-Q] (T07CXALJLTU) e147fbfc-1764107928.395 client.counts is ACTIVE 
[11/25/25, 14:58:49:291] info: [USER_GROUP_MEMBERSHIP] (T07CXALJLTU) Completed usergroups.membership processing 
[11/25/25, 14:58:49:396] info: [API-Q] (T095LHX9N) noversion-1764107929.395 Flannel permissions/info called with reason: flannel-call:permissions/info 
[11/25/25, 14:58:49:396] info: [API-Q] (T095LHX9N) noversion-1764107929.395 Flannel permissions/info is ENQUEUED 
[11/25/25, 14:58:49:396] info: [API-Q] (T095LHX9N) noversion-1764107929.395 Flannel permissions/info is ACTIVE 
[11/25/25, 14:58:49:428] info: [API-Q] (T07CXALJLTU) e147fbfc-1764107928.395 client.counts is RESOLVED 
[11/25/25, 14:58:49:428] info: [API-Q] (T07CXALJLTU) e147fbfc-1764107928.397 sfdc.integration.listOrgs is ACTIVE 
[11/25/25, 14:58:49:430] info: [COUNTS] (T07CXALJLTU) Applying counts to channels. wasLastConnectFast: false isConnected: true applying: 14 out of total: 14 
[11/25/25, 14:58:49:431] info: [COUNTS] (T07CXALJLTU) Threads has_unreads:false mention_count:0 
[11/25/25, 14:58:49:431] info: [COUNTS] (T07CXALJLTU) Completed counts processing 
[11/25/25, 14:58:49:455] info: [API-Q] (T095LHX9N) noversion-1764107929.395 Flannel permissions/info is RESOLVED 
[11/25/25, 14:58:49:588] info: [API-Q] (T07CXALJLTU) e147fbfc-1764107928.397 sfdc.integration.listOrgs is RESOLVED 
[11/25/25, 14:58:51:467] info: [SOCKET-MANAGER] (T026U7G95U6) Changing from wait_for_rate_limit to connect 
[11/25/25, 14:58:51:467] info: [SOCKET-MANAGER] (T026U7G95U6) will stay in connect state for up to 10000 ms 
[11/25/25, 14:58:51:467] info: [SOCKET-MANAGER] (T026U7G95U6) Changing from connect to checking_fast_reconnect 
[11/25/25, 14:58:51:468] info: [SOCKET-MANAGER] (T026U7G95U6) will stay in checking_fast_reconnect state for up to 60000 ms 
[11/25/25, 14:58:51:468] info: [SOCKET-MANAGER] (T026U7G95U6) Attempting to connect to backup region 
[11/25/25, 14:58:51:468] info: [SOCKET-MANAGER] (T026U7G95U6) Changing from checking_fast_reconnect to prov_connect 
[11/25/25, 14:58:51:468] info: [SOCKET-MANAGER] (T026U7G95U6) will stay in prov_connect state for up to 10000 ms 
[11/25/25, 14:58:51:468] info: [SOCKET-MANAGER] (T026U7G95U6) Connecting with token ending: 125a 
[11/25/25, 14:58:51:469] info: [SOCKET-MANAGER] (T026U7G95U6) Changing from prov_connect to prov_connecting 
[11/25/25, 14:58:51:469] info: [SOCKET-MANAGER] (T026U7G95U6) will stay in prov_connecting state for up to 35000 ms 
[11/25/25, 14:58:51:656] info: [SOCKET-MANAGER] (T026U7G95U6) Changing from prov_connecting to prov_connected 
[11/25/25, 14:58:51:656] info: [SOCKET-MANAGER] (T026U7G95U6) will stay in prov_connected state for up to 60000 ms 
[11/25/25, 14:58:51:659] info: [DESKTOP-SIDE-EFFECT] (T026U7G95U6) Reacting to  {"type":"[21] Set a value that represents whether we are currently in the boot phase","payload":true,"error":false} 
[11/25/25, 14:58:51:659] info: [MIN-VERSION] No need to reload 
[11/25/25, 14:58:51:659] info: [API-Q] (T026U7G95U6) e147fbfc-1764107931.659 client.userBoot called with reason: provisionally-connected 
[11/25/25, 14:58:51:659] info: [API-Q] (T026U7G95U6) e147fbfc-1764107931.659 client.userBoot is ENQUEUED 
[11/25/25, 14:58:51:660] info: [API-Q] (T026U7G95U6) e147fbfc-1764107931.659 client.userBoot is ACTIVE 
[11/25/25, 14:58:51:660] info: [API-Q] (T095LHX9N) noversion-1764107931.660 Flannel permissions/info called with reason: flannel-call:permissions/info 
[11/25/25, 14:58:51:660] info: [API-Q] (T095LHX9N) noversion-1764107931.660 Flannel permissions/info is ENQUEUED 
[11/25/25, 14:58:51:660] info: [API-Q] (T095LHX9N) noversion-1764107931.660 Flannel permissions/info is ACTIVE 
[11/25/25, 14:58:51:704] info: [API-Q] (T095LHX9N) noversion-1764107931.660 Flannel permissions/info is RESOLVED 
[11/25/25, 14:58:51:894] info: [API-Q] (T026U7G95U6) e147fbfc-1764107931.659 client.userBoot is RESOLVED 
[11/25/25, 14:58:51:896] info: [SOCKET-MANAGER] (T026U7G95U6) Changing from prov_connected to prov_finalize 
[11/25/25, 14:58:51:896] info: [SOCKET-MANAGER] (T026U7G95U6) will stay in prov_finalize state for up to 10000 ms 
[11/25/25, 14:58:51:897] info: [SOCKET-MANAGER] (T026U7G95U6) Changing from prov_finalize to prov_finalizing 
[11/25/25, 14:58:51:897] info: [SOCKET-MANAGER] (T026U7G95U6) will stay in prov_finalizing state for up to 10000 ms 
[11/25/25, 14:58:51:897] info: [SOCKET-MANAGER] (T026U7G95U6) Changing from prov_finalizing to connected 
[11/25/25, 14:58:51:897] info: [SOCKET-MANAGER] (T026U7G95U6) will stay in connected state for up to Infinity ms 
[11/25/25, 14:58:51:897] info: [SOCKET-MANAGER] (T026U7G95U6) Connected to backup region 
[11/25/25, 14:58:51:906] info: [EMOJI_TRANSLATION] Emoji translations not needed for default locale, only adding keywords 
[11/25/25, 14:58:51:906] info: [API-Q] (T026U7G95U6) e147fbfc-1764107931.906 search.autocomplete.topEmojis called with reason: loadEmoji-maybeReloadEmoji-setModelData 
[11/25/25, 14:58:51:906] info: [API-Q] (T026U7G95U6) e147fbfc-1764107931.906 search.autocomplete.topEmojis is ENQUEUED 
[11/25/25, 14:58:51:907] info: [EVENTLOG] (T026U7G95U6) fr=false, lc=false, lt=1764101026.631000 
[11/25/25, 14:58:51:907] info: [EVENTLOG] (T026U7G95U6) fetching events since 1764101026.631000 (6905 seconds ago) 
[11/25/25, 14:58:51:908] info: [API-Q] (T026U7G95U6) e147fbfc-1764107931.907 ublockworkaround.history called with reason: onSocketConnected 
[11/25/25, 14:58:51:908] info: [API-Q] (T026U7G95U6) e147fbfc-1764107931.907 ublockworkaround.history is ENQUEUED 
[11/25/25, 14:58:51:909] info: [MESSAGE-HISTORY] (T026U7G95U6) Resetting reachedEnd 
[11/25/25, 14:58:51:909] info: [API-Q] (T026U7G95U6) e147fbfc-1764107931.908 users.customStatus.list called with reason: fetchCustomStatusOnReconnect 
[11/25/25, 14:58:51:909] info: [API-Q] (T026U7G95U6) e147fbfc-1764107931.908 users.customStatus.list is ENQUEUED 
[11/25/25, 14:58:51:909] info: [API-Q] (T026U7G95U6) e147fbfc-1764107931.908 drafts.list called with reason: fetchDraftsOnReconnect 
[11/25/25, 14:58:51:909] info: [API-Q] (T026U7G95U6) e147fbfc-1764107931.908 drafts.list is ENQUEUED 
[11/25/25, 14:58:51:909] info: [DRAFTS] (T026U7G95U6) No local drafts - skipping fetch to purge inactive drafts 
[11/25/25, 14:58:51:910] info: [API-Q] (T026U7G95U6) e147fbfc-1764107931.909 usergroups.membership called with reason: user-group-membership-api/fetchUserGroupMembership 
[11/25/25, 14:58:51:910] info: [API-Q] (T026U7G95U6) e147fbfc-1764107931.909 usergroups.membership is ENQUEUED 
[11/25/25, 14:58:51:910] info: [UNREAD-COUNTS] (T026U7G95U6) Fetching counts 
[11/25/25, 14:58:51:910] info: [API-Q] (T026U7G95U6) e147fbfc-1764107931.909 client.counts called with reason: fetchClientCountsOnConnect 
[11/25/25, 14:58:51:910] info: [API-Q] (T026U7G95U6) e147fbfc-1764107931.909 client.counts is ENQUEUED 
[11/25/25, 14:58:51:910] info: [API-Q] (T026U7G95U6) e147fbfc-1764107931.910 sfdc.integration.listOrgs called with reason: fetch-orgs-and-sign-in-silently-v2 
[11/25/25, 14:58:51:910] info: [API-Q] (T026U7G95U6) e147fbfc-1764107931.910 sfdc.integration.listOrgs is ENQUEUED 
[11/25/25, 14:58:51:911] info: [PRESENCE_PROMPT] (T026U7G95U6) ignoring prompt due to presence (active) 
[11/25/25, 14:58:51:911] info: [API-Q] (T026U7G95U6) e147fbfc-1764107931.911 users.prefs.get called with reason: fetch-frecency-prefs 
[11/25/25, 14:58:51:911] info: [API-Q] (T026U7G95U6) e147fbfc-1764107931.911 users.prefs.get is ENQUEUED 
[11/25/25, 14:58:51:911] info: [API-Q] (T026U7G95U6) e147fbfc-1764107931.906 search.autocomplete.topEmojis is ACTIVE 
[11/25/25, 14:58:51:912] info: [DESKTOP-SIDE-EFFECT] (T026U7G95U6) Reacting to  {"type":"[21] Set a value that represents whether we are currently in the boot phase","payload":false,"error":false} 
[11/25/25, 14:58:51:914] info: [API-Q] (T026U7G95U6) noversion-1764107931.913 Flannel users/info called with reason: flannel-call:users/info 
[11/25/25, 14:58:51:914] info: [API-Q] (T026U7G95U6) noversion-1764107931.913 Flannel users/info is ENQUEUED 
[11/25/25, 14:58:51:914] info: Store: STORE_USER_WORKSPACES {
  "userTeamId": "T026U7G95U6",
  "workspaceIds": [
    "T026U7G95U6"
  ]
} 
[11/25/25, 14:58:52:036] info: [API-Q] (T026U7G95U6) e147fbfc-1764107931.906 search.autocomplete.topEmojis is RESOLVED 
[11/25/25, 14:58:52:036] info: [API-Q] (T026U7G95U6) noversion-1764107931.913 Flannel users/info is ACTIVE 
[11/25/25, 14:58:52:074] info: [API-Q] (T026U7G95U6) noversion-1764107931.913 Flannel users/info is RESOLVED 
[11/25/25, 14:58:52:074] info: [API-Q] (T026U7G95U6) e147fbfc-1764107931.911 users.prefs.get is ACTIVE 
[11/25/25, 14:58:52:197] info: [API-Q] (T026U7G95U6) e147fbfc-1764107931.911 users.prefs.get is RESOLVED 
[11/25/25, 14:58:52:198] info: [API-Q] (T026U7G95U6) e147fbfc-1764107931.907 ublockworkaround.history is ACTIVE 
[11/25/25, 14:58:52:326] info: [API-Q] (T026U7G95U6) e147fbfc-1764107931.907 ublockworkaround.history is RESOLVED 
[11/25/25, 14:58:52:327] info: [API-Q] (T026U7G95U6) e147fbfc-1764107931.908 users.customStatus.list is ACTIVE 
[11/25/25, 14:58:52:327] info: [EVENTLOG] (T026U7G95U6) nothing to process 
[11/25/25, 14:58:52:327] info: [EVENTLOG] (T026U7G95U6) fetched finish (aborted? false) 
[11/25/25, 14:58:52:327] info: [EVENTLOG] (T026U7G95U6) dispatching signal and clearing timestamp 
[11/25/25, 14:58:52:446] info: [API-Q] (T026U7G95U6) e147fbfc-1764107931.908 users.customStatus.list is RESOLVED 
[11/25/25, 14:58:52:447] info: [API-Q] (T026U7G95U6) e147fbfc-1764107931.908 drafts.list is ACTIVE 
[11/25/25, 14:58:52:568] info: [API-Q] (T026U7G95U6) e147fbfc-1764107931.908 drafts.list is RESOLVED 
[11/25/25, 14:58:52:569] info: [API-Q] (T026U7G95U6) e147fbfc-1764107931.909 usergroups.membership is ACTIVE 
[11/25/25, 14:58:52:570] info: [DRAFTS] (T026U7G95U6) No active drafts 
[11/25/25, 14:58:52:570] info: [DRAFTS] (T026U7G95U6) Successfully fetched all active and inactive drafts ✨ 
[11/25/25, 14:58:52:694] info: [API-Q] (T026U7G95U6) e147fbfc-1764107931.909 usergroups.membership is RESOLVED 
[11/25/25, 14:58:52:695] info: [API-Q] (T026U7G95U6) e147fbfc-1764107931.909 client.counts is ACTIVE 
[11/25/25, 14:58:52:696] info: [USER_GROUP_MEMBERSHIP] (T026U7G95U6) Completed usergroups.membership processing 
[11/25/25, 14:58:52:846] info: [API-Q] (T026U7G95U6) e147fbfc-1764107931.909 client.counts is RESOLVED 
[11/25/25, 14:58:52:847] info: [API-Q] (T026U7G95U6) e147fbfc-1764107931.910 sfdc.integration.listOrgs is ACTIVE 
[11/25/25, 14:58:52:849] info: [COUNTS] (T026U7G95U6) Applying counts to channels. wasLastConnectFast: false isConnected: true applying: 15 out of total: 15 
[11/25/25, 14:58:52:851] info: [COUNTS] (T026U7G95U6) Threads has_unreads:false mention_count:0 
[11/25/25, 14:58:52:852] info: [COUNTS] (T026U7G95U6) Completed counts processing 
[11/25/25, 14:58:53:540] info: [API-Q] (T026U7G95U6) e147fbfc-1764107931.910 sfdc.integration.listOrgs is RESOLVED 
[11/25/25, 14:58:55:040] info: [FOCUS-EVENT] (T095LHX9N) Main window blurred 
[11/25/25, 14:59:02:806] info: [API-Q] (T07CXALJLTU) noversion-1764107919.233 Flannel users/info is retrying, attempt 3 
[11/25/25, 14:59:02:806] info: [API-Q] (T07CXALJLTU) noversion-1764107919.233 Flannel users/info is ENQUEUED 
[11/25/25, 14:59:02:806] info: [API-Q] (T07CXALJLTU) noversion-1764107919.233 Flannel users/info is ACTIVE 
[11/25/25, 14:59:02:845] info: [API-Q] (T07CXALJLTU) noversion-1764107919.233 Flannel users/info is RESOLVED 
[11/25/25, 15:00:00:684] info: [API-Q] (T095LHX9N) e147fbfc-1764108000.683 client.counts called with reason: pollClientCountsAfterTimeout 
[11/25/25, 15:00:00:684] info: [API-Q] (T095LHX9N) e147fbfc-1764108000.683 client.counts is ENQUEUED 
[11/25/25, 15:00:00:684] info: [API-Q] (T095LHX9N) e147fbfc-1764108000.683 client.counts is ACTIVE 
[11/25/25, 15:00:00:784] info: [API-Q] (T07CXALJLTU) e147fbfc-1764108000.783 client.counts called with reason: pollClientCountsAfterTimeout 
[11/25/25, 15:00:00:784] info: [API-Q] (T07CXALJLTU) e147fbfc-1764108000.783 client.counts is ENQUEUED 
[11/25/25, 15:00:00:784] info: [API-Q] (T07CXALJLTU) e147fbfc-1764108000.783 client.counts is ACTIVE 
[11/25/25, 15:00:00:938] info: [API-Q] (T095LHX9N) e147fbfc-1764108000.683 client.counts is RESOLVED 
[11/25/25, 15:00:00:939] info: [API-Q] (T07CXALJLTU) e147fbfc-1764108000.783 client.counts is RESOLVED 
[11/25/25, 15:00:00:940] info: [COUNTS] (T095LHX9N) Applying counts to channels. wasLastConnectFast: false isConnected: true applying: 19 out of total: 19 
[11/25/25, 15:00:00:942] info: [COUNTS] (T095LHX9N) Threads has_unreads:false mention_count:0 
[11/25/25, 15:00:00:942] info: [COUNTS] (T095LHX9N) Completed counts processing 
[11/25/25, 15:00:00:950] info: [COUNTS] (T07CXALJLTU) Applying counts to channels. wasLastConnectFast: false isConnected: true applying: 14 out of total: 14 
[11/25/25, 15:00:00:951] info: [COUNTS] (T07CXALJLTU) Threads has_unreads:false mention_count:0 
[11/25/25, 15:00:00:952] info: [COUNTS] (T07CXALJLTU) Completed counts processing 
[11/25/25, 15:00:03:627] info: [RTM-EVENT-METRICS] Metrics collection sampling has been reset. 
[11/25/25, 15:00:04:383] info: [API-Q] (T026U7G95U6) e147fbfc-1764108004.382 client.counts called with reason: pollClientCountsAfterTimeout 
[11/25/25, 15:00:04:383] info: [API-Q] (T026U7G95U6) e147fbfc-1764108004.382 client.counts is ENQUEUED 
[11/25/25, 15:00:04:384] info: [API-Q] (T026U7G95U6) e147fbfc-1764108004.382 client.counts is ACTIVE 
[11/25/25, 15:00:04:549] info: [API-Q] (T026U7G95U6) e147fbfc-1764108004.382 client.counts is RESOLVED 
[11/25/25, 15:00:04:550] info: [COUNTS] (T026U7G95U6) Applying counts to channels. wasLastConnectFast: false isConnected: true applying: 15 out of total: 15 
[11/25/25, 15:00:04:551] info: [COUNTS] (T026U7G95U6) Threads has_unreads:false mention_count:0 
[11/25/25, 15:00:04:552] info: [COUNTS] (T026U7G95U6) Completed counts processing 
[11/25/25, 15:00:48:956] info: [CHECK-FOR-OLD-CHANNEL] (T07CXALJLTU) Start cleaning up DMs/MPDMs — starting with 14 entries. 
[11/25/25, 15:00:48:956] info: [CHECK-FOR-OLD-CHANNEL] (T07CXALJLTU) Eligible DMs/MPDMs for cleanup — [external DMs]:0, [internal DMs]: 11, [app DMs]: 0 
[11/25/25, 15:00:48:956] info: [CHECK-FOR-OLD-CHANNEL] (T07CXALJLTU) Identified 0 DMs/MPDMs of externalDMs type for closure 
[11/25/25, 15:00:48:956] info: [CHECK-FOR-OLD-CHANNEL] (T07CXALJLTU) Not eligible D09SUDGUMPU: Self DM 
[11/25/25, 15:00:48:956] info: [CHECK-FOR-OLD-CHANNEL] (T07CXALJLTU) Identified 0 DMs/MPDMs of internalDMs type for closure 
[11/25/25, 15:00:48:956] info: [CHECK-FOR-OLD-CHANNEL] (T07CXALJLTU) Identified 0 DMs/MPDMs of appDMs type for closure 
[11/25/25, 15:00:48:956] info: [API-Q] (T07CXALJLTU) e147fbfc-1764108048.956 users.channelSections.list called with reason: conditional-fetch-manager 
[11/25/25, 15:00:48:956] info: [API-Q] (T07CXALJLTU) e147fbfc-1764108048.956 users.channelSections.list is ENQUEUED 
[11/25/25, 15:00:48:957] info: [API-Q] (T07CXALJLTU) e147fbfc-1764108048.956 users.channelSections.list is ACTIVE 
[11/25/25, 15:00:48:957] info: [API-Q] (T07CXALJLTU) noversion-1764108048.957 Flannel users/info called with reason: flannel-call:users/info 
[11/25/25, 15:00:48:958] info: [API-Q] (T07CXALJLTU) noversion-1764108048.957 Flannel users/info is ENQUEUED 
[11/25/25, 15:00:49:055] info: [CHECK-FOR-OLD-CHANNEL] (T095LHX9N) Start cleaning up DMs/MPDMs — starting with 52 entries. 
[11/25/25, 15:00:49:055] info: [CHECK-FOR-OLD-CHANNEL] (T095LHX9N) Eligible DMs/MPDMs for cleanup — [external DMs]:0, [internal DMs]: 11, [app DMs]: 0 
[11/25/25, 15:00:49:055] info: [CHECK-FOR-OLD-CHANNEL] (T095LHX9N) Identified 0 DMs/MPDMs of externalDMs type for closure 
[11/25/25, 15:00:49:055] info: [CHECK-FOR-OLD-CHANNEL] (T095LHX9N) Not eligible C09TW15MSKH: Not idle 
[11/25/25, 15:00:49:055] info: [CHECK-FOR-OLD-CHANNEL] (T095LHX9N) Not eligible D04U62ZABBM: Self DM 
[11/25/25, 15:00:49:055] info: [CHECK-FOR-OLD-CHANNEL] (T095LHX9N) Not eligible D04U6FHBBD1: Not idle 
[11/25/25, 15:00:49:055] info: [CHECK-FOR-OLD-CHANNEL] (T095LHX9N) Not eligible D04U8LHMQS0: Slackbot 
[11/25/25, 15:00:49:055] info: [CHECK-FOR-OLD-CHANNEL] (T095LHX9N) Not eligible D08T2G33XDM: Is unread 
[11/25/25, 15:00:49:055] info: [CHECK-FOR-OLD-CHANNEL] (T095LHX9N) Not eligible D098CC27XGV: Has draft 
[11/25/25, 15:00:49:056] info: [CHECK-FOR-OLD-CHANNEL] (T095LHX9N) Identified 0 DMs/MPDMs of internalDMs type for closure 
[11/25/25, 15:00:49:056] info: [CHECK-FOR-OLD-CHANNEL] (T095LHX9N) Identified 0 DMs/MPDMs of appDMs type for closure 
[11/25/25, 15:00:49:094] info: [API-Q] (T07CXALJLTU) e147fbfc-1764108048.956 users.channelSections.list is RESOLVED 
[11/25/25, 15:00:49:095] info: [API-Q] (T07CXALJLTU) noversion-1764108048.957 Flannel users/info is ACTIVE 
[11/25/25, 15:00:49:168] info: [API-Q] (T07CXALJLTU) noversion-1764108048.957 Flannel users/info is RESOLVED 
[11/25/25, 15:00:52:469] info: [CHECK-FOR-OLD-CHANNEL] (T026U7G95U6) Start cleaning up DMs/MPDMs — starting with 11 entries. 
[11/25/25, 15:00:52:469] info: [CHECK-FOR-OLD-CHANNEL] (T026U7G95U6) Eligible DMs/MPDMs for cleanup — [external DMs]:0, [internal DMs]: 11, [app DMs]: 0 
[11/25/25, 15:00:52:469] info: [CHECK-FOR-OLD-CHANNEL] (T026U7G95U6) Identified 0 DMs/MPDMs of externalDMs type for closure 
[11/25/25, 15:00:52:469] info: [CHECK-FOR-OLD-CHANNEL] (T026U7G95U6) Not eligible D02AV4K7V6H: Slackbot 
[11/25/25, 15:00:52:469] info: [CHECK-FOR-OLD-CHANNEL] (T026U7G95U6) Not eligible D02B4B892TW: Self DM 
[11/25/25, 15:00:52:469] info: [CHECK-FOR-OLD-CHANNEL] (T026U7G95U6) Identified 0 DMs/MPDMs of internalDMs type for closure 
[11/25/25, 15:00:52:469] info: [CHECK-FOR-OLD-CHANNEL] (T026U7G95U6) Identified 0 DMs/MPDMs of appDMs type for closure 
[11/25/25, 15:00:52:470] info: [API-Q] (T026U7G95U6) e147fbfc-1764108052.469 users.channelSections.list called with reason: conditional-fetch-manager 
[11/25/25, 15:00:52:470] info: [API-Q] (T026U7G95U6) e147fbfc-1764108052.469 users.channelSections.list is ENQUEUED 
[11/25/25, 15:00:52:470] info: [API-Q] (T026U7G95U6) e147fbfc-1764108052.469 users.channelSections.list is ACTIVE 
[11/25/25, 15:00:52:471] info: [API-Q] (T026U7G95U6) noversion-1764108052.470 Flannel users/info called with reason: flannel-call:users/info 
[11/25/25, 15:00:52:471] info: [API-Q] (T026U7G95U6) noversion-1764108052.470 Flannel users/info is ENQUEUED 
[11/25/25, 15:00:52:599] info: [API-Q] (T026U7G95U6) e147fbfc-1764108052.469 users.channelSections.list is RESOLVED 
[11/25/25, 15:00:52:599] info: [API-Q] (T026U7G95U6) noversion-1764108052.470 Flannel users/info is ACTIVE 
[11/25/25, 15:00:52:636] info: [API-Q] (T026U7G95U6) noversion-1764108052.470 Flannel users/info is RESOLVED 
[11/25/25, 15:02:38:821] info: [FOCUS-EVENT] (T095LHX9N) Main window focused 
[11/25/25, 15:02:38:883] info: [CHECK-UNREADS] (T095LHX9N) Checking unreads after window became focused 
[11/25/25, 15:02:38:883] info: [CHECK-UNREADS] (T095LHX9N) Not marking D04U6FHBBD1 because last_read >= latest && channel is read 
[11/25/25, 15:02:45:604] info: [FOCUS-EVENT] (T095LHX9N) Main window blurred 
[11/25/25, 15:02:49:530] info: [FOCUS-EVENT] (T095LHX9N) Main window focused 
[11/25/25, 15:02:49:606] info: [FOCUS-EVENT] (T095LHX9N) Main window blurred 
[11/25/25, 15:02:49:619] info: [CHECK-UNREADS] (T095LHX9N) Checking unreads after window became focused 
[11/25/25, 15:02:50:573] info: Store: UPDATE_SETTINGS {
  "mainWindowSettings": {
    "fullScreen": false,
    "maximized": false,
    "bounds": {
      "x": 7,
      "y": 49,
      "width": 1269,
      "height": 1024
    }
  }
} 
[11/25/25, 15:02:50:575] info: [DESKTOP-SIDE-EFFECT] Update from desktop for keys  ["settings"] 
[11/25/25, 15:03:48:956] info: [SIDEBAR-NOISE-METRICS] (T07CXALJLTU) Logging sidebar noise metrics 
[11/25/25, 15:03:48:956] info: [SIDEBAR-STATS] (T07CXALJLTU) Begin gathering sidebar stats 
[11/25/25, 15:03:48:958] info: [SIDEBAR-NOISE-METRICS] (T07CXALJLTU) Updated sidebar metrics for today 
[11/25/25, 15:03:49:054] info: [SIDEBAR-NOISE-METRICS] (T095LHX9N) Logging sidebar noise metrics 
[11/25/25, 15:03:49:055] info: [SIDEBAR-STATS] (T095LHX9N) Begin gathering sidebar stats 
[11/25/25, 15:03:49:056] info: [SIDEBAR-NOISE-METRICS] (T095LHX9N) Updated sidebar metrics for today 
[11/25/25, 15:03:52:469] info: [SIDEBAR-NOISE-METRICS] (T026U7G95U6) Logging sidebar noise metrics 
[11/25/25, 15:03:52:469] info: [SIDEBAR-STATS] (T026U7G95U6) Begin gathering sidebar stats 
[11/25/25, 15:03:52:469] info: [SIDEBAR-NOISE-METRICS] (T026U7G95U6) Updated sidebar metrics for today 
[11/25/25, 15:03:52:470] info: [API-Q] (T026U7G95U6) noversion-1764108232.469 Flannel users/info called with reason: flannel-call:users/info 
[11/25/25, 15:03:52:470] info: [API-Q] (T026U7G95U6) noversion-1764108232.469 Flannel users/info is ENQUEUED 
[11/25/25, 15:03:52:471] info: [API-Q] (T026U7G95U6) noversion-1764108232.469 Flannel users/info is ACTIVE 
[11/25/25, 15:03:52:547] info: [API-Q] (T026U7G95U6) noversion-1764108232.469 Flannel users/info is RESOLVED 
[11/25/25, 15:03:52:551] info: [API-Q] (T095LHX9N) e147fbfc-1764108232.550 team.info called with reason: conditional-fetching 
[11/25/25, 15:03:52:551] info: [API-Q] (T095LHX9N) e147fbfc-1764108232.550 team.info is ENQUEUED 
[11/25/25, 15:03:52:551] info: [API-Q] (T095LHX9N) e147fbfc-1764108232.550 team.info is ACTIVE 
[11/25/25, 15:03:52:707] info: [API-Q] (T095LHX9N) e147fbfc-1764108232.550 team.info is RESOLVED 
[11/25/25, 15:07:31:551] info: [FOCUS-EVENT] (T095LHX9N) Main window focused 
[11/25/25, 15:07:31:603] info: [DND_V2] (T095LHX9N) Will check for changes in DND status again in 5 minutes 
[11/25/25, 15:07:31:623] info: [CHECK-UNREADS] (T095LHX9N) Checking unreads after window became focused 
[11/25/25, 15:07:31:623] info: [CHECK-UNREADS] (T095LHX9N) Not marking D04U6FHBBD1 because last_read >= latest && channel is read 
[11/25/25, 15:07:33:573] info: [FOCUS-EVENT] (T095LHX9N) Main window blurred 
[11/25/25, 15:10:03:628] info: [RTM-EVENT-METRICS] Metrics collection sampling has been reset. 
[11/25/25, 15:12:31:603] info: [DND_V2] (T095LHX9N) Checking for changes in DND status for the following members: U04UJR2PHMX,U095LTFRC,U03FCQ34JPK,U08PY1SAM0W,U0AL64VTR,U02BPRZ4FAQ,U06PZDZSXDZ,U06QB0DNF6U,U08L58USZ6V,U08RY079RFD,U090VKSQFFW,U04M57LQ3EV 
[11/25/25, 15:12:31:605] info: [DND_V2] (T095LHX9N) Will check for changes in DND status again in 5 minutes 
[11/25/25, 15:15:48:957] info: [CHECK-FOR-OLD-CHANNEL] (T07CXALJLTU) Start cleaning up DMs/MPDMs — starting with 14 entries. 
[11/25/25, 15:15:48:958] info: [CHECK-FOR-OLD-CHANNEL] (T07CXALJLTU) Eligible DMs/MPDMs for cleanup — [external DMs]:0, [internal DMs]: 11, [app DMs]: 0 
[11/25/25, 15:15:48:958] info: [CHECK-FOR-OLD-CHANNEL] (T07CXALJLTU) Identified 0 DMs/MPDMs of externalDMs type for closure 
[11/25/25, 15:15:48:958] info: [CHECK-FOR-OLD-CHANNEL] (T07CXALJLTU) Not eligible D09SUDGUMPU: Self DM 
[11/25/25, 15:15:48:958] info: [CHECK-FOR-OLD-CHANNEL] (T07CXALJLTU) Identified 0 DMs/MPDMs of internalDMs type for closure 
[11/25/25, 15:15:48:958] info: [CHECK-FOR-OLD-CHANNEL] (T07CXALJLTU) Identified 0 DMs/MPDMs of appDMs type for closure 
[11/25/25, 15:15:49:056] info: [CHECK-FOR-OLD-CHANNEL] (T095LHX9N) Start cleaning up DMs/MPDMs — starting with 52 entries. 
[11/25/25, 15:15:49:057] info: [CHECK-FOR-OLD-CHANNEL] (T095LHX9N) Eligible DMs/MPDMs for cleanup — [external DMs]:0, [internal DMs]: 11, [app DMs]: 0 
[11/25/25, 15:15:49:057] info: [CHECK-FOR-OLD-CHANNEL] (T095LHX9N) Identified 0 DMs/MPDMs of externalDMs type for closure 
[11/25/25, 15:15:49:057] info: [CHECK-FOR-OLD-CHANNEL] (T095LHX9N) Not eligible C09TW15MSKH: Not idle 
[11/25/25, 15:15:49:057] info: [CHECK-FOR-OLD-CHANNEL] (T095LHX9N) Not eligible D04U62ZABBM: Self DM 
[11/25/25, 15:15:49:057] info: [CHECK-FOR-OLD-CHANNEL] (T095LHX9N) Not eligible D04U6FHBBD1: Not idle 
[11/25/25, 15:15:49:057] info: [CHECK-FOR-OLD-CHANNEL] (T095LHX9N) Not eligible D04U8LHMQS0: Slackbot 
[11/25/25, 15:15:49:057] info: [CHECK-FOR-OLD-CHANNEL] (T095LHX9N) Not eligible D08T2G33XDM: Is unread 
[11/25/25, 15:15:49:057] info: [CHECK-FOR-OLD-CHANNEL] (T095LHX9N) Not eligible D098CC27XGV: Has draft 
[11/25/25, 15:15:49:058] info: [CHECK-FOR-OLD-CHANNEL] (T095LHX9N) Identified 0 DMs/MPDMs of internalDMs type for closure 
[11/25/25, 15:15:49:058] info: [CHECK-FOR-OLD-CHANNEL] (T095LHX9N) Identified 0 DMs/MPDMs of appDMs type for closure 
[11/25/25, 15:15:52:470] info: [CHECK-FOR-OLD-CHANNEL] (T026U7G95U6) Start cleaning up DMs/MPDMs — starting with 11 entries. 
[11/25/25, 15:15:52:470] info: [CHECK-FOR-OLD-CHANNEL] (T026U7G95U6) Eligible DMs/MPDMs for cleanup — [external DMs]:0, [internal DMs]: 11, [app DMs]: 0 
[11/25/25, 15:15:52:470] info: [CHECK-FOR-OLD-CHANNEL] (T026U7G95U6) Identified 0 DMs/MPDMs of externalDMs type for closure 
[11/25/25, 15:15:52:470] info: [CHECK-FOR-OLD-CHANNEL] (T026U7G95U6) Not eligible D02AV4K7V6H: Slackbot 
[11/25/25, 15:15:52:470] info: [CHECK-FOR-OLD-CHANNEL] (T026U7G95U6) Not eligible D02B4B892TW: Self DM 
[11/25/25, 15:15:52:470] info: [CHECK-FOR-OLD-CHANNEL] (T026U7G95U6) Identified 0 DMs/MPDMs of internalDMs type for closure 
[11/25/25, 15:15:52:470] info: [CHECK-FOR-OLD-CHANNEL] (T026U7G95U6) Identified 0 DMs/MPDMs of appDMs type for closure 
[11/25/25, 15:17:31:605] info: [DND_V2] (T095LHX9N) Checking for changes in DND status for the following members: U04UJR2PHMX,U095LTFRC,U03FCQ34JPK,U08PY1SAM0W,U0AL64VTR,U02BPRZ4FAQ,U06PZDZSXDZ,U06QB0DNF6U,U08L58USZ6V,U08RY079RFD,U090VKSQFFW,U04M57LQ3EV 
[11/25/25, 15:17:31:606] info: [DND_V2] (T095LHX9N) Will check for changes in DND status again in 5 minutes 
[11/25/25, 15:20:03:625] info: [RTM-EVENT-METRICS] Metrics collection sampling has been reset. 
[11/25/25, 15:20:39:801] info: [PERSIST] (T095LHX9N) Successfully persisted state 
[11/25/25, 15:20:39:807] info: [PERSIST] (T026U7G95U6) Successfully persisted state 
[11/25/25, 15:20:39:813] info: [PERSIST] (T07CXALJLTU) Successfully persisted state 
[11/25/25, 15:22:31:607] info: [DND_V2] (T095LHX9N) Checking for changes in DND status for the following members: U04UJR2PHMX,U095LTFRC,U03FCQ34JPK,U08PY1SAM0W,U0AL64VTR,U02BPRZ4FAQ,U06PZDZSXDZ,U06QB0DNF6U,U08L58USZ6V,U08RY079RFD,U090VKSQFFW,U04M57LQ3EV 
[11/25/25, 15:22:31:609] info: [DND_V2] (T095LHX9N) Will check for changes in DND status again in 5 minutes 
[11/25/25, 15:22:33:754] info: [FOCUS-EVENT] (T095LHX9N) Main window focused 
[11/25/25, 15:22:33:841] info: [CHECK-UNREADS] (T095LHX9N) Checking unreads after window became focused 
[11/25/25, 15:22:33:841] info: [CHECK-UNREADS] (T095LHX9N) Not marking D04U6FHBBD1 because last_read >= latest && channel is read 
[11/25/25, 15:22:34:062] info: [FOCUS-EVENT] (T095LHX9N) Main window blurred 
[11/25/25, 15:24:46:092] info: [FOCUS-EVENT] (T095LHX9N) Main window focused 
[11/25/25, 15:24:46:160] info: [CHECK-UNREADS] (T095LHX9N) Checking unreads after window became focused 
[11/25/25, 15:24:46:160] info: [CHECK-UNREADS] (T095LHX9N) Not marking D04U6FHBBD1 because last_read >= latest && channel is read 
[11/25/25, 15:24:46:271] info: [FOCUS-EVENT] (T095LHX9N) Main window blurred 
[11/25/25, 15:24:47:618] info: [FOCUS-EVENT] (T095LHX9N) Main window focused 
[11/25/25, 15:24:47:685] info: [CHECK-UNREADS] (T095LHX9N) Checking unreads after window became focused 
[11/25/25, 15:24:47:685] info: [CHECK-UNREADS] (T095LHX9N) Not marking D04U6FHBBD1 because last_read >= latest && channel is read 
[11/25/25, 15:24:48:657] info: [NAVIGATE-IN-MAIN-WIND] Starting a new navigation event {"id":"D08T2G33XDM","viewType":"Channel","options":{}} 
[11/25/25, 15:24:48:659] info: [NAVIGATE-IN-MAIN-WIND] Applying changes to the primary container {"viewSet":{"sidebar":{"id":"DmsList","viewType":"DmsList","uiState":{"ghostLastRead":"1763069660.045269"}},"primary":{"id":"D08T2G33XDM","viewType":"Channel","uiState":{"preventMoveFocus":false}}},"nextTab":"dms"} 
[11/25/25, 15:24:48:659] info: [NAVIGATION-MIDDLEWARE] Starting a new navigation middleware execution {"context":"navigation","nextViewSet":{"sidebar":{"id":"DmsList","viewType":"DmsList","uiState":{"ghostLastRead":"1763069660.045269"}},"primary":{"id":"D08T2G33XDM","viewType":"Channel","uiState":{"preventMoveFocus":false}}},"middlewareCount":20,"nextTab":"dms"} 
[11/25/25, 15:24:48:660] info: [NAVIGATION-MIDDLEWARE] Async action execution is complete for a view {"nextView":{"id":"DmsList","viewType":"DmsList","uiState":{"ghostLastRead":"1763069660.045269"}},"results":[["UserIdToDMIdMiddleware",false],["AttemptToStopEditingInChannel",false],["AttemptToStopEditingSalesforceForm",false],["PreventVideoRecorderModalClose",false],["OpenConversationWithIds",false],["EnsureChannel",false],["EnsureAppViewType",false],["RedirectFileChannel",false],["RedirectChannelCanvasToCanvas",false],["RedirectFileChannel",false],["SyncSearchTab",false],["RedirectHuddleRecordChannel",false],["EnsureCannedCanvasTemplates",false],["EnsureChannelHasParentTabMiddleware",false],["TriggerMegaphoneGalleryFlow",false],["MaybeCloseSecondaryViewAfterSplit",false],["CanvasSetScrollParam",false],["RedirectSlackbotHistory",false],["RedirectSlackbotBadge",false],["EnsureActivityInboxMiddleware",false]],"shouldTerminateNavigation":false,"executionTime":0.19999999925494194,"nextTab":"dms"} 
[11/25/25, 15:24:48:660] info: [NAVIGATION-MIDDLEWARE] Finish middleware execution for sidebar container {"maybeTransformedViewSet":{"sidebar":{"id":"DmsList","viewType":"DmsList","uiState":{"ghostLastRead":"1763069660.045269"}},"primary":{"id":"D08T2G33XDM","viewType":"Channel","uiState":{"preventMoveFocus":false}}},"terminateNavigation":false,"isViewTransformed":false,"iterationCount":0,"executionTime":0.6999999992549419} 
[11/25/25, 15:24:48:660] info: [NAVIGATION-MIDDLEWARE] Async action execution is complete for a view {"nextView":{"id":"D08T2G33XDM","viewType":"Channel","uiState":{"preventMoveFocus":false}},"results":[["UserIdToDMIdMiddleware",false],["AttemptToStopEditingInChannel",false],["AttemptToStopEditingSalesforceForm",false],["PreventVideoRecorderModalClose",false],["OpenConversationWithIds",false],["EnsureChannel",false],["EnsureAppViewType",false],["RedirectFileChannel",false],["RedirectChannelCanvasToCanvas",false],["RedirectFileChannel",false],["SyncSearchTab",false],["RedirectHuddleRecordChannel",false],["EnsureCannedCanvasTemplates",false],["EnsureChannelHasParentTabMiddleware",false],["TriggerMegaphoneGalleryFlow",false],["MaybeCloseSecondaryViewAfterSplit",false],["CanvasSetScrollParam",false],["RedirectSlackbotHistory",false],["RedirectSlackbotBadge",false],["EnsureActivityInboxMiddleware",false]],"shouldTerminateNavigation":false,"executionTime":0.09999999776482582,"nextTab":"dms"} 
[11/25/25, 15:24:48:661] info: [NAVIGATION-MIDDLEWARE] Finish middleware execution for primary container {"maybeTransformedViewSet":{"sidebar":{"id":"DmsList","viewType":"DmsList","uiState":{"ghostLastRead":"1763069660.045269"}},"primary":{"id":"D08T2G33XDM","viewType":"Channel","uiState":{"preventMoveFocus":false}}},"terminateNavigation":false,"isViewTransformed":false,"iterationCount":0,"executionTime":0.30000000074505806} 
[11/25/25, 15:24:48:661] info: [NAVIGATION-MIDDLEWARE] Navigation middleware execution is complete {"maybeUpdatedViewSet":{"sidebar":{"id":"DmsList","viewType":"DmsList","uiState":{"ghostLastRead":"1763069660.045269"}},"primary":{"id":"D08T2G33XDM","viewType":"Channel","uiState":{"preventMoveFocus":false}}},"terminateNavigation":false,"executionTime":1,"nextTab":"dms"} 
[11/25/25, 15:24:48:661] info: [NAVIGATE-IN-MAIN-WIND] Built view set after middleware {"viewSet":{"sidebar":{"id":"DmsList","viewType":"DmsList","uiState":{"ghostLastRead":"1763069660.045269"}},"primary":{"id":"D08T2G33XDM","viewType":"Channel","uiState":{"preventMoveFocus":false}}},"nextTab":"dms"} 
[11/25/25, 15:24:48:665] info: [NAVIGATE-LISTENERS] (T095LHX9N) Starting navigation listeners for triggerType NAVIGATION 
[11/25/25, 15:24:48:669] info: [SET-LAST-READ] (T095LHX9N) markLastRead D08T2G33XDM:1764106168.212719, immediate: false 
[11/25/25, 15:24:48:670] info: [SET-LAST-READ] (T095LHX9N) delaying D08T2G33XDM:1764106168.212719 mark by 4975.400643358149ms 
[11/25/25, 15:24:48:672] info: [NAVIGATE-LISTENERS] (T095LHX9N) Navigation listeners complete without errors 
[11/25/25, 15:24:48:672] info: [NAVIGATE-IN-MAIN-WIND]  Navigation thunk execution complete {"id":"D08T2G33XDM","viewType":"Channel","options":{}} 
[11/25/25, 15:24:48:673] info: [UNREAD-COUNTS] (T095LHX9N) Counting unreads in D08T2G33XDM because last_read changed to 1764106168.212719 
[11/25/25, 15:24:48:673] info: [UNREAD-COUNTS] (T095LHX9N) Fetching history for unread counting: D08T2G33XDM, waiting 0 ms 
[11/25/25, 15:24:48:673] info: Breadcrumb: ui.click: span.c-truncate > span.p-dms_channel__name.p-dms_channel__name--unread  
[11/25/25, 15:24:48:730] info: [MESSAGE-LIST] (T095LHX9N) getScrollmark reason:channel_change channelId:D04U6FHBBD1 at end 
[11/25/25, 15:24:48:736] info: [MESSAGE-LIST] (T095LHX9N) Switching channels: D08T2G33XDM timestamps: 38 
[11/25/25, 15:24:48:833] info: [HISTORY-FETCH] (T095LHX9N) Fetching history for message pane: D08T2G33XDM oldest: 1764106168.212719 latest: null 
[11/25/25, 15:24:48:834] info: [API-Q] (T095LHX9N) e147fbfc-1764109488.833 conversations.history called with reason: message-pane/requestHistory 
[11/25/25, 15:24:48:834] info: [API-Q] (T095LHX9N) e147fbfc-1764109488.833 conversations.history is ENQUEUED 
[11/25/25, 15:24:48:923] info: [API-Q] (T095LHX9N) e147fbfc-1764109488.833 conversations.history is ACTIVE 
[11/25/25, 15:24:48:984] info: [HISTORY-FETCH] (T095LHX9N) Fetching history for unread counting: D08T2G33XDM 
[11/25/25, 15:24:48:985] info: [API-Q] (T095LHX9N) e147fbfc-1764109488.985 conversations.history called with reason: unread-counts/onLastReadUpdated 
[11/25/25, 15:24:48:985] info: [API-Q] (T095LHX9N) e147fbfc-1764109488.985 conversations.history is ENQUEUED 
[11/25/25, 15:24:48:986] info: [API-Q] (T095LHX9N) e147fbfc-1764109488.985 conversations.history is ACTIVE 
[11/25/25, 15:24:48:986] info: [API-Q] (T095LHX9N) e147fbfc-1764109488.986 conversations.listPrefs called with reason: client_redux_store 
[11/25/25, 15:24:48:986] info: [API-Q] (T095LHX9N) e147fbfc-1764109488.986 conversations.listPrefs is ENQUEUED 
[11/25/25, 15:24:48:987] info: [API-Q] (T095LHX9N) e147fbfc-1764109488.986 conversations.listPrefs is ACTIVE 
[11/25/25, 15:24:48:990] info: [API-Q] (T095LHX9N) noversion-1764109488.989 Flannel permissions/info called with reason: flannel-call:permissions/info 
[11/25/25, 15:24:48:990] info: [API-Q] (T095LHX9N) noversion-1764109488.989 Flannel permissions/info is ENQUEUED 
[11/25/25, 15:24:48:990] info: [API-Q] (T095LHX9N) noversion-1764109488.989 Flannel permissions/info is ACTIVE 
[11/25/25, 15:24:48:991] info: [API-Q] (T095LHX9N) noversion-1764109488.990 Flannel users/counts called with reason: flannel-call:users/counts 
[11/25/25, 15:24:48:991] info: [API-Q] (T095LHX9N) noversion-1764109488.990 Flannel users/counts is ENQUEUED 
[11/25/25, 15:24:48:991] info: [API-Q] (T095LHX9N) noversion-1764109488.990 Flannel users/counts is ACTIVE 
[11/25/25, 15:24:49:000] info: [API-Q] (T095LHX9N) e147fbfc-1764109488.999 bookmarks.list called with reason: bookmarks-store/conditional-fetching 
[11/25/25, 15:24:49:000] info: [API-Q] (T095LHX9N) e147fbfc-1764109488.999 bookmarks.list is ENQUEUED 
[11/25/25, 15:24:49:000] info: [API-Q] (T095LHX9N) e147fbfc-1764109488.999 bookmarks.list is ACTIVE 
[11/25/25, 15:24:49:008] info: [MESSAGE-LIST] (T095LHX9N) componentWillReceiveProps isLoading: true isLoadingOlder: false timestamps: 38 
[11/25/25, 15:24:49:062] info: [API-Q] (T095LHX9N) e147fbfc-1764109488.833 conversations.history is RESOLVED 
[11/25/25, 15:24:49:065] info: [PLATFORM-CHANNEL-ACTI] (T095LHX9N) Not updating count for channel D08T2G33XDM, as count was already set to 0 
[11/25/25, 15:24:49:083] info: [MESSAGE-LIST] (T095LHX9N) componentWillReceiveProps isLoading: false isLoadingOlder: false timestamps: 38 
[11/25/25, 15:24:49:174] info: [API-Q] (T095LHX9N) e147fbfc-1764109489.173 files.info called with reason: files-store.ConditionalFetchManager.fetch 
[11/25/25, 15:24:49:174] info: [API-Q] (T095LHX9N) e147fbfc-1764109489.173 files.info is ENQUEUED 
[11/25/25, 15:24:49:174] info: [API-Q] (T095LHX9N) e147fbfc-1764109489.173 files.info is ACTIVE 
[11/25/25, 15:24:49:184] info: [API-Q] (T095LHX9N) e147fbfc-1764109488.986 conversations.listPrefs is RESOLVED 
[11/25/25, 15:24:49:185] info: [API-Q] (T095LHX9N) e147fbfc-1764109488.985 conversations.history is RESOLVED 
[11/25/25, 15:24:49:186] info: [API-Q] (T095LHX9N) e147fbfc-1764109488.999 bookmarks.list is RESOLVED 
[11/25/25, 15:24:49:186] info: [API-Q] (T095LHX9N) noversion-1764109488.989 Flannel permissions/info is RESOLVED 
[11/25/25, 15:24:49:192] info: [COUNTS] (T095LHX9N) Updated unread_cnt for D08T2G33XDM: 0 
[11/25/25, 15:24:49:196] info: [CHECK-UNREADS] (T095LHX9N) Not marking D08T2G33XDM because last_read >= latest && channel is read 
[11/25/25, 15:24:49:203] info: [DESKTOP-MIDDLEWARE] (T095LHX9N) Forwarding redux payload to desktop ["unreads"] 
[11/25/25, 15:24:49:204] info: [PLATFORM-CHANNEL-ACTI] (T095LHX9N) Not updating count for channel D08T2G33XDM, as count was already set to 0 
[11/25/25, 15:24:49:328] info: [CHECK-UNREADS] (T095LHX9N) unreadLineVisible updated in main window container primary: false -> true 
[11/25/25, 15:24:49:331] info: [COUNTS] (T095LHX9N) dmsBadgeCount: 0 
[11/25/25, 15:24:49:331] info: [COUNTS] (T095LHX9N) activityBadgeCount: 0 
[11/25/25, 15:24:49:357] info: Store: REDUX_UPDATE_FROM_WEBAPP (T095LHX9N) Changed keys [unreads] 
[11/25/25, 15:24:49:358] info: [API-Q] (T095LHX9N) e147fbfc-1764109489.173 files.info is RESOLVED 
[11/25/25, 15:24:49:400] info: [API-Q] (T095LHX9N) noversion-1764109488.990 Flannel users/counts is RESOLVED 
[11/25/25, 15:24:49:509] info: [API-Q] (T095LHX9N) noversion-1764109489.508 Flannel permissions/info called with reason: flannel-call:permissions/info 
[11/25/25, 15:24:49:509] info: [API-Q] (T095LHX9N) noversion-1764109489.508 Flannel permissions/info is ENQUEUED 
[11/25/25, 15:24:49:509] info: [API-Q] (T095LHX9N) noversion-1764109489.508 Flannel permissions/info is ACTIVE 
[11/25/25, 15:24:49:632] info: [API-Q] (T095LHX9N) noversion-1764109489.508 Flannel permissions/info is RESOLVED 
[11/25/25, 15:24:49:695] info: [CHECK-UNREADS] (T095LHX9N) Checking unreads after unread line became visible 
[11/25/25, 15:24:49:696] info: [CHECK-UNREADS] (T095LHX9N) Not marking D08T2G33XDM because last_read >= latest && channel is read 
[11/25/25, 15:24:49:696] info: [CHECK-UNREADS] (T095LHX9N) Not marking D08T2G33XDM because last_read >= latest && channel is read 
[11/25/25, 15:24:51:031] info: [NAVIGATION-MIDDLEWARE] Starting a new navigation middleware execution {"context":"tab-switch","nextViewSet":{"sidebar":{"id":"ChannelList","viewType":"ChannelList","uiState":{"ghostLastRead":"0000000000.000000"}},"primary":{"id":"C09TW15MSKH","viewType":"Channel","params":{"parentTab":"C09TW15MSKH","startTs":"1763675718.xxxxx5","highlightTs":"23","scrollmark":null},"uiState":{"preventMoveFocus":false,"userSetUnreadPoint":false,"unreadLineVisible":true,"ghostLastRead":"1763675718.295729"}}},"middlewareCount":12,"nextTab":"home"} 
[11/25/25, 15:24:51:034] info: [NAVIGATION-MIDDLEWARE] Async action execution is complete for a view {"nextView":{"id":"ChannelList","viewType":"ChannelList","uiState":{"ghostLastRead":"0000000000.000000"}},"results":[["UserIdToDMIdMiddleware",false],["AttemptToStopEditingInChannel",false],["AttemptToStopEditingSalesforceForm",false],["PreventVideoRecorderModalClose",false],["OpenConversationWithIds",false],["EnsureAppViewType",false],["SyncSearchTab",false],["RedirectHuddleRecordChannel",false],["EnsureChannelHasParentTabMiddleware",false],["TriggerMegaphoneGalleryFlow",false],["CanvasSetScrollParam",false],["EnsureActivityInboxMiddleware",false]],"shouldTerminateNavigation":false,"executionTime":2.800000000745058,"nextTab":"home"} 
[11/25/25, 15:24:51:034] info: [NAVIGATION-MIDDLEWARE] Finish middleware execution for sidebar container {"maybeTransformedViewSet":{"sidebar":{"id":"ChannelList","viewType":"ChannelList","uiState":{"ghostLastRead":"0000000000.000000"}},"primary":{"id":"C09TW15MSKH","viewType":"Channel","params":{"parentTab":"C09TW15MSKH","startTs":"1763675718.xxxxx5","highlightTs":"23","scrollmark":null},"uiState":{"preventMoveFocus":false,"userSetUnreadPoint":false,"unreadLineVisible":true,"ghostLastRead":"1763675718.295729"}}},"terminateNavigation":false,"isViewTransformed":false,"iterationCount":0,"executionTime":3} 
[11/25/25, 15:24:51:034] info: [NAVIGATION-MIDDLEWARE] Async action execution is complete for a view {"nextView":{"id":"C09TW15MSKH","viewType":"Channel","params":{"parentTab":"C09TW15MSKH","startTs":"1763675718.xxxxx5","highlightTs":"23","scrollmark":null},"uiState":{"preventMoveFocus":false,"userSetUnreadPoint":false,"unreadLineVisible":true,"ghostLastRead":"1763675718.295729"}},"results":[["UserIdToDMIdMiddleware",false],["AttemptToStopEditingInChannel",false],["AttemptToStopEditingSalesforceForm",false],["PreventVideoRecorderModalClose",false],["OpenConversationWithIds",false],["EnsureAppViewType",false],["SyncSearchTab",false],["RedirectHuddleRecordChannel",false],["EnsureChannelHasParentTabMiddleware",false],["TriggerMegaphoneGalleryFlow",false],["CanvasSetScrollParam",false],["EnsureActivityInboxMiddleware",false]],"shouldTerminateNavigation":false,"executionTime":0,"nextTab":"home"} 
[11/25/25, 15:24:51:034] info: [NAVIGATION-MIDDLEWARE] Finish middleware execution for primary container {"maybeTransformedViewSet":{"sidebar":{"id":"ChannelList","viewType":"ChannelList","uiState":{"ghostLastRead":"0000000000.000000"}},"primary":{"id":"C09TW15MSKH","viewType":"Channel","params":{"parentTab":"C09TW15MSKH","startTs":"1763675718.xxxxx5","highlightTs":"23","scrollmark":null},"uiState":{"preventMoveFocus":false,"userSetUnreadPoint":false,"unreadLineVisible":true,"ghostLastRead":"1763675718.295729"}}},"terminateNavigation":false,"isViewTransformed":false,"iterationCount":0,"executionTime":0.09999999776482582} 
[11/25/25, 15:24:51:034] info: [NAVIGATION-MIDDLEWARE] Navigation middleware execution is complete {"maybeUpdatedViewSet":{"sidebar":{"id":"ChannelList","viewType":"ChannelList","uiState":{"ghostLastRead":"0000000000.000000"}},"primary":{"id":"C09TW15MSKH","viewType":"Channel","params":{"parentTab":"C09TW15MSKH","startTs":"1763675718.xxxxx5","highlightTs":"23","scrollmark":null},"uiState":{"preventMoveFocus":false,"userSetUnreadPoint":false,"unreadLineVisible":true,"ghostLastRead":"1763675718.295729"}}},"terminateNavigation":false,"executionTime":3.399999998509884,"nextTab":"home"} 
[11/25/25, 15:24:51:034] info: [TAB-SWITCH] Built view set after middleware {"viewSet":{"sidebar":{"id":"ChannelList","viewType":"ChannelList","uiState":{"ghostLastRead":"0000000000.000000"}},"primary":{"id":"C09TW15MSKH","viewType":"Channel","params":{"parentTab":"C09TW15MSKH","startTs":"1763675718.xxxxx5","highlightTs":"23","scrollmark":null},"uiState":{"preventMoveFocus":false,"userSetUnreadPoint":false,"unreadLineVisible":true,"ghostLastRead":"1763675718.295729"}}},"nextTab":"home"} 
[11/25/25, 15:24:51:037] info: [NAVIGATE-LISTENERS] (T095LHX9N) Starting navigation listeners for triggerType ACTIVE_TAB_UPDATE 
[11/25/25, 15:24:51:042] info: [NAVIGATE-LISTENERS] (T095LHX9N) Navigation listeners complete without errors 
[11/25/25, 15:24:51:050] info: Breadcrumb: ui.click: div.p-tab_rail__button--home > div.p-tab_rail__button__icon  
[11/25/25, 15:24:51:110] info: [MESSAGE-LIST] (T095LHX9N) getScrollmark reason:unmount channelId:D08T2G33XDM at end 
[11/25/25, 15:24:51:127] error: Listener added for a 'DOMNodeInserted' mutation event. Support for this event type has been removed, and this event will no longer be fired. See https://chromestatus.com/feature/5083947249172480 for more information. 
[11/25/25, 15:24:51:169] info: [MESSAGE-LIST] (T095LHX9N) requestAround channelId: C09TW15MSKH isLoading: false timestamps: 0 reachedStart: false reachedEnd: false 
[11/25/25, 15:24:51:170] info: [HISTORY-FETCH] (T095LHX9N) Fetching history for message pane: C09TW15MSKH oldest: 1763675718.xxxxx5 latest: 1763675718.xxxxx5 
[11/25/25, 15:24:51:171] info: [API-Q] (T095LHX9N) e147fbfc-1764109491.169 conversations.history called with reason: message-pane/requestHistory 
[11/25/25, 15:24:51:171] info: [API-Q] (T095LHX9N) e147fbfc-1764109491.169 conversations.history is ENQUEUED 
[11/25/25, 15:24:51:171] info: [API-Q] (T095LHX9N) e147fbfc-1764109491.170 conversations.history called with reason: message-pane/requestHistory 
[11/25/25, 15:24:51:171] info: [API-Q] (T095LHX9N) e147fbfc-1764109491.170 conversations.history is ENQUEUED 
[11/25/25, 15:24:51:173] info: [API-Q] (T095LHX9N) e147fbfc-1764109491.169 conversations.history is ACTIVE 
[11/25/25, 15:24:51:173] info: [API-Q] (T095LHX9N) e147fbfc-1764109491.170 conversations.history is ACTIVE 
[11/25/25, 15:24:51:197] info: Store: EXTEND_MENU global: menucategory-file,menucategory-view,menucategory-jump-to 
[11/25/25, 15:24:51:197] info: [UFM] (T095LHX9N) requesting C09TW15MSKH (1) 
[11/25/25, 15:24:51:197] info: [API-Q] (T095LHX9N) noversion-1764109491.197 Flannel huddles/info called with reason: flannel-call:huddles/info 
[11/25/25, 15:24:51:197] info: [API-Q] (T095LHX9N) noversion-1764109491.197 Flannel huddles/info is ENQUEUED 
[11/25/25, 15:24:51:197] info: [API-Q] (T095LHX9N) noversion-1764109491.197 Flannel huddles/info is ACTIVE 
[11/25/25, 15:24:51:198] info: [API-Q] (T095LHX9N) e147fbfc-1764109491.197 conversations.listPrefs called with reason: client_redux_store 
[11/25/25, 15:24:51:198] info: [API-Q] (T095LHX9N) e147fbfc-1764109491.197 conversations.listPrefs is ENQUEUED 
[11/25/25, 15:24:51:198] info: [API-Q] (T095LHX9N) e147fbfc-1764109491.197 conversations.listPrefs is ACTIVE 
[11/25/25, 15:24:51:198] info: [API-Q] (T095LHX9N) noversion-1764109491.198 Flannel users/counts called with reason: flannel-call:users/counts 
[11/25/25, 15:24:51:198] info: [API-Q] (T095LHX9N) noversion-1764109491.198 Flannel users/counts is ENQUEUED 
[11/25/25, 15:24:51:198] info: [API-Q] (T095LHX9N) noversion-1764109491.198 Flannel users/counts is ACTIVE 
[11/25/25, 15:24:51:198] info: [UFM] (T095LHX9N) requesting C09TW15MSKH (1) 
[11/25/25, 15:24:51:199] info: [UFM] (T095LHX9N) received C09TW15MSKH (1) 
[11/25/25, 15:24:51:199] info: [UFM-PERMISSIONS] (T095LHX9N) requesting CAN_AT_CHANNEL,CAN_AT_EVERYONE,ARCHIVE_CHANNEL (1) 
[11/25/25, 15:24:51:200] info: [API-Q] (T095LHX9N) noversion-1764109491.199 Flannel permissions/info called with reason: flannel-call:permissions/info 
[11/25/25, 15:24:51:200] info: [API-Q] (T095LHX9N) noversion-1764109491.199 Flannel permissions/info is ENQUEUED 
[11/25/25, 15:24:51:200] info: [API-Q] (T095LHX9N) noversion-1764109491.199 Flannel permissions/info is ACTIVE 
[11/25/25, 15:24:51:200] info: [API-Q] (T095LHX9N) noversion-1764109491.200 Flannel permissions/info called with reason: flannel-call:permissions/info 
[11/25/25, 15:24:51:201] info: [API-Q] (T095LHX9N) noversion-1764109491.200 Flannel permissions/info is ENQUEUED 
[11/25/25, 15:24:51:201] info: [API-Q] (T095LHX9N) noversion-1764109491.200 Flannel permissions/info is ACTIVE 
[11/25/25, 15:24:51:202] info: [API-Q] (T095LHX9N) e147fbfc-1764109491.202 bookmarks.list called with reason: bookmarks-store/conditional-fetching 
[11/25/25, 15:24:51:202] info: [API-Q] (T095LHX9N) e147fbfc-1764109491.202 bookmarks.list is ENQUEUED 
[11/25/25, 15:24:51:203] info: [API-Q] (T095LHX9N) e147fbfc-1764109491.202 bookmarks.list is ACTIVE 
[11/25/25, 15:24:51:222] info: [MESSAGE-LIST] (T095LHX9N) componentWillReceiveProps isLoading: true isLoadingOlder: true timestamps: 0 
[11/25/25, 15:24:51:225] info: [CHECK-UNREADS] (T095LHX9N) unreadLineVisible updated in main window container primary: true -> false 
[11/25/25, 15:24:51:242] info: [WD] All assets have reported back; s: 19; f: 0 
[11/25/25, 15:24:51:276] info: [DRAFTS] (T095LHX9N) Ensuring we have channel objects for all channels with drafts 
[11/25/25, 15:24:51:276] info: [BOOT] (T095LHX9N) Beaconed client boot mount success 
[11/25/25, 15:24:51:277] info: [API-Q] (T095LHX9N) e147fbfc-1764109491.276 sharedInvites.canGetLink called with reason: sidebar-mount 
[11/25/25, 15:24:51:277] info: [API-Q] (T095LHX9N) e147fbfc-1764109491.276 sharedInvites.canGetLink is ENQUEUED 
[11/25/25, 15:24:51:316] info: [API-Q] (T095LHX9N) e147fbfc-1764109491.276 sharedInvites.canGetLink is ACTIVE 
[11/25/25, 15:24:51:319] info: [API-Q] (T095LHX9N) noversion-1764109491.197 Flannel huddles/info is RESOLVED 
[11/25/25, 15:24:51:324] info: [API-Q] (T095LHX9N) noversion-1764109491.200 Flannel permissions/info is RESOLVED 
[11/25/25, 15:24:51:324] info: [UFM-MESSAGES] (T095LHX9N) requesting C095M2SMP-1733252733.509889,C04U87M0X55-1685048615.285539 (1) 
[11/25/25, 15:24:51:324] info: [API-Q] (T095LHX9N) e147fbfc-1764109491.324 messages.list called with reason: messages-ufm 
[11/25/25, 15:24:51:325] info: [API-Q] (T095LHX9N) e147fbfc-1764109491.324 messages.list is ENQUEUED 
[11/25/25, 15:24:51:325] info: [API-Q] (T095LHX9N) e147fbfc-1764109491.324 messages.list is ACTIVE 
[11/25/25, 15:24:51:325] info: [UFM-CHANNELS] (T095LHX9N) requesting D05D58FK9MJ (1) 
[11/25/25, 15:24:51:325] info: [API-Q] (T095LHX9N) noversion-1764109491.325 Flannel channels/info called with reason: flannel-call:channels/info 
[11/25/25, 15:24:51:326] info: [API-Q] (T095LHX9N) noversion-1764109491.325 Flannel channels/info is ENQUEUED 
[11/25/25, 15:24:51:326] info: [API-Q] (T095LHX9N) noversion-1764109491.325 Flannel channels/info is ACTIVE 
[11/25/25, 15:24:51:326] info: [DND_V2] (T095LHX9N) fetchAndUpsertDndForUsers - Preparing to fetch DND times for the following members: U08V8DJ5LP8 
[11/25/25, 15:24:51:326] info: [API-Q] (T095LHX9N) e147fbfc-1764109491.326 dnd.teamInfo called with reason: fetchAndUpsertDndForUsers-getDndTimesFor:others 
[11/25/25, 15:24:51:326] info: [API-Q] (T095LHX9N) e147fbfc-1764109491.326 dnd.teamInfo is ENQUEUED 
[11/25/25, 15:24:51:326] info: [API-Q] (T095LHX9N) e147fbfc-1764109491.326 dnd.teamInfo is ACTIVE 
[11/25/25, 15:24:51:327] info: [API-Q] (T095LHX9N) e147fbfc-1764109491.169 conversations.history is RESOLVED 
[11/25/25, 15:24:51:327] info: [API-Q] (T095LHX9N) e147fbfc-1764109491.197 conversations.listPrefs is RESOLVED 
[11/25/25, 15:24:51:330] info: [UFM] (T095LHX9N) received C09TW15MSKH (1) 
[11/25/25, 15:24:51:333] info: [API-Q] (T095LHX9N) e147fbfc-1764109491.170 conversations.history is RESOLVED 
[11/25/25, 15:24:51:334] info: [PLATFORM-CHANNEL-ACTI] (T095LHX9N) setting count for channel C09TW15MSKH to 0, and marking channel as stale. 
[11/25/25, 15:24:51:336] info: [API-Q] (T095LHX9N) e147fbfc-1764109491.202 bookmarks.list is RESOLVED 
[11/25/25, 15:24:51:342] info: [PLATFORM-CHANNEL-ACTI] (T095LHX9N) Not updating count for channel C09TW15MSKH, as count was already set to 0 
[11/25/25, 15:24:51:343] info: [PINS] (T095LHX9N) Pins count updated for channel C09TW15MSKH: 0 
[11/25/25, 15:24:51:349] info: [MESSAGE-LIST] (T095LHX9N) componentWillReceiveProps isLoading: false isLoadingOlder: false timestamps: 31 
[11/25/25, 15:24:51:487] info: [API-Q] (T095LHX9N) noversion-1764109491.486 Flannel users/list called with reason: flannel-call:users/list 
[11/25/25, 15:24:51:487] info: [API-Q] (T095LHX9N) noversion-1764109491.486 Flannel users/list is ENQUEUED 
[11/25/25, 15:24:51:487] info: [API-Q] (T095LHX9N) noversion-1764109491.486 Flannel users/list is ACTIVE 
[11/25/25, 15:24:51:488] info: [API-Q] (T095LHX9N) noversion-1764109491.198 Flannel users/counts is RESOLVED 
[11/25/25, 15:24:51:488] info: [API-Q] (T095LHX9N) e147fbfc-1764109491.276 sharedInvites.canGetLink is RESOLVED 
[11/25/25, 15:24:51:488] info: [API-Q] (T095LHX9N) noversion-1764109491.199 Flannel permissions/info is RESOLVED 
[11/25/25, 15:24:51:489] info: [API-Q] (T095LHX9N) e147fbfc-1764109491.324 messages.list is RESOLVED 
[11/25/25, 15:24:51:490] info: [API-Q] (T095LHX9N) e147fbfc-1764109491.326 dnd.teamInfo is RESOLVED 
[11/25/25, 15:24:51:490] info: [API-Q] (T095LHX9N) noversion-1764109491.325 Flannel channels/info is RESOLVED 
[11/25/25, 15:24:51:522] info: [UFM] (T095LHX9N) requesting C095M2SMP,C03SMG0M7HR,D098CC27XGV (1) 
[11/25/25, 15:24:51:522] info: [API-Q] (T095LHX9N) noversion-1764109491.521 Flannel huddles/info called with reason: flannel-call:huddles/info 
[11/25/25, 15:24:51:522] info: [API-Q] (T095LHX9N) noversion-1764109491.521 Flannel huddles/info is ENQUEUED 
[11/25/25, 15:24:51:522] info: [API-Q] (T095LHX9N) noversion-1764109491.521 Flannel huddles/info is ACTIVE 
[11/25/25, 15:24:51:525] info: [UFM-PERMISSIONS] (T095LHX9N) received CAN_AT_CHANNEL,CAN_AT_EVERYONE,ARCHIVE_CHANNEL (1) 
[11/25/25, 15:24:51:526] info: [UFM-MESSAGES] (T095LHX9N) received C095M2SMP-1733252733.509889,C04U87M0X55-1685048615.285539 (1) 
[11/25/25, 15:24:51:526] warn: UFM-messages (T095LHX9N) UnknownFetchManager requested 2 objects but received 0. Missing objects: C095M2SMP-1733252733.509889,C04U87M0X55-1685048615.285539 
[11/25/25, 15:24:51:526] info: [DND] (T095LHX9N) Fetched DND info for the following members: U08V8DJ5LP8 
[11/25/25, 15:24:51:527] info: [DND_V2] (T095LHX9N) Will check for changes in DND status again in 5 minutes 
[11/25/25, 15:24:51:529] info: [API-Q] (T095LHX9N) e147fbfc-1764109491.528 conversations.genericInfo called with reason: fallback:UnknownFetchManager 
[11/25/25, 15:24:51:529] info: [API-Q] (T095LHX9N) e147fbfc-1764109491.528 conversations.genericInfo is ENQUEUED 
[11/25/25, 15:24:51:529] info: [API-Q] (T095LHX9N) e147fbfc-1764109491.528 conversations.genericInfo is ACTIVE 
[11/25/25, 15:24:51:555] info: [API-Q] (T095LHX9N) noversion-1764109491.486 Flannel users/list is RESOLVED 
[11/25/25, 15:24:51:574] info: [API-Q] (T095LHX9N) noversion-1764109491.521 Flannel huddles/info is RESOLVED 
[11/25/25, 15:24:51:629] info: [UFM] (T095LHX9N) received C095M2SMP,C03SMG0M7HR,D098CC27XGV (1) 
[11/25/25, 15:24:51:652] info: [API-Q] (T095LHX9N) e147fbfc-1764109491.528 conversations.genericInfo is RESOLVED 
[11/25/25, 15:24:51:655] info: [UFM-CHANNELS] (T095LHX9N) received D05D58FK9MJ (1) 
[11/25/25, 15:24:51:665] info: [UFM-MESSAGES] (T095LHX9N) requesting D05D58FK9MJ-1693432966.276699 (1) 
[11/25/25, 15:24:51:665] info: [API-Q] (T095LHX9N) e147fbfc-1764109491.665 messages.list called with reason: messages-ufm 
[11/25/25, 15:24:51:665] info: [API-Q] (T095LHX9N) e147fbfc-1764109491.665 messages.list is ENQUEUED 
[11/25/25, 15:24:51:665] info: [API-Q] (T095LHX9N) e147fbfc-1764109491.665 messages.list is ACTIVE 
[11/25/25, 15:24:51:793] info: [API-Q] (T095LHX9N) e147fbfc-1764109491.665 messages.list is RESOLVED 
[11/25/25, 15:24:51:793] info: [UFM-MESSAGES] (T095LHX9N) received D05D58FK9MJ-1693432966.276699 (1) 
[11/25/25, 15:24:51:794] warn: UFM-messages (T095LHX9N) UnknownFetchManager requested 1 objects but received 0. Missing objects: D05D58FK9MJ-1693432966.276699 
[11/25/25, 15:24:52:879] info: [HISTORY-FETCH] (T095LHX9N) Fetching history for message pane: C09TW15MSKH oldest: 1763696735.553359 latest: null 
[11/25/25, 15:24:52:879] info: [API-Q] (T095LHX9N) e147fbfc-1764109492.878 conversations.history called with reason: message-pane/requestHistory 
[11/25/25, 15:24:52:879] info: [API-Q] (T095LHX9N) e147fbfc-1764109492.878 conversations.history is ENQUEUED 
[11/25/25, 15:24:52:890] info: [API-Q] (T095LHX9N) e147fbfc-1764109492.878 conversations.history is ACTIVE 
[11/25/25, 15:24:52:901] info: [MESSAGE-LIST] (T095LHX9N) componentWillReceiveProps isLoading: true isLoadingOlder: false timestamps: 31 
[11/25/25, 15:24:53:017] info: [API-Q] (T095LHX9N) e147fbfc-1764109492.878 conversations.history is RESOLVED 
[11/25/25, 15:24:53:018] info: [PLATFORM-CHANNEL-ACTI] (T095LHX9N) Not updating count for channel C09TW15MSKH, as count was already set to 0 
[11/25/25, 15:24:53:019] info: [PINS] (T095LHX9N) Pins count updated for channel C09TW15MSKH: 0 
[11/25/25, 15:24:53:020] info: [CHECK-UNREADS] (T095LHX9N) Not marking C09TW15MSKH because last_read >= latest && channel is read 
[11/25/25, 15:24:53:023] info: [API-Q] (T095LHX9N) noversion-1764109493.022 Flannel channels/info called with reason: flannel-call:channels/info 
[11/25/25, 15:24:53:023] info: [API-Q] (T095LHX9N) noversion-1764109493.022 Flannel channels/info is ENQUEUED 
[11/25/25, 15:24:53:023] info: [API-Q] (T095LHX9N) noversion-1764109493.022 Flannel channels/info is ACTIVE 
[11/25/25, 15:24:53:031] info: [MESSAGE-LIST] (T095LHX9N) componentWillReceiveProps isLoading: false isLoadingOlder: false timestamps: 32 
[11/25/25, 15:24:53:056] info: [CHECK-UNREADS] (T095LHX9N) unreadLineVisible updated in main window container primary: false -> true 
[11/25/25, 15:24:53:074] info: [API-Q] (T095LHX9N) e147fbfc-1764109493.073 promo.campaigns.eligibilityInfo called with reason: no_reason_provided 
[11/25/25, 15:24:53:074] info: [API-Q] (T095LHX9N) e147fbfc-1764109493.073 promo.campaigns.eligibilityInfo is ENQUEUED 
[11/25/25, 15:24:53:074] info: [API-Q] (T095LHX9N) e147fbfc-1764109493.073 promo.campaigns.eligibilityInfo is ACTIVE 
[11/25/25, 15:24:53:106] info: [API-Q] (T095LHX9N) noversion-1764109493.022 Flannel channels/info is RESOLVED 
[11/25/25, 15:24:53:130] info: [API-Q] (T095LHX9N) e147fbfc-1764109493.129 conversations.genericInfo called with reason: fallback:fetchAndUpsertChannelsById 
[11/25/25, 15:24:53:130] info: [API-Q] (T095LHX9N) e147fbfc-1764109493.129 conversations.genericInfo is ENQUEUED 
[11/25/25, 15:24:53:130] info: [API-Q] (T095LHX9N) e147fbfc-1764109493.129 conversations.genericInfo is ACTIVE 
[11/25/25, 15:24:53:258] info: [API-Q] (T095LHX9N) e147fbfc-1764109493.129 conversations.genericInfo is RESOLVED 
[11/25/25, 15:24:53:282] info: [API-Q] (T095LHX9N) e147fbfc-1764109493.073 promo.campaigns.eligibilityInfo is RESOLVED 
[11/25/25, 15:24:53:332] info: [API-Q] (T095LHX9N) noversion-1764109493.331 Flannel channels/membership called with reason: flannel-call:channels/membership 
[11/25/25, 15:24:53:332] info: [API-Q] (T095LHX9N) noversion-1764109493.331 Flannel channels/membership is ENQUEUED 
[11/25/25, 15:24:53:332] info: [API-Q] (T095LHX9N) noversion-1764109493.331 Flannel channels/membership is ACTIVE 
[11/25/25, 15:24:53:372] info: [API-Q] (T095LHX9N) noversion-1764109493.331 Flannel channels/membership is RESOLVED 
[11/25/25, 15:24:53:417] info: [CHECK-UNREADS] (T095LHX9N) Checking unreads after unread line became visible 
[11/25/25, 15:24:53:417] info: [CHECK-UNREADS] (T095LHX9N) Not marking C09TW15MSKH because last_read >= latest && channel is read 
[11/25/25, 15:24:53:646] info: [SET-LAST-READ] (T095LHX9N) delay resolved, marking D08T2G33XDM:1764106168.212719 with API 
[11/25/25, 15:24:53:646] info: [SET-LAST-READ] (T095LHX9N) dispatch conversations.mark with markWithAPI D08T2G33XDM:1764106168.212719 
[11/25/25, 15:24:53:647] info: [API-Q] (T095LHX9N) e147fbfc-1764109493.646 conversations.mark called with reason: viewed 
[11/25/25, 15:24:53:647] info: [API-Q] (T095LHX9N) e147fbfc-1764109493.646 conversations.mark is ENQUEUED 
[11/25/25, 15:24:53:648] info: [API-Q] (T095LHX9N) e147fbfc-1764109493.646 conversations.mark is ACTIVE 
[11/25/25, 15:24:53:835] info: [API-Q] (T095LHX9N) e147fbfc-1764109493.646 conversations.mark is RESOLVED 
[11/25/25, 15:24:53:873] info: [RTM-BADGE-COUNTS-UPDA] (T095LHX9N) badge_counts_updated 
[11/25/25, 15:24:57:682] info: [UFM-PERMISSIONS] (T095LHX9N) requesting DELETE_OWN_MESSAGE (1) 
[11/25/25, 15:24:57:682] info: [API-Q] (T095LHX9N) noversion-1764109497.682 Flannel permissions/info called with reason: flannel-call:permissions/info 
[11/25/25, 15:24:57:682] info: [API-Q] (T095LHX9N) noversion-1764109497.682 Flannel permissions/info is ENQUEUED 
[11/25/25, 15:24:57:682] info: [API-Q] (T095LHX9N) noversion-1764109497.682 Flannel permissions/info is ACTIVE 
[11/25/25, 15:24:57:728] info: [API-Q] (T095LHX9N) noversion-1764109497.682 Flannel permissions/info is RESOLVED 
[11/25/25, 15:24:57:728] info: [UFM-PERMISSIONS] (T095LHX9N) received DELETE_OWN_MESSAGE (1) 
[11/25/25, 15:24:58:640] info: [ACTION:CHANNEL-SIDEBAR] Selected C03SMG0M7HR 
[11/25/25, 15:24:58:642] info: [CHANNEL-SIDEBAR] (T095LHX9N) onItemSelect C03SMG0M7HR 
[11/25/25, 15:24:58:643] info: [NAVIGATE-IN-MAIN-WIND] Starting a new navigation event {"id":"C03SMG0M7HR","viewType":"Channel","options":{}} 
[11/25/25, 15:24:58:647] info: [APPLY-DETAIL-VIEW] ViewSet with detail view applied {"viewSet":{"primary":{"id":"C03SMG0M7HR","viewType":"Channel","uiState":{"preventMoveFocus":false}}}} 
[11/25/25, 15:24:58:648] info: [APPLY-DETAIL-VIEW] ViewSet with channel canvas applied {"viewSet":{"primary":{"id":"C03SMG0M7HR","viewType":"Channel","uiState":{"preventMoveFocus":false}}}} 
[11/25/25, 15:24:58:648] info: [NAVIGATE-IN-MAIN-WIND] Applying changes to the primary container {"viewSet":{"sidebar":{"id":"ChannelList","viewType":"ChannelList","uiState":{"ghostLastRead":"0000000000.000000"}},"primary":{"id":"C03SMG0M7HR","viewType":"Channel","uiState":{"preventMoveFocus":false}}},"nextTab":"home"} 
[11/25/25, 15:24:58:649] info: [NAVIGATION-MIDDLEWARE] Starting a new navigation middleware execution {"context":"navigation","nextViewSet":{"sidebar":{"id":"ChannelList","viewType":"ChannelList","uiState":{"ghostLastRead":"0000000000.000000"}},"primary":{"id":"C03SMG0M7HR","viewType":"Channel","uiState":{"preventMoveFocus":false}}},"middlewareCount":20,"nextTab":"home"} 
[11/25/25, 15:24:58:652] info: [NAVIGATION-MIDDLEWARE] Async action execution is complete for a view {"nextView":{"id":"ChannelList","viewType":"ChannelList","uiState":{"ghostLastRead":"0000000000.000000"}},"results":[["UserIdToDMIdMiddleware",false],["AttemptToStopEditingInChannel",false],["AttemptToStopEditingSalesforceForm",false],["PreventVideoRecorderModalClose",false],["OpenConversationWithIds",false],["EnsureChannel",false],["EnsureAppViewType",false],["RedirectFileChannel",false],["RedirectChannelCanvasToCanvas",false],["RedirectFileChannel",false],["SyncSearchTab",false],["RedirectHuddleRecordChannel",false],["EnsureCannedCanvasTemplates",false],["EnsureChannelHasParentTabMiddleware",false],["TriggerMegaphoneGalleryFlow",false],["MaybeCloseSecondaryViewAfterSplit",false],["CanvasSetScrollParam",false],["RedirectSlackbotHistory",false],["RedirectSlackbotBadge",false],["EnsureActivityInboxMiddleware",false]],"shouldTerminateNavigation":false,"executionTime":2.300000000745058,"nextTab":"home"} 
[11/25/25, 15:24:58:653] info: [NAVIGATION-MIDDLEWARE] Finish middleware execution for sidebar container {"maybeTransformedViewSet":{"sidebar":{"id":"ChannelList","viewType":"ChannelList","uiState":{"ghostLastRead":"0000000000.000000"}},"primary":{"id":"C03SMG0M7HR","viewType":"Channel","uiState":{"preventMoveFocus":false}}},"terminateNavigation":false,"isViewTransformed":false,"iterationCount":0,"executionTime":3.300000000745058} 
[11/25/25, 15:24:58:653] info: [NAVIGATION-MIDDLEWARE] Async action execution is complete for a view {"nextView":{"id":"C03SMG0M7HR","viewType":"Channel","uiState":{"preventMoveFocus":false}},"results":[["UserIdToDMIdMiddleware",false],["AttemptToStopEditingInChannel",false],["AttemptToStopEditingSalesforceForm",false],["PreventVideoRecorderModalClose",false],["OpenConversationWithIds",false],["EnsureChannel",false],["EnsureAppViewType",false],["RedirectFileChannel",false],["RedirectChannelCanvasToCanvas",false],["RedirectFileChannel",false],["SyncSearchTab",false],["RedirectHuddleRecordChannel",false],["EnsureCannedCanvasTemplates",false],["EnsureChannelHasParentTabMiddleware",false],["TriggerMegaphoneGalleryFlow",false],["MaybeCloseSecondaryViewAfterSplit",false],["CanvasSetScrollParam",false],["RedirectSlackbotHistory",false],["RedirectSlackbotBadge",false],["EnsureActivityInboxMiddleware",false]],"shouldTerminateNavigation":false,"executionTime":0.30000000074505806,"nextTab":"home"} 
[11/25/25, 15:24:58:654] info: [APPLY-DETAIL-VIEW] ViewSet with detail view applied {"viewSet":{"sidebar":{"id":"ChannelList","viewType":"ChannelList","uiState":{"ghostLastRead":"0000000000.000000"}},"primary":{"id":"C03SMG0M7HR","viewType":"Channel","params":{"parentTab":"C03SMG0M7HR"},"uiState":{"preventMoveFocus":false}}}} 
[11/25/25, 15:24:58:654] info: [APPLY-DETAIL-VIEW] ViewSet with channel canvas applied {"viewSet":{"sidebar":{"id":"ChannelList","viewType":"ChannelList","uiState":{"ghostLastRead":"0000000000.000000"}},"primary":{"id":"C03SMG0M7HR","viewType":"Channel","params":{"parentTab":"C03SMG0M7HR"},"uiState":{"preventMoveFocus":false}}}} 
[11/25/25, 15:24:58:654] info: [NAVIGATION-MIDDLEWARE] View has been transformed {"container":"primary","initialView":{"id":"C03SMG0M7HR","viewType":"Channel","uiState":{"preventMoveFocus":false}},"transformedView":{"id":"C03SMG0M7HR","viewType":"Channel","params":{"parentTab":"C03SMG0M7HR"},"uiState":{"preventMoveFocus":false}},"iterationCount":0} 
[11/25/25, 15:24:58:655] info: [NAVIGATION-MIDDLEWARE] Skipping middleware execution for sidebar container as we have cached value {"initialView":{"id":"ChannelList","viewType":"ChannelList","uiState":{"ghostLastRead":"0000000000.000000"}},"iterationCount":1} 
[11/25/25, 15:24:58:655] info: [NAVIGATION-MIDDLEWARE] Async action execution is complete for a view {"nextView":{"id":"C03SMG0M7HR","viewType":"Channel","params":{"parentTab":"C03SMG0M7HR"},"uiState":{"preventMoveFocus":false}},"results":[["UserIdToDMIdMiddleware",false],["AttemptToStopEditingInChannel",false],["AttemptToStopEditingSalesforceForm",false],["PreventVideoRecorderModalClose",false],["OpenConversationWithIds",false],["EnsureChannel",false],["EnsureAppViewType",false],["RedirectFileChannel",false],["RedirectChannelCanvasToCanvas",false],["RedirectFileChannel",false],["SyncSearchTab",false],["RedirectHuddleRecordChannel",false],["EnsureCannedCanvasTemplates",false],["EnsureChannelHasParentTabMiddleware",false],["TriggerMegaphoneGalleryFlow",false],["MaybeCloseSecondaryViewAfterSplit",false],["CanvasSetScrollParam",false],["RedirectSlackbotHistory",false],["RedirectSlackbotBadge",false],["EnsureActivityInboxMiddleware",false]],"shouldTerminateNavigation":false,"executionTime":0.30000000074505806,"nextTab":"home"} 
[11/25/25, 15:24:58:656] info: [NAVIGATION-MIDDLEWARE] Finish middleware execution for primary container {"maybeTransformedViewSet":{"sidebar":{"id":"ChannelList","viewType":"ChannelList","uiState":{"ghostLastRead":"0000000000.000000"}},"primary":{"id":"C03SMG0M7HR","viewType":"Channel","params":{"parentTab":"C03SMG0M7HR"},"uiState":{"preventMoveFocus":false}}},"terminateNavigation":false,"isViewTransformed":false,"iterationCount":1,"executionTime":0.8999999985098839} 
[11/25/25, 15:24:58:656] info: [NAVIGATION-MIDDLEWARE] Finish middleware execution for primary container {"maybeTransformedViewSet":{"sidebar":{"id":"ChannelList","viewType":"ChannelList","uiState":{"ghostLastRead":"0000000000.000000"}},"primary":{"id":"C03SMG0M7HR","viewType":"Channel","params":{"parentTab":"C03SMG0M7HR"},"uiState":{"preventMoveFocus":false}}},"terminateNavigation":false,"isViewTransformed":true,"iterationCount":0,"executionTime":3.399999998509884} 
[11/25/25, 15:24:58:656] info: [NAVIGATION-MIDDLEWARE] Navigation middleware execution is complete {"maybeUpdatedViewSet":{"sidebar":{"id":"ChannelList","viewType":"ChannelList","uiState":{"ghostLastRead":"0000000000.000000"}},"primary":{"id":"C03SMG0M7HR","viewType":"Channel","params":{"parentTab":"C03SMG0M7HR"},"uiState":{"preventMoveFocus":false}}},"terminateNavigation":false,"executionTime":7.399999998509884,"nextTab":"home"} 
[11/25/25, 15:24:58:656] info: [NAVIGATE-IN-MAIN-WIND] Built view set after middleware {"viewSet":{"sidebar":{"id":"ChannelList","viewType":"ChannelList","uiState":{"ghostLastRead":"0000000000.000000"}},"primary":{"id":"C03SMG0M7HR","viewType":"Channel","params":{"parentTab":"C03SMG0M7HR"},"uiState":{"preventMoveFocus":false}}},"nextTab":"home"} 
[11/25/25, 15:24:58:665] info: [NAVIGATE-LISTENERS] (T095LHX9N) Starting navigation listeners for triggerType NAVIGATION 
[11/25/25, 15:24:58:675] info: [SET-LAST-READ] (T095LHX9N) markLastRead C03SMG0M7HR:1764033196.361809, immediate: false 
[11/25/25, 15:24:58:678] info: [SET-LAST-READ] (T095LHX9N) delaying C03SMG0M7HR:1764033196.361809 mark by 1972.2918501674924ms 
[11/25/25, 15:24:58:684] info: [NAVIGATE-LISTENERS] (T095LHX9N) Navigation listeners complete without errors 
[11/25/25, 15:24:58:684] info: [NAVIGATE-IN-MAIN-WIND]  Navigation thunk execution complete {"id":"C03SMG0M7HR","viewType":"Channel","options":{}} 
[11/25/25, 15:24:58:689] info: [UNREAD-COUNTS] (T095LHX9N) Counting unreads in C03SMG0M7HR because last_read changed to 1764033196.361809 
[11/25/25, 15:24:58:689] info: [UNREAD-COUNTS] (T095LHX9N) Fetching history for unread counting: C03SMG0M7HR, waiting 0 ms 
[11/25/25, 15:24:58:690] info: Breadcrumb: ui.click: div.p-channel_sidebar__channel.p-channel_sidebar__channel--sidebar-section-header-update.p-channel_sidebar__channel--unread  
[11/25/25, 15:24:58:796] info: [MESSAGE-LIST] (T095LHX9N) getScrollmark reason:channel_change channelId:C09TW15MSKH at end 
[11/25/25, 15:24:58:804] info: [MESSAGE-LIST] (T095LHX9N) Switching channels: C03SMG0M7HR timestamps: 3 
[11/25/25, 15:24:58:805] info: [MESSAGE-LIST] (T095LHX9N) requestAround channelId: C03SMG0M7HR isLoading: false timestamps: 3 reachedStart: false reachedEnd: false 
[11/25/25, 15:24:58:805] info: [HISTORY-FETCH] (T095LHX9N) Fetching history for message pane: C03SMG0M7HR oldest: 1764033196.361809 latest: 1763774210.718499 
[11/25/25, 15:24:58:808] info: [API-Q] (T095LHX9N) e147fbfc-1764109498.805 conversations.history called with reason: message-pane/requestHistory 
[11/25/25, 15:24:58:808] info: [API-Q] (T095LHX9N) e147fbfc-1764109498.805 conversations.history is ENQUEUED 
[11/25/25, 15:24:58:808] info: [API-Q] (T095LHX9N) e147fbfc-1764109498.807 conversations.history called with reason: message-pane/requestHistory 
[11/25/25, 15:24:58:809] info: [API-Q] (T095LHX9N) e147fbfc-1764109498.807 conversations.history is ENQUEUED 
[11/25/25, 15:24:59:017] info: [API-Q] (T095LHX9N) noversion-1764109499.015 Flannel users/list called with reason: flannel-call:users/list 
[11/25/25, 15:24:59:017] info: [API-Q] (T095LHX9N) noversion-1764109499.015 Flannel users/list is ENQUEUED 
[11/25/25, 15:24:59:018] info: [API-Q] (T095LHX9N) e147fbfc-1764109498.805 conversations.history is ACTIVE 
[11/25/25, 15:24:59:018] info: [API-Q] (T095LHX9N) e147fbfc-1764109498.807 conversations.history is ACTIVE 
[11/25/25, 15:24:59:018] info: [API-Q] (T095LHX9N) noversion-1764109499.015 Flannel users/list is ACTIVE 
[11/25/25, 15:24:59:107] info: [HISTORY-FETCH] (T095LHX9N) Fetching history for unread counting: C03SMG0M7HR 
[11/25/25, 15:24:59:108] info: [API-Q] (T095LHX9N) e147fbfc-1764109499.107 conversations.history called with reason: unread-counts/onLastReadUpdated 
[11/25/25, 15:24:59:108] info: [API-Q] (T095LHX9N) e147fbfc-1764109499.107 conversations.history is ENQUEUED 
[11/25/25, 15:24:59:108] info: [API-Q] (T095LHX9N) e147fbfc-1764109499.107 conversations.history is ACTIVE 
[11/25/25, 15:24:59:109] info: [API-Q] (T095LHX9N) e147fbfc-1764109499.108 conversations.listPrefs called with reason: client_redux_store 
[11/25/25, 15:24:59:109] info: [API-Q] (T095LHX9N) e147fbfc-1764109499.108 conversations.listPrefs is ENQUEUED 
[11/25/25, 15:24:59:109] info: [API-Q] (T095LHX9N) e147fbfc-1764109499.108 conversations.listPrefs is ACTIVE 
[11/25/25, 15:24:59:109] info: [API-Q] (T095LHX9N) noversion-1764109499.109 Flannel users/counts called with reason: flannel-call:users/counts 
[11/25/25, 15:24:59:110] info: [API-Q] (T095LHX9N) noversion-1764109499.109 Flannel users/counts is ENQUEUED 
[11/25/25, 15:24:59:110] info: [API-Q] (T095LHX9N) noversion-1764109499.109 Flannel users/counts is ACTIVE 
[11/25/25, 15:24:59:110] info: [UFM] (T095LHX9N) requesting C03SMG0M7HR (1) 
[11/25/25, 15:24:59:110] info: [UFM] (T095LHX9N) received C03SMG0M7HR (1) 
[11/25/25, 15:24:59:111] info: [UFM] (T095LHX9N) requesting F09EDM6TQ5U (1) 
[11/25/25, 15:24:59:111] info: [API-Q] (T095LHX9N) e147fbfc-1764109499.111 quip.lookupThreadIds called with reason: fetch-quip-ids 
[11/25/25, 15:24:59:112] info: [API-Q] (T095LHX9N) e147fbfc-1764109499.111 quip.lookupThreadIds is ENQUEUED 
[11/25/25, 15:24:59:112] info: [API-Q] (T095LHX9N) e147fbfc-1764109499.111 quip.lookupThreadIds is ACTIVE 
[11/25/25, 15:24:59:112] info: [UFM-FILES] (T095LHX9N) requesting F09EDM6TQ5U (1) 
[11/25/25, 15:24:59:112] info: [API-Q] (T095LHX9N) e147fbfc-1764109499.112 files.info called with reason: files-store-unknown-fetch 
[11/25/25, 15:24:59:113] info: [API-Q] (T095LHX9N) e147fbfc-1764109499.112 files.info is ENQUEUED 
[11/25/25, 15:24:59:113] info: [API-Q] (T095LHX9N) e147fbfc-1764109499.112 files.info is ACTIVE 
[11/25/25, 15:24:59:113] info: [UFM-PERMISSIONS] (T095LHX9N) requesting CAN_AT_CHANNEL,CAN_AT_EVERYONE,ARCHIVE_CHANNEL (1) 
[11/25/25, 15:24:59:113] info: [API-Q] (T095LHX9N) noversion-1764109499.113 Flannel permissions/info called with reason: flannel-call:permissions/info 
[11/25/25, 15:24:59:113] info: [API-Q] (T095LHX9N) noversion-1764109499.113 Flannel permissions/info is ENQUEUED 
[11/25/25, 15:24:59:113] info: [API-Q] (T095LHX9N) noversion-1764109499.113 Flannel permissions/info is ACTIVE 
[11/25/25, 15:24:59:114] info: [HISTORY-CFM] (T095LHX9N) Re-fetching C03SMG0M7HR 1763774210.718499 - 1764033196.361809 
[11/25/25, 15:24:59:114] info: [API-Q] (T095LHX9N) e147fbfc-1764109499.114 conversations.history called with reason: channel-history-store.CFM.fetch 
[11/25/25, 15:24:59:115] info: [API-Q] (T095LHX9N) e147fbfc-1764109499.114 conversations.history is ENQUEUED 
[11/25/25, 15:24:59:115] info: [API-Q] (T095LHX9N) e147fbfc-1764109499.114 conversations.history is ACTIVE 
[11/25/25, 15:24:59:115] info: [UFM-REACJITRIGGERS] (T095LHX9N) requesting C03SMG0M7HR (1) 
[11/25/25, 15:24:59:115] info: [API-Q] (T095LHX9N) e147fbfc-1764109499.115 conversations.bulkReacjiTriggers called with reason: reacji_triggers_ufm 
[11/25/25, 15:24:59:115] info: [API-Q] (T095LHX9N) e147fbfc-1764109499.115 conversations.bulkReacjiTriggers is ENQUEUED 
[11/25/25, 15:24:59:122] info: [API-Q] (T095LHX9N) e147fbfc-1764109499.122 bookmarks.list called with reason: bookmarks-store/conditional-fetching 
[11/25/25, 15:24:59:123] info: [API-Q] (T095LHX9N) e147fbfc-1764109499.122 bookmarks.list is ENQUEUED 
[11/25/25, 15:24:59:128] info: [MESSAGE-LIST] (T095LHX9N) componentWillReceiveProps isLoading: true isLoadingOlder: true timestamps: 3 
[11/25/25, 15:24:59:145] info: [API-Q] (T095LHX9N) noversion-1764109499.015 Flannel users/list is RESOLVED 
[11/25/25, 15:24:59:145] info: [API-Q] (T095LHX9N) e147fbfc-1764109499.115 conversations.bulkReacjiTriggers is ACTIVE 
[11/25/25, 15:24:59:161] info: [API-Q] (T095LHX9N) noversion-1764109499.109 Flannel users/counts is RESOLVED 
[11/25/25, 15:24:59:162] info: [API-Q] (T095LHX9N) e147fbfc-1764109499.122 bookmarks.list is ACTIVE 
[11/25/25, 15:24:59:163] info: [API-Q] (T095LHX9N) e147fbfc-1764109498.807 conversations.history is RESOLVED 
[11/25/25, 15:24:59:185] info: [API-Q] (T095LHX9N) noversion-1764109499.184 Flannel users/info called with reason: flannel-call:users/info 
[11/25/25, 15:24:59:185] info: [API-Q] (T095LHX9N) noversion-1764109499.184 Flannel users/info is ENQUEUED 
[11/25/25, 15:24:59:185] info: [API-Q] (T095LHX9N) noversion-1764109499.184 Flannel users/info is ACTIVE 
[11/25/25, 15:24:59:186] info: [API-Q] (T095LHX9N) noversion-1764109499.113 Flannel permissions/info is RESOLVED 
[11/25/25, 15:24:59:188] info: [PLATFORM-CHANNEL-ACTI] (T095LHX9N) setting count for channel C03SMG0M7HR to 0, and marking channel as stale. 
[11/25/25, 15:24:59:198] info: [UFM-PERMISSIONS] (T095LHX9N) received CAN_AT_CHANNEL,CAN_AT_EVERYONE,ARCHIVE_CHANNEL (1) 
[11/25/25, 15:24:59:201] info: [API-Q] (T095LHX9N) e147fbfc-1764109498.805 conversations.history is RESOLVED 
[11/25/25, 15:24:59:220] info: [PLATFORM-CHANNEL-ACTI] (T095LHX9N) Not updating count for channel C03SMG0M7HR, as count was already set to 0 
[11/25/25, 15:24:59:222] info: [PINS] (T095LHX9N) Pins count updated for channel C03SMG0M7HR: 0 
[11/25/25, 15:24:59:224] info: [UNREAD-COUNTS] (T095LHX9N) Short-circuiting re-count in C03SMG0M7HR because channel is already unread 
[11/25/25, 15:24:59:230] info: [MESSAGE-LIST] (T095LHX9N) componentWillReceiveProps isLoading: false isLoadingOlder: false timestamps: 30 
[11/25/25, 15:24:59:270] info: [API-Q] (T095LHX9N) noversion-1764109499.184 Flannel users/info is RESOLVED 
[11/25/25, 15:24:59:271] info: [API-Q] (T095LHX9N) e147fbfc-1764109499.108 conversations.listPrefs is RESOLVED 
[11/25/25, 15:24:59:271] info: [API-Q] (T095LHX9N) e147fbfc-1764109499.111 quip.lookupThreadIds is RESOLVED 
[11/25/25, 15:24:59:273] info: [API-Q] (T095LHX9N) e147fbfc-1764109499.114 conversations.history is RESOLVED 
[11/25/25, 15:24:59:274] info: [API-Q] (T095LHX9N) e147fbfc-1764109499.107 conversations.history is RESOLVED 
[11/25/25, 15:24:59:278] info: [API-Q] (T095LHX9N) e147fbfc-1764109499.115 conversations.bulkReacjiTriggers is RESOLVED 
[11/25/25, 15:24:59:280] info: [UFM] (T095LHX9N) received F09EDM6TQ5U (1) 
[11/25/25, 15:24:59:282] info: [PLATFORM-CHANNEL-ACTI] (T095LHX9N) Not updating count for channel C03SMG0M7HR, as count was already set to 0 
[11/25/25, 15:24:59:283] info: [UNREAD-COUNTS] (T095LHX9N) Short-circuiting re-count in C03SMG0M7HR because channel is already unread 
[11/25/25, 15:24:59:285] info: [PLATFORM-CHANNEL-ACTI] (T095LHX9N) Not updating count for channel C03SMG0M7HR, as count was already set to 0 
[11/25/25, 15:24:59:286] info: [PINS] (T095LHX9N) Pins count updated for channel C03SMG0M7HR: 0 
[11/25/25, 15:24:59:286] info: [COUNTS] (T095LHX9N) Updated unread_cnt for C03SMG0M7HR: 0 
[11/25/25, 15:24:59:287] info: [CHECK-UNREADS] (T095LHX9N) Not marking C03SMG0M7HR because last_read >= latest && channel is read 
[11/25/25, 15:24:59:336] info: [CHECK-UNREADS] (T095LHX9N) unreadLineVisible updated in main window container primary: false -> true 
[11/25/25, 15:24:59:354] info: [UFM-REACJITRIGGERS] (T095LHX9N) received C03SMG0M7HR (1) 
[11/25/25, 15:24:59:355] info: [API-Q] (T095LHX9N) e147fbfc-1764109499.122 bookmarks.list is RESOLVED 
[11/25/25, 15:24:59:356] info: [API-Q] (T095LHX9N) e147fbfc-1764109499.112 files.info is RESOLVED 
[11/25/25, 15:24:59:401] info: [API-Q] (T095LHX9N) noversion-1764109499.400 Flannel channels/membership called with reason: flannel-call:channels/membership 
[11/25/25, 15:24:59:401] info: [API-Q] (T095LHX9N) noversion-1764109499.400 Flannel channels/membership is ENQUEUED 
[11/25/25, 15:24:59:401] info: [API-Q] (T095LHX9N) noversion-1764109499.400 Flannel channels/membership is ACTIVE 
[11/25/25, 15:24:59:402] info: [UFM-FILES] (T095LHX9N) received F09EDM6TQ5U (1) 
[11/25/25, 15:24:59:528] info: [API-Q] (T095LHX9N) noversion-1764109499.400 Flannel channels/membership is RESOLVED 
[11/25/25, 15:24:59:691] info: [CHECK-UNREADS] (T095LHX9N) Checking unreads after unread line became visible 
[11/25/25, 15:24:59:691] info: [CHECK-UNREADS] (T095LHX9N) Not marking C03SMG0M7HR because last_read >= latest && channel is read 
[11/25/25, 15:25:00:651] info: [SET-LAST-READ] (T095LHX9N) delay resolved, marking C03SMG0M7HR:1764033196.361809 with API 
[11/25/25, 15:25:00:651] info: [SET-LAST-READ] (T095LHX9N) dispatch conversations.mark with markWithAPI C03SMG0M7HR:1764033196.361809 
[11/25/25, 15:25:00:651] info: [API-Q] (T095LHX9N) e147fbfc-1764109500.650 conversations.mark called with reason: viewed 
[11/25/25, 15:25:00:651] info: [API-Q] (T095LHX9N) e147fbfc-1764109500.650 conversations.mark is ENQUEUED 
[11/25/25, 15:25:00:651] info: [API-Q] (T095LHX9N) e147fbfc-1764109500.650 conversations.mark is ACTIVE 
[11/25/25, 15:25:00:820] info: [API-Q] (T095LHX9N) e147fbfc-1764109500.650 conversations.mark is RESOLVED 
[11/25/25, 15:25:06:707] info: [FOCUS-EVENT] (T095LHX9N) Main window blurred 
[11/25/25, 15:25:38:155] info: [FOCUS-EVENT] (T095LHX9N) Main window focused 
[11/25/25, 15:25:38:196] info: [CHECK-UNREADS] (T095LHX9N) Checking unreads after window became focused 
[11/25/25, 15:25:38:197] info: [CHECK-UNREADS] (T095LHX9N) Not marking C03SMG0M7HR because last_read >= latest && channel is read 
[11/25/25, 15:25:39:536] info: [ACTION:CHANNEL-SIDEBAR] Selected C095M2SMP 
[11/25/25, 15:25:39:536] info: [CHANNEL-SIDEBAR] (T095LHX9N) onItemSelect C095M2SMP 
[11/25/25, 15:25:39:537] info: [NAVIGATE-IN-MAIN-WIND] Starting a new navigation event {"id":"C095M2SMP","viewType":"Channel","options":{}} 
[11/25/25, 15:25:39:538] info: [APPLY-DETAIL-VIEW] ViewSet with detail view applied {"viewSet":{"primary":{"id":"C095M2SMP","viewType":"Channel","uiState":{"preventMoveFocus":false}}}} 
[11/25/25, 15:25:39:538] info: [APPLY-DETAIL-VIEW] ViewSet with channel canvas applied {"viewSet":{"primary":{"id":"C095M2SMP","viewType":"Channel","uiState":{"preventMoveFocus":false}}}} 
[11/25/25, 15:25:39:538] info: [NAVIGATE-IN-MAIN-WIND] Applying changes to the primary container {"viewSet":{"sidebar":{"id":"ChannelList","viewType":"ChannelList","uiState":{"ghostLastRead":"1763869774.473059"}},"primary":{"id":"C095M2SMP","viewType":"Channel","uiState":{"preventMoveFocus":false}}},"nextTab":"home"} 
[11/25/25, 15:25:39:538] info: [NAVIGATION-MIDDLEWARE] Starting a new navigation middleware execution {"context":"navigation","nextViewSet":{"sidebar":{"id":"ChannelList","viewType":"ChannelList","uiState":{"ghostLastRead":"1763869774.473059"}},"primary":{"id":"C095M2SMP","viewType":"Channel","uiState":{"preventMoveFocus":false}}},"middlewareCount":20,"nextTab":"home"} 
[11/25/25, 15:25:39:539] info: [NAVIGATION-MIDDLEWARE] Async action execution is complete for a view {"nextView":{"id":"ChannelList","viewType":"ChannelList","uiState":{"ghostLastRead":"1763869774.473059"}},"results":[["UserIdToDMIdMiddleware",false],["AttemptToStopEditingInChannel",false],["AttemptToStopEditingSalesforceForm",false],["PreventVideoRecorderModalClose",false],["OpenConversationWithIds",false],["EnsureChannel",false],["EnsureAppViewType",false],["RedirectFileChannel",false],["RedirectChannelCanvasToCanvas",false],["RedirectFileChannel",false],["SyncSearchTab",false],["RedirectHuddleRecordChannel",false],["EnsureCannedCanvasTemplates",false],["EnsureChannelHasParentTabMiddleware",false],["TriggerMegaphoneGalleryFlow",false],["MaybeCloseSecondaryViewAfterSplit",false],["CanvasSetScrollParam",false],["RedirectSlackbotHistory",false],["RedirectSlackbotBadge",false],["EnsureActivityInboxMiddleware",false]],"shouldTerminateNavigation":false,"executionTime":0.4000000022351742,"nextTab":"home"} 
[11/25/25, 15:25:39:539] info: [NAVIGATION-MIDDLEWARE] Finish middleware execution for sidebar container {"maybeTransformedViewSet":{"sidebar":{"id":"ChannelList","viewType":"ChannelList","uiState":{"ghostLastRead":"1763869774.473059"}},"primary":{"id":"C095M2SMP","viewType":"Channel","uiState":{"preventMoveFocus":false}}},"terminateNavigation":false,"isViewTransformed":false,"iterationCount":0,"executionTime":0.5} 
[11/25/25, 15:25:39:539] info: [NAVIGATION-MIDDLEWARE] Async action execution is complete for a view {"nextView":{"id":"C095M2SMP","viewType":"Channel","uiState":{"preventMoveFocus":false}},"results":[["UserIdToDMIdMiddleware",false],["AttemptToStopEditingInChannel",false],["AttemptToStopEditingSalesforceForm",false],["PreventVideoRecorderModalClose",false],["OpenConversationWithIds",false],["EnsureChannel",false],["EnsureAppViewType",false],["RedirectFileChannel",false],["RedirectChannelCanvasToCanvas",false],["RedirectFileChannel",false],["SyncSearchTab",false],["RedirectHuddleRecordChannel",false],["EnsureCannedCanvasTemplates",false],["EnsureChannelHasParentTabMiddleware",false],["TriggerMegaphoneGalleryFlow",false],["MaybeCloseSecondaryViewAfterSplit",false],["CanvasSetScrollParam",false],["RedirectSlackbotHistory",false],["RedirectSlackbotBadge",false],["EnsureActivityInboxMiddleware",false]],"shouldTerminateNavigation":false,"executionTime":0.10000000149011612,"nextTab":"home"} 
[11/25/25, 15:25:39:539] info: [APPLY-DETAIL-VIEW] ViewSet with detail view applied {"viewSet":{"sidebar":{"id":"ChannelList","viewType":"ChannelList","uiState":{"ghostLastRead":"1763869774.473059"}},"primary":{"id":"C095M2SMP","viewType":"Channel","params":{"parentTab":"C095M2SMP"},"uiState":{"preventMoveFocus":false}}}} 
[11/25/25, 15:25:39:539] info: [APPLY-DETAIL-VIEW] ViewSet with channel canvas applied {"viewSet":{"sidebar":{"id":"ChannelList","viewType":"ChannelList","uiState":{"ghostLastRead":"1763869774.473059"}},"primary":{"id":"C095M2SMP","viewType":"Channel","params":{"parentTab":"C095M2SMP"},"uiState":{"preventMoveFocus":false}}}} 
[11/25/25, 15:25:39:539] info: [NAVIGATION-MIDDLEWARE] View has been transformed {"container":"primary","initialView":{"id":"C095M2SMP","viewType":"Channel","uiState":{"preventMoveFocus":false}},"transformedView":{"id":"C095M2SMP","viewType":"Channel","params":{"parentTab":"C095M2SMP"},"uiState":{"preventMoveFocus":false}},"iterationCount":0} 
[11/25/25, 15:25:39:539] info: [NAVIGATION-MIDDLEWARE] Skipping middleware execution for sidebar container as we have cached value {"initialView":{"id":"ChannelList","viewType":"ChannelList","uiState":{"ghostLastRead":"1763869774.473059"}},"iterationCount":1} 
[11/25/25, 15:25:39:539] info: [NAVIGATION-MIDDLEWARE] Async action execution is complete for a view {"nextView":{"id":"C095M2SMP","viewType":"Channel","params":{"parentTab":"C095M2SMP"},"uiState":{"preventMoveFocus":false}},"results":[["UserIdToDMIdMiddleware",false],["AttemptToStopEditingInChannel",false],["AttemptToStopEditingSalesforceForm",false],["PreventVideoRecorderModalClose",false],["OpenConversationWithIds",false],["EnsureChannel",false],["EnsureAppViewType",false],["RedirectFileChannel",false],["RedirectChannelCanvasToCanvas",false],["RedirectFileChannel",false],["SyncSearchTab",false],["RedirectHuddleRecordChannel",false],["EnsureCannedCanvasTemplates",false],["EnsureChannelHasParentTabMiddleware",false],["TriggerMegaphoneGalleryFlow",false],["MaybeCloseSecondaryViewAfterSplit",false],["CanvasSetScrollParam",false],["RedirectSlackbotHistory",false],["RedirectSlackbotBadge",false],["EnsureActivityInboxMiddleware",false]],"shouldTerminateNavigation":false,"executionTime":0,"nextTab":"home"} 
[11/25/25, 15:25:39:540] info: [NAVIGATION-MIDDLEWARE] Finish middleware execution for primary container {"maybeTransformedViewSet":{"sidebar":{"id":"ChannelList","viewType":"ChannelList","uiState":{"ghostLastRead":"1763869774.473059"}},"primary":{"id":"C095M2SMP","viewType":"Channel","params":{"parentTab":"C095M2SMP"},"uiState":{"preventMoveFocus":false}}},"terminateNavigation":false,"isViewTransformed":false,"iterationCount":1,"executionTime":0.09999999776482582} 
[11/25/25, 15:25:39:540] info: [NAVIGATION-MIDDLEWARE] Finish middleware execution for primary container {"maybeTransformedViewSet":{"sidebar":{"id":"ChannelList","viewType":"ChannelList","uiState":{"ghostLastRead":"1763869774.473059"}},"primary":{"id":"C095M2SMP","viewType":"Channel","params":{"parentTab":"C095M2SMP"},"uiState":{"preventMoveFocus":false}}},"terminateNavigation":false,"isViewTransformed":true,"iterationCount":0,"executionTime":0.5} 
[11/25/25, 15:25:39:540] info: [NAVIGATION-MIDDLEWARE] Navigation middleware execution is complete {"maybeUpdatedViewSet":{"sidebar":{"id":"ChannelList","viewType":"ChannelList","uiState":{"ghostLastRead":"1763869774.473059"}},"primary":{"id":"C095M2SMP","viewType":"Channel","params":{"parentTab":"C095M2SMP"},"uiState":{"preventMoveFocus":false}}},"terminateNavigation":false,"executionTime":1,"nextTab":"home"} 
[11/25/25, 15:25:39:540] info: [NAVIGATE-IN-MAIN-WIND] Built view set after middleware {"viewSet":{"sidebar":{"id":"ChannelList","viewType":"ChannelList","uiState":{"ghostLastRead":"1763869774.473059"}},"primary":{"id":"C095M2SMP","viewType":"Channel","params":{"parentTab":"C095M2SMP"},"uiState":{"preventMoveFocus":false}}},"nextTab":"home"} 
[11/25/25, 15:25:39:542] info: [NAVIGATE-LISTENERS] (T095LHX9N) Starting navigation listeners for triggerType NAVIGATION 
[11/25/25, 15:25:39:544] info: [SET-LAST-READ] (T095LHX9N) markLastRead C095M2SMP:1763739438.295789, immediate: false 
[11/25/25, 15:25:39:544] info: [SET-LAST-READ] (T095LHX9N) delaying C095M2SMP:1763739438.295789 mark by 180.49363416665355ms 
[11/25/25, 15:25:39:546] info: [NAVIGATE-LISTENERS] (T095LHX9N) Navigation listeners complete without errors 
[11/25/25, 15:25:39:546] info: [NAVIGATE-IN-MAIN-WIND]  Navigation thunk execution complete {"id":"C095M2SMP","viewType":"Channel","options":{}} 
[11/25/25, 15:25:39:547] info: [UNREAD-COUNTS] (T095LHX9N) Counting unreads in C095M2SMP because last_read changed to 1763739438.295789 
[11/25/25, 15:25:39:548] info: [UNREAD-COUNTS] (T095LHX9N) Fetching history for unread counting: C095M2SMP, waiting 0 ms 
[11/25/25, 15:25:39:548] info: Breadcrumb: ui.click: div.p-channel_sidebar__channel.p-channel_sidebar__channel--sidebar-section-header-update.p-channel_sidebar__channel--unread  
[11/25/25, 15:25:39:578] info: [MESSAGE-LIST] (T095LHX9N) getScrollmark reason:channel_change channelId:C03SMG0M7HR at end 
[11/25/25, 15:25:39:581] info: [MESSAGE-LIST] (T095LHX9N) Switching channels: C095M2SMP timestamps: 26 
[11/25/25, 15:25:39:660] info: [HISTORY-FETCH] (T095LHX9N) Fetching history for message pane: C095M2SMP oldest: 1763739438.295789 latest: null 
[11/25/25, 15:25:39:660] info: [API-Q] (T095LHX9N) e147fbfc-1764109539.659 conversations.history called with reason: message-pane/requestHistory 
[11/25/25, 15:25:39:660] info: [API-Q] (T095LHX9N) e147fbfc-1764109539.659 conversations.history is ENQUEUED 
[11/25/25, 15:25:39:688] info: [API-Q] (T095LHX9N) noversion-1764109539.687 Flannel users/list called with reason: flannel-call:users/list 
[11/25/25, 15:25:39:688] info: [API-Q] (T095LHX9N) noversion-1764109539.687 Flannel users/list is ENQUEUED 
[11/25/25, 15:25:39:688] info: [API-Q] (T095LHX9N) e147fbfc-1764109539.659 conversations.history is ACTIVE 
[11/25/25, 15:25:39:689] info: [API-Q] (T095LHX9N) noversion-1764109539.687 Flannel users/list is ACTIVE 
[11/25/25, 15:25:39:742] info: [HISTORY-FETCH] (T095LHX9N) Fetching history for unread counting: C095M2SMP 
[11/25/25, 15:25:39:743] info: [API-Q] (T095LHX9N) e147fbfc-1764109539.742 conversations.history called with reason: unread-counts/onLastReadUpdated 
[11/25/25, 15:25:39:743] info: [API-Q] (T095LHX9N) e147fbfc-1764109539.742 conversations.history is ENQUEUED 
[11/25/25, 15:25:39:743] info: [API-Q] (T095LHX9N) e147fbfc-1764109539.742 conversations.history is ACTIVE 
[11/25/25, 15:25:39:744] info: [API-Q] (T095LHX9N) e147fbfc-1764109539.743 conversations.listPrefs called with reason: client_redux_store 
[11/25/25, 15:25:39:744] info: [API-Q] (T095LHX9N) e147fbfc-1764109539.743 conversations.listPrefs is ENQUEUED 
[11/25/25, 15:25:39:744] info: [API-Q] (T095LHX9N) e147fbfc-1764109539.743 conversations.listPrefs is ACTIVE 
[11/25/25, 15:25:39:745] info: [UFM-PERMISSIONS] (T095LHX9N) requesting SET_CHANNEL_TOPIC,CAN_AT_CHANNEL,CAN_AT_EVERYONE,ARCHIVE_CHANNEL (1) 
[11/25/25, 15:25:39:745] info: [API-Q] (T095LHX9N) noversion-1764109539.744 Flannel permissions/info called with reason: flannel-call:permissions/info 
[11/25/25, 15:25:39:745] info: [API-Q] (T095LHX9N) noversion-1764109539.744 Flannel permissions/info is ENQUEUED 
[11/25/25, 15:25:39:745] info: [API-Q] (T095LHX9N) noversion-1764109539.744 Flannel permissions/info is ACTIVE 
[11/25/25, 15:25:39:745] info: [API-Q] (T095LHX9N) noversion-1764109539.745 Flannel users/counts called with reason: flannel-call:users/counts 
[11/25/25, 15:25:39:745] info: [API-Q] (T095LHX9N) noversion-1764109539.745 Flannel users/counts is ENQUEUED 
[11/25/25, 15:25:39:745] info: [API-Q] (T095LHX9N) noversion-1764109539.745 Flannel users/counts is ACTIVE 
[11/25/25, 15:25:39:745] info: [UFM] (T095LHX9N) requesting C095M2SMP (1) 
[11/25/25, 15:25:39:745] info: [UFM] (T095LHX9N) received C095M2SMP (1) 
[11/25/25, 15:25:39:747] info: [API-Q] (T095LHX9N) e147fbfc-1764109539.746 files.info called with reason: files-store.ConditionalFetchManager.fetch 
[11/25/25, 15:25:39:747] info: [API-Q] (T095LHX9N) e147fbfc-1764109539.746 files.info is ENQUEUED 
[11/25/25, 15:25:39:747] info: [API-Q] (T095LHX9N) e147fbfc-1764109539.747 files.info called with reason: files-store.ConditionalFetchManager.fetch 
[11/25/25, 15:25:39:747] info: [API-Q] (T095LHX9N) e147fbfc-1764109539.747 files.info is ENQUEUED 
[11/25/25, 15:25:39:748] info: [API-Q] (T095LHX9N) e147fbfc-1764109539.746 files.info is ACTIVE 
[11/25/25, 15:25:39:748] info: [API-Q] (T095LHX9N) e147fbfc-1764109539.747 files.info is ACTIVE 
[11/25/25, 15:25:39:748] info: [UFM-REACJITRIGGERS] (T095LHX9N) requesting C095M2SMP (1) 
[11/25/25, 15:25:39:748] info: [API-Q] (T095LHX9N) e147fbfc-1764109539.748 conversations.bulkReacjiTriggers called with reason: reacji_triggers_ufm 
[11/25/25, 15:25:39:748] info: [API-Q] (T095LHX9N) e147fbfc-1764109539.748 conversations.bulkReacjiTriggers is ENQUEUED 
[11/25/25, 15:25:39:748] info: [API-Q] (T095LHX9N) e147fbfc-1764109539.748 conversations.bulkReacjiTriggers is ACTIVE 
[11/25/25, 15:25:39:756] info: [API-Q] (T095LHX9N) e147fbfc-1764109539.755 bookmarks.list called with reason: bookmarks-store/conditional-fetching 
[11/25/25, 15:25:39:756] info: [API-Q] (T095LHX9N) e147fbfc-1764109539.755 bookmarks.list is ENQUEUED 
[11/25/25, 15:25:39:756] info: [API-Q] (T095LHX9N) e147fbfc-1764109539.755 bookmarks.list is ACTIVE 
[11/25/25, 15:25:39:777] info: [MESSAGE-LIST] (T095LHX9N) componentWillReceiveProps isLoading: true isLoadingOlder: false timestamps: 26 
[11/25/25, 15:25:39:796] info: [SET-LAST-READ] (T095LHX9N) delay resolved, marking C095M2SMP:1763739438.295789 with API 
[11/25/25, 15:25:39:796] info: [SET-LAST-READ] (T095LHX9N) dispatch conversations.mark with markWithAPI C095M2SMP:1763739438.295789 
[11/25/25, 15:25:39:796] info: [API-Q] (T095LHX9N) e147fbfc-1764109539.795 conversations.mark called with reason: viewed 
[11/25/25, 15:25:39:796] info: [API-Q] (T095LHX9N) e147fbfc-1764109539.795 conversations.mark is ENQUEUED 
[11/25/25, 15:25:39:797] info: [API-Q] (T095LHX9N) noversion-1764109539.687 Flannel users/list is RESOLVED 
[11/25/25, 15:25:39:797] info: [API-Q] (T095LHX9N) e147fbfc-1764109539.795 conversations.mark is ACTIVE 
[11/25/25, 15:25:39:798] info: [API-Q] (T095LHX9N) noversion-1764109539.745 Flannel users/counts is RESOLVED 
[11/25/25, 15:25:39:801] info: [API-Q] (T095LHX9N) noversion-1764109539.744 Flannel permissions/info is RESOLVED 
[11/25/25, 15:25:39:818] info: [UFM-PERMISSIONS] (T095LHX9N) received SET_CHANNEL_TOPIC,CAN_AT_CHANNEL,CAN_AT_EVERYONE,ARCHIVE_CHANNEL (1) 
[11/25/25, 15:25:39:825] info: [API-Q] (T095LHX9N) noversion-1764109539.824 Flannel users/info called with reason: flannel-call:users/info 
[11/25/25, 15:25:39:825] info: [API-Q] (T095LHX9N) noversion-1764109539.824 Flannel users/info is ENQUEUED 
[11/25/25, 15:25:39:825] info: [API-Q] (T095LHX9N) noversion-1764109539.824 Flannel users/info is ACTIVE 
[11/25/25, 15:25:39:832] info: [API-Q] (T095LHX9N) e147fbfc-1764109539.659 conversations.history is RESOLVED 
[11/25/25, 15:25:39:833] info: [PLATFORM-CHANNEL-ACTI] (T095LHX9N) Not updating count for channel C095M2SMP, as count was already set to 0 
[11/25/25, 15:25:39:835] info: [PINS] (T095LHX9N) Pins count updated for channel C095M2SMP: 0 
[11/25/25, 15:25:39:835] info: [UNREAD-COUNTS] (T095LHX9N) Short-circuiting re-count in C095M2SMP because channel is already unread 
[11/25/25, 15:25:39:841] info: [MESSAGE-LIST] (T095LHX9N) componentWillReceiveProps isLoading: false isLoadingOlder: false timestamps: 26 
[11/25/25, 15:25:39:862] info: [API-Q] (T095LHX9N) noversion-1764109539.824 Flannel users/info is RESOLVED 
[11/25/25, 15:25:39:869] info: [API-Q] (T095LHX9N) e147fbfc-1764109539.743 conversations.listPrefs is RESOLVED 
[11/25/25, 15:25:39:878] info: [API-Q] (T095LHX9N) e147fbfc-1764109539.748 conversations.bulkReacjiTriggers is RESOLVED 
[11/25/25, 15:25:39:878] info: [UFM-REACJITRIGGERS] (T095LHX9N) received C095M2SMP (1) 
[11/25/25, 15:25:39:881] info: [API-Q] (T095LHX9N) e147fbfc-1764109539.746 files.info is RESOLVED 
[11/25/25, 15:25:39:885] info: [API-Q] (T095LHX9N) e147fbfc-1764109539.755 bookmarks.list is RESOLVED 
[11/25/25, 15:25:39:899] info: [API-Q] (T095LHX9N) e147fbfc-1764109539.747 files.info is RESOLVED 
[11/25/25, 15:25:39:913] info: [API-Q] (T095LHX9N) e147fbfc-1764109539.742 conversations.history is RESOLVED 
[11/25/25, 15:25:39:916] info: [PLATFORM-CHANNEL-ACTI] (T095LHX9N) Not updating count for channel C095M2SMP, as count was already set to 0 
[11/25/25, 15:25:39:917] info: [PINS] (T095LHX9N) Pins count updated for channel C095M2SMP: 0 
[11/25/25, 15:25:39:943] info: [API-Q] (T095LHX9N) e147fbfc-1764109539.795 conversations.mark is RESOLVED 
[11/25/25, 15:25:40:012] info: [API-Q] (T095LHX9N) noversion-1764109540.011 Flannel channels/membership called with reason: flannel-call:channels/membership 
[11/25/25, 15:25:40:012] info: [API-Q] (T095LHX9N) noversion-1764109540.011 Flannel channels/membership is ENQUEUED 
[11/25/25, 15:25:40:013] info: [API-Q] (T095LHX9N) noversion-1764109540.011 Flannel channels/membership is ACTIVE 
[11/25/25, 15:25:40:048] info: [COUNTS] (T095LHX9N) Updated unread_cnt for C095M2SMP: 0 
[11/25/25, 15:25:40:050] info: [CHECK-UNREADS] (T095LHX9N) Not marking C095M2SMP because last_read >= latest && channel is read 
[11/25/25, 15:25:40:090] info: [DESKTOP-MIDDLEWARE] (T095LHX9N) Forwarding redux payload to desktop ["unreads"] 
[11/25/25, 15:25:40:092] info: [CHECK-UNREADS] (T095LHX9N) unreadLineVisible updated in main window container primary: false -> true 
[11/25/25, 15:25:40:118] info: Store: REDUX_UPDATE_FROM_WEBAPP (T095LHX9N) Changed keys [unreads] 
[11/25/25, 15:25:40:143] info: [API-Q] (T095LHX9N) noversion-1764109540.011 Flannel channels/membership is RESOLVED 
[11/25/25, 15:25:40:448] info: [CHECK-UNREADS] (T095LHX9N) Checking unreads after unread line became visible 
[11/25/25, 15:25:40:448] info: [CHECK-UNREADS] (T095LHX9N) Not marking C095M2SMP because last_read >= latest && channel is read 
[11/25/25, 15:25:44:796] warn: PERMALINK (T095LHX9N) openPermalink: Unable to parse permalink, opening in new tab 
[11/25/25, 15:25:48:003] info: [FOCUS-EVENT] (T095LHX9N) Main window blurred 
[11/25/25, 15:27:36:367] info: [FOCUS-EVENT] (T095LHX9N) Main window focused 
[11/25/25, 15:27:36:425] info: [CHECK-UNREADS] (T095LHX9N) Checking unreads after window became focused 
[11/25/25, 15:27:36:425] info: [CHECK-UNREADS] (T095LHX9N) Not marking C095M2SMP because last_read >= latest && channel is read 
[11/25/25, 15:27:36:555] info: [FOCUS-EVENT] (T095LHX9N) Main window blurred 
[11/25/25, 15:29:09:354] info: [FOCUS-EVENT] (T095LHX9N) Main window focused 
[11/25/25, 15:29:09:409] info: [CHECK-UNREADS] (T095LHX9N) Checking unreads after window became focused 
[11/25/25, 15:29:09:409] info: [CHECK-UNREADS] (T095LHX9N) Not marking C095M2SMP because last_read >= latest && channel is read 
[11/25/25, 15:29:09:725] info: [FOCUS-EVENT] (T095LHX9N) Main window blurred 
[11/25/25, 15:29:10:223] info: [FOCUS-EVENT] (T095LHX9N) Main window focused 
[11/25/25, 15:29:10:245] info: [CHECK-UNREADS] (T095LHX9N) Checking unreads after window became focused 
[11/25/25, 15:29:10:245] info: [CHECK-UNREADS] (T095LHX9N) Not marking C095M2SMP because last_read >= latest && channel is read 
[11/25/25, 15:29:11:578] info: [COUNTS] (T095LHX9N) dmsBadgeCount: 0 
[11/25/25, 15:29:11:579] info: [COUNTS] (T095LHX9N) activityBadgeCount: 0 
[11/25/25, 15:29:11:581] info: [API-Q] (T095LHX9N) e147fbfc-1764109751.581 activity.feed called with reason: fetchActivityFeed 
[11/25/25, 15:29:11:582] info: [API-Q] (T095LHX9N) e147fbfc-1764109751.581 activity.feed is ENQUEUED 
[11/25/25, 15:29:11:584] info: [API-Q] (T095LHX9N) e147fbfc-1764109751.581 activity.feed is ACTIVE 
[11/25/25, 15:29:11:593] info: [API-Q] (T095LHX9N) e147fbfc-1764109751.592 activity.feed called with reason: fetchActivityFeed 
[11/25/25, 15:29:11:593] info: [API-Q] (T095LHX9N) e147fbfc-1764109751.592 activity.feed is ENQUEUED 
[11/25/25, 15:29:11:593] info: [API-Q] (T095LHX9N) e147fbfc-1764109751.592 activity.feed is ACTIVE 
[11/25/25, 15:29:11:775] info: [API-Q] (T095LHX9N) e147fbfc-1764109751.592 activity.feed is RESOLVED 
[11/25/25, 15:29:11:776] info: [API-Q] (T095LHX9N) e147fbfc-1764109751.581 activity.feed is RESOLVED 
[11/25/25, 15:29:11:780] info: [API-Q] (T095LHX9N) e147fbfc-1764109751.780 connectInvites.list called with reason: slack-connect-fetch-invites-for-activity-feed 
[11/25/25, 15:29:11:780] info: [API-Q] (T095LHX9N) e147fbfc-1764109751.780 connectInvites.list is ENQUEUED 
[11/25/25, 15:29:11:781] info: [API-Q] (T095LHX9N) e147fbfc-1764109751.780 connectInvites.list is ACTIVE 
[11/25/25, 15:29:11:940] info: [API-Q] (T095LHX9N) e147fbfc-1764109751.780 connectInvites.list is RESOLVED 
[11/25/25, 15:29:12:433] info: [COUNTS] (T095LHX9N) dmsBadgeCount: 0 
[11/25/25, 15:29:12:433] info: [COUNTS] (T095LHX9N) activityBadgeCount: 0 
[11/25/25, 15:29:12:436] info: [API-Q] (T095LHX9N) e147fbfc-1764109752.436 activity.feed called with reason: fetchActivityFeed 
[11/25/25, 15:29:12:436] info: [API-Q] (T095LHX9N) e147fbfc-1764109752.436 activity.feed is ENQUEUED 
[11/25/25, 15:29:12:507] info: [API-Q] (T095LHX9N) e147fbfc-1764109752.505 conversations.replies called with reason: history-api/fetchReplies 
[11/25/25, 15:29:12:508] info: [API-Q] (T095LHX9N) e147fbfc-1764109752.505 conversations.replies is ENQUEUED 
[11/25/25, 15:29:12:595] info: [API-Q] (T095LHX9N) e147fbfc-1764109752.436 activity.feed is ACTIVE 
[11/25/25, 15:29:12:595] info: [API-Q] (T095LHX9N) e147fbfc-1764109752.505 conversations.replies is ACTIVE 
[11/25/25, 15:29:12:659] info: [UFM-MESSAGES] (T095LHX9N) requesting C03SMG0M7HR-1763665642.795139,C095LR4AW-1763591762.073799,C095LR4AW-1763520934.950279,D04U6FHBBD1-1763500951.484609,D04V1MYJ2HG-1763414788.830659,C095M2SMP-1763150523.020079,C095M2SMP-1763079390.119219,C09RTS17QT1-1762985822.545709,C095M2SMP-1762961145.332459,C09T634S0HE-1762915753.098799,C095LR4AW-1762474474.661829,D04U6FHBBD1-1762461655.843249,D04U6FHBBD1-1762449167.862289,C095M2SMP-1762413656.641229,C095M2SMP-1762373987.225409,C095M2SMP-1762135515.782969,D04UM60PJB1-1762359698.793319 (1) 
[11/25/25, 15:29:12:661] info: [API-Q] (T095LHX9N) e147fbfc-1764109752.660 messages.list called with reason: messages-ufm 
[11/25/25, 15:29:12:661] info: [API-Q] (T095LHX9N) e147fbfc-1764109752.660 messages.list is ENQUEUED 
[11/25/25, 15:29:12:662] info: [API-Q] (T095LHX9N) e147fbfc-1764109752.660 messages.list is ACTIVE 
[11/25/25, 15:29:12:663] info: [UFM-FILES] (T095LHX9N) requesting F095M2SMP (1) 
[11/25/25, 15:29:12:664] info: [API-Q] (T095LHX9N) e147fbfc-1764109752.663 files.info called with reason: files-store-unknown-fetch 
[11/25/25, 15:29:12:664] info: [API-Q] (T095LHX9N) e147fbfc-1764109752.663 files.info is ENQUEUED 
[11/25/25, 15:29:12:665] info: [API-Q] (T095LHX9N) e147fbfc-1764109752.663 files.info is ACTIVE 
[11/25/25, 15:29:12:776] info: [API-Q] (T095LHX9N) e147fbfc-1764109752.436 activity.feed is RESOLVED 
[11/25/25, 15:29:12:807] info: [API-Q] (T095LHX9N) e147fbfc-1764109752.806 activity.feed called with reason: fetchActivityFeed 
[11/25/25, 15:29:12:807] info: [API-Q] (T095LHX9N) e147fbfc-1764109752.806 activity.feed is ENQUEUED 
[11/25/25, 15:29:12:810] info: [API-Q] (T095LHX9N) e147fbfc-1764109752.806 activity.feed is ACTIVE 
[11/25/25, 15:29:12:814] info: [API-Q] (T095LHX9N) e147fbfc-1764109752.663 files.info is REJECTED: API not ok file_not_found 
[11/25/25, 15:29:12:816] info: [UFM-FILES] (T095LHX9N) received F095M2SMP (1) 
[11/25/25, 15:29:12:882] info: [API-Q] (T095LHX9N) e147fbfc-1764109752.660 messages.list is RESOLVED 
[11/25/25, 15:29:12:898] info: [UFM-MESSAGES] (T095LHX9N) received C03SMG0M7HR-1763665642.795139,C095LR4AW-1763591762.073799,C095LR4AW-1763520934.950279,D04U6FHBBD1-1763500951.484609,D04V1MYJ2HG-1763414788.830659,C095M2SMP-1763150523.020079,C095M2SMP-1763079390.119219,C09RTS17QT1-1762985822.545709,C095M2SMP-1762961145.332459,C09T634S0HE-1762915753.098799,C095LR4AW-1762474474.661829,D04U6FHBBD1-1762461655.843249,D04U6FHBBD1-1762449167.862289,C095M2SMP-1762413656.641229,C095M2SMP-1762373987.225409,C095M2SMP-1762135515.782969,D04UM60PJB1-1762359698.793319 (1) 
[11/25/25, 15:29:13:073] info: [API-Q] (T095LHX9N) e147fbfc-1764109753.072 conversations.replies called with reason: history-api/fetchReplies 
[11/25/25, 15:29:13:074] info: [API-Q] (T095LHX9N) e147fbfc-1764109753.072 conversations.replies is ENQUEUED 
[11/25/25, 15:29:13:075] info: [API-Q] (T095LHX9N) e147fbfc-1764109753.074 conversations.replies called with reason: history-api/fetchReplies 
[11/25/25, 15:29:13:075] info: [API-Q] (T095LHX9N) e147fbfc-1764109753.074 conversations.replies is ENQUEUED 
[11/25/25, 15:29:13:077] info: [API-Q] (T095LHX9N) e147fbfc-1764109753.076 conversations.replies called with reason: history-api/fetchReplies 
[11/25/25, 15:29:13:077] info: [API-Q] (T095LHX9N) e147fbfc-1764109753.076 conversations.replies is ENQUEUED 
[11/25/25, 15:29:13:078] info: [API-Q] (T095LHX9N) e147fbfc-1764109753.078 conversations.replies called with reason: history-api/fetchReplies 
[11/25/25, 15:29:13:079] info: [API-Q] (T095LHX9N) e147fbfc-1764109753.078 conversations.replies is ENQUEUED 
[11/25/25, 15:29:13:081] info: [API-Q] (T095LHX9N) e147fbfc-1764109753.079 conversations.replies called with reason: history-api/fetchReplies 
[11/25/25, 15:29:13:081] info: [API-Q] (T095LHX9N) e147fbfc-1764109753.079 conversations.replies is ENQUEUED 
[11/25/25, 15:29:13:081] info: [API-Q] (T095LHX9N) e147fbfc-1764109753.081 conversations.replies called with reason: history-api/fetchReplies 
[11/25/25, 15:29:13:081] info: [API-Q] (T095LHX9N) e147fbfc-1764109753.081 conversations.replies is ENQUEUED 
[11/25/25, 15:29:13:083] info: [API-Q] (T095LHX9N) e147fbfc-1764109753.083 conversations.replies called with reason: history-api/fetchReplies 
[11/25/25, 15:29:13:084] info: [API-Q] (T095LHX9N) e147fbfc-1764109753.083 conversations.replies is ENQUEUED 
[11/25/25, 15:29:13:085] info: [API-Q] (T095LHX9N) e147fbfc-1764109753.084 conversations.replies called with reason: history-api/fetchReplies 
[11/25/25, 15:29:13:085] info: [API-Q] (T095LHX9N) e147fbfc-1764109753.084 conversations.replies is ENQUEUED 
[11/25/25, 15:29:13:086] info: [API-Q] (T095LHX9N) e147fbfc-1764109753.086 conversations.replies called with reason: history-api/fetchReplies 
[11/25/25, 15:29:13:086] info: [API-Q] (T095LHX9N) e147fbfc-1764109753.086 conversations.replies is ENQUEUED 
[11/25/25, 15:29:13:091] info: [API-Q] (T095LHX9N) e147fbfc-1764109753.072 conversations.replies is ACTIVE 
[11/25/25, 15:29:13:091] info: [API-Q] (T095LHX9N) e147fbfc-1764109753.074 conversations.replies is ACTIVE 
[11/25/25, 15:29:13:091] info: [API-Q] (T095LHX9N) e147fbfc-1764109753.076 conversations.replies is ACTIVE 
[11/25/25, 15:29:13:091] info: [API-Q] (T095LHX9N) e147fbfc-1764109753.078 conversations.replies is ACTIVE 
[11/25/25, 15:29:13:105] info: [UFM-FILES] (T095LHX9N) requesting F03SMG0M7HR,F095LR4AW (1) 
[11/25/25, 15:29:13:106] info: [API-Q] (T095LHX9N) e147fbfc-1764109753.105 files.list called with reason: files-store-unknown-fetch 
[11/25/25, 15:29:13:106] info: [API-Q] (T095LHX9N) e147fbfc-1764109753.105 files.list is ENQUEUED 
[11/25/25, 15:29:13:107] info: [API-Q] (T095LHX9N) e147fbfc-1764109753.105 files.list is ACTIVE 
[11/25/25, 15:29:13:110] info: [UFM-MESSAGES] (T095LHX9N) requesting C095LR4AW-1763579551.954669,D04U6FHBBD1-1762461272.197689 (1) 
[11/25/25, 15:29:13:110] info: [API-Q] (T095LHX9N) e147fbfc-1764109753.110 messages.list called with reason: messages-ufm 
[11/25/25, 15:29:13:111] info: [API-Q] (T095LHX9N) e147fbfc-1764109753.110 messages.list is ENQUEUED 
[11/25/25, 15:29:13:111] info: [API-Q] (T095LHX9N) e147fbfc-1764109753.110 messages.list is ACTIVE 
[11/25/25, 15:29:13:113] info: [API-Q] (T095LHX9N) e147fbfc-1764109753.112 files.info called with reason: files-store.ConditionalFetchManager.fetch 
[11/25/25, 15:29:13:113] info: [API-Q] (T095LHX9N) e147fbfc-1764109753.112 files.info is ENQUEUED 
[11/25/25, 15:29:13:113] info: [API-Q] (T095LHX9N) e147fbfc-1764109753.112 files.info is ACTIVE 
[11/25/25, 15:29:13:115] info: [API-Q] (T095LHX9N) e147fbfc-1764109752.806 activity.feed is RESOLVED 
[11/25/25, 15:29:13:116] info: [UFM-REACJITRIGGERS] (T095LHX9N) requesting C095LR4AW (1) 
[11/25/25, 15:29:13:116] info: [API-Q] (T095LHX9N) e147fbfc-1764109753.115 conversations.bulkReacjiTriggers called with reason: reacji_triggers_ufm 
[11/25/25, 15:29:13:116] info: [API-Q] (T095LHX9N) e147fbfc-1764109753.115 conversations.bulkReacjiTriggers is ENQUEUED 
[11/25/25, 15:29:13:116] info: [API-Q] (T095LHX9N) e147fbfc-1764109753.115 conversations.bulkReacjiTriggers is ACTIVE 
[11/25/25, 15:29:13:196] info: [API-Q] (T095LHX9N) e147fbfc-1764109752.505 conversations.replies is RESOLVED 
[11/25/25, 15:29:13:197] info: [API-Q] (T095LHX9N) e147fbfc-1764109753.079 conversations.replies is ACTIVE 
[11/25/25, 15:29:13:243] info: [API-Q] (T095LHX9N) e147fbfc-1764109753.074 conversations.replies is RESOLVED 
[11/25/25, 15:29:13:244] info: [API-Q] (T095LHX9N) e147fbfc-1764109753.081 conversations.replies is ACTIVE 
[11/25/25, 15:29:13:244] info: [API-Q] (T095LHX9N) e147fbfc-1764109753.072 conversations.replies is RESOLVED 
[11/25/25, 15:29:13:245] info: [API-Q] (T095LHX9N) e147fbfc-1764109753.083 conversations.replies is ACTIVE 
[11/25/25, 15:29:13:246] info: [API-Q] (T095LHX9N) e147fbfc-1764109753.105 files.list is RESOLVED 
[11/25/25, 15:29:13:246] info: [API-Q] (T095LHX9N) e147fbfc-1764109753.076 conversations.replies is RESOLVED 
[11/25/25, 15:29:13:247] info: [API-Q] (T095LHX9N) e147fbfc-1764109753.084 conversations.replies is ACTIVE 
[11/25/25, 15:29:13:247] info: [API-Q] (T095LHX9N) e147fbfc-1764109753.078 conversations.replies is RESOLVED 
[11/25/25, 15:29:13:247] info: [API-Q] (T095LHX9N) e147fbfc-1764109753.086 conversations.replies is ACTIVE 
[11/25/25, 15:29:13:248] info: [API-Q] (T095LHX9N) e147fbfc-1764109753.115 conversations.bulkReacjiTriggers is RESOLVED 
[11/25/25, 15:29:13:255] info: [UFM-FILES] (T095LHX9N) received F03SMG0M7HR,F095LR4AW (1) 
[11/25/25, 15:29:13:255] warn: UFM-files (T095LHX9N) UnknownFetchManager requested 2 objects but received 0. Missing objects: F03SMG0M7HR,F095LR4AW 
[11/25/25, 15:29:13:261] info: [UFM-REACJITRIGGERS] (T095LHX9N) received C095LR4AW (1) 
[11/25/25, 15:29:13:317] info: [API-Q] (T095LHX9N) e147fbfc-1764109753.112 files.info is RESOLVED 
[11/25/25, 15:29:13:318] info: [API-Q] (T095LHX9N) e147fbfc-1764109753.110 messages.list is RESOLVED 
[11/25/25, 15:29:13:337] info: [UFM-MESSAGES] (T095LHX9N) received C095LR4AW-1763579551.954669,D04U6FHBBD1-1762461272.197689 (1) 
[11/25/25, 15:29:13:347] info: [API-Q] (T095LHX9N) e147fbfc-1764109753.079 conversations.replies is RESOLVED 
[11/25/25, 15:29:13:390] info: [API-Q] (T095LHX9N) e147fbfc-1764109753.084 conversations.replies is RESOLVED 
[11/25/25, 15:29:13:394] info: [API-Q] (T095LHX9N) e147fbfc-1764109753.086 conversations.replies is RESOLVED 
[11/25/25, 15:29:13:398] info: [API-Q] (T095LHX9N) e147fbfc-1764109753.081 conversations.replies is RESOLVED 
[11/25/25, 15:29:13:401] info: [API-Q] (T095LHX9N) e147fbfc-1764109753.083 conversations.replies is RESOLVED 
[11/25/25, 15:29:51:528] info: [DND_V2] (T095LHX9N) Checking for changes in DND status for the following members: U04UJR2PHMX,U095LTFRC,U03FCQ34JPK,U08PY1SAM0W,U0AL64VTR,U02BPRZ4FAQ,U06PZDZSXDZ,U06QB0DNF6U,U08L58USZ6V,U08RY079RFD,U090VKSQFFW,U04M57LQ3EV,U08V8DJ5LP8 
[11/25/25, 15:29:51:529] info: [DND_V2] (T095LHX9N) Will check for changes in DND status again in 5 minutes 
[11/25/25, 15:29:53:075] info: [API-Q] (T095LHX9N) e147fbfc-1764109793.074 promo.campaigns.eligibilityInfo called with reason: no_reason_provided 
[11/25/25, 15:29:53:075] info: [API-Q] (T095LHX9N) e147fbfc-1764109793.074 promo.campaigns.eligibilityInfo is ENQUEUED 
[11/25/25, 15:29:53:076] info: [API-Q] (T095LHX9N) e147fbfc-1764109793.074 promo.campaigns.eligibilityInfo is ACTIVE 
[11/25/25, 15:29:53:272] info: [API-Q] (T095LHX9N) e147fbfc-1764109793.074 promo.campaigns.eligibilityInfo is RESOLVED 
[11/25/25, 15:30:03:626] info: [RTM-EVENT-METRICS] Metrics collection sampling has been reset. 
[11/25/25, 15:30:10:622] info: [FOCUS-EVENT] (T095LHX9N) Main window blurred 
[11/25/25, 15:30:48:960] info: [CHECK-FOR-OLD-CHANNEL] (T07CXALJLTU) Start cleaning up DMs/MPDMs — starting with 14 entries. 
[11/25/25, 15:30:48:961] info: [CHECK-FOR-OLD-CHANNEL] (T07CXALJLTU) Eligible DMs/MPDMs for cleanup — [external DMs]:0, [internal DMs]: 11, [app DMs]: 0 
[11/25/25, 15:30:48:961] info: [CHECK-FOR-OLD-CHANNEL] (T07CXALJLTU) Identified 0 DMs/MPDMs of externalDMs type for closure 
[11/25/25, 15:30:48:961] info: [CHECK-FOR-OLD-CHANNEL] (T07CXALJLTU) Not eligible D09SUDGUMPU: Self DM 
[11/25/25, 15:30:48:961] info: [CHECK-FOR-OLD-CHANNEL] (T07CXALJLTU) Identified 0 DMs/MPDMs of internalDMs type for closure 
[11/25/25, 15:30:48:961] info: [CHECK-FOR-OLD-CHANNEL] (T07CXALJLTU) Identified 0 DMs/MPDMs of appDMs type for closure 
[11/25/25, 15:30:49:056] info: [CHECK-FOR-OLD-CHANNEL] (T095LHX9N) Start cleaning up DMs/MPDMs — starting with 53 entries. 
[11/25/25, 15:30:49:056] info: [CHECK-FOR-OLD-CHANNEL] (T095LHX9N) Eligible DMs/MPDMs for cleanup — [external DMs]:0, [internal DMs]: 11, [app DMs]: 0 
[11/25/25, 15:30:49:057] info: [CHECK-FOR-OLD-CHANNEL] (T095LHX9N) Identified 0 DMs/MPDMs of externalDMs type for closure 
[11/25/25, 15:30:49:057] info: [CHECK-FOR-OLD-CHANNEL] (T095LHX9N) Not eligible C09TW15MSKH: Not idle 
[11/25/25, 15:30:49:057] info: [CHECK-FOR-OLD-CHANNEL] (T095LHX9N) Not eligible D04U62ZABBM: Self DM 
[11/25/25, 15:30:49:057] info: [CHECK-FOR-OLD-CHANNEL] (T095LHX9N) Not eligible D04U6FHBBD1: Not idle 
[11/25/25, 15:30:49:057] info: [CHECK-FOR-OLD-CHANNEL] (T095LHX9N) Not eligible D04U8LHMQS0: Slackbot 
[11/25/25, 15:30:49:057] info: [CHECK-FOR-OLD-CHANNEL] (T095LHX9N) Not eligible D08T2G33XDM: Not idle 
[11/25/25, 15:30:49:057] info: [CHECK-FOR-OLD-CHANNEL] (T095LHX9N) Not eligible D098CC27XGV: Has draft 
[11/25/25, 15:30:49:057] info: [CHECK-FOR-OLD-CHANNEL] (T095LHX9N) Identified 0 DMs/MPDMs of internalDMs type for closure 
[11/25/25, 15:30:49:057] info: [CHECK-FOR-OLD-CHANNEL] (T095LHX9N) Identified 0 DMs/MPDMs of appDMs type for closure 
[11/25/25, 15:30:52:470] info: [CHECK-FOR-OLD-CHANNEL] (T026U7G95U6) Start cleaning up DMs/MPDMs — starting with 11 entries. 
[11/25/25, 15:30:52:471] info: [CHECK-FOR-OLD-CHANNEL] (T026U7G95U6) Eligible DMs/MPDMs for cleanup — [external DMs]:0, [internal DMs]: 11, [app DMs]: 0 
[11/25/25, 15:30:52:471] info: [CHECK-FOR-OLD-CHANNEL] (T026U7G95U6) Identified 0 DMs/MPDMs of externalDMs type for closure 
[11/25/25, 15:30:52:471] info: [CHECK-FOR-OLD-CHANNEL] (T026U7G95U6) Not eligible D02AV4K7V6H: Slackbot 
[11/25/25, 15:30:52:471] info: [CHECK-FOR-OLD-CHANNEL] (T026U7G95U6) Not eligible D02B4B892TW: Self DM 
[11/25/25, 15:30:52:471] info: [CHECK-FOR-OLD-CHANNEL] (T026U7G95U6) Identified 0 DMs/MPDMs of internalDMs type for closure 
[11/25/25, 15:30:52:471] info: [CHECK-FOR-OLD-CHANNEL] (T026U7G95U6) Identified 0 DMs/MPDMs of appDMs type for closure 
[11/25/25, 15:31:28:360] info: [FOCUS-EVENT] (T095LHX9N) Main window focused 
[11/25/25, 15:31:28:387] info: [CHECK-UNREADS] (T095LHX9N) Checking unreads after window became focused 
[11/25/25, 15:31:28:387] info: [CHECK-UNREADS] (T095LHX9N) Not marking C095M2SMP because last_read >= latest && channel is read 
[11/25/25, 15:31:31:565] info: [NAVIGATION-MIDDLEWARE] Starting a new navigation middleware execution {"context":"tab-switch","nextViewSet":{"sidebar":{"id":"DmsList","viewType":"DmsList","uiState":{"ghostLastRead":"1764105858.102899"}},"primary":{"id":"D08T2G33XDM","viewType":"Channel","params":{"startTs":"1764105858.102899"},"uiState":{"preventMoveFocus":false,"userSetUnreadPoint":false,"unreadLineVisible":true,"ghostLastRead":"1764105858.102899"}}},"middlewareCount":12,"nextTab":"dms"} 
[11/25/25, 15:31:31:569] info: [NAVIGATION-MIDDLEWARE] Async action execution is complete for a view {"nextView":{"id":"DmsList","viewType":"DmsList","uiState":{"ghostLastRead":"1764105858.102899"}},"results":[["UserIdToDMIdMiddleware",false],["AttemptToStopEditingInChannel",false],["AttemptToStopEditingSalesforceForm",false],["PreventVideoRecorderModalClose",false],["OpenConversationWithIds",false],["EnsureAppViewType",false],["SyncSearchTab",false],["RedirectHuddleRecordChannel",false],["EnsureChannelHasParentTabMiddleware",false],["TriggerMegaphoneGalleryFlow",false],["CanvasSetScrollParam",false],["EnsureActivityInboxMiddleware",false]],"shouldTerminateNavigation":false,"executionTime":3.5,"nextTab":"dms"} 
[11/25/25, 15:31:31:569] info: [NAVIGATION-MIDDLEWARE] Finish middleware execution for sidebar container {"maybeTransformedViewSet":{"sidebar":{"id":"DmsList","viewType":"DmsList","uiState":{"ghostLastRead":"1764105858.102899"}},"primary":{"id":"D08T2G33XDM","viewType":"Channel","params":{"startTs":"1764105858.102899"},"uiState":{"preventMoveFocus":false,"userSetUnreadPoint":false,"unreadLineVisible":true,"ghostLastRead":"1764105858.102899"}}},"terminateNavigation":false,"isViewTransformed":false,"iterationCount":0,"executionTime":3.899999998509884} 
[11/25/25, 15:31:31:570] info: [NAVIGATION-MIDDLEWARE] Async action execution is complete for a view {"nextView":{"id":"D08T2G33XDM","viewType":"Channel","params":{"startTs":"1764105858.102899"},"uiState":{"preventMoveFocus":false,"userSetUnreadPoint":false,"unreadLineVisible":true,"ghostLastRead":"1764105858.102899"}},"results":[["UserIdToDMIdMiddleware",false],["AttemptToStopEditingInChannel",false],["AttemptToStopEditingSalesforceForm",false],["PreventVideoRecorderModalClose",false],["OpenConversationWithIds",false],["EnsureAppViewType",false],["SyncSearchTab",false],["RedirectHuddleRecordChannel",false],["EnsureChannelHasParentTabMiddleware",false],["TriggerMegaphoneGalleryFlow",false],["CanvasSetScrollParam",false],["EnsureActivityInboxMiddleware",false]],"shouldTerminateNavigation":false,"executionTime":0.10000000149011612,"nextTab":"dms"} 
[11/25/25, 15:31:31:570] info: [NAVIGATION-MIDDLEWARE] Finish middleware execution for primary container {"maybeTransformedViewSet":{"sidebar":{"id":"DmsList","viewType":"DmsList","uiState":{"ghostLastRead":"1764105858.102899"}},"primary":{"id":"D08T2G33XDM","viewType":"Channel","params":{"startTs":"1764105858.102899"},"uiState":{"preventMoveFocus":false,"userSetUnreadPoint":false,"unreadLineVisible":true,"ghostLastRead":"1764105858.102899"}}},"terminateNavigation":false,"isViewTransformed":false,"iterationCount":0,"executionTime":0.4000000022351742} 
[11/25/25, 15:31:31:570] info: [NAVIGATION-MIDDLEWARE] Navigation middleware execution is complete {"maybeUpdatedViewSet":{"sidebar":{"id":"DmsList","viewType":"DmsList","uiState":{"ghostLastRead":"1764105858.102899"}},"primary":{"id":"D08T2G33XDM","viewType":"Channel","params":{"startTs":"1764105858.102899"},"uiState":{"preventMoveFocus":false,"userSetUnreadPoint":false,"unreadLineVisible":true,"ghostLastRead":"1764105858.102899"}}},"terminateNavigation":false,"executionTime":4.400000002235174,"nextTab":"dms"} 
[11/25/25, 15:31:31:570] info: [TAB-SWITCH] Built view set after middleware {"viewSet":{"sidebar":{"id":"DmsList","viewType":"DmsList","uiState":{"ghostLastRead":"1764105858.102899"}},"primary":{"id":"D08T2G33XDM","viewType":"Channel","params":{"startTs":"1764105858.102899"},"uiState":{"preventMoveFocus":false,"userSetUnreadPoint":false,"unreadLineVisible":true,"ghostLastRead":"1764105858.102899"}}},"nextTab":"dms"} 
[11/25/25, 15:31:31:574] info: [NAVIGATE-LISTENERS] (T095LHX9N) Starting navigation listeners for triggerType ACTIVE_TAB_UPDATE 
[11/25/25, 15:31:31:577] info: [NAVIGATE-LISTENERS] (T095LHX9N) Navigation listeners complete without errors 
[11/25/25, 15:31:31:586] info: Breadcrumb: ui.click: span.c-tabs__tab_content > div.p-tab_rail__button__icon  
[11/25/25, 15:31:31:693] info: [MESSAGE-LIST] (T095LHX9N) getScrollmark reason:unmount channelId:C095M2SMP at end 
[11/25/25, 15:31:31:740] error: Listener added for a 'DOMNodeInserted' mutation event. Support for this event type has been removed, and this event will no longer be fired. See https://chromestatus.com/feature/5083947249172480 for more information. 
[11/25/25, 15:31:32:468] info: Store: EXTEND_MENU global: menucategory-file,menucategory-view,menucategory-jump-to 
[11/25/25, 15:31:33:760] info: [NAVIGATE-IN-MAIN-WIND] Starting a new navigation event {"id":"D04U6FHBBD1","viewType":"Channel","options":{}} 
[11/25/25, 15:31:33:762] info: [NAVIGATE-IN-MAIN-WIND] Applying changes to the primary container {"viewSet":{"sidebar":{"id":"DmsList","viewType":"DmsList","uiState":{"ghostLastRead":"1764105858.102899"}},"primary":{"id":"D04U6FHBBD1","viewType":"Channel","uiState":{"preventMoveFocus":false}}},"nextTab":"dms"} 
[11/25/25, 15:31:33:762] info: [NAVIGATION-MIDDLEWARE] Starting a new navigation middleware execution {"context":"navigation","nextViewSet":{"sidebar":{"id":"DmsList","viewType":"DmsList","uiState":{"ghostLastRead":"1764105858.102899"}},"primary":{"id":"D04U6FHBBD1","viewType":"Channel","uiState":{"preventMoveFocus":false}}},"middlewareCount":20,"nextTab":"dms"} 
[11/25/25, 15:31:33:762] info: [NAVIGATION-MIDDLEWARE] Async action execution is complete for a view {"nextView":{"id":"DmsList","viewType":"DmsList","uiState":{"ghostLastRead":"1764105858.102899"}},"results":[["UserIdToDMIdMiddleware",false],["AttemptToStopEditingInChannel",false],["AttemptToStopEditingSalesforceForm",false],["PreventVideoRecorderModalClose",false],["OpenConversationWithIds",false],["EnsureChannel",false],["EnsureAppViewType",false],["RedirectFileChannel",false],["RedirectChannelCanvasToCanvas",false],["RedirectFileChannel",false],["SyncSearchTab",false],["RedirectHuddleRecordChannel",false],["EnsureCannedCanvasTemplates",false],["EnsureChannelHasParentTabMiddleware",false],["TriggerMegaphoneGalleryFlow",false],["MaybeCloseSecondaryViewAfterSplit",false],["CanvasSetScrollParam",false],["RedirectSlackbotHistory",false],["RedirectSlackbotBadge",false],["EnsureActivityInboxMiddleware",false]],"shouldTerminateNavigation":false,"executionTime":0.10000000149011612,"nextTab":"dms"} 
[11/25/25, 15:31:33:762] info: [NAVIGATION-MIDDLEWARE] Finish middleware execution for sidebar container {"maybeTransformedViewSet":{"sidebar":{"id":"DmsList","viewType":"DmsList","uiState":{"ghostLastRead":"1764105858.102899"}},"primary":{"id":"D04U6FHBBD1","viewType":"Channel","uiState":{"preventMoveFocus":false}}},"terminateNavigation":false,"isViewTransformed":false,"iterationCount":0,"executionTime":0.4000000022351742} 
[11/25/25, 15:31:33:762] info: [NAVIGATION-MIDDLEWARE] Async action execution is complete for a view {"nextView":{"id":"D04U6FHBBD1","viewType":"Channel","uiState":{"preventMoveFocus":false}},"results":[["UserIdToDMIdMiddleware",false],["AttemptToStopEditingInChannel",false],["AttemptToStopEditingSalesforceForm",false],["PreventVideoRecorderModalClose",false],["OpenConversationWithIds",false],["EnsureChannel",false],["EnsureAppViewType",false],["RedirectFileChannel",false],["RedirectChannelCanvasToCanvas",false],["RedirectFileChannel",false],["SyncSearchTab",false],["RedirectHuddleRecordChannel",false],["EnsureCannedCanvasTemplates",false],["EnsureChannelHasParentTabMiddleware",false],["TriggerMegaphoneGalleryFlow",false],["MaybeCloseSecondaryViewAfterSplit",false],["CanvasSetScrollParam",false],["RedirectSlackbotHistory",false],["RedirectSlackbotBadge",false],["EnsureActivityInboxMiddleware",false]],"shouldTerminateNavigation":false,"executionTime":0.19999999925494194,"nextTab":"dms"} 
[11/25/25, 15:31:33:763] info: [NAVIGATION-MIDDLEWARE] Finish middleware execution for primary container {"maybeTransformedViewSet":{"sidebar":{"id":"DmsList","viewType":"DmsList","uiState":{"ghostLastRead":"1764105858.102899"}},"primary":{"id":"D04U6FHBBD1","viewType":"Channel","uiState":{"preventMoveFocus":false}}},"terminateNavigation":false,"isViewTransformed":false,"iterationCount":0,"executionTime":0.19999999925494194} 
[11/25/25, 15:31:33:763] info: [NAVIGATION-MIDDLEWARE] Navigation middleware execution is complete {"maybeUpdatedViewSet":{"sidebar":{"id":"DmsList","viewType":"DmsList","uiState":{"ghostLastRead":"1764105858.102899"}},"primary":{"id":"D04U6FHBBD1","viewType":"Channel","uiState":{"preventMoveFocus":false}}},"terminateNavigation":false,"executionTime":0.6999999992549419,"nextTab":"dms"} 
[11/25/25, 15:31:33:763] info: [NAVIGATE-IN-MAIN-WIND] Built view set after middleware {"viewSet":{"sidebar":{"id":"DmsList","viewType":"DmsList","uiState":{"ghostLastRead":"1764105858.102899"}},"primary":{"id":"D04U6FHBBD1","viewType":"Channel","uiState":{"preventMoveFocus":false}}},"nextTab":"dms"} 
[11/25/25, 15:31:33:765] info: [NAVIGATE-LISTENERS] (T095LHX9N) Starting navigation listeners for triggerType NAVIGATION 
[11/25/25, 15:31:33:769] info: [NAVIGATE-LISTENERS] (T095LHX9N) Navigation listeners complete without errors 
[11/25/25, 15:31:33:770] info: [NAVIGATE-IN-MAIN-WIND]  Navigation thunk execution complete {"id":"D04U6FHBBD1","viewType":"Channel","options":{}} 
[11/25/25, 15:31:33:770] info: Breadcrumb: ui.click: span.c-truncate > span  
[11/25/25, 15:31:33:839] info: [MESSAGE-LIST] (T095LHX9N) getScrollmark reason:channel_change channelId:D08T2G33XDM at end 
[11/25/25, 15:31:33:845] info: [MESSAGE-LIST] (T095LHX9N) Switching channels: D04U6FHBBD1 timestamps: 52 
[11/25/25, 15:31:33:973] error: Icon undefined not found 
[11/25/25, 15:31:34:065] info: [CHECK-UNREADS] (T095LHX9N) unreadLineVisible updated in main window container primary: false -> true 
[11/25/25, 15:31:34:193] info: [API-Q] (T095LHX9N) e147fbfc-1764109894.192 bookmarks.list called with reason: bookmarks-store/conditional-fetching 
[11/25/25, 15:31:34:193] info: [API-Q] (T095LHX9N) e147fbfc-1764109894.192 bookmarks.list is ENQUEUED 
[11/25/25, 15:31:34:194] info: [API-Q] (T095LHX9N) e147fbfc-1764109894.192 bookmarks.list is ACTIVE 
[11/25/25, 15:31:34:409] info: [API-Q] (T095LHX9N) e147fbfc-1764109894.192 bookmarks.list is RESOLVED 
[11/25/25, 15:31:34:472] info: [CHECK-UNREADS] (T095LHX9N) Checking unreads after unread line became visible 
[11/25/25, 15:31:34:472] info: [CHECK-UNREADS] (T095LHX9N) Not marking D04U6FHBBD1 because last_read >= latest && channel is read 
[11/25/25, 15:31:36:429] info: Breadcrumb: ui.input: div.c-texty_input_unstyled.ql-container.focus > div.ql-editor.ql-blank  
[11/25/25, 15:31:46:657] info: [DRAFTS] (T095LHX9N) Storing draft changes locally - D04U6FHBBD1 
[11/25/25, 15:31:46:926] info: Breadcrumb: ui.input: div.c-texty_input_unstyled.ql-container.focus > div.ql-editor  
[11/25/25, 15:31:50:007] info: [MESSAGEPANEINPUT] (T095LHX9N) Initiating message sending 
[11/25/25, 15:31:50:009] info: [DRAFTS] (T095LHX9N) Clearing a local draft - D04U6FHBBD1 
[11/25/25, 15:31:50:011] info: [DRAFTS] Cancelling a pending draft sync - D04U6FHBBD1 
[11/25/25, 15:31:50:030] info: [ACTION:MESSAGE] (T095LHX9N) Sent a message to D04U6FHBBD1 via HTTP, clientMsgId: 0a9e2845-2107-4d22-b94f-00b9d76cb3da 
[11/25/25, 15:31:50:030] info: [ACTION:MESSAGE-Q] (T095LHX9N) Enqueueing message with clientMsgId 0a9e2845-2107-4d22-b94f-00b9d76cb3da, queue has 1 messages 
[11/25/25, 15:31:50:030] info: [ACTION:MESSAGE-Q] (T095LHX9N) Sending message with clientMsgId 0a9e2845-2107-4d22-b94f-00b9d76cb3da 
[11/25/25, 15:31:50:031] info: [API-Q] (T095LHX9N) e147fbfc-1764109910.031 chat.postMessage called with reason: webapp_message_send 
[11/25/25, 15:31:50:031] info: [API-Q] (T095LHX9N) e147fbfc-1764109910.031 chat.postMessage is ENQUEUED 
[11/25/25, 15:31:50:032] info: [ACTION:MESSAGE-Q] (T095LHX9N) Shifting queue, now has 0 messages 
[11/25/25, 15:31:50:048] info: [API-Q] (T095LHX9N) e147fbfc-1764109910.031 chat.postMessage is ACTIVE 
[11/25/25, 15:31:50:048] info: [CHECK-UNREADS] (T095LHX9N) Not marking D04U6FHBBD1 because last_read >= latest && channel is read 
[11/25/25, 15:31:50:188] info: [ACTION:MESSAGE] (T095LHX9N) Resolved a message with clientMsgId 0a9e2845-2107-4d22-b94f-00b9d76cb3da in D04U6FHBBD1 with ts 1764109910.140819 
[11/25/25, 15:31:50:189] info: [ACTION:MESSAGE-Q] (T095LHX9N) Resolving active request with clientMsgId 0a9e2845-2107-4d22-b94f-00b9d76cb3da 
[11/25/25, 15:31:50:190] info: [NOTIFICATIONS] (T095LHX9N) shouldShowNotificationForDirectMessage: '16' 
[11/25/25, 15:31:50:190] info: [UNREAD-COUNTS] (T095LHX9N) Counting unreads in D04U6FHBBD1 because message removed 
[11/25/25, 15:31:50:191] info: [QUIP] (T095LHX9N) QUIP-EPHEMERAL-NOTIFICATION Maybe remove ephemeral message with timestamp: 1764109910.xxxxx3 
[11/25/25, 15:31:50:243] info: [API-Q] (T095LHX9N) e147fbfc-1764109910.031 chat.postMessage is RESOLVED 
[11/25/25, 15:31:50:288] info: [UNREAD-COUNTS] (T095LHX9N) Counting unreads in D04U6FHBBD1 because last_read changed to 1764109910.140819 
[11/25/25, 15:31:50:549] info: [CHECK-UNREADS] (T095LHX9N) Not marking D04U6FHBBD1 because last_read >= latest && channel is read 
[11/25/25, 15:31:52:712] info: [FOCUS-EVENT] (T095LHX9N) Main window blurred 
[11/25/25, 15:31:53:730] info: [FOCUS-EVENT] (T095LHX9N) Main window focused 
[11/25/25, 15:31:53:796] info: [CHECK-UNREADS] (T095LHX9N) Checking unreads after window became focused 
[11/25/25, 15:31:53:796] info: [CHECK-UNREADS] (T095LHX9N) Not marking D04U6FHBBD1 because last_read >= latest && channel is read 
[11/25/25, 15:31:54:040] info: [FOCUS-EVENT] (T095LHX9N) Main window blurred 
[11/25/25, 15:32:18:306] info: [FOCUS-EVENT] (T095LHX9N) Main window focused 
[11/25/25, 15:32:18:354] info: [CHECK-UNREADS] (T095LHX9N) Checking unreads after window became focused 
[11/25/25, 15:32:18:354] info: [CHECK-UNREADS] (T095LHX9N) Not marking D04U6FHBBD1 because last_read >= latest && channel is read 
[11/25/25, 15:32:21:424] info: [FOCUS-EVENT] (T095LHX9N) Main window blurred 
[11/25/25, 15:34:51:530] info: [DND_V2] (T095LHX9N) Checking for changes in DND status for the following members: U04UJR2PHMX,U095LTFRC,U03FCQ34JPK,U08PY1SAM0W,U0AL64VTR,U02BPRZ4FAQ,U06PZDZSXDZ,U06QB0DNF6U,U08L58USZ6V,U08RY079RFD,U090VKSQFFW,U04M57LQ3EV,U08V8DJ5LP8 
[11/25/25, 15:34:51:532] info: [DND_V2] (T095LHX9N) Will check for changes in DND status again in 5 minutes 
[11/25/25, 15:36:32:965] info: [FOCUS-EVENT] (T095LHX9N) Main window focused 
[11/25/25, 15:36:32:994] info: [CHECK-UNREADS] (T095LHX9N) Checking unreads after window became focused 
[11/25/25, 15:36:32:994] info: [CHECK-UNREADS] (T095LHX9N) Not marking D04U6FHBBD1 because last_read >= latest && channel is read 
[11/25/25, 15:36:37:925] info: [FOCUS-EVENT] (T095LHX9N) Main window blurred 
[11/25/25, 15:36:44:902] info: [FOCUS-EVENT] (T095LHX9N) Main window focused 
[11/25/25, 15:36:44:921] info: [CHECK-UNREADS] (T095LHX9N) Checking unreads after window became focused 
[11/25/25, 15:36:44:922] info: [CHECK-UNREADS] (T095LHX9N) Not marking D04U6FHBBD1 because last_read >= latest && channel is read 
[11/25/25, 15:36:46:734] info: [FOCUS-EVENT] (T095LHX9N) Main window blurred 
[11/25/25, 15:39:51:533] info: [DND_V2] (T095LHX9N) Checking for changes in DND status for the following members: U04UJR2PHMX,U095LTFRC,U03FCQ34JPK,U08PY1SAM0W,U0AL64VTR,U02BPRZ4FAQ,U06PZDZSXDZ,U06QB0DNF6U,U08L58USZ6V,U08RY079RFD,U090VKSQFFW,U04M57LQ3EV,U08V8DJ5LP8 
[11/25/25, 15:39:51:534] info: [DND_V2] (T095LHX9N) Will check for changes in DND status again in 5 minutes 
[11/25/25, 15:40:03:626] info: [RTM-EVENT-METRICS] Metrics collection sampling has been reset. 
[11/25/25, 15:44:51:535] info: [DND_V2] (T095LHX9N) Checking for changes in DND status for the following members: U04UJR2PHMX,U095LTFRC,U03FCQ34JPK,U08PY1SAM0W,U0AL64VTR,U02BPRZ4FAQ,U06PZDZSXDZ,U06QB0DNF6U,U08L58USZ6V,U08RY079RFD,U090VKSQFFW,U04M57LQ3EV,U08V8DJ5LP8 
[11/25/25, 15:44:51:536] info: [DND_V2] (T095LHX9N) Will check for changes in DND status again in 5 minutes 
[11/25/25, 15:45:48:957] info: [CHECK-FOR-OLD-CHANNEL] (T07CXALJLTU) Start cleaning up DMs/MPDMs — starting with 14 entries. 
[11/25/25, 15:45:48:957] info: [CHECK-FOR-OLD-CHANNEL] (T07CXALJLTU) Eligible DMs/MPDMs for cleanup — [external DMs]:0, [internal DMs]: 11, [app DMs]: 0 
[11/25/25, 15:45:48:957] info: [CHECK-FOR-OLD-CHANNEL] (T07CXALJLTU) Identified 0 DMs/MPDMs of externalDMs type for closure 
[11/25/25, 15:45:48:957] info: [CHECK-FOR-OLD-CHANNEL] (T07CXALJLTU) Not eligible D09SUDGUMPU: Self DM 
[11/25/25, 15:45:48:957] info: [CHECK-FOR-OLD-CHANNEL] (T07CXALJLTU) Identified 0 DMs/MPDMs of internalDMs type for closure 
[11/25/25, 15:45:48:957] info: [CHECK-FOR-OLD-CHANNEL] (T07CXALJLTU) Identified 0 DMs/MPDMs of appDMs type for closure 
[11/25/25, 15:45:49:056] info: [CHECK-FOR-OLD-CHANNEL] (T095LHX9N) Start cleaning up DMs/MPDMs — starting with 53 entries. 
[11/25/25, 15:45:49:056] info: [CHECK-FOR-OLD-CHANNEL] (T095LHX9N) Eligible DMs/MPDMs for cleanup — [external DMs]:0, [internal DMs]: 11, [app DMs]: 0 
[11/25/25, 15:45:49:056] info: [CHECK-FOR-OLD-CHANNEL] (T095LHX9N) Identified 0 DMs/MPDMs of externalDMs type for closure 
[11/25/25, 15:45:49:056] info: [CHECK-FOR-OLD-CHANNEL] (T095LHX9N) Not eligible C09TW15MSKH: Not idle 
[11/25/25, 15:45:49:056] info: [CHECK-FOR-OLD-CHANNEL] (T095LHX9N) Not eligible D04U62ZABBM: Self DM 
[11/25/25, 15:45:49:056] info: [CHECK-FOR-OLD-CHANNEL] (T095LHX9N) Not eligible D04U6FHBBD1: Not idle 
[11/25/25, 15:45:49:056] info: [CHECK-FOR-OLD-CHANNEL] (T095LHX9N) Not eligible D04U8LHMQS0: Slackbot 
[11/25/25, 15:45:49:057] info: [CHECK-FOR-OLD-CHANNEL] (T095LHX9N) Not eligible D08T2G33XDM: Not idle 
[11/25/25, 15:45:49:057] info: [CHECK-FOR-OLD-CHANNEL] (T095LHX9N) Not eligible D098CC27XGV: Has draft 
[11/25/25, 15:45:49:057] info: [CHECK-FOR-OLD-CHANNEL] (T095LHX9N) Identified 0 DMs/MPDMs of internalDMs type for closure 
[11/25/25, 15:45:49:057] info: [CHECK-FOR-OLD-CHANNEL] (T095LHX9N) Identified 0 DMs/MPDMs of appDMs type for closure 
[11/25/25, 15:45:52:470] info: [CHECK-FOR-OLD-CHANNEL] (T026U7G95U6) Start cleaning up DMs/MPDMs — starting with 11 entries. 
[11/25/25, 15:45:52:470] info: [CHECK-FOR-OLD-CHANNEL] (T026U7G95U6) Eligible DMs/MPDMs for cleanup — [external DMs]:0, [internal DMs]: 11, [app DMs]: 0 
[11/25/25, 15:45:52:470] info: [CHECK-FOR-OLD-CHANNEL] (T026U7G95U6) Identified 0 DMs/MPDMs of externalDMs type for closure 
[11/25/25, 15:45:52:470] info: [CHECK-FOR-OLD-CHANNEL] (T026U7G95U6) Not eligible D02AV4K7V6H: Slackbot 
[11/25/25, 15:45:52:470] info: [CHECK-FOR-OLD-CHANNEL] (T026U7G95U6) Not eligible D02B4B892TW: Self DM 
[11/25/25, 15:45:52:470] info: [CHECK-FOR-OLD-CHANNEL] (T026U7G95U6) Identified 0 DMs/MPDMs of internalDMs type for closure 
[11/25/25, 15:45:52:470] info: [CHECK-FOR-OLD-CHANNEL] (T026U7G95U6) Identified 0 DMs/MPDMs of appDMs type for closure 
[11/25/25, 15:48:52:034] info: [FOCUS-EVENT] (T095LHX9N) Main window focused 
[11/25/25, 15:48:52:060] info: [CHECK-UNREADS] (T095LHX9N) Checking unreads after window became focused 
[11/25/25, 15:48:52:060] info: [CHECK-UNREADS] (T095LHX9N) Not marking D04U6FHBBD1 because last_read >= latest && channel is read 
[11/25/25, 15:48:52:409] info: [FOCUS-EVENT] (T095LHX9N) Main window blurred 
[11/25/25, 15:49:51:537] info: [DND_V2] (T095LHX9N) Checking for changes in DND status for the following members: U04UJR2PHMX,U095LTFRC,U03FCQ34JPK,U08PY1SAM0W,U0AL64VTR,U02BPRZ4FAQ,U06PZDZSXDZ,U06QB0DNF6U,U08L58USZ6V,U08RY079RFD,U090VKSQFFW,U04M57LQ3EV,U08V8DJ5LP8 
[11/25/25, 15:49:51:538] info: [DND_V2] (T095LHX9N) Will check for changes in DND status again in 5 minutes 
[11/25/25, 15:50:03:625] info: [RTM-EVENT-METRICS] Metrics collection sampling has been reset. 
[11/25/25, 15:51:52:335] info: [API-Q] (T026U7G95U6) noversion-1764111112.334 Flannel users/info called with reason: flannel-call:users/info 
[11/25/25, 15:51:52:336] info: [API-Q] (T026U7G95U6) noversion-1764111112.334 Flannel users/info is ENQUEUED 
[11/25/25, 15:51:52:337] info: [API-Q] (T026U7G95U6) noversion-1764111112.334 Flannel users/info is ACTIVE 
[11/25/25, 15:51:52:567] info: [API-Q] (T026U7G95U6) noversion-1764111112.334 Flannel users/info is RESOLVED 
[11/25/25, 15:54:23:471] info: [MIN-VERSION] Checking to see if we should reload 
[11/25/25, 15:54:23:474] info: [BOOT-QUEUE] T095LHX9N noversion-1764111263.473 client.shouldReload called with reason: polling 
[11/25/25, 15:54:23:474] info: [BOOT-QUEUE] T095LHX9N noversion-1764111263.473 client.shouldReload is ENQUEUED 
[11/25/25, 15:54:23:474] info: [BOOT-QUEUE] T095LHX9N noversion-1764111263.473 client.shouldReload is ACTIVE 
[11/25/25, 15:54:23:649] info: [BOOT-QUEUE] T095LHX9N noversion-1764111263.473 client.shouldReload is RESOLVED 
[11/25/25, 15:54:23:650] info: [MIN-VERSION] No need to reload 
[11/25/25, 15:54:23:650] info: [MIN-VERSION] No need to install new service worker 
[11/25/25, 15:54:51:538] info: [DND_V2] (T095LHX9N) Checking for changes in DND status for the following members: U04UJR2PHMX,U095LTFRC,U03FCQ34JPK,U08PY1SAM0W,U0AL64VTR,U02BPRZ4FAQ,U06PZDZSXDZ,U06QB0DNF6U,U08L58USZ6V,U08RY079RFD,U090VKSQFFW,U04M57LQ3EV,U08V8DJ5LP8 
[11/25/25, 15:54:51:539] info: [DND_V2] (T095LHX9N) Will check for changes in DND status again in 5 minutes 
[11/25/25, 15:55:53:294] info: [FOCUS-EVENT] (T095LHX9N) Main window focused 
[11/25/25, 15:55:53:334] info: [CHECK-UNREADS] (T095LHX9N) Checking unreads after window became focused 
[11/25/25, 15:55:53:335] info: [CHECK-UNREADS] (T095LHX9N) Not marking D04U6FHBBD1 because last_read >= latest && channel is read 
[11/25/25, 15:55:53:357] info: [API-Q] (T095LHX9N) noversion-1764111353.357 Flannel users/info called with reason: flannel-call:users/info 
[11/25/25, 15:55:53:358] info: [API-Q] (T095LHX9N) noversion-1764111353.357 Flannel users/info is ENQUEUED 
[11/25/25, 15:55:53:358] info: [API-Q] (T095LHX9N) noversion-1764111353.357 Flannel users/info is ACTIVE 
[11/25/25, 15:55:53:430] info: [API-Q] (T095LHX9N) noversion-1764111353.357 Flannel users/info is RESOLVED 
[11/25/25, 15:55:58:520] info: [FOCUS-EVENT] (T095LHX9N) Main window blurred 
[11/25/25, 15:56:01:164] info: [FOCUS-EVENT] (T095LHX9N) Main window focused 
[11/25/25, 15:56:01:188] info: [CHECK-UNREADS] (T095LHX9N) Checking unreads after window became focused 
[11/25/25, 15:56:01:188] info: [CHECK-UNREADS] (T095LHX9N) Not marking D04U6FHBBD1 because last_read >= latest && channel is read 
[11/25/25, 15:59:51:540] info: [DND_V2] (T095LHX9N) Checking for changes in DND status for the following members: U04UJR2PHMX,U095LTFRC,U03FCQ34JPK,U08PY1SAM0W,U0AL64VTR,U02BPRZ4FAQ,U06PZDZSXDZ,U06QB0DNF6U,U08L58USZ6V,U08RY079RFD,U090VKSQFFW,U04M57LQ3EV,U08V8DJ5LP8 
[11/25/25, 15:59:51:541] info: [DND_V2] (T095LHX9N) Will check for changes in DND status again in 5 minutes 
[11/25/25, 16:00:03:626] info: [RTM-EVENT-METRICS] Metrics collection sampling has been reset. 
[11/25/25, 16:00:48:957] info: [CHECK-FOR-OLD-CHANNEL] (T07CXALJLTU) Start cleaning up DMs/MPDMs — starting with 14 entries. 
[11/25/25, 16:00:48:957] info: [CHECK-FOR-OLD-CHANNEL] (T07CXALJLTU) Eligible DMs/MPDMs for cleanup — [external DMs]:0, [internal DMs]: 11, [app DMs]: 0 
[11/25/25, 16:00:48:957] info: [CHECK-FOR-OLD-CHANNEL] (T07CXALJLTU) Identified 0 DMs/MPDMs of externalDMs type for closure 
[11/25/25, 16:00:48:957] info: [CHECK-FOR-OLD-CHANNEL] (T07CXALJLTU) Not eligible D09SUDGUMPU: Self DM 
[11/25/25, 16:00:48:957] info: [CHECK-FOR-OLD-CHANNEL] (T07CXALJLTU) Identified 0 DMs/MPDMs of internalDMs type for closure 
[11/25/25, 16:00:48:957] info: [CHECK-FOR-OLD-CHANNEL] (T07CXALJLTU) Identified 0 DMs/MPDMs of appDMs type for closure 
[11/25/25, 16:00:48:957] info: [API-Q] (T07CXALJLTU) noversion-1764111648.957 Flannel users/info called with reason: flannel-call:users/info 
[11/25/25, 16:00:48:958] info: [API-Q] (T07CXALJLTU) noversion-1764111648.957 Flannel users/info is ENQUEUED 
[11/25/25, 16:00:48:959] info: [API-Q] (T07CXALJLTU) noversion-1764111648.957 Flannel users/info is ACTIVE 
[11/25/25, 16:00:49:056] info: [CHECK-FOR-OLD-CHANNEL] (T095LHX9N) Start cleaning up DMs/MPDMs — starting with 53 entries. 
[11/25/25, 16:00:49:057] info: [CHECK-FOR-OLD-CHANNEL] (T095LHX9N) Eligible DMs/MPDMs for cleanup — [external DMs]:0, [internal DMs]: 11, [app DMs]: 0 
[11/25/25, 16:00:49:057] info: [CHECK-FOR-OLD-CHANNEL] (T095LHX9N) Identified 0 DMs/MPDMs of externalDMs type for closure 
[11/25/25, 16:00:49:057] info: [CHECK-FOR-OLD-CHANNEL] (T095LHX9N) Not eligible C09TW15MSKH: Not idle 
[11/25/25, 16:00:49:057] info: [CHECK-FOR-OLD-CHANNEL] (T095LHX9N) Not eligible D04U62ZABBM: Self DM 
[11/25/25, 16:00:49:057] info: [CHECK-FOR-OLD-CHANNEL] (T095LHX9N) Not eligible D04U6FHBBD1: Not idle 
[11/25/25, 16:00:49:057] info: [CHECK-FOR-OLD-CHANNEL] (T095LHX9N) Not eligible D04U8LHMQS0: Slackbot 
[11/25/25, 16:00:49:057] info: [CHECK-FOR-OLD-CHANNEL] (T095LHX9N) Not eligible D08T2G33XDM: Not idle 
[11/25/25, 16:00:49:057] info: [CHECK-FOR-OLD-CHANNEL] (T095LHX9N) Not eligible D098CC27XGV: Has draft 
[11/25/25, 16:00:49:058] info: [CHECK-FOR-OLD-CHANNEL] (T095LHX9N) Identified 0 DMs/MPDMs of internalDMs type for closure 
[11/25/25, 16:00:49:058] info: [CHECK-FOR-OLD-CHANNEL] (T095LHX9N) Identified 0 DMs/MPDMs of appDMs type for closure 
[11/25/25, 16:00:49:178] info: [API-Q] (T07CXALJLTU) noversion-1764111648.957 Flannel users/info is RESOLVED 
[11/25/25, 16:00:52:470] info: [CHECK-FOR-OLD-CHANNEL] (T026U7G95U6) Start cleaning up DMs/MPDMs — starting with 11 entries. 
[11/25/25, 16:00:52:470] info: [CHECK-FOR-OLD-CHANNEL] (T026U7G95U6) Eligible DMs/MPDMs for cleanup — [external DMs]:0, [internal DMs]: 11, [app DMs]: 0 
[11/25/25, 16:00:52:470] info: [CHECK-FOR-OLD-CHANNEL] (T026U7G95U6) Identified 0 DMs/MPDMs of externalDMs type for closure 
[11/25/25, 16:00:52:471] info: [CHECK-FOR-OLD-CHANNEL] (T026U7G95U6) Not eligible D02AV4K7V6H: Slackbot 
[11/25/25, 16:00:52:471] info: [CHECK-FOR-OLD-CHANNEL] (T026U7G95U6) Not eligible D02B4B892TW: Self DM 
[11/25/25, 16:00:52:471] info: [CHECK-FOR-OLD-CHANNEL] (T026U7G95U6) Identified 0 DMs/MPDMs of internalDMs type for closure 
[11/25/25, 16:00:52:471] info: [CHECK-FOR-OLD-CHANNEL] (T026U7G95U6) Identified 0 DMs/MPDMs of appDMs type for closure 
[11/25/25, 16:00:52:472] info: [API-Q] (T026U7G95U6) noversion-1764111652.472 Flannel users/info called with reason: flannel-call:users/info 
[11/25/25, 16:00:52:472] info: [API-Q] (T026U7G95U6) noversion-1764111652.472 Flannel users/info is ENQUEUED 
[11/25/25, 16:00:52:473] info: [API-Q] (T026U7G95U6) noversion-1764111652.472 Flannel users/info is ACTIVE 
[11/25/25, 16:00:52:510] info: [API-Q] (T026U7G95U6) noversion-1764111652.472 Flannel users/info is RESOLVED 
[11/25/25, 16:03:22:795] info: [API-Q] (T07CXALJLTU) noversion-1764111802.794 Flannel users/info called with reason: flannel-call:users/info 
[11/25/25, 16:03:22:795] info: [API-Q] (T07CXALJLTU) noversion-1764111802.794 Flannel users/info is ENQUEUED 
[11/25/25, 16:03:22:797] info: [API-Q] (T07CXALJLTU) noversion-1764111802.794 Flannel users/info is ACTIVE 
[11/25/25, 16:03:22:882] info: [API-Q] (T07CXALJLTU) noversion-1764111802.794 Flannel users/info is RESOLVED 
[11/25/25, 16:03:48:959] info: [SIDEBAR-NOISE-METRICS] (T07CXALJLTU) Logging sidebar noise metrics 
[11/25/25, 16:03:48:959] info: [SIDEBAR-STATS] (T07CXALJLTU) Begin gathering sidebar stats 
[11/25/25, 16:03:48:960] info: [SIDEBAR-NOISE-METRICS] (T07CXALJLTU) Updated sidebar metrics for today 
[11/25/25, 16:03:48:961] info: [API-Q] (T07CXALJLTU) noversion-1764111828.960 Flannel users/info called with reason: flannel-call:users/info 
[11/25/25, 16:03:48:961] info: [API-Q] (T07CXALJLTU) noversion-1764111828.960 Flannel users/info is ENQUEUED 
[11/25/25, 16:03:48:961] info: [API-Q] (T07CXALJLTU) noversion-1764111828.960 Flannel users/info is ACTIVE 
[11/25/25, 16:03:49:000] info: [API-Q] (T07CXALJLTU) noversion-1764111828.960 Flannel users/info is RESOLVED 
[11/25/25, 16:03:49:057] info: [SIDEBAR-NOISE-METRICS] (T095LHX9N) Logging sidebar noise metrics 
[11/25/25, 16:03:49:057] info: [SIDEBAR-STATS] (T095LHX9N) Begin gathering sidebar stats 
[11/25/25, 16:03:49:058] info: [SIDEBAR-NOISE-METRICS] (T095LHX9N) Updated sidebar metrics for today 
[11/25/25, 16:03:49:058] info: [API-Q] (T095LHX9N) noversion-1764111829.058 Flannel users/info called with reason: flannel-call:users/info 
[11/25/25, 16:03:49:059] info: [API-Q] (T095LHX9N) noversion-1764111829.058 Flannel users/info is ENQUEUED 
[11/25/25, 16:03:49:059] info: [API-Q] (T095LHX9N) noversion-1764111829.058 Flannel users/info is ACTIVE 
[11/25/25, 16:03:49:098] info: [API-Q] (T095LHX9N) noversion-1764111829.058 Flannel users/info is RESOLVED 
[11/25/25, 16:03:49:108] info: [API-Q] (T095LHX9N) e147fbfc-1764111829.107 slackAi.permissions.getForUser called with reason: fetch-slack-ai-permissions 
[11/25/25, 16:03:49:109] info: [API-Q] (T095LHX9N) e147fbfc-1764111829.107 slackAi.permissions.getForUser is ENQUEUED 
[11/25/25, 16:03:49:109] info: [API-Q] (T095LHX9N) e147fbfc-1764111829.107 slackAi.permissions.getForUser is ACTIVE 
[11/25/25, 16:03:49:286] info: [API-Q] (T095LHX9N) e147fbfc-1764111829.107 slackAi.permissions.getForUser is RESOLVED 
[11/25/25, 16:03:49:293] info: [API-Q] (T095LHX9N) noversion-1764111829.292 Flannel permissions/info called with reason: flannel-call:permissions/info 
[11/25/25, 16:03:49:293] info: [API-Q] (T095LHX9N) noversion-1764111829.292 Flannel permissions/info is ENQUEUED 
[11/25/25, 16:03:49:293] info: [API-Q] (T095LHX9N) noversion-1764111829.292 Flannel permissions/info is ACTIVE 
[11/25/25, 16:03:49:307] info: [API-Q] (T095LHX9N) e147fbfc-1764111829.306 slackAi.permissions.getForUser called with reason: fetch-slack-ai-permissions 
[11/25/25, 16:03:49:307] info: [API-Q] (T095LHX9N) e147fbfc-1764111829.306 slackAi.permissions.getForUser is ENQUEUED 
[11/25/25, 16:03:49:307] info: [API-Q] (T095LHX9N) noversion-1764111829.306 Flannel permissions/info called with reason: flannel-call:permissions/info 
[11/25/25, 16:03:49:307] info: [API-Q] (T095LHX9N) noversion-1764111829.306 Flannel permissions/info is ENQUEUED 
[11/25/25, 16:03:49:307] info: [API-Q] (T095LHX9N) e147fbfc-1764111829.306 slackAi.permissions.getForUser is ACTIVE 
[11/25/25, 16:03:49:307] info: [API-Q] (T095LHX9N) noversion-1764111829.306 Flannel permissions/info is ACTIVE 
[11/25/25, 16:03:49:343] info: [API-Q] (T095LHX9N) noversion-1764111829.292 Flannel permissions/info is RESOLVED 
[11/25/25, 16:03:49:354] info: [API-Q] (T095LHX9N) noversion-1764111829.306 Flannel permissions/info is RESOLVED 
[11/25/25, 16:03:49:432] info: [API-Q] (T095LHX9N) e147fbfc-1764111829.306 slackAi.permissions.getForUser is RESOLVED 
[11/25/25, 16:03:52:470] info: [SIDEBAR-NOISE-METRICS] (T026U7G95U6) Logging sidebar noise metrics 
[11/25/25, 16:03:52:470] info: [SIDEBAR-STATS] (T026U7G95U6) Begin gathering sidebar stats 
[11/25/25, 16:03:52:470] info: [SIDEBAR-NOISE-METRICS] (T026U7G95U6) Updated sidebar metrics for today 
[11/25/25, 16:03:52:471] info: [API-Q] (T026U7G95U6) noversion-1764111832.471 Flannel users/info called with reason: flannel-call:users/info 
[11/25/25, 16:03:52:471] info: [API-Q] (T026U7G95U6) noversion-1764111832.471 Flannel users/info is ENQUEUED 
[11/25/25, 16:03:52:471] info: [API-Q] (T026U7G95U6) noversion-1764111832.471 Flannel users/info is ACTIVE 
[11/25/25, 16:03:52:510] info: [API-Q] (T026U7G95U6) noversion-1764111832.471 Flannel users/info is RESOLVED 
[11/25/25, 16:04:51:542] info: [DND_V2] (T095LHX9N) Checking for changes in DND status for the following members: U04UJR2PHMX,U095LTFRC,U03FCQ34JPK,U08PY1SAM0W,U0AL64VTR,U02BPRZ4FAQ,U06PZDZSXDZ,U06QB0DNF6U,U08L58USZ6V,U08RY079RFD,U090VKSQFFW,U04M57LQ3EV,U08V8DJ5LP8 
[11/25/25, 16:04:51:543] info: [DND_V2] (T095LHX9N) Will check for changes in DND status again in 5 minutes 
[11/25/25, 16:09:51:543] info: [DND_V2] (T095LHX9N) Checking for changes in DND status for the following members: U04UJR2PHMX,U095LTFRC,U03FCQ34JPK,U08PY1SAM0W,U0AL64VTR,U02BPRZ4FAQ,U06PZDZSXDZ,U06QB0DNF6U,U08L58USZ6V,U08RY079RFD,U090VKSQFFW,U04M57LQ3EV,U08V8DJ5LP8 
[11/25/25, 16:09:51:544] info: [DND_V2] (T095LHX9N) Will check for changes in DND status again in 5 minutes 
[11/25/25, 16:10:03:625] info: [RTM-EVENT-METRICS] Metrics collection sampling has been reset. 
[11/25/25, 16:11:31:010] info: [FOCUS-EVENT] (T095LHX9N) Main window blurred 
[11/25/25, 16:11:31:017] info: [API-Q] (T095LHX9N) noversion-1764112291.016 Flannel permissions/info called with reason: flannel-call:permissions/info 
[11/25/25, 16:11:31:017] info: [API-Q] (T095LHX9N) noversion-1764112291.016 Flannel permissions/info is ENQUEUED 
[11/25/25, 16:11:31:018] info: [API-Q] (T095LHX9N) noversion-1764112291.016 Flannel permissions/info is ACTIVE 
[11/25/25, 16:11:31:101] info: [API-Q] (T095LHX9N) noversion-1764112291.016 Flannel permissions/info is RESOLVED 
[11/25/25, 16:11:57:717] info: [FOCUS-EVENT] (T095LHX9N) Main window focused 
[11/25/25, 16:11:57:742] info: [CHECK-UNREADS] (T095LHX9N) Checking unreads after window became focused 
[11/25/25, 16:11:57:742] info: [CHECK-UNREADS] (T095LHX9N) Not marking D04U6FHBBD1 because last_read >= latest && channel is read 
[11/25/25, 16:12:04:900] info: [FOCUS-EVENT] (T095LHX9N) Main window blurred 
[11/25/25, 16:12:38:695] info: [FOCUS-EVENT] (T095LHX9N) Main window focused 
[11/25/25, 16:12:38:711] info: [CHECK-UNREADS] (T095LHX9N) Checking unreads after window became focused 
[11/25/25, 16:12:38:712] info: [CHECK-UNREADS] (T095LHX9N) Not marking D04U6FHBBD1 because last_read >= latest && channel is read 
[11/25/25, 16:12:39:117] info: [API-Q] (T095LHX9N) e147fbfc-1764112359.116 pins.list called with reason: fetchPinsList 
[11/25/25, 16:12:39:117] info: [API-Q] (T095LHX9N) e147fbfc-1764112359.116 pins.list is ENQUEUED 
[11/25/25, 16:12:39:117] info: [API-Q] (T095LHX9N) e147fbfc-1764112359.116 pins.list is ACTIVE 
[11/25/25, 16:12:39:328] info: [API-Q] (T095LHX9N) e147fbfc-1764112359.116 pins.list is RESOLVED 
[11/25/25, 16:12:40:140] info: [FOCUS-EVENT] (T095LHX9N) Main window blurred 
[11/25/25, 16:14:51:545] info: [DND_V2] (T095LHX9N) Checking for changes in DND status for the following members: U04UJR2PHMX,U095LTFRC,U03FCQ34JPK,U08PY1SAM0W,U0AL64VTR,U02BPRZ4FAQ,U06PZDZSXDZ,U06QB0DNF6U,U08L58USZ6V,U08RY079RFD,U090VKSQFFW,U04M57LQ3EV,U08V8DJ5LP8 
[11/25/25, 16:14:51:546] info: [DND_V2] (T095LHX9N) Will check for changes in DND status again in 5 minutes 
[11/25/25, 16:15:48:957] info: [CHECK-FOR-OLD-CHANNEL] (T07CXALJLTU) Start cleaning up DMs/MPDMs — starting with 14 entries. 
[11/25/25, 16:15:48:957] info: [CHECK-FOR-OLD-CHANNEL] (T07CXALJLTU) Eligible DMs/MPDMs for cleanup — [external DMs]:0, [internal DMs]: 11, [app DMs]: 0 
[11/25/25, 16:15:48:957] info: [CHECK-FOR-OLD-CHANNEL] (T07CXALJLTU) Identified 0 DMs/MPDMs of externalDMs type for closure 
[11/25/25, 16:15:48:957] info: [CHECK-FOR-OLD-CHANNEL] (T07CXALJLTU) Not eligible D09SUDGUMPU: Self DM 
[11/25/25, 16:15:48:957] info: [CHECK-FOR-OLD-CHANNEL] (T07CXALJLTU) Identified 0 DMs/MPDMs of internalDMs type for closure 
[11/25/25, 16:15:48:957] info: [CHECK-FOR-OLD-CHANNEL] (T07CXALJLTU) Identified 0 DMs/MPDMs of appDMs type for closure 
[11/25/25, 16:15:48:958] info: [API-Q] (T07CXALJLTU) noversion-1764112548.957 Flannel users/info called with reason: flannel-call:users/info 
[11/25/25, 16:15:48:959] info: [API-Q] (T07CXALJLTU) noversion-1764112548.957 Flannel users/info is ENQUEUED 
[11/25/25, 16:15:48:959] info: [API-Q] (T07CXALJLTU) noversion-1764112548.957 Flannel users/info is ACTIVE 
[11/25/25, 16:15:49:035] info: [API-Q] (T07CXALJLTU) noversion-1764112548.957 Flannel users/info is RESOLVED 
[11/25/25, 16:15:49:056] info: [CHECK-FOR-OLD-CHANNEL] (T095LHX9N) Start cleaning up DMs/MPDMs — starting with 53 entries. 
[11/25/25, 16:15:49:056] info: [CHECK-FOR-OLD-CHANNEL] (T095LHX9N) Eligible DMs/MPDMs for cleanup — [external DMs]:0, [internal DMs]: 11, [app DMs]: 0 
[11/25/25, 16:15:49:056] info: [CHECK-FOR-OLD-CHANNEL] (T095LHX9N) Identified 0 DMs/MPDMs of externalDMs type for closure 
[11/25/25, 16:15:49:056] info: [CHECK-FOR-OLD-CHANNEL] (T095LHX9N) Not eligible C09TW15MSKH: Not idle 
[11/25/25, 16:15:49:056] info: [CHECK-FOR-OLD-CHANNEL] (T095LHX9N) Not eligible D04U62ZABBM: Self DM 
[11/25/25, 16:15:49:056] info: [CHECK-FOR-OLD-CHANNEL] (T095LHX9N) Not eligible D04U6FHBBD1: Not idle 
[11/25/25, 16:15:49:056] info: [CHECK-FOR-OLD-CHANNEL] (T095LHX9N) Not eligible D04U8LHMQS0: Slackbot 
[11/25/25, 16:15:49:056] info: [CHECK-FOR-OLD-CHANNEL] (T095LHX9N) Not eligible D08T2G33XDM: Not idle 
[11/25/25, 16:15:49:056] info: [CHECK-FOR-OLD-CHANNEL] (T095LHX9N) Not eligible D098CC27XGV: Has draft 
[11/25/25, 16:15:49:057] info: [CHECK-FOR-OLD-CHANNEL] (T095LHX9N) Identified 0 DMs/MPDMs of internalDMs type for closure 
[11/25/25, 16:15:49:057] info: [CHECK-FOR-OLD-CHANNEL] (T095LHX9N) Identified 0 DMs/MPDMs of appDMs type for closure 
[11/25/25, 16:15:50:121] info: [API-Q] (T095LHX9N) noversion-1764112550.120 Flannel users/info called with reason: flannel-call:users/info 
[11/25/25, 16:15:50:121] info: [API-Q] (T095LHX9N) noversion-1764112550.120 Flannel users/info is ENQUEUED 
[11/25/25, 16:15:50:121] info: [API-Q] (T095LHX9N) noversion-1764112550.120 Flannel users/info is ACTIVE 
[11/25/25, 16:15:50:160] info: [API-Q] (T095LHX9N) noversion-1764112550.120 Flannel users/info is RESOLVED 
[11/25/25, 16:15:51:163] info: [API-Q] (T095LHX9N) noversion-1764112551.162 Flannel users/info called with reason: flannel-call:users/info 
[11/25/25, 16:15:51:163] info: [API-Q] (T095LHX9N) noversion-1764112551.162 Flannel users/info is ENQUEUED 
[11/25/25, 16:15:51:163] info: [API-Q] (T095LHX9N) noversion-1764112551.162 Flannel users/info is ACTIVE 
[11/25/25, 16:15:51:202] info: [API-Q] (T095LHX9N) noversion-1764112551.162 Flannel users/info is RESOLVED 
[11/25/25, 16:15:52:470] info: [CHECK-FOR-OLD-CHANNEL] (T026U7G95U6) Start cleaning up DMs/MPDMs — starting with 11 entries. 
[11/25/25, 16:15:52:470] info: [CHECK-FOR-OLD-CHANNEL] (T026U7G95U6) Eligible DMs/MPDMs for cleanup — [external DMs]:0, [internal DMs]: 11, [app DMs]: 0 
[11/25/25, 16:15:52:471] info: [CHECK-FOR-OLD-CHANNEL] (T026U7G95U6) Identified 0 DMs/MPDMs of externalDMs type for closure 
[11/25/25, 16:15:52:471] info: [CHECK-FOR-OLD-CHANNEL] (T026U7G95U6) Not eligible D02AV4K7V6H: Slackbot 
[11/25/25, 16:15:52:471] info: [CHECK-FOR-OLD-CHANNEL] (T026U7G95U6) Not eligible D02B4B892TW: Self DM 
[11/25/25, 16:15:52:471] info: [CHECK-FOR-OLD-CHANNEL] (T026U7G95U6) Identified 0 DMs/MPDMs of internalDMs type for closure 
[11/25/25, 16:15:52:471] info: [CHECK-FOR-OLD-CHANNEL] (T026U7G95U6) Identified 0 DMs/MPDMs of appDMs type for closure 
[11/25/25, 16:15:53:566] info: [API-Q] (T026U7G95U6) noversion-1764112553.565 Flannel users/info called with reason: flannel-call:users/info 
[11/25/25, 16:15:53:566] info: [API-Q] (T026U7G95U6) noversion-1764112553.565 Flannel users/info is ENQUEUED 
[11/25/25, 16:15:53:567] info: [API-Q] (T026U7G95U6) noversion-1764112553.565 Flannel users/info is ACTIVE 
[11/25/25, 16:15:53:605] info: [API-Q] (T026U7G95U6) noversion-1764112553.565 Flannel users/info is RESOLVED 
[11/25/25, 16:16:18:285] info: [FOCUS-EVENT] (T095LHX9N) Main window focused 
[11/25/25, 16:16:18:311] info: [CHECK-UNREADS] (T095LHX9N) Checking unreads after window became focused 
[11/25/25, 16:16:18:312] info: [CHECK-UNREADS] (T095LHX9N) Not marking D04U6FHBBD1 because last_read >= latest && channel is read 
[11/25/25, 16:16:19:800] info: [FOCUS-EVENT] (T095LHX9N) Main window blurred 
[11/25/25, 16:19:51:547] info: [DND_V2] (T095LHX9N) Checking for changes in DND status for the following members: U04UJR2PHMX,U095LTFRC,U03FCQ34JPK,U08PY1SAM0W,U0AL64VTR,U02BPRZ4FAQ,U06PZDZSXDZ,U06QB0DNF6U,U08L58USZ6V,U08RY079RFD,U090VKSQFFW,U04M57LQ3EV,U08V8DJ5LP8 
[11/25/25, 16:19:51:548] info: [DND_V2] (T095LHX9N) Will check for changes in DND status again in 5 minutes 
[11/25/25, 16:20:03:625] info: [RTM-EVENT-METRICS] Metrics collection sampling has been reset. 
[11/25/25, 16:20:42:443] info: [PERSIST] (T026U7G95U6) Successfully persisted state 
[11/25/25, 16:20:42:451] info: [PERSIST] (T07CXALJLTU) Successfully persisted state 
[11/25/25, 16:20:52:534] info: [PERSIST] (T095LHX9N) Successfully persisted state 
[11/25/25, 16:24:51:549] info: [DND_V2] (T095LHX9N) Checking for changes in DND status for the following members: U04UJR2PHMX,U095LTFRC,U03FCQ34JPK,U08PY1SAM0W,U0AL64VTR,U02BPRZ4FAQ,U06PZDZSXDZ,U06QB0DNF6U,U08L58USZ6V,U08RY079RFD,U090VKSQFFW,U04M57LQ3EV,U08V8DJ5LP8 
[11/25/25, 16:24:51:550] info: [DND_V2] (T095LHX9N) Will check for changes in DND status again in 5 minutes 
[11/25/25, 16:28:13:809] info: [API-Q] (T095LHX9N) noversion-1764113293.808 Flannel users/info called with reason: flannel-call:users/info 
[11/25/25, 16:28:13:809] info: [API-Q] (T095LHX9N) noversion-1764113293.808 Flannel users/info is ENQUEUED 
[11/25/25, 16:28:13:810] info: [API-Q] (T095LHX9N) noversion-1764113293.808 Flannel users/info is ACTIVE 
[11/25/25, 16:28:14:036] info: [API-Q] (T095LHX9N) noversion-1764113293.808 Flannel users/info is RESOLVED 
[11/25/25, 16:28:14:836] info: [API-Q] (T095LHX9N) noversion-1764113294.835 Flannel users/info called with reason: flannel-call:users/info 
[11/25/25, 16:28:14:836] info: [API-Q] (T095LHX9N) noversion-1764113294.835 Flannel users/info is ENQUEUED 
[11/25/25, 16:28:14:836] info: [API-Q] (T095LHX9N) noversion-1764113294.835 Flannel users/info is ACTIVE 
[11/25/25, 16:28:14:872] info: [API-Q] (T095LHX9N) noversion-1764113294.835 Flannel users/info is RESOLVED 
[11/25/25, 16:29:51:551] info: [DND_V2] (T095LHX9N) Checking for changes in DND status for the following members: U04UJR2PHMX,U095LTFRC,U03FCQ34JPK,U08PY1SAM0W,U0AL64VTR,U02BPRZ4FAQ,U06PZDZSXDZ,U06QB0DNF6U,U08L58USZ6V,U08RY079RFD,U090VKSQFFW,U04M57LQ3EV,U08V8DJ5LP8 
[11/25/25, 16:29:51:552] info: [DND_V2] (T095LHX9N) Will check for changes in DND status again in 5 minutes 
[11/25/25, 16:30:03:625] info: [RTM-EVENT-METRICS] Metrics collection sampling has been reset. 
[11/25/25, 16:30:48:957] info: [CHECK-FOR-OLD-CHANNEL] (T07CXALJLTU) Start cleaning up DMs/MPDMs — starting with 14 entries. 
[11/25/25, 16:30:48:957] info: [CHECK-FOR-OLD-CHANNEL] (T07CXALJLTU) Eligible DMs/MPDMs for cleanup — [external DMs]:0, [internal DMs]: 11, [app DMs]: 0 
[11/25/25, 16:30:48:957] info: [CHECK-FOR-OLD-CHANNEL] (T07CXALJLTU) Identified 0 DMs/MPDMs of externalDMs type for closure 
[11/25/25, 16:30:48:957] info: [CHECK-FOR-OLD-CHANNEL] (T07CXALJLTU) Not eligible D09SUDGUMPU: Self DM 
[11/25/25, 16:30:48:957] info: [CHECK-FOR-OLD-CHANNEL] (T07CXALJLTU) Identified 0 DMs/MPDMs of internalDMs type for closure 
[11/25/25, 16:30:48:957] info: [CHECK-FOR-OLD-CHANNEL] (T07CXALJLTU) Identified 0 DMs/MPDMs of appDMs type for closure 
[11/25/25, 16:30:49:056] info: [CHECK-FOR-OLD-CHANNEL] (T095LHX9N) Start cleaning up DMs/MPDMs — starting with 53 entries. 
[11/25/25, 16:30:49:056] info: [CHECK-FOR-OLD-CHANNEL] (T095LHX9N) Eligible DMs/MPDMs for cleanup — [external DMs]:0, [internal DMs]: 11, [app DMs]: 0 
[11/25/25, 16:30:49:056] info: [CHECK-FOR-OLD-CHANNEL] (T095LHX9N) Identified 0 DMs/MPDMs of externalDMs type for closure 
[11/25/25, 16:30:49:056] info: [CHECK-FOR-OLD-CHANNEL] (T095LHX9N) Not eligible C09TW15MSKH: Not idle 
[11/25/25, 16:30:49:056] info: [CHECK-FOR-OLD-CHANNEL] (T095LHX9N) Not eligible D04U62ZABBM: Self DM 
[11/25/25, 16:30:49:056] info: [CHECK-FOR-OLD-CHANNEL] (T095LHX9N) Not eligible D04U6FHBBD1: Not idle 
[11/25/25, 16:30:49:056] info: [CHECK-FOR-OLD-CHANNEL] (T095LHX9N) Not eligible D04U8LHMQS0: Slackbot 
[11/25/25, 16:30:49:056] info: [CHECK-FOR-OLD-CHANNEL] (T095LHX9N) Not eligible D08T2G33XDM: Not idle 
[11/25/25, 16:30:49:057] info: [CHECK-FOR-OLD-CHANNEL] (T095LHX9N) Not eligible D098CC27XGV: Has draft 
[11/25/25, 16:30:49:057] info: [CHECK-FOR-OLD-CHANNEL] (T095LHX9N) Identified 0 DMs/MPDMs of internalDMs type for closure 
[11/25/25, 16:30:49:057] info: [CHECK-FOR-OLD-CHANNEL] (T095LHX9N) Identified 0 DMs/MPDMs of appDMs type for closure 
[11/25/25, 16:30:52:470] info: [CHECK-FOR-OLD-CHANNEL] (T026U7G95U6) Start cleaning up DMs/MPDMs — starting with 11 entries. 
[11/25/25, 16:30:52:470] info: [CHECK-FOR-OLD-CHANNEL] (T026U7G95U6) Eligible DMs/MPDMs for cleanup — [external DMs]:0, [internal DMs]: 11, [app DMs]: 0 
[11/25/25, 16:30:52:471] info: [CHECK-FOR-OLD-CHANNEL] (T026U7G95U6) Identified 0 DMs/MPDMs of externalDMs type for closure 
[11/25/25, 16:30:52:471] info: [CHECK-FOR-OLD-CHANNEL] (T026U7G95U6) Not eligible D02AV4K7V6H: Slackbot 
[11/25/25, 16:30:52:471] info: [CHECK-FOR-OLD-CHANNEL] (T026U7G95U6) Not eligible D02B4B892TW: Self DM 
[11/25/25, 16:30:52:471] info: [CHECK-FOR-OLD-CHANNEL] (T026U7G95U6) Identified 0 DMs/MPDMs of internalDMs type for closure 
[11/25/25, 16:30:52:471] info: [CHECK-FOR-OLD-CHANNEL] (T026U7G95U6) Identified 0 DMs/MPDMs of appDMs type for closure 
[11/25/25, 16:34:51:553] info: [DND_V2] (T095LHX9N) Checking for changes in DND status for the following members: U04UJR2PHMX,U095LTFRC,U03FCQ34JPK,U08PY1SAM0W,U0AL64VTR,U02BPRZ4FAQ,U06PZDZSXDZ,U06QB0DNF6U,U08L58USZ6V,U08RY079RFD,U090VKSQFFW,U04M57LQ3EV,U08V8DJ5LP8 
[11/25/25, 16:34:51:554] info: [DND_V2] (T095LHX9N) Will check for changes in DND status again in 5 minutes 
[11/25/25, 16:35:08:802] info: [FOCUS-EVENT] (T095LHX9N) Main window focused 
[11/25/25, 16:35:08:831] info: [CHECK-UNREADS] (T095LHX9N) Checking unreads after window became focused 
[11/25/25, 16:35:08:831] info: [CHECK-UNREADS] (T095LHX9N) Not marking D04U6FHBBD1 because last_read >= latest && channel is read 
[11/25/25, 16:35:08:884] info: [FOCUS-EVENT] (T095LHX9N) Main window blurred 
[11/25/25, 16:35:09:854] info: [API-Q] (T095LHX9N) noversion-1764113709.853 Flannel users/info called with reason: flannel-call:users/info 
[11/25/25, 16:35:09:854] info: [API-Q] (T095LHX9N) noversion-1764113709.853 Flannel users/info is ENQUEUED 
[11/25/25, 16:35:09:855] info: [API-Q] (T095LHX9N) noversion-1764113709.853 Flannel users/info is ACTIVE 
[11/25/25, 16:35:09:936] info: [API-Q] (T095LHX9N) noversion-1764113709.853 Flannel users/info is RESOLVED 
[11/25/25, 16:39:51:555] info: [DND_V2] (T095LHX9N) Checking for changes in DND status for the following members: U04UJR2PHMX,U095LTFRC,U03FCQ34JPK,U08PY1SAM0W,U0AL64VTR,U02BPRZ4FAQ,U06PZDZSXDZ,U06QB0DNF6U,U08L58USZ6V,U08RY079RFD,U090VKSQFFW,U04M57LQ3EV,U08V8DJ5LP8 
[11/25/25, 16:39:51:556] info: [DND_V2] (T095LHX9N) Will check for changes in DND status again in 5 minutes 
[11/25/25, 16:40:03:625] info: [RTM-EVENT-METRICS] Metrics collection sampling has been reset. 
[11/25/25, 16:44:51:556] info: [DND_V2] (T095LHX9N) Checking for changes in DND status for the following members: U04UJR2PHMX,U095LTFRC,U03FCQ34JPK,U08PY1SAM0W,U0AL64VTR,U02BPRZ4FAQ,U06PZDZSXDZ,U06QB0DNF6U,U08L58USZ6V,U08RY079RFD,U090VKSQFFW,U04M57LQ3EV,U08V8DJ5LP8 
[11/25/25, 16:44:51:557] info: [DND_V2] (T095LHX9N) Will check for changes in DND status again in 5 minutes 
[11/25/25, 16:45:48:957] info: [CHECK-FOR-OLD-CHANNEL] (T07CXALJLTU) Start cleaning up DMs/MPDMs — starting with 14 entries. 
[11/25/25, 16:45:48:957] info: [CHECK-FOR-OLD-CHANNEL] (T07CXALJLTU) Eligible DMs/MPDMs for cleanup — [external DMs]:0, [internal DMs]: 11, [app DMs]: 0 
[11/25/25, 16:45:48:957] info: [CHECK-FOR-OLD-CHANNEL] (T07CXALJLTU) Identified 0 DMs/MPDMs of externalDMs type for closure 
[11/25/25, 16:45:48:957] info: [CHECK-FOR-OLD-CHANNEL] (T07CXALJLTU) Not eligible D09SUDGUMPU: Self DM 
[11/25/25, 16:45:48:957] info: [CHECK-FOR-OLD-CHANNEL] (T07CXALJLTU) Identified 0 DMs/MPDMs of internalDMs type for closure 
[11/25/25, 16:45:48:957] info: [CHECK-FOR-OLD-CHANNEL] (T07CXALJLTU) Identified 0 DMs/MPDMs of appDMs type for closure 
[11/25/25, 16:45:49:056] info: [CHECK-FOR-OLD-CHANNEL] (T095LHX9N) Start cleaning up DMs/MPDMs — starting with 53 entries. 
[11/25/25, 16:45:49:056] info: [CHECK-FOR-OLD-CHANNEL] (T095LHX9N) Eligible DMs/MPDMs for cleanup — [external DMs]:0, [internal DMs]: 11, [app DMs]: 0 
[11/25/25, 16:45:49:056] info: [CHECK-FOR-OLD-CHANNEL] (T095LHX9N) Identified 0 DMs/MPDMs of externalDMs type for closure 
[11/25/25, 16:45:49:056] info: [CHECK-FOR-OLD-CHANNEL] (T095LHX9N) Not eligible C09TW15MSKH: Not idle 
[11/25/25, 16:45:49:056] info: [CHECK-FOR-OLD-CHANNEL] (T095LHX9N) Not eligible D04U62ZABBM: Self DM 
[11/25/25, 16:45:49:057] info: [CHECK-FOR-OLD-CHANNEL] (T095LHX9N) Not eligible D04U6FHBBD1: Not idle 
[11/25/25, 16:45:49:057] info: [CHECK-FOR-OLD-CHANNEL] (T095LHX9N) Not eligible D04U8LHMQS0: Slackbot 
[11/25/25, 16:45:49:057] info: [CHECK-FOR-OLD-CHANNEL] (T095LHX9N) Not eligible D08T2G33XDM: Not idle 
[11/25/25, 16:45:49:057] info: [CHECK-FOR-OLD-CHANNEL] (T095LHX9N) Not eligible D098CC27XGV: Has draft 
[11/25/25, 16:45:49:057] info: [CHECK-FOR-OLD-CHANNEL] (T095LHX9N) Identified 0 DMs/MPDMs of internalDMs type for closure 
[11/25/25, 16:45:49:057] info: [CHECK-FOR-OLD-CHANNEL] (T095LHX9N) Identified 0 DMs/MPDMs of appDMs type for closure 
[11/25/25, 16:45:50:117] info: [API-Q] (T095LHX9N) noversion-1764114350.116 Flannel users/info called with reason: flannel-call:users/info 
[11/25/25, 16:45:50:117] info: [API-Q] (T095LHX9N) noversion-1764114350.116 Flannel users/info is ENQUEUED 
[11/25/25, 16:45:50:118] info: [API-Q] (T095LHX9N) noversion-1764114350.116 Flannel users/info is ACTIVE 
[11/25/25, 16:45:50:200] info: [API-Q] (T095LHX9N) noversion-1764114350.116 Flannel users/info is RESOLVED 
[11/25/25, 16:45:51:120] info: [API-Q] (T095LHX9N) noversion-1764114351.119 Flannel users/info called with reason: flannel-call:users/info 
[11/25/25, 16:45:51:120] info: [API-Q] (T095LHX9N) noversion-1764114351.119 Flannel users/info is ENQUEUED 
[11/25/25, 16:45:51:120] info: [API-Q] (T095LHX9N) noversion-1764114351.119 Flannel users/info is ACTIVE 
[11/25/25, 16:45:51:159] info: [API-Q] (T095LHX9N) noversion-1764114351.119 Flannel users/info is RESOLVED 
[11/25/25, 16:45:52:470] info: [CHECK-FOR-OLD-CHANNEL] (T026U7G95U6) Start cleaning up DMs/MPDMs — starting with 11 entries. 
[11/25/25, 16:45:52:471] info: [CHECK-FOR-OLD-CHANNEL] (T026U7G95U6) Eligible DMs/MPDMs for cleanup — [external DMs]:0, [internal DMs]: 11, [app DMs]: 0 
[11/25/25, 16:45:52:471] info: [CHECK-FOR-OLD-CHANNEL] (T026U7G95U6) Identified 0 DMs/MPDMs of externalDMs type for closure 
[11/25/25, 16:45:52:471] info: [CHECK-FOR-OLD-CHANNEL] (T026U7G95U6) Not eligible D02AV4K7V6H: Slackbot 
[11/25/25, 16:45:52:471] info: [CHECK-FOR-OLD-CHANNEL] (T026U7G95U6) Not eligible D02B4B892TW: Self DM 
[11/25/25, 16:45:52:471] info: [CHECK-FOR-OLD-CHANNEL] (T026U7G95U6) Identified 0 DMs/MPDMs of internalDMs type for closure 
[11/25/25, 16:45:52:471] info: [CHECK-FOR-OLD-CHANNEL] (T026U7G95U6) Identified 0 DMs/MPDMs of appDMs type for closure 
[11/25/25, 16:48:05:521] info: [SOCKET-MANAGER] (T095LHX9N) goodbye: disconnecting from the MS next time it is convenient 
[11/25/25, 16:48:05:521] info: [SOCKET-MANAGER] (T095LHX9N) goodbye: disconnecting now 
[11/25/25, 16:48:05:521] info: [SOCKET-MANAGER] (T095LHX9N) Closing socket because #4104: received goodbye from server 
[11/25/25, 16:48:05:521] info: [SLACK-SOCKET] socket.close() has been initiated with statusCode 4104 and description received goodbye from server 
[11/25/25, 16:48:05:521] info: [SOCKET-MANAGER] (T095LHX9N) Changing from connected to disconnect 
[11/25/25, 16:48:05:521] info: [SOCKET-MANAGER] (T095LHX9N) will stay in disconnect state for up to 10000 ms 
[11/25/25, 16:48:05:522] info: [SOCKET-MANAGER] (T095LHX9N) Changing from disconnect to disconnecting 
[11/25/25, 16:48:05:522] info: [SOCKET-MANAGER] (T095LHX9N) will stay in disconnecting state for up to 10000 ms 
[11/25/25, 16:48:05:522] info: [SOCKET-MANAGER] (T095LHX9N) Changing from disconnecting to disconnected 
[11/25/25, 16:48:05:522] info: [SOCKET-MANAGER] (T095LHX9N) will stay in disconnected state for up to 10000 ms 
[11/25/25, 16:48:05:522] info: [SOCKET-MANAGER] (T095LHX9N) Disconnected! Online? true 
[11/25/25, 16:48:05:522] info: [SOCKET-MANAGER] (T095LHX9N) Changing from disconnected to wait_for_rate_limit 
[11/25/25, 16:48:05:522] info: [SOCKET-MANAGER] (T095LHX9N) will stay in wait_for_rate_limit state for up to 120000 ms 
[11/25/25, 16:48:05:522] info: [SOCKET-MANAGER] (T095LHX9N) backing off: will wait for 966 ms 
[11/25/25, 16:48:05:522] info: [EVENTLOG] (T095LHX9N) socket was closed while we were fetching history; cancelling our request 
[11/25/25, 16:48:06:489] info: [SOCKET-MANAGER] (T095LHX9N) Changing from wait_for_rate_limit to connect 
[11/25/25, 16:48:06:489] info: [SOCKET-MANAGER] (T095LHX9N) will stay in connect state for up to 10000 ms 
[11/25/25, 16:48:06:490] info: [SOCKET-MANAGER] (T095LHX9N) Changing from connect to checking_fast_reconnect 
[11/25/25, 16:48:06:490] info: [SOCKET-MANAGER] (T095LHX9N) will stay in checking_fast_reconnect state for up to 60000 ms 
[11/25/25, 16:48:06:490] info: [SOCKET-MANAGER] (T095LHX9N) Attempting to connect to primary region 
[11/25/25, 16:48:06:490] info: [SOCKET-MANAGER] (T095LHX9N) Changing from checking_fast_reconnect to fast_reconnecting 
[11/25/25, 16:48:06:490] info: [SOCKET-MANAGER] (T095LHX9N) will stay in fast_reconnecting state for up to 20000 ms 
[11/25/25, 16:48:06:689] info: [SOCKET-MANAGER] (T095LHX9N) Changing from fast_reconnecting to connected 
[11/25/25, 16:48:06:690] info: [SOCKET-MANAGER] (T095LHX9N) will stay in connected state for up to Infinity ms 
[11/25/25, 16:48:06:690] info: [SOCKET-MANAGER] (T095LHX9N) Connected to primary region 
[11/25/25, 16:48:06:692] info: [EVENTLOG] (T095LHX9N) fr=true, lc=false, lt=1764109913.007300 
[11/25/25, 16:48:06:693] info: [API-Q] (T095LHX9N) e147fbfc-1764114486.693 sfdc.integration.listOrgs called with reason: fetch-orgs-and-sign-in-silently-v2 
[11/25/25, 16:48:06:693] info: [API-Q] (T095LHX9N) e147fbfc-1764114486.693 sfdc.integration.listOrgs is ENQUEUED 
[11/25/25, 16:48:06:694] info: [API-Q] (T095LHX9N) noversion-1764114486.694 Flannel users/info called with reason: flannel-call:users/info 
[11/25/25, 16:48:06:694] info: [API-Q] (T095LHX9N) noversion-1764114486.694 Flannel users/info is ENQUEUED 
[11/25/25, 16:48:06:694] info: [API-Q] (T095LHX9N) e147fbfc-1764114486.693 sfdc.integration.listOrgs is ACTIVE 
[11/25/25, 16:48:06:695] info: [API-Q] (T095LHX9N) noversion-1764114486.694 Flannel users/info is ACTIVE 
[11/25/25, 16:48:06:774] info: [API-Q] (T095LHX9N) noversion-1764114486.694 Flannel users/info is RESOLVED 
[11/25/25, 16:48:06:856] info: [RTM-QUEUE] Setting a timeout of 100 ms to process more rtm events 
[11/25/25, 16:48:06:905] info: [API-Q] (T095LHX9N) e147fbfc-1764114486.693 sfdc.integration.listOrgs is RESOLVED 
[11/25/25, 16:48:06:956] info: [RTM-QUEUE] Waited 100 ms, processing more rtm events now 
[11/25/25, 16:49:51:558] info: [DND_V2] (T095LHX9N) Checking for changes in DND status for the following members: U04UJR2PHMX,U095LTFRC,U03FCQ34JPK,U08PY1SAM0W,U0AL64VTR,U02BPRZ4FAQ,U06PZDZSXDZ,U06QB0DNF6U,U08L58USZ6V,U08RY079RFD,U090VKSQFFW,U04M57LQ3EV,U08V8DJ5LP8 
[11/25/25, 16:49:51:559] info: [DND_V2] (T095LHX9N) Will check for changes in DND status again in 5 minutes 
[11/25/25, 16:50:03:625] info: [RTM-EVENT-METRICS] Metrics collection sampling has been reset. 
[11/25/25, 16:50:06:695] info: [CHECK-FOR-OLD-CHANNEL] (T095LHX9N) Start cleaning up DMs/MPDMs — starting with 53 entries. 
[11/25/25, 16:50:06:695] info: [CHECK-FOR-OLD-CHANNEL] (T095LHX9N) Eligible DMs/MPDMs for cleanup — [external DMs]:0, [internal DMs]: 11, [app DMs]: 0 
[11/25/25, 16:50:06:695] info: [CHECK-FOR-OLD-CHANNEL] (T095LHX9N) Identified 0 DMs/MPDMs of externalDMs type for closure 
[11/25/25, 16:50:06:695] info: [CHECK-FOR-OLD-CHANNEL] (T095LHX9N) Not eligible C09TW15MSKH: Not idle 
[11/25/25, 16:50:06:695] info: [CHECK-FOR-OLD-CHANNEL] (T095LHX9N) Not eligible D04U62ZABBM: Self DM 
[11/25/25, 16:50:06:695] info: [CHECK-FOR-OLD-CHANNEL] (T095LHX9N) Not eligible D04U6FHBBD1: Not idle 
[11/25/25, 16:50:06:695] info: [CHECK-FOR-OLD-CHANNEL] (T095LHX9N) Not eligible D04U8LHMQS0: Slackbot 
[11/25/25, 16:50:06:695] info: [CHECK-FOR-OLD-CHANNEL] (T095LHX9N) Not eligible D08T2G33XDM: Not idle 
[11/25/25, 16:50:06:695] info: [CHECK-FOR-OLD-CHANNEL] (T095LHX9N) Not eligible D098CC27XGV: Has draft 
[11/25/25, 16:50:06:696] info: [CHECK-FOR-OLD-CHANNEL] (T095LHX9N) Identified 0 DMs/MPDMs of internalDMs type for closure 
[11/25/25, 16:50:06:696] info: [CHECK-FOR-OLD-CHANNEL] (T095LHX9N) Identified 0 DMs/MPDMs of appDMs type for closure 
[11/25/25, 16:51:36:035] info: [FOCUS-EVENT] (T095LHX9N) Main window focused 
[11/25/25, 16:51:36:053] info: [CHECK-UNREADS] (T095LHX9N) Checking unreads after window became focused 
[11/25/25, 16:51:36:053] info: [CHECK-UNREADS] (T095LHX9N) Not marking D04U6FHBBD1 because last_read >= latest && channel is read 
[11/25/25, 16:51:36:063] info: [API-Q] (T095LHX9N) noversion-1764114696.062 Flannel users/info called with reason: flannel-call:users/info 
[11/25/25, 16:51:36:063] info: [API-Q] (T095LHX9N) noversion-1764114696.062 Flannel users/info is ENQUEUED 
[11/25/25, 16:51:36:064] info: [API-Q] (T095LHX9N) noversion-1764114696.062 Flannel users/info is ACTIVE 
[11/25/25, 16:51:36:292] info: [API-Q] (T095LHX9N) noversion-1764114696.062 Flannel users/info is RESOLVED 
[11/25/25, 16:51:36:902] info: [FOCUS-EVENT] (T095LHX9N) Main window blurred 
[11/25/25, 16:51:53:724] info: [API-Q] (T026U7G95U6) noversion-1764114713.723 Flannel users/info called with reason: flannel-call:users/info 
[11/25/25, 16:51:53:724] info: [API-Q] (T026U7G95U6) noversion-1764114713.723 Flannel users/info is ENQUEUED 
[11/25/25, 16:51:53:724] info: [API-Q] (T026U7G95U6) noversion-1764114713.723 Flannel users/info is ACTIVE 
[11/25/25, 16:51:53:909] info: [API-Q] (T026U7G95U6) noversion-1764114713.723 Flannel users/info is RESOLVED 
[11/25/25, 16:53:06:694] info: [SIDEBAR-NOISE-METRICS] (T095LHX9N) Logging sidebar noise metrics 
[11/25/25, 16:53:06:695] info: [SIDEBAR-STATS] (T095LHX9N) Begin gathering sidebar stats 
[11/25/25, 16:53:06:696] info: [SIDEBAR-NOISE-METRICS] (T095LHX9N) Updated sidebar metrics for today 
[11/25/25, 16:53:13:180] info: [FOCUS-EVENT] (T095LHX9N) Main window focused 
[11/25/25, 16:53:13:199] info: [CHECK-UNREADS] (T095LHX9N) Checking unreads after window became focused 
[11/25/25, 16:53:13:199] info: [CHECK-UNREADS] (T095LHX9N) Not marking D04U6FHBBD1 because last_read >= latest && channel is read 
[11/25/25, 16:53:14:530] info: [FOCUS-EVENT] (T095LHX9N) Main window blurred 
[11/25/25, 16:54:51:560] info: [DND_V2] (T095LHX9N) Checking for changes in DND status for the following members: U04UJR2PHMX,U095LTFRC,U03FCQ34JPK,U08PY1SAM0W,U0AL64VTR,U02BPRZ4FAQ,U06PZDZSXDZ,U06QB0DNF6U,U08L58USZ6V,U08RY079RFD,U090VKSQFFW,U04M57LQ3EV,U08V8DJ5LP8 
[11/25/25, 16:54:51:561] info: [DND_V2] (T095LHX9N) Will check for changes in DND status again in 5 minutes 
[11/25/25, 16:59:51:562] info: [DND_V2] (T095LHX9N) Checking for changes in DND status for the following members: U04UJR2PHMX,U095LTFRC,U03FCQ34JPK,U08PY1SAM0W,U0AL64VTR,U02BPRZ4FAQ,U06PZDZSXDZ,U06QB0DNF6U,U08L58USZ6V,U08RY079RFD,U090VKSQFFW,U04M57LQ3EV,U08V8DJ5LP8 
[11/25/25, 16:59:51:564] info: [DND_V2] (T095LHX9N) Will check for changes in DND status again in 5 minutes 
[11/25/25, 17:00:03:625] info: [RTM-EVENT-METRICS] Metrics collection sampling has been reset. 
[11/25/25, 17:00:48:957] info: [CHECK-FOR-OLD-CHANNEL] (T07CXALJLTU) Start cleaning up DMs/MPDMs — starting with 14 entries. 
[11/25/25, 17:00:48:957] info: [CHECK-FOR-OLD-CHANNEL] (T07CXALJLTU) Eligible DMs/MPDMs for cleanup — [external DMs]:0, [internal DMs]: 11, [app DMs]: 0 
[11/25/25, 17:00:48:958] info: [CHECK-FOR-OLD-CHANNEL] (T07CXALJLTU) Identified 0 DMs/MPDMs of externalDMs type for closure 
[11/25/25, 17:00:48:958] info: [CHECK-FOR-OLD-CHANNEL] (T07CXALJLTU) Not eligible D09SUDGUMPU: Self DM 
[11/25/25, 17:00:48:958] info: [CHECK-FOR-OLD-CHANNEL] (T07CXALJLTU) Identified 0 DMs/MPDMs of internalDMs type for closure 
[11/25/25, 17:00:48:958] info: [CHECK-FOR-OLD-CHANNEL] (T07CXALJLTU) Identified 0 DMs/MPDMs of appDMs type for closure 
[11/25/25, 17:00:48:959] info: [API-Q] (T07CXALJLTU) noversion-1764115248.958 Flannel users/info called with reason: flannel-call:users/info 
[11/25/25, 17:00:48:959] info: [API-Q] (T07CXALJLTU) noversion-1764115248.958 Flannel users/info is ENQUEUED 
[11/25/25, 17:00:48:960] info: [API-Q] (T07CXALJLTU) noversion-1764115248.958 Flannel users/info is ACTIVE 
[11/25/25, 17:00:49:189] info: [API-Q] (T07CXALJLTU) noversion-1764115248.958 Flannel users/info is RESOLVED 
[11/25/25, 17:00:52:471] info: [CHECK-FOR-OLD-CHANNEL] (T026U7G95U6) Start cleaning up DMs/MPDMs — starting with 11 entries. 
[11/25/25, 17:00:52:471] info: [CHECK-FOR-OLD-CHANNEL] (T026U7G95U6) Eligible DMs/MPDMs for cleanup — [external DMs]:0, [internal DMs]: 11, [app DMs]: 0 
[11/25/25, 17:00:52:471] info: [CHECK-FOR-OLD-CHANNEL] (T026U7G95U6) Identified 0 DMs/MPDMs of externalDMs type for closure 
[11/25/25, 17:00:52:471] info: [CHECK-FOR-OLD-CHANNEL] (T026U7G95U6) Not eligible D02AV4K7V6H: Slackbot 
[11/25/25, 17:00:52:471] info: [CHECK-FOR-OLD-CHANNEL] (T026U7G95U6) Not eligible D02B4B892TW: Self DM 
[11/25/25, 17:00:52:472] info: [CHECK-FOR-OLD-CHANNEL] (T026U7G95U6) Identified 0 DMs/MPDMs of internalDMs type for closure 
[11/25/25, 17:00:52:472] info: [CHECK-FOR-OLD-CHANNEL] (T026U7G95U6) Identified 0 DMs/MPDMs of appDMs type for closure 
[11/25/25, 17:00:52:473] info: [API-Q] (T026U7G95U6) noversion-1764115252.472 Flannel users/info called with reason: flannel-call:users/info 
[11/25/25, 17:00:52:473] info: [API-Q] (T026U7G95U6) noversion-1764115252.472 Flannel users/info is ENQUEUED 
[11/25/25, 17:00:52:474] info: [API-Q] (T026U7G95U6) noversion-1764115252.472 Flannel users/info is ACTIVE 
[11/25/25, 17:00:52:511] info: [API-Q] (T026U7G95U6) noversion-1764115252.472 Flannel users/info is RESOLVED 
[11/25/25, 17:00:57:211] info: [FOCUS-EVENT] (T095LHX9N) Main window focused 
[11/25/25, 17:00:57:236] info: [CHECK-UNREADS] (T095LHX9N) Checking unreads after window became focused 
[11/25/25, 17:00:57:236] info: [CHECK-UNREADS] (T095LHX9N) Not marking D04U6FHBBD1 because last_read >= latest && channel is read 
[11/25/25, 17:00:59:497] info: [FOCUS-EVENT] (T095LHX9N) Main window blurred 
[11/25/25, 17:02:07:516] info: [FOCUS-EVENT] (T095LHX9N) Main window focused 
[11/25/25, 17:02:07:545] info: [CHECK-UNREADS] (T095LHX9N) Checking unreads after window became focused 
[11/25/25, 17:02:07:545] info: [CHECK-UNREADS] (T095LHX9N) Not marking D04U6FHBBD1 because last_read >= latest && channel is read 
[11/25/25, 17:02:09:099] info: [FOCUS-EVENT] (T095LHX9N) Main window blurred 
[11/25/25, 17:02:19:845] info: [FOCUS-EVENT] (T095LHX9N) Main window focused 
[11/25/25, 17:02:19:881] info: [CHECK-UNREADS] (T095LHX9N) Checking unreads after window became focused 
[11/25/25, 17:02:19:881] info: [CHECK-UNREADS] (T095LHX9N) Not marking D04U6FHBBD1 because last_read >= latest && channel is read 
[11/25/25, 17:02:22:318] info: [FOCUS-EVENT] (T095LHX9N) Main window blurred 
[11/25/25, 17:02:24:612] info: [FOCUS-EVENT] (T095LHX9N) Main window focused 
[11/25/25, 17:02:24:633] info: [CHECK-UNREADS] (T095LHX9N) Checking unreads after window became focused 
[11/25/25, 17:02:24:633] info: [CHECK-UNREADS] (T095LHX9N) Not marking D04U6FHBBD1 because last_read >= latest && channel is read 
[11/25/25, 17:02:25:149] info: [FOCUS-EVENT] (T095LHX9N) Main window blurred 
[11/25/25, 17:03:48:959] info: [SIDEBAR-NOISE-METRICS] (T07CXALJLTU) Logging sidebar noise metrics 
[11/25/25, 17:03:48:959] info: [SIDEBAR-STATS] (T07CXALJLTU) Begin gathering sidebar stats 
[11/25/25, 17:03:48:959] info: [SIDEBAR-NOISE-METRICS] (T07CXALJLTU) Updated sidebar metrics for today 
[11/25/25, 17:03:48:960] info: [API-Q] (T07CXALJLTU) noversion-1764115428.960 Flannel users/info called with reason: flannel-call:users/info 
[11/25/25, 17:03:48:960] info: [API-Q] (T07CXALJLTU) noversion-1764115428.960 Flannel users/info is ENQUEUED 
[11/25/25, 17:03:48:961] info: [API-Q] (T07CXALJLTU) noversion-1764115428.960 Flannel users/info is ACTIVE 
[11/25/25, 17:03:49:031] info: [API-Q] (T07CXALJLTU) noversion-1764115428.960 Flannel users/info is RESOLVED 
[11/25/25, 17:03:52:470] info: [SIDEBAR-NOISE-METRICS] (T026U7G95U6) Logging sidebar noise metrics 
[11/25/25, 17:03:52:470] info: [SIDEBAR-STATS] (T026U7G95U6) Begin gathering sidebar stats 
[11/25/25, 17:03:52:470] info: [SIDEBAR-NOISE-METRICS] (T026U7G95U6) Updated sidebar metrics for today 
[11/25/25, 17:03:52:471] info: [API-Q] (T026U7G95U6) noversion-1764115432.471 Flannel users/info called with reason: flannel-call:users/info 
[11/25/25, 17:03:52:471] info: [API-Q] (T026U7G95U6) noversion-1764115432.471 Flannel users/info is ENQUEUED 
[11/25/25, 17:03:52:472] info: [API-Q] (T026U7G95U6) noversion-1764115432.471 Flannel users/info is ACTIVE 
[11/25/25, 17:03:52:507] info: [API-Q] (T026U7G95U6) noversion-1764115432.471 Flannel users/info is RESOLVED 
[11/25/25, 17:03:55:103] info: [FOCUS-EVENT] (T095LHX9N) Main window focused 
[11/25/25, 17:03:55:124] info: [CHECK-UNREADS] (T095LHX9N) Checking unreads after window became focused 
[11/25/25, 17:03:55:124] info: [CHECK-UNREADS] (T095LHX9N) Not marking D04U6FHBBD1 because last_read >= latest && channel is read 
[11/25/25, 17:03:55:134] info: [API-Q] (T095LHX9N) e147fbfc-1764115435.133 slackAi.permissions.getForUser called with reason: fetch-slack-ai-permissions 
[11/25/25, 17:03:55:134] info: [API-Q] (T095LHX9N) e147fbfc-1764115435.133 slackAi.permissions.getForUser is ENQUEUED 
[11/25/25, 17:03:55:134] info: [API-Q] (T095LHX9N) noversion-1764115435.134 Flannel permissions/info called with reason: flannel-call:permissions/info 
[11/25/25, 17:03:55:134] info: [API-Q] (T095LHX9N) noversion-1764115435.134 Flannel permissions/info is ENQUEUED 
[11/25/25, 17:03:55:134] info: [API-Q] (T095LHX9N) e147fbfc-1764115435.133 slackAi.permissions.getForUser is ACTIVE 
[11/25/25, 17:03:55:135] info: [API-Q] (T095LHX9N) noversion-1764115435.134 Flannel permissions/info is ACTIVE 
[11/25/25, 17:03:55:255] info: [API-Q] (T095LHX9N) noversion-1764115435.134 Flannel permissions/info is RESOLVED 
[11/25/25, 17:03:55:306] info: [API-Q] (T095LHX9N) e147fbfc-1764115435.133 slackAi.permissions.getForUser is RESOLVED 
[11/25/25, 17:03:55:312] info: [API-Q] (T095LHX9N) e147fbfc-1764115435.312 slackAi.permissions.getForUser called with reason: fetch-slack-ai-permissions 
[11/25/25, 17:03:55:313] info: [API-Q] (T095LHX9N) e147fbfc-1764115435.312 slackAi.permissions.getForUser is ENQUEUED 
[11/25/25, 17:03:55:313] info: [API-Q] (T095LHX9N) e147fbfc-1764115435.312 slackAi.permissions.getForUser is ACTIVE 
[11/25/25, 17:03:55:313] info: [API-Q] (T095LHX9N) noversion-1764115435.312 Flannel permissions/info called with reason: flannel-call:permissions/info 
[11/25/25, 17:03:55:313] info: [API-Q] (T095LHX9N) noversion-1764115435.312 Flannel permissions/info is ENQUEUED 
[11/25/25, 17:03:55:313] info: [API-Q] (T095LHX9N) noversion-1764115435.312 Flannel permissions/info is ACTIVE 
[11/25/25, 17:03:55:361] info: [API-Q] (T095LHX9N) noversion-1764115435.312 Flannel permissions/info is RESOLVED 
[11/25/25, 17:03:55:446] info: [API-Q] (T095LHX9N) e147fbfc-1764115435.312 slackAi.permissions.getForUser is RESOLVED 
[11/25/25, 17:03:56:456] info: [API-Q] (T095LHX9N) noversion-1764115436.456 Flannel permissions/info called with reason: flannel-call:permissions/info 
[11/25/25, 17:03:56:457] info: [API-Q] (T095LHX9N) noversion-1764115436.456 Flannel permissions/info is ENQUEUED 
[11/25/25, 17:03:56:457] info: [API-Q] (T095LHX9N) noversion-1764115436.456 Flannel permissions/info is ACTIVE 
[11/25/25, 17:03:56:500] info: [API-Q] (T095LHX9N) noversion-1764115436.456 Flannel permissions/info is RESOLVED 
[11/25/25, 17:03:58:558] info: [FOCUS-EVENT] (T095LHX9N) Main window blurred 
[11/25/25, 17:04:00:442] info: [FOCUS-EVENT] (T095LHX9N) Main window focused 
[11/25/25, 17:04:00:460] info: [CHECK-UNREADS] (T095LHX9N) Checking unreads after window became focused 
[11/25/25, 17:04:00:460] info: [CHECK-UNREADS] (T095LHX9N) Not marking D04U6FHBBD1 because last_read >= latest && channel is read 
[11/25/25, 17:04:03:679] info: [FOCUS-EVENT] (T095LHX9N) Main window blurred 
[11/25/25, 17:04:39:999] info: [FOCUS-EVENT] (T095LHX9N) Main window focused 
[11/25/25, 17:04:40:039] info: [CHECK-UNREADS] (T095LHX9N) Checking unreads after window became focused 
[11/25/25, 17:04:40:039] info: [CHECK-UNREADS] (T095LHX9N) Not marking D04U6FHBBD1 because last_read >= latest && channel is read 
[11/25/25, 17:04:40:296] info: [FOCUS-EVENT] (T095LHX9N) Main window blurred 
[11/25/25, 17:04:51:564] info: [DND_V2] (T095LHX9N) Checking for changes in DND status for the following members: U04UJR2PHMX,U095LTFRC,U03FCQ34JPK,U08PY1SAM0W,U0AL64VTR,U02BPRZ4FAQ,U06PZDZSXDZ,U06QB0DNF6U,U08L58USZ6V,U08RY079RFD,U090VKSQFFW,U04M57LQ3EV,U08V8DJ5LP8 
[11/25/25, 17:04:51:565] info: [DND_V2] (T095LHX9N) Will check for changes in DND status again in 5 minutes 
[11/25/25, 17:05:06:696] info: [CHECK-FOR-OLD-CHANNEL] (T095LHX9N) Start cleaning up DMs/MPDMs — starting with 53 entries. 
[11/25/25, 17:05:06:696] info: [CHECK-FOR-OLD-CHANNEL] (T095LHX9N) Eligible DMs/MPDMs for cleanup — [external DMs]:0, [internal DMs]: 11, [app DMs]: 0 
[11/25/25, 17:05:06:696] info: [CHECK-FOR-OLD-CHANNEL] (T095LHX9N) Identified 0 DMs/MPDMs of externalDMs type for closure 
[11/25/25, 17:05:06:696] info: [CHECK-FOR-OLD-CHANNEL] (T095LHX9N) Not eligible C09TW15MSKH: Not idle 
[11/25/25, 17:05:06:696] info: [CHECK-FOR-OLD-CHANNEL] (T095LHX9N) Not eligible D04U62ZABBM: Self DM 
[11/25/25, 17:05:06:697] info: [CHECK-FOR-OLD-CHANNEL] (T095LHX9N) Not eligible D04U6FHBBD1: Not idle 
[11/25/25, 17:05:06:697] info: [CHECK-FOR-OLD-CHANNEL] (T095LHX9N) Not eligible D04U8LHMQS0: Slackbot 
[11/25/25, 17:05:06:697] info: [CHECK-FOR-OLD-CHANNEL] (T095LHX9N) Not eligible D08T2G33XDM: Not idle 
[11/25/25, 17:05:06:697] info: [CHECK-FOR-OLD-CHANNEL] (T095LHX9N) Not eligible D098CC27XGV: Has draft 
[11/25/25, 17:05:06:697] info: [CHECK-FOR-OLD-CHANNEL] (T095LHX9N) Identified 0 DMs/MPDMs of internalDMs type for closure 
[11/25/25, 17:05:06:698] info: [CHECK-FOR-OLD-CHANNEL] (T095LHX9N) Identified 0 DMs/MPDMs of appDMs type for closure 
[11/25/25, 17:09:51:566] info: [DND_V2] (T095LHX9N) Checking for changes in DND status for the following members: U04UJR2PHMX,U095LTFRC,U03FCQ34JPK,U08PY1SAM0W,U0AL64VTR,U02BPRZ4FAQ,U06PZDZSXDZ,U06QB0DNF6U,U08L58USZ6V,U08RY079RFD,U090VKSQFFW,U04M57LQ3EV,U08V8DJ5LP8 
[11/25/25, 17:09:51:568] info: [DND_V2] (T095LHX9N) Will check for changes in DND status again in 5 minutes 
[11/25/25, 17:10:03:626] info: [RTM-EVENT-METRICS] Metrics collection sampling has been reset. 
[11/25/25, 17:13:45:732] info: [API-Q] (T07CXALJLTU) noversion-1764116025.731 Flannel users/info called with reason: flannel-call:users/info 
[11/25/25, 17:13:45:732] info: [API-Q] (T07CXALJLTU) noversion-1764116025.731 Flannel users/info is ENQUEUED 
[11/25/25, 17:13:45:732] info: [API-Q] (T07CXALJLTU) noversion-1764116025.731 Flannel users/info is ACTIVE 
[11/25/25, 17:13:45:805] info: [API-Q] (T07CXALJLTU) noversion-1764116025.731 Flannel users/info is RESOLVED 
[11/25/25, 17:14:51:569] info: [DND_V2] (T095LHX9N) Checking for changes in DND status for the following members: U04UJR2PHMX,U095LTFRC,U03FCQ34JPK,U08PY1SAM0W,U0AL64VTR,U02BPRZ4FAQ,U06PZDZSXDZ,U06QB0DNF6U,U08L58USZ6V,U08RY079RFD,U090VKSQFFW,U04M57LQ3EV,U08V8DJ5LP8 
[11/25/25, 17:14:51:570] info: [DND_V2] (T095LHX9N) Will check for changes in DND status again in 5 minutes 
[11/25/25, 17:15:48:957] info: [CHECK-FOR-OLD-CHANNEL] (T07CXALJLTU) Start cleaning up DMs/MPDMs — starting with 14 entries. 
[11/25/25, 17:15:48:957] info: [CHECK-FOR-OLD-CHANNEL] (T07CXALJLTU) Eligible DMs/MPDMs for cleanup — [external DMs]:0, [internal DMs]: 11, [app DMs]: 0 
[11/25/25, 17:15:48:957] info: [CHECK-FOR-OLD-CHANNEL] (T07CXALJLTU) Identified 0 DMs/MPDMs of externalDMs type for closure 
[11/25/25, 17:15:48:957] info: [CHECK-FOR-OLD-CHANNEL] (T07CXALJLTU) Not eligible D09SUDGUMPU: Self DM 
[11/25/25, 17:15:48:957] info: [CHECK-FOR-OLD-CHANNEL] (T07CXALJLTU) Identified 0 DMs/MPDMs of internalDMs type for closure 
[11/25/25, 17:15:48:957] info: [CHECK-FOR-OLD-CHANNEL] (T07CXALJLTU) Identified 0 DMs/MPDMs of appDMs type for closure 
[11/25/25, 17:15:48:958] info: [API-Q] (T07CXALJLTU) noversion-1764116148.958 Flannel users/info called with reason: flannel-call:users/info 
[11/25/25, 17:15:48:958] info: [API-Q] (T07CXALJLTU) noversion-1764116148.958 Flannel users/info is ENQUEUED 
[11/25/25, 17:15:48:959] info: [API-Q] (T07CXALJLTU) noversion-1764116148.958 Flannel users/info is ACTIVE 
[11/25/25, 17:15:49:037] info: [API-Q] (T07CXALJLTU) noversion-1764116148.958 Flannel users/info is RESOLVED 
[11/25/25, 17:15:52:470] info: [CHECK-FOR-OLD-CHANNEL] (T026U7G95U6) Start cleaning up DMs/MPDMs — starting with 11 entries. 
[11/25/25, 17:15:52:471] info: [CHECK-FOR-OLD-CHANNEL] (T026U7G95U6) Eligible DMs/MPDMs for cleanup — [external DMs]:0, [internal DMs]: 11, [app DMs]: 0 
[11/25/25, 17:15:52:471] info: [CHECK-FOR-OLD-CHANNEL] (T026U7G95U6) Identified 0 DMs/MPDMs of externalDMs type for closure 
[11/25/25, 17:15:52:471] info: [CHECK-FOR-OLD-CHANNEL] (T026U7G95U6) Not eligible D02AV4K7V6H: Slackbot 
[11/25/25, 17:15:52:471] info: [CHECK-FOR-OLD-CHANNEL] (T026U7G95U6) Not eligible D02B4B892TW: Self DM 
[11/25/25, 17:15:52:471] info: [CHECK-FOR-OLD-CHANNEL] (T026U7G95U6) Identified 0 DMs/MPDMs of internalDMs type for closure 
[11/25/25, 17:15:52:471] info: [CHECK-FOR-OLD-CHANNEL] (T026U7G95U6) Identified 0 DMs/MPDMs of appDMs type for closure 
[11/25/25, 17:15:52:471] info: [API-Q] (T026U7G95U6) noversion-1764116152.471 Flannel users/info called with reason: flannel-call:users/info 
[11/25/25, 17:15:52:472] info: [API-Q] (T026U7G95U6) noversion-1764116152.471 Flannel users/info is ENQUEUED 
[11/25/25, 17:15:52:472] info: [API-Q] (T026U7G95U6) noversion-1764116152.471 Flannel users/info is ACTIVE 
[11/25/25, 17:15:52:509] info: [API-Q] (T026U7G95U6) noversion-1764116152.471 Flannel users/info is RESOLVED 
[11/25/25, 17:17:58:443] info: [MIN-VERSION] Checking to see if we should reload 
[11/25/25, 17:17:58:446] info: [BOOT-QUEUE] T095LHX9N noversion-1764116278.445 client.shouldReload called with reason: polling 
[11/25/25, 17:17:58:446] info: [BOOT-QUEUE] T095LHX9N noversion-1764116278.445 client.shouldReload is ENQUEUED 
[11/25/25, 17:17:58:447] info: [BOOT-QUEUE] T095LHX9N noversion-1764116278.445 client.shouldReload is ACTIVE 
[11/25/25, 17:17:58:631] info: [BOOT-QUEUE] T095LHX9N noversion-1764116278.445 client.shouldReload is RESOLVED 
[11/25/25, 17:17:58:632] info: [MIN-VERSION] No need to reload 
[11/25/25, 17:17:58:632] info: [MIN-VERSION] No need to install new service worker 
[11/25/25, 17:19:51:570] info: [DND_V2] (T095LHX9N) Checking for changes in DND status for the following members: U04UJR2PHMX,U095LTFRC,U03FCQ34JPK,U08PY1SAM0W,U0AL64VTR,U02BPRZ4FAQ,U06PZDZSXDZ,U06QB0DNF6U,U08L58USZ6V,U08RY079RFD,U090VKSQFFW,U04M57LQ3EV,U08V8DJ5LP8 
[11/25/25, 17:19:51:572] info: [DND_V2] (T095LHX9N) Will check for changes in DND status again in 5 minutes 
[11/25/25, 17:20:03:625] info: [RTM-EVENT-METRICS] Metrics collection sampling has been reset. 
[11/25/25, 17:20:06:696] info: [CHECK-FOR-OLD-CHANNEL] (T095LHX9N) Start cleaning up DMs/MPDMs — starting with 53 entries. 
[11/25/25, 17:20:06:696] info: [CHECK-FOR-OLD-CHANNEL] (T095LHX9N) Eligible DMs/MPDMs for cleanup — [external DMs]:0, [internal DMs]: 11, [app DMs]: 0 
[11/25/25, 17:20:06:696] info: [CHECK-FOR-OLD-CHANNEL] (T095LHX9N) Identified 0 DMs/MPDMs of externalDMs type for closure 
[11/25/25, 17:20:06:696] info: [CHECK-FOR-OLD-CHANNEL] (T095LHX9N) Not eligible C09TW15MSKH: Not idle 
[11/25/25, 17:20:06:696] info: [CHECK-FOR-OLD-CHANNEL] (T095LHX9N) Not eligible D04U62ZABBM: Self DM 
[11/25/25, 17:20:06:697] info: [CHECK-FOR-OLD-CHANNEL] (T095LHX9N) Not eligible D04U6FHBBD1: Not idle 
[11/25/25, 17:20:06:697] info: [CHECK-FOR-OLD-CHANNEL] (T095LHX9N) Not eligible D04U8LHMQS0: Slackbot 
[11/25/25, 17:20:06:697] info: [CHECK-FOR-OLD-CHANNEL] (T095LHX9N) Not eligible D08T2G33XDM: Not idle 
[11/25/25, 17:20:06:697] info: [CHECK-FOR-OLD-CHANNEL] (T095LHX9N) Not eligible D098CC27XGV: Has draft 
[11/25/25, 17:20:06:697] info: [CHECK-FOR-OLD-CHANNEL] (T095LHX9N) Identified 0 DMs/MPDMs of internalDMs type for closure 
[11/25/25, 17:20:06:697] info: [CHECK-FOR-OLD-CHANNEL] (T095LHX9N) Identified 0 DMs/MPDMs of appDMs type for closure 
[11/25/25, 17:20:07:774] info: [API-Q] (T095LHX9N) noversion-1764116407.774 Flannel users/info called with reason: flannel-call:users/info 
[11/25/25, 17:20:07:775] info: [API-Q] (T095LHX9N) noversion-1764116407.774 Flannel users/info is ENQUEUED 
[11/25/25, 17:20:07:775] info: [API-Q] (T095LHX9N) noversion-1764116407.774 Flannel users/info is ACTIVE 
[11/25/25, 17:20:07:845] info: [API-Q] (T095LHX9N) noversion-1764116407.774 Flannel users/info is RESOLVED 
[11/25/25, 17:20:08:792] info: [API-Q] (T095LHX9N) noversion-1764116408.791 Flannel users/info called with reason: flannel-call:users/info 
[11/25/25, 17:20:08:792] info: [API-Q] (T095LHX9N) noversion-1764116408.791 Flannel users/info is ENQUEUED 
[11/25/25, 17:20:08:793] info: [API-Q] (T095LHX9N) noversion-1764116408.791 Flannel users/info is ACTIVE 
[11/25/25, 17:20:08:830] info: [API-Q] (T095LHX9N) noversion-1764116408.791 Flannel users/info is RESOLVED 
[11/25/25, 17:20:45:018] info: [PERSIST] (T026U7G95U6) Successfully persisted state 
[11/25/25, 17:20:45:025] info: [PERSIST] (T07CXALJLTU) Successfully persisted state 
[11/25/25, 17:20:55:028] info: [PERSIST] (T095LHX9N) Successfully persisted state 
[11/25/25, 17:24:51:572] info: [DND_V2] (T095LHX9N) Checking for changes in DND status for the following members: U04UJR2PHMX,U095LTFRC,U03FCQ34JPK,U08PY1SAM0W,U0AL64VTR,U02BPRZ4FAQ,U06PZDZSXDZ,U06QB0DNF6U,U08L58USZ6V,U08RY079RFD,U090VKSQFFW,U04M57LQ3EV,U08V8DJ5LP8 
[11/25/25, 17:24:51:573] info: [DND_V2] (T095LHX9N) Will check for changes in DND status again in 5 minutes 
[11/25/25, 17:25:26:662] info: [SLACK-SOCKET] socket.close() has been initiated with statusCode 4998 and description Too long since we received a pong 
[11/25/25, 17:25:28:610] info: [SLACK-SOCKET] socket.close() has been initiated with statusCode 4998 and description Too long since we received a pong 
[11/25/25, 17:25:32:180] info: [SLACK-SOCKET] socket.close() has been initiated with statusCode 4998 and description Too long since we received a pong 
[11/25/25, 17:25:35:207] warn: SLACK-SOCKET SLACK-SOCKET Tried to send tickle. but our socket is closed; readyState = 2 
[11/25/25, 17:25:35:208] warn: TICKLE-MS (T095LHX9N) Sending tickle event failed; will try again the next time we get reconnected 
[11/25/25, 17:25:35:208] info: [TICKLE-MS] (T095LHX9N) Retrying tickle event that failed earlier 
[11/25/25, 17:25:35:208] warn: SLACK-SOCKET SLACK-SOCKET Tried to send tickle. but our socket is closed; readyState = 2 
[11/25/25, 17:25:35:209] warn: TICKLE-MS (T095LHX9N) Tickle retry failed with error: Error: socket_closed 
[11/25/25, 17:25:45:213] warn: SLACK-SOCKET SLACK-SOCKET Tried to send tickle. but our socket is closed; readyState = 2 
[11/25/25, 17:25:45:213] warn: SLACK-SOCKET SLACK-SOCKET Tried to send tickle. but our socket is closed; readyState = 2 
[11/25/25, 17:25:45:213] warn: TICKLE-MS (T026U7G95U6) Sending tickle event failed; will try again the next time we get reconnected 
[11/25/25, 17:25:45:214] warn: TICKLE-MS (T07CXALJLTU) Sending tickle event failed; will try again the next time we get reconnected 
[11/25/25, 17:25:45:214] info: [TICKLE-MS] (T026U7G95U6) Retrying tickle event that failed earlier 
[11/25/25, 17:25:45:214] warn: SLACK-SOCKET SLACK-SOCKET Tried to send tickle. but our socket is closed; readyState = 2 
[11/25/25, 17:25:45:214] info: [TICKLE-MS] (T07CXALJLTU) Retrying tickle event that failed earlier 
[11/25/25, 17:25:45:214] warn: SLACK-SOCKET SLACK-SOCKET Tried to send tickle. but our socket is closed; readyState = 2 
[11/25/25, 17:25:45:214] warn: TICKLE-MS (T026U7G95U6) Tickle retry failed with error: Error: socket_closed 
[11/25/25, 17:25:45:214] warn: TICKLE-MS (T07CXALJLTU) Tickle retry failed with error: Error: socket_closed 
[11/25/25, 17:25:55:217] warn: SLACK-SOCKET SLACK-SOCKET Tried to send tickle. but our socket is closed; readyState = 2 
[11/25/25, 17:25:55:217] warn: TICKLE-MS (T095LHX9N) Sending tickle event failed; will try again the next time we get reconnected 
[11/25/25, 17:25:55:217] info: [TICKLE-MS] (T095LHX9N) Retrying tickle event that failed earlier 
[11/25/25, 17:25:55:217] warn: SLACK-SOCKET SLACK-SOCKET Tried to send tickle. but our socket is closed; readyState = 2 
[11/25/25, 17:25:55:217] warn: TICKLE-MS (T095LHX9N) Tickle retry failed with error: Error: socket_closed 
[11/25/25, 17:26:05:221] warn: SLACK-SOCKET SLACK-SOCKET Tried to send tickle. but our socket is closed; readyState = 2 
[11/25/25, 17:26:05:221] warn: SLACK-SOCKET SLACK-SOCKET Tried to send tickle. but our socket is closed; readyState = 2 
[11/25/25, 17:26:05:222] warn: TICKLE-MS (T026U7G95U6) Sending tickle event failed; will try again the next time we get reconnected 
[11/25/25, 17:26:05:222] warn: TICKLE-MS (T07CXALJLTU) Sending tickle event failed; will try again the next time we get reconnected 
[11/25/25, 17:26:05:222] info: [TICKLE-MS] (T026U7G95U6) Retrying tickle event that failed earlier 
[11/25/25, 17:26:05:222] warn: SLACK-SOCKET SLACK-SOCKET Tried to send tickle. but our socket is closed; readyState = 2 
[11/25/25, 17:26:05:222] info: [TICKLE-MS] (T07CXALJLTU) Retrying tickle event that failed earlier 
[11/25/25, 17:26:05:222] warn: SLACK-SOCKET SLACK-SOCKET Tried to send tickle. but our socket is closed; readyState = 2 
[11/25/25, 17:26:05:222] warn: TICKLE-MS (T026U7G95U6) Tickle retry failed with error: Error: socket_closed 
[11/25/25, 17:26:05:223] warn: TICKLE-MS (T07CXALJLTU) Tickle retry failed with error: Error: socket_closed 
[11/25/25, 17:26:15:231] warn: SLACK-SOCKET SLACK-SOCKET Tried to send tickle. but our socket is closed; readyState = 2 
[11/25/25, 17:26:15:231] warn: TICKLE-MS (T095LHX9N) Sending tickle event failed; will try again the next time we get reconnected 
[11/25/25, 17:26:15:232] info: [TICKLE-MS] (T095LHX9N) Retrying tickle event that failed earlier 
[11/25/25, 17:26:15:232] warn: SLACK-SOCKET SLACK-SOCKET Tried to send tickle. but our socket is closed; readyState = 2 
[11/25/25, 17:26:15:232] warn: TICKLE-MS (T095LHX9N) Tickle retry failed with error: Error: socket_closed 
[11/25/25, 17:26:25:242] warn: SLACK-SOCKET SLACK-SOCKET Tried to send tickle. but our socket is closed; readyState = 2 
[11/25/25, 17:26:25:243] warn: SLACK-SOCKET SLACK-SOCKET Tried to send tickle. but our socket is closed; readyState = 2 
[11/25/25, 17:26:25:243] warn: TICKLE-MS (T026U7G95U6) Sending tickle event failed; will try again the next time we get reconnected 
[11/25/25, 17:26:25:243] warn: TICKLE-MS (T07CXALJLTU) Sending tickle event failed; will try again the next time we get reconnected 
[11/25/25, 17:26:25:243] info: [TICKLE-MS] (T026U7G95U6) Retrying tickle event that failed earlier 
[11/25/25, 17:26:25:243] warn: SLACK-SOCKET SLACK-SOCKET Tried to send tickle. but our socket is closed; readyState = 2 
[11/25/25, 17:26:25:243] info: [TICKLE-MS] (T07CXALJLTU) Retrying tickle event that failed earlier 
[11/25/25, 17:26:25:244] warn: SLACK-SOCKET SLACK-SOCKET Tried to send tickle. but our socket is closed; readyState = 2 
[11/25/25, 17:26:25:244] warn: TICKLE-MS (T026U7G95U6) Tickle retry failed with error: Error: socket_closed 
[11/25/25, 17:26:25:244] warn: TICKLE-MS (T07CXALJLTU) Tickle retry failed with error: Error: socket_closed 
[11/25/25, 17:26:26:687] warn: SOCKET-MANAGER (T095LHX9N) Socket was closed because #1006: generic error 
[11/25/25, 17:26:26:689] info: [SOCKET-MANAGER] (T095LHX9N) Changing from connected to error 
[11/25/25, 17:26:26:690] info: [SOCKET-MANAGER] (T095LHX9N) will stay in error state for up to 10000 ms 
[11/25/25, 17:26:26:690] info: [SOCKET-MANAGER] (T095LHX9N) Changing from error to wait_for_rate_limit 
[11/25/25, 17:26:26:690] info: [SOCKET-MANAGER] (T095LHX9N) will stay in wait_for_rate_limit state for up to 120000 ms 
[11/25/25, 17:26:26:690] info: [SOCKET-MANAGER] (T095LHX9N) backing off: will wait for 461 ms 
[11/25/25, 17:26:27:152] info: [SOCKET-MANAGER] (T095LHX9N) Changing from wait_for_rate_limit to connect 
[11/25/25, 17:26:27:153] info: [SOCKET-MANAGER] (T095LHX9N) will stay in connect state for up to 10000 ms 
[11/25/25, 17:26:27:153] info: [SOCKET-MANAGER] (T095LHX9N) Changing from connect to checking_fast_reconnect 
[11/25/25, 17:26:27:153] info: [SOCKET-MANAGER] (T095LHX9N) will stay in checking_fast_reconnect state for up to 60000 ms 
[11/25/25, 17:26:27:153] info: [SOCKET-MANAGER] (T095LHX9N) Attempting to connect to primary region 
[11/25/25, 17:26:27:153] info: [SOCKET-MANAGER] (T095LHX9N) Changing from checking_fast_reconnect to fast_reconnecting 
[11/25/25, 17:26:27:153] info: [SOCKET-MANAGER] (T095LHX9N) will stay in fast_reconnecting state for up to 20000 ms 
[11/25/25, 17:26:27:734] info: [SOCKET-MANAGER] (T095LHX9N) Changing from fast_reconnecting to connected 
[11/25/25, 17:26:27:735] info: [SOCKET-MANAGER] (T095LHX9N) will stay in connected state for up to Infinity ms 
[11/25/25, 17:26:27:735] info: [SOCKET-MANAGER] (T095LHX9N) Connected to primary region 
[11/25/25, 17:26:27:739] info: [EVENTLOG] (T095LHX9N) fr=true, lc=false, lt=1764109913.007300 
[11/25/25, 17:26:27:741] info: [API-Q] (T095LHX9N) e147fbfc-1764116787.740 sfdc.integration.listOrgs called with reason: fetch-orgs-and-sign-in-silently-v2 
[11/25/25, 17:26:27:741] info: [API-Q] (T095LHX9N) e147fbfc-1764116787.740 sfdc.integration.listOrgs is ENQUEUED 
[11/25/25, 17:26:27:742] info: [API-Q] (T095LHX9N) noversion-1764116787.741 Flannel users/info called with reason: flannel-call:users/info 
[11/25/25, 17:26:27:742] info: [API-Q] (T095LHX9N) noversion-1764116787.741 Flannel users/info is ENQUEUED 
[11/25/25, 17:26:27:742] info: [API-Q] (T095LHX9N) e147fbfc-1764116787.740 sfdc.integration.listOrgs is ACTIVE 
[11/25/25, 17:26:27:742] info: [API-Q] (T095LHX9N) noversion-1764116787.741 Flannel users/info is ACTIVE 
[11/25/25, 17:26:27:744] info: [API-Q] (T095LHX9N) noversion-1764116787.744 Flannel permissions/info called with reason: flannel-call:permissions/info 
[11/25/25, 17:26:27:745] info: [API-Q] (T095LHX9N) noversion-1764116787.744 Flannel permissions/info is ENQUEUED 
[11/25/25, 17:26:27:745] info: [API-Q] (T095LHX9N) noversion-1764116787.744 Flannel permissions/info is ACTIVE 
[11/25/25, 17:26:27:920] info: [API-Q] (T095LHX9N) e147fbfc-1764116787.740 sfdc.integration.listOrgs is RESOLVED 
[11/25/25, 17:26:28:008] info: [API-Q] (T095LHX9N) noversion-1764116787.741 Flannel users/info is RESOLVED 
[11/25/25, 17:26:28:027] info: [RTM-EVENT-METRICS] Metrics collection enabled for the current interval. 
[11/25/25, 17:26:28:027] info: [RTM-QUEUE] Setting a timeout of 100 ms to process more rtm events 
[11/25/25, 17:26:28:045] info: [API-Q] (T095LHX9N) noversion-1764116787.744 Flannel permissions/info is RESOLVED 
[11/25/25, 17:26:28:128] info: [RTM-QUEUE] Waited 100 ms, processing more rtm events now 
[11/25/25, 17:26:28:612] warn: SOCKET-MANAGER (T07CXALJLTU) Socket was closed because #1006: generic error 
[11/25/25, 17:26:28:613] info: [SOCKET-MANAGER] (T07CXALJLTU) Changing from connected to error 
[11/25/25, 17:26:28:613] info: [SOCKET-MANAGER] (T07CXALJLTU) will stay in error state for up to 10000 ms 
[11/25/25, 17:26:28:613] info: [SOCKET-MANAGER] (T07CXALJLTU) Changing from error to wait_for_rate_limit 
[11/25/25, 17:26:28:613] info: [SOCKET-MANAGER] (T07CXALJLTU) will stay in wait_for_rate_limit state for up to 120000 ms 
[11/25/25, 17:26:28:613] info: [SOCKET-MANAGER] (T07CXALJLTU) backing off: will wait for 90 ms 
[11/25/25, 17:26:28:613] info: [EVENTLOG] (T07CXALJLTU) socket was closed while we were fetching history; cancelling our request 
[11/25/25, 17:26:28:704] info: [SOCKET-MANAGER] (T07CXALJLTU) Changing from wait_for_rate_limit to connect 
[11/25/25, 17:26:28:705] info: [SOCKET-MANAGER] (T07CXALJLTU) will stay in connect state for up to 10000 ms 
[11/25/25, 17:26:28:705] info: [SOCKET-MANAGER] (T07CXALJLTU) Changing from connect to checking_fast_reconnect 
[11/25/25, 17:26:28:705] info: [SOCKET-MANAGER] (T07CXALJLTU) will stay in checking_fast_reconnect state for up to 60000 ms 
[11/25/25, 17:26:28:705] info: [SOCKET-MANAGER] (T07CXALJLTU) Attempting to connect to primary region 
[11/25/25, 17:26:28:705] info: [SOCKET-MANAGER] (T07CXALJLTU) Changing from checking_fast_reconnect to fast_reconnecting 
[11/25/25, 17:26:28:705] info: [SOCKET-MANAGER] (T07CXALJLTU) will stay in fast_reconnecting state for up to 20000 ms 
[11/25/25, 17:26:28:748] info: [API-Q] (T095LHX9N) noversion-1764116788.747 Flannel users/info called with reason: flannel-call:users/info 
[11/25/25, 17:26:28:748] info: [API-Q] (T095LHX9N) noversion-1764116788.747 Flannel users/info is ENQUEUED 
[11/25/25, 17:26:28:748] info: [API-Q] (T095LHX9N) noversion-1764116788.747 Flannel users/info is ACTIVE 
[11/25/25, 17:26:28:875] info: [API-Q] (T095LHX9N) noversion-1764116788.747 Flannel users/info is RESOLVED 
[11/25/25, 17:26:29:221] info: [SOCKET-MANAGER] (T07CXALJLTU) Changing from fast_reconnecting to connected 
[11/25/25, 17:26:29:222] info: [SOCKET-MANAGER] (T07CXALJLTU) will stay in connected state for up to Infinity ms 
[11/25/25, 17:26:29:222] info: [SOCKET-MANAGER] (T07CXALJLTU) Connected to primary region 
[11/25/25, 17:26:29:224] info: [EVENTLOG] (T07CXALJLTU) fr=true, lc=false, lt=1764107928.392000 
[11/25/25, 17:26:29:225] info: [API-Q] (T07CXALJLTU) e147fbfc-1764116789.224 links.getDomains called with reason: siws-get-domains 
[11/25/25, 17:26:29:225] info: [API-Q] (T07CXALJLTU) e147fbfc-1764116789.224 links.getDomains is ENQUEUED 
[11/25/25, 17:26:29:227] info: [API-Q] (T07CXALJLTU) e147fbfc-1764116789.226 sfdc.integration.listOrgs called with reason: fetch-orgs-and-sign-in-silently-v2 
[11/25/25, 17:26:29:227] info: [API-Q] (T07CXALJLTU) e147fbfc-1764116789.226 sfdc.integration.listOrgs is ENQUEUED 
[11/25/25, 17:26:29:228] info: [API-Q] (T07CXALJLTU) e147fbfc-1764116789.224 links.getDomains is ACTIVE 
[11/25/25, 17:26:29:387] info: [API-Q] (T07CXALJLTU) e147fbfc-1764116789.224 links.getDomains is RESOLVED 
[11/25/25, 17:26:29:388] info: [API-Q] (T07CXALJLTU) e147fbfc-1764116789.226 sfdc.integration.listOrgs is ACTIVE 
[11/25/25, 17:26:29:498] info: [API-Q] (T07CXALJLTU) e147fbfc-1764116789.226 sfdc.integration.listOrgs is RESOLVED 
[11/25/25, 17:26:32:182] warn: SOCKET-MANAGER (T026U7G95U6) Socket was closed because #1006: generic error 
[11/25/25, 17:26:32:183] info: [SOCKET-MANAGER] (T026U7G95U6) Changing from connected to error 
[11/25/25, 17:26:32:184] info: [SOCKET-MANAGER] (T026U7G95U6) will stay in error state for up to 10000 ms 
[11/25/25, 17:26:32:184] info: [SOCKET-MANAGER] (T026U7G95U6) Changing from error to wait_for_rate_limit 
[11/25/25, 17:26:32:184] info: [SOCKET-MANAGER] (T026U7G95U6) will stay in wait_for_rate_limit state for up to 120000 ms 
[11/25/25, 17:26:32:184] info: [SOCKET-MANAGER] (T026U7G95U6) backing off: will wait for 376 ms 
[11/25/25, 17:26:32:185] info: [EVENTLOG] (T026U7G95U6) socket was closed while we were fetching history; cancelling our request 
[11/25/25, 17:26:32:561] info: [SOCKET-MANAGER] (T026U7G95U6) Changing from wait_for_rate_limit to connect 
[11/25/25, 17:26:32:562] info: [SOCKET-MANAGER] (T026U7G95U6) will stay in connect state for up to 10000 ms 
[11/25/25, 17:26:32:562] info: [SOCKET-MANAGER] (T026U7G95U6) Changing from connect to checking_fast_reconnect 
[11/25/25, 17:26:32:562] info: [SOCKET-MANAGER] (T026U7G95U6) will stay in checking_fast_reconnect state for up to 60000 ms 
[11/25/25, 17:26:32:562] info: [SOCKET-MANAGER] (T026U7G95U6) Attempting to connect to primary region 
[11/25/25, 17:26:32:563] info: [SOCKET-MANAGER] (T026U7G95U6) Changing from checking_fast_reconnect to fast_reconnecting 
[11/25/25, 17:26:32:563] info: [SOCKET-MANAGER] (T026U7G95U6) will stay in fast_reconnecting state for up to 20000 ms 
[11/25/25, 17:26:33:074] info: [SOCKET-MANAGER] (T026U7G95U6) Changing from fast_reconnecting to connected 
[11/25/25, 17:26:33:074] info: [SOCKET-MANAGER] (T026U7G95U6) will stay in connected state for up to Infinity ms 
[11/25/25, 17:26:33:075] info: [SOCKET-MANAGER] (T026U7G95U6) Connected to primary region 
[11/25/25, 17:26:33:077] info: [EVENTLOG] (T026U7G95U6) fr=true, lc=false, lt=1764107931.907000 
[11/25/25, 17:26:33:078] info: [API-Q] (T026U7G95U6) e147fbfc-1764116793.077 sfdc.integration.listOrgs called with reason: fetch-orgs-and-sign-in-silently-v2 
[11/25/25, 17:26:33:078] info: [API-Q] (T026U7G95U6) e147fbfc-1764116793.077 sfdc.integration.listOrgs is ENQUEUED 
[11/25/25, 17:26:33:079] info: [API-Q] (T026U7G95U6) e147fbfc-1764116793.077 sfdc.integration.listOrgs is ACTIVE 
[11/25/25, 17:26:33:259] info: [API-Q] (T026U7G95U6) e147fbfc-1764116793.077 sfdc.integration.listOrgs is RESOLVED 
[11/25/25, 17:26:35:244] info: [API-Q] (T026U7G95U6) noversion-1764116795.243 Flannel users/info called with reason: flannel-call:users/info 
[11/25/25, 17:26:35:244] info: [API-Q] (T026U7G95U6) noversion-1764116795.243 Flannel users/info is ENQUEUED 
[11/25/25, 17:26:35:244] info: [API-Q] (T07CXALJLTU) noversion-1764116795.244 Flannel users/info called with reason: flannel-call:users/info 
[11/25/25, 17:26:35:244] info: [API-Q] (T07CXALJLTU) noversion-1764116795.244 Flannel users/info is ENQUEUED 
[11/25/25, 17:26:35:245] info: [API-Q] (T026U7G95U6) noversion-1764116795.243 Flannel users/info is ACTIVE 
[11/25/25, 17:26:35:245] info: [API-Q] (T07CXALJLTU) noversion-1764116795.244 Flannel users/info is ACTIVE 
[11/25/25, 17:26:35:415] info: [API-Q] (T026U7G95U6) noversion-1764116795.243 Flannel users/info is RESOLVED 
[11/25/25, 17:26:35:415] info: [API-Q] (T07CXALJLTU) noversion-1764116795.244 Flannel users/info is RESOLVED 
[11/25/25, 17:28:27:742] info: [CHECK-FOR-OLD-CHANNEL] (T095LHX9N) Start cleaning up DMs/MPDMs — starting with 53 entries. 
[11/25/25, 17:28:27:742] info: [CHECK-FOR-OLD-CHANNEL] (T095LHX9N) Eligible DMs/MPDMs for cleanup — [external DMs]:0, [internal DMs]: 11, [app DMs]: 0 
[11/25/25, 17:28:27:742] info: [CHECK-FOR-OLD-CHANNEL] (T095LHX9N) Identified 0 DMs/MPDMs of externalDMs type for closure 
[11/25/25, 17:28:27:742] info: [CHECK-FOR-OLD-CHANNEL] (T095LHX9N) Not eligible C09TW15MSKH: Not idle 
[11/25/25, 17:28:27:742] info: [CHECK-FOR-OLD-CHANNEL] (T095LHX9N) Not eligible D04U62ZABBM: Self DM 
[11/25/25, 17:28:27:743] info: [CHECK-FOR-OLD-CHANNEL] (T095LHX9N) Not eligible D04U6FHBBD1: Not idle 
[11/25/25, 17:28:27:743] info: [CHECK-FOR-OLD-CHANNEL] (T095LHX9N) Not eligible D04U8LHMQS0: Slackbot 
[11/25/25, 17:28:27:743] info: [CHECK-FOR-OLD-CHANNEL] (T095LHX9N) Not eligible D08T2G33XDM: Not idle 
[11/25/25, 17:28:27:743] info: [CHECK-FOR-OLD-CHANNEL] (T095LHX9N) Not eligible D098CC27XGV: Has draft 
[11/25/25, 17:28:27:743] info: [CHECK-FOR-OLD-CHANNEL] (T095LHX9N) Identified 0 DMs/MPDMs of internalDMs type for closure 
[11/25/25, 17:28:27:743] info: [CHECK-FOR-OLD-CHANNEL] (T095LHX9N) Identified 0 DMs/MPDMs of appDMs type for closure 
[11/25/25, 17:28:29:228] info: [CHECK-FOR-OLD-CHANNEL] (T07CXALJLTU) Start cleaning up DMs/MPDMs — starting with 14 entries. 
[11/25/25, 17:28:29:228] info: [CHECK-FOR-OLD-CHANNEL] (T07CXALJLTU) Eligible DMs/MPDMs for cleanup — [external DMs]:0, [internal DMs]: 11, [app DMs]: 0 
[11/25/25, 17:28:29:228] info: [CHECK-FOR-OLD-CHANNEL] (T07CXALJLTU) Identified 0 DMs/MPDMs of externalDMs type for closure 
[11/25/25, 17:28:29:229] info: [CHECK-FOR-OLD-CHANNEL] (T07CXALJLTU) Not eligible D09SUDGUMPU: Self DM 
[11/25/25, 17:28:29:229] info: [CHECK-FOR-OLD-CHANNEL] (T07CXALJLTU) Identified 0 DMs/MPDMs of internalDMs type for closure 
[11/25/25, 17:28:29:229] info: [CHECK-FOR-OLD-CHANNEL] (T07CXALJLTU) Identified 0 DMs/MPDMs of appDMs type for closure 
[11/25/25, 17:28:29:229] info: [API-Q] (T07CXALJLTU) noversion-1764116909.229 Flannel users/info called with reason: flannel-call:users/info 
[11/25/25, 17:28:29:229] info: [API-Q] (T07CXALJLTU) noversion-1764116909.229 Flannel users/info is ENQUEUED 
[11/25/25, 17:28:29:230] info: [API-Q] (T07CXALJLTU) noversion-1764116909.229 Flannel users/info is ACTIVE 
[11/25/25, 17:28:29:463] info: [API-Q] (T07CXALJLTU) noversion-1764116909.229 Flannel users/info is RESOLVED 
[11/25/25, 17:28:33:079] info: [CHECK-FOR-OLD-CHANNEL] (T026U7G95U6) Start cleaning up DMs/MPDMs — starting with 11 entries. 
[11/25/25, 17:28:33:079] info: [CHECK-FOR-OLD-CHANNEL] (T026U7G95U6) Eligible DMs/MPDMs for cleanup — [external DMs]:0, [internal DMs]: 11, [app DMs]: 0 
[11/25/25, 17:28:33:079] info: [CHECK-FOR-OLD-CHANNEL] (T026U7G95U6) Identified 0 DMs/MPDMs of externalDMs type for closure 
[11/25/25, 17:28:33:079] info: [CHECK-FOR-OLD-CHANNEL] (T026U7G95U6) Not eligible D02AV4K7V6H: Slackbot 
[11/25/25, 17:28:33:079] info: [CHECK-FOR-OLD-CHANNEL] (T026U7G95U6) Not eligible D02B4B892TW: Self DM 
[11/25/25, 17:28:33:079] info: [CHECK-FOR-OLD-CHANNEL] (T026U7G95U6) Identified 0 DMs/MPDMs of internalDMs type for closure 
[11/25/25, 17:28:33:079] info: [CHECK-FOR-OLD-CHANNEL] (T026U7G95U6) Identified 0 DMs/MPDMs of appDMs type for closure 
[11/25/25, 17:29:47:899] info: [FOCUS-EVENT] (T095LHX9N) Main window focused 
[11/25/25, 17:29:47:919] info: [CHECK-UNREADS] (T095LHX9N) Checking unreads after window became focused 
[11/25/25, 17:29:47:919] info: [CHECK-UNREADS] (T095LHX9N) Not marking D04U6FHBBD1 because last_read >= latest && channel is read 
[11/25/25, 17:29:47:929] info: [API-Q] (T095LHX9N) noversion-1764116987.928 Flannel users/info called with reason: flannel-call:users/info 
[11/25/25, 17:29:47:929] info: [API-Q] (T095LHX9N) noversion-1764116987.928 Flannel users/info is ENQUEUED 
[11/25/25, 17:29:47:929] info: [API-Q] (T095LHX9N) noversion-1764116987.928 Flannel users/info is ACTIVE 
[11/25/25, 17:29:48:163] info: [API-Q] (T095LHX9N) noversion-1764116987.928 Flannel users/info is RESOLVED 
[11/25/25, 17:29:51:145] info: [FOCUS-EVENT] (T095LHX9N) Main window blurred 
[11/25/25, 17:29:51:574] info: [DND_V2] (T095LHX9N) Checking for changes in DND status for the following members: U04UJR2PHMX,U095LTFRC,U03FCQ34JPK,U08PY1SAM0W,U0AL64VTR,U02BPRZ4FAQ,U06PZDZSXDZ,U06QB0DNF6U,U08L58USZ6V,U08RY079RFD,U090VKSQFFW,U04M57LQ3EV,U08V8DJ5LP8 
[11/25/25, 17:29:51:575] info: [DND_V2] (T095LHX9N) Will check for changes in DND status again in 5 minutes 
[11/25/25, 17:29:55:169] info: [FOCUS-EVENT] (T095LHX9N) Main window focused 
[11/25/25, 17:29:55:188] info: [CHECK-UNREADS] (T095LHX9N) Checking unreads after window became focused 
[11/25/25, 17:29:55:188] info: [CHECK-UNREADS] (T095LHX9N) Not marking D04U6FHBBD1 because last_read >= latest && channel is read 
[11/25/25, 17:29:56:953] info: [FOCUS-EVENT] (T095LHX9N) Main window blurred 
[11/25/25, 17:30:04:625] info: [RTM-EVENT-METRICS] Sending metric report for id: T095LHX9N 
[11/25/25, 17:30:04:626] info: [RTM-EVENT-METRICS] T095LHX9N total dispatch event count: 4 
[11/25/25, 17:30:04:627] info: [RTM-EVENT-METRICS] T095LHX9N total incoming event count: 4 
[11/25/25, 17:30:04:628] info: [RTM-EVENT-METRICS] Metrics collection sampling has been reset for id: T095LHX9N 
[11/25/25, 17:30:05:625] info: [RTM-EVENT-METRICS] Completed metrics aggregation {"traceId":"1c0486d64bd68505a79bb15c25f9eb00"} 
[11/25/25, 17:31:27:742] info: [SIDEBAR-NOISE-METRICS] (T095LHX9N) Logging sidebar noise metrics 
[11/25/25, 17:31:27:742] info: [SIDEBAR-STATS] (T095LHX9N) Begin gathering sidebar stats 
[11/25/25, 17:31:27:742] info: [SIDEBAR-NOISE-METRICS] (T095LHX9N) Updated sidebar metrics for today 
[11/25/25, 17:31:29:228] info: [SIDEBAR-NOISE-METRICS] (T07CXALJLTU) Logging sidebar noise metrics 
[11/25/25, 17:31:29:228] info: [SIDEBAR-STATS] (T07CXALJLTU) Begin gathering sidebar stats 
[11/25/25, 17:31:29:229] info: [SIDEBAR-NOISE-METRICS] (T07CXALJLTU) Updated sidebar metrics for today 
[11/25/25, 17:31:33:079] info: [SIDEBAR-NOISE-METRICS] (T026U7G95U6) Logging sidebar noise metrics 
[11/25/25, 17:31:33:079] info: [SIDEBAR-STATS] (T026U7G95U6) Begin gathering sidebar stats 
[11/25/25, 17:31:33:079] info: [SIDEBAR-NOISE-METRICS] (T026U7G95U6) Updated sidebar metrics for today 
[11/25/25, 17:34:51:576] info: [DND_V2] (T095LHX9N) Checking for changes in DND status for the following members: U04UJR2PHMX,U095LTFRC,U03FCQ34JPK,U08PY1SAM0W,U0AL64VTR,U02BPRZ4FAQ,U06PZDZSXDZ,U06QB0DNF6U,U08L58USZ6V,U08RY079RFD,U090VKSQFFW,U04M57LQ3EV,U08V8DJ5LP8 
[11/25/25, 17:34:51:577] info: [DND_V2] (T095LHX9N) Will check for changes in DND status again in 5 minutes 
[11/25/25, 17:35:35:642] info: [API-Q] (T095LHX9N) noversion-1764117335.641 Flannel users/info called with reason: flannel-call:users/info 
[11/25/25, 17:35:35:642] info: [API-Q] (T095LHX9N) noversion-1764117335.641 Flannel users/info is ENQUEUED 
[11/25/25, 17:35:35:642] info: [API-Q] (T095LHX9N) noversion-1764117335.641 Flannel users/info is ACTIVE 
[11/25/25, 17:35:35:874] info: [API-Q] (T095LHX9N) noversion-1764117335.641 Flannel users/info is RESOLVED 
[11/25/25, 17:39:51:578] info: [DND_V2] (T095LHX9N) Checking for changes in DND status for the following members: U04UJR2PHMX,U095LTFRC,U03FCQ34JPK,U08PY1SAM0W,U0AL64VTR,U02BPRZ4FAQ,U06PZDZSXDZ,U06QB0DNF6U,U08L58USZ6V,U08RY079RFD,U090VKSQFFW,U04M57LQ3EV,U08V8DJ5LP8 
[11/25/25, 17:39:51:579] info: [DND_V2] (T095LHX9N) Will check for changes in DND status again in 5 minutes 
[11/25/25, 17:40:03:625] info: [RTM-EVENT-METRICS] Metrics collection sampling has been reset. 
[11/25/25, 17:43:27:743] info: [CHECK-FOR-OLD-CHANNEL] (T095LHX9N) Start cleaning up DMs/MPDMs — starting with 53 entries. 
[11/25/25, 17:43:27:743] info: [CHECK-FOR-OLD-CHANNEL] (T095LHX9N) Eligible DMs/MPDMs for cleanup — [external DMs]:0, [internal DMs]: 11, [app DMs]: 0 
[11/25/25, 17:43:27:743] info: [CHECK-FOR-OLD-CHANNEL] (T095LHX9N) Identified 0 DMs/MPDMs of externalDMs type for closure 
[11/25/25, 17:43:27:743] info: [CHECK-FOR-OLD-CHANNEL] (T095LHX9N) Not eligible C09TW15MSKH: Not idle 
[11/25/25, 17:43:27:744] info: [CHECK-FOR-OLD-CHANNEL] (T095LHX9N) Not eligible D04U62ZABBM: Self DM 
[11/25/25, 17:43:27:744] info: [CHECK-FOR-OLD-CHANNEL] (T095LHX9N) Not eligible D04U6FHBBD1: Not idle 
[11/25/25, 17:43:27:744] info: [CHECK-FOR-OLD-CHANNEL] (T095LHX9N) Not eligible D04U8LHMQS0: Slackbot 
[11/25/25, 17:43:27:744] info: [CHECK-FOR-OLD-CHANNEL] (T095LHX9N) Not eligible D08T2G33XDM: Not idle 
[11/25/25, 17:43:27:744] info: [CHECK-FOR-OLD-CHANNEL] (T095LHX9N) Not eligible D098CC27XGV: Has draft 
[11/25/25, 17:43:27:744] info: [CHECK-FOR-OLD-CHANNEL] (T095LHX9N) Identified 0 DMs/MPDMs of internalDMs type for closure 
[11/25/25, 17:43:27:744] info: [CHECK-FOR-OLD-CHANNEL] (T095LHX9N) Identified 0 DMs/MPDMs of appDMs type for closure 
[11/25/25, 17:43:28:818] info: [API-Q] (T095LHX9N) noversion-1764117808.817 Flannel users/info called with reason: flannel-call:users/info 
[11/25/25, 17:43:28:818] info: [API-Q] (T095LHX9N) noversion-1764117808.817 Flannel users/info is ENQUEUED 
[11/25/25, 17:43:28:818] info: [API-Q] (T095LHX9N) noversion-1764117808.817 Flannel users/info is ACTIVE 
[11/25/25, 17:43:29:021] info: [API-Q] (T095LHX9N) noversion-1764117808.817 Flannel users/info is RESOLVED 
[11/25/25, 17:43:29:229] info: [CHECK-FOR-OLD-CHANNEL] (T07CXALJLTU) Start cleaning up DMs/MPDMs — starting with 14 entries. 
[11/25/25, 17:43:29:230] info: [CHECK-FOR-OLD-CHANNEL] (T07CXALJLTU) Eligible DMs/MPDMs for cleanup — [external DMs]:0, [internal DMs]: 11, [app DMs]: 0 
[11/25/25, 17:43:29:230] info: [CHECK-FOR-OLD-CHANNEL] (T07CXALJLTU) Identified 0 DMs/MPDMs of externalDMs type for closure 
[11/25/25, 17:43:29:230] info: [CHECK-FOR-OLD-CHANNEL] (T07CXALJLTU) Not eligible D09SUDGUMPU: Self DM 
[11/25/25, 17:43:29:230] info: [CHECK-FOR-OLD-CHANNEL] (T07CXALJLTU) Identified 0 DMs/MPDMs of internalDMs type for closure 
[11/25/25, 17:43:29:230] info: [CHECK-FOR-OLD-CHANNEL] (T07CXALJLTU) Identified 0 DMs/MPDMs of appDMs type for closure 
[11/25/25, 17:43:29:879] info: [API-Q] (T095LHX9N) noversion-1764117809.878 Flannel users/info called with reason: flannel-call:users/info 
[11/25/25, 17:43:29:879] info: [API-Q] (T095LHX9N) noversion-1764117809.878 Flannel users/info is ENQUEUED 
[11/25/25, 17:43:29:879] info: [API-Q] (T095LHX9N) noversion-1764117809.878 Flannel users/info is ACTIVE 
[11/25/25, 17:43:29:951] info: [API-Q] (T095LHX9N) noversion-1764117809.878 Flannel users/info is RESOLVED 
[11/25/25, 17:43:33:080] info: [CHECK-FOR-OLD-CHANNEL] (T026U7G95U6) Start cleaning up DMs/MPDMs — starting with 11 entries. 
[11/25/25, 17:43:33:080] info: [CHECK-FOR-OLD-CHANNEL] (T026U7G95U6) Eligible DMs/MPDMs for cleanup — [external DMs]:0, [internal DMs]: 11, [app DMs]: 0 
[11/25/25, 17:43:33:080] info: [CHECK-FOR-OLD-CHANNEL] (T026U7G95U6) Identified 0 DMs/MPDMs of externalDMs type for closure 
[11/25/25, 17:43:33:080] info: [CHECK-FOR-OLD-CHANNEL] (T026U7G95U6) Not eligible D02AV4K7V6H: Slackbot 
[11/25/25, 17:43:33:080] info: [CHECK-FOR-OLD-CHANNEL] (T026U7G95U6) Not eligible D02B4B892TW: Self DM 
[11/25/25, 17:43:33:080] info: [CHECK-FOR-OLD-CHANNEL] (T026U7G95U6) Identified 0 DMs/MPDMs of internalDMs type for closure 
[11/25/25, 17:43:33:080] info: [CHECK-FOR-OLD-CHANNEL] (T026U7G95U6) Identified 0 DMs/MPDMs of appDMs type for closure 
[11/25/25, 17:44:51:580] info: [DND_V2] (T095LHX9N) Checking for changes in DND status for the following members: U04UJR2PHMX,U095LTFRC,U03FCQ34JPK,U08PY1SAM0W,U0AL64VTR,U02BPRZ4FAQ,U06PZDZSXDZ,U06QB0DNF6U,U08L58USZ6V,U08RY079RFD,U090VKSQFFW,U04M57LQ3EV,U08V8DJ5LP8 
[11/25/25, 17:44:51:581] info: [DND_V2] (T095LHX9N) Will check for changes in DND status again in 5 minutes 
[11/25/25, 17:49:51:581] info: [DND_V2] (T095LHX9N) Checking for changes in DND status for the following members: U04UJR2PHMX,U095LTFRC,U03FCQ34JPK,U08PY1SAM0W,U0AL64VTR,U02BPRZ4FAQ,U06PZDZSXDZ,U06QB0DNF6U,U08L58USZ6V,U08RY079RFD,U090VKSQFFW,U04M57LQ3EV,U08V8DJ5LP8 
[11/25/25, 17:49:51:582] info: [DND_V2] (T095LHX9N) Will check for changes in DND status again in 5 minutes 
[11/25/25, 17:50:03:626] info: [RTM-EVENT-METRICS] Metrics collection sampling has been reset. 
[11/25/25, 17:54:51:583] info: [DND_V2] (T095LHX9N) Checking for changes in DND status for the following members: U04UJR2PHMX,U095LTFRC,U03FCQ34JPK,U08PY1SAM0W,U0AL64VTR,U02BPRZ4FAQ,U06PZDZSXDZ,U06QB0DNF6U,U08L58USZ6V,U08RY079RFD,U090VKSQFFW,U04M57LQ3EV,U08V8DJ5LP8 
[11/25/25, 17:54:51:584] info: [DND_V2] (T095LHX9N) Will check for changes in DND status again in 5 minutes 
[11/25/25, 17:54:56:567] info: [API-Q] (T026U7G95U6) noversion-1764118496.566 Flannel users/info called with reason: flannel-call:users/info 
[11/25/25, 17:54:56:567] info: [API-Q] (T026U7G95U6) noversion-1764118496.566 Flannel users/info is ENQUEUED 
[11/25/25, 17:54:56:567] info: [API-Q] (T026U7G95U6) noversion-1764118496.566 Flannel users/info is ACTIVE 
[11/25/25, 17:54:56:897] info: [API-Q] (T026U7G95U6) noversion-1764118496.566 Flannel users/info is RESOLVED 
[11/25/25, 17:58:27:743] info: [CHECK-FOR-OLD-CHANNEL] (T095LHX9N) Start cleaning up DMs/MPDMs — starting with 53 entries. 
[11/25/25, 17:58:27:743] info: [CHECK-FOR-OLD-CHANNEL] (T095LHX9N) Eligible DMs/MPDMs for cleanup — [external DMs]:0, [internal DMs]: 11, [app DMs]: 0 
[11/25/25, 17:58:27:744] info: [CHECK-FOR-OLD-CHANNEL] (T095LHX9N) Identified 0 DMs/MPDMs of externalDMs type for closure 
[11/25/25, 17:58:27:744] info: [CHECK-FOR-OLD-CHANNEL] (T095LHX9N) Not eligible C09TW15MSKH: Not idle 
[11/25/25, 17:58:27:744] info: [CHECK-FOR-OLD-CHANNEL] (T095LHX9N) Not eligible D04U62ZABBM: Self DM 
[11/25/25, 17:58:27:744] info: [CHECK-FOR-OLD-CHANNEL] (T095LHX9N) Not eligible D04U6FHBBD1: Not idle 
[11/25/25, 17:58:27:744] info: [CHECK-FOR-OLD-CHANNEL] (T095LHX9N) Not eligible D04U8LHMQS0: Slackbot 
[11/25/25, 17:58:27:744] info: [CHECK-FOR-OLD-CHANNEL] (T095LHX9N) Not eligible D08T2G33XDM: Not idle 
[11/25/25, 17:58:27:744] info: [CHECK-FOR-OLD-CHANNEL] (T095LHX9N) Not eligible D098CC27XGV: Has draft 
[11/25/25, 17:58:27:744] info: [CHECK-FOR-OLD-CHANNEL] (T095LHX9N) Identified 0 DMs/MPDMs of internalDMs type for closure 
[11/25/25, 17:58:27:744] info: [CHECK-FOR-OLD-CHANNEL] (T095LHX9N) Identified 0 DMs/MPDMs of appDMs type for closure 
[11/25/25, 17:58:29:229] info: [CHECK-FOR-OLD-CHANNEL] (T07CXALJLTU) Start cleaning up DMs/MPDMs — starting with 14 entries. 
[11/25/25, 17:58:29:229] info: [CHECK-FOR-OLD-CHANNEL] (T07CXALJLTU) Eligible DMs/MPDMs for cleanup — [external DMs]:0, [internal DMs]: 11, [app DMs]: 0 
[11/25/25, 17:58:29:230] info: [CHECK-FOR-OLD-CHANNEL] (T07CXALJLTU) Identified 0 DMs/MPDMs of externalDMs type for closure 
[11/25/25, 17:58:29:230] info: [CHECK-FOR-OLD-CHANNEL] (T07CXALJLTU) Not eligible D09SUDGUMPU: Self DM 
[11/25/25, 17:58:29:230] info: [CHECK-FOR-OLD-CHANNEL] (T07CXALJLTU) Identified 0 DMs/MPDMs of internalDMs type for closure 
[11/25/25, 17:58:29:230] info: [CHECK-FOR-OLD-CHANNEL] (T07CXALJLTU) Identified 0 DMs/MPDMs of appDMs type for closure 
[11/25/25, 17:58:33:080] info: [CHECK-FOR-OLD-CHANNEL] (T026U7G95U6) Start cleaning up DMs/MPDMs — starting with 11 entries. 
[11/25/25, 17:58:33:080] info: [CHECK-FOR-OLD-CHANNEL] (T026U7G95U6) Eligible DMs/MPDMs for cleanup — [external DMs]:0, [internal DMs]: 11, [app DMs]: 0 
[11/25/25, 17:58:33:080] info: [CHECK-FOR-OLD-CHANNEL] (T026U7G95U6) Identified 0 DMs/MPDMs of externalDMs type for closure 
[11/25/25, 17:58:33:080] info: [CHECK-FOR-OLD-CHANNEL] (T026U7G95U6) Not eligible D02AV4K7V6H: Slackbot 
[11/25/25, 17:58:33:080] info: [CHECK-FOR-OLD-CHANNEL] (T026U7G95U6) Not eligible D02B4B892TW: Self DM 
[11/25/25, 17:58:33:080] info: [CHECK-FOR-OLD-CHANNEL] (T026U7G95U6) Identified 0 DMs/MPDMs of internalDMs type for closure 
[11/25/25, 17:58:33:080] info: [CHECK-FOR-OLD-CHANNEL] (T026U7G95U6) Identified 0 DMs/MPDMs of appDMs type for closure 
[11/25/25, 17:59:51:585] info: [DND_V2] (T095LHX9N) Checking for changes in DND status for the following members: U04UJR2PHMX,U095LTFRC,U03FCQ34JPK,U08PY1SAM0W,U0AL64VTR,U02BPRZ4FAQ,U06PZDZSXDZ,U06QB0DNF6U,U08L58USZ6V,U08RY079RFD,U090VKSQFFW,U04M57LQ3EV,U08V8DJ5LP8 
[11/25/25, 17:59:51:586] info: [DND_V2] (T095LHX9N) Will check for changes in DND status again in 5 minutes 
[11/25/25, 18:00:03:625] info: [RTM-EVENT-METRICS] Metrics collection sampling has been reset. 
[11/25/25, 18:02:04:891] info: Store: SET_SUSPEND_STATUS false 
[11/25/25, 18:02:04:891] info: [DESKTOP-SIDE-EFFECT] Update from desktop for keys  ["app"] 
[11/25/25, 18:02:04:894] warn: SOCKET-MANAGER (T026U7G95U6) Socket was closed because #1006: generic error 
[11/25/25, 18:02:04:895] info: [SOCKET-MANAGER] (T026U7G95U6) Changing from connected to error 
[11/25/25, 18:02:04:895] info: [SOCKET-MANAGER] (T026U7G95U6) will stay in error state for up to 10000 ms 
[11/25/25, 18:02:04:896] info: [SOCKET-MANAGER] (T026U7G95U6) Changing from error to wait_for_rate_limit 
[11/25/25, 18:02:04:896] info: [SOCKET-MANAGER] (T026U7G95U6) will stay in wait_for_rate_limit state for up to 120000 ms 
[11/25/25, 18:02:04:896] info: [SOCKET-MANAGER] (T026U7G95U6) backing off: will wait for 875 ms 
[11/25/25, 18:02:04:897] warn: SOCKET-MANAGER (T07CXALJLTU) Socket was closed because #1006: generic error 
[11/25/25, 18:02:04:897] info: [SOCKET-MANAGER] (T07CXALJLTU) Changing from connected to error 
[11/25/25, 18:02:04:897] info: [SOCKET-MANAGER] (T07CXALJLTU) will stay in error state for up to 10000 ms 
[11/25/25, 18:02:04:897] info: [SOCKET-MANAGER] (T07CXALJLTU) Changing from error to wait_for_rate_limit 
[11/25/25, 18:02:04:897] info: [SOCKET-MANAGER] (T07CXALJLTU) will stay in wait_for_rate_limit state for up to 120000 ms 
[11/25/25, 18:02:04:898] info: [SOCKET-MANAGER] (T07CXALJLTU) backing off: will wait for 925 ms 
[11/25/25, 18:02:04:899] warn: SOCKET-MANAGER (T095LHX9N) Socket was closed because #1006: generic error 
[11/25/25, 18:02:04:899] info: [SOCKET-MANAGER] (T095LHX9N) Changing from connected to error 
[11/25/25, 18:02:04:899] info: [SOCKET-MANAGER] (T095LHX9N) will stay in error state for up to 10000 ms 
[11/25/25, 18:02:04:899] info: [SOCKET-MANAGER] (T095LHX9N) Changing from error to wait_for_rate_limit 
[11/25/25, 18:02:04:899] info: [SOCKET-MANAGER] (T095LHX9N) will stay in wait_for_rate_limit state for up to 120000 ms 
[11/25/25, 18:02:04:899] info: [SOCKET-MANAGER] (T095LHX9N) backing off: will wait for 555 ms 
[11/25/25, 18:02:04:900] info: [SOCKET-MANAGER] (T095LHX9N) Sleeping 
[11/25/25, 18:02:04:900] info: [SOCKET-MANAGER] (T095LHX9N) Changing from wait_for_rate_limit to sleep 
[11/25/25, 18:02:04:900] info: [SOCKET-MANAGER] (T095LHX9N) will stay in sleep state for up to 10000 ms 
[11/25/25, 18:02:04:900] info: [SOCKET-MANAGER] (T095LHX9N) Changing from sleep to sleeping 
[11/25/25, 18:02:04:900] info: [SOCKET-MANAGER] (T095LHX9N) will stay in sleeping state for up to 10000 ms 
[11/25/25, 18:02:04:900] info: [SOCKET-MANAGER] (T095LHX9N) Changing from sleeping to asleep 
[11/25/25, 18:02:04:900] info: [SOCKET-MANAGER] (T095LHX9N) will stay in asleep state for up to Infinity ms 
[11/25/25, 18:02:04:900] info: [SOCKET-MANAGER] (T026U7G95U6) Sleeping 
[11/25/25, 18:02:04:900] info: [SOCKET-MANAGER] (T026U7G95U6) Changing from wait_for_rate_limit to sleep 
[11/25/25, 18:02:04:901] info: [SOCKET-MANAGER] (T026U7G95U6) will stay in sleep state for up to 10000 ms 
[11/25/25, 18:02:04:901] info: [SOCKET-MANAGER] (T026U7G95U6) Changing from sleep to sleeping 
[11/25/25, 18:02:04:901] info: [SOCKET-MANAGER] (T026U7G95U6) will stay in sleeping state for up to 10000 ms 
[11/25/25, 18:02:04:901] info: [SOCKET-MANAGER] (T026U7G95U6) Changing from sleeping to asleep 
[11/25/25, 18:02:04:901] info: [SOCKET-MANAGER] (T026U7G95U6) will stay in asleep state for up to Infinity ms 
[11/25/25, 18:02:04:901] info: [SOCKET-MANAGER] (T07CXALJLTU) Sleeping 
[11/25/25, 18:02:04:901] info: [SOCKET-MANAGER] (T07CXALJLTU) Changing from wait_for_rate_limit to sleep 
[11/25/25, 18:02:04:901] info: [SOCKET-MANAGER] (T07CXALJLTU) will stay in sleep state for up to 10000 ms 
[11/25/25, 18:02:04:901] info: [SOCKET-MANAGER] (T07CXALJLTU) Changing from sleep to sleeping 
[11/25/25, 18:02:04:901] info: [SOCKET-MANAGER] (T07CXALJLTU) will stay in sleeping state for up to 10000 ms 
[11/25/25, 18:02:04:901] info: [SOCKET-MANAGER] (T07CXALJLTU) Changing from sleeping to asleep 
[11/25/25, 18:02:04:901] info: [SOCKET-MANAGER] (T07CXALJLTU) will stay in asleep state for up to Infinity ms 
[11/25/25, 18:02:04:902] info: Store: SET_SUSPEND_STATUS false 
[11/25/25, 18:02:04:903] info: [DESKTOP-SIDE-EFFECT] Update from desktop for keys  ["app"] 
[11/25/25, 18:02:04:903] info: [SOCKET-MANAGER] (T095LHX9N) Sleeping 
[11/25/25, 18:02:04:903] info: [SOCKET-MANAGER] (T026U7G95U6) Sleeping 
[11/25/25, 18:02:04:904] info: [SOCKET-MANAGER] (T07CXALJLTU) Sleeping 
[11/25/25, 18:02:05:076] info: [DEVICE-PREFS] Device list change event received at 1764118925075 
[11/25/25, 18:02:05:077] info: [HUDDLE-SDK] (T095LHX9N) Device change event callback is triggered 
[11/25/25, 18:02:05:078] info: [DEVICE-PREFS] Device list change event received at 1764118925077 
[11/25/25, 18:02:05:078] info: [DEVICE-PREFS] Available devices update already in progress. Returning existing promise. 
[11/25/25, 18:02:05:078] info: [HUDDLE-SDK] (T095LHX9N) Device change event callback is triggered 
[11/25/25, 18:02:05:111] info: [DEVICE-PREFS] Amending label for OS default audioinput device: Default -> System Default (Default) 
[11/25/25, 18:02:05:111] info: [DEVICE-PREFS] Amending label for OS default audiooutput device: Default -> System Default (Default) 
[11/25/25, 18:02:05:111] info: [DEVICE-PREFS] Device list update complete 
[11/25/25, 18:02:05:112] info: [DEVICE-PREFS] Device list change event received at 1764118925112 
[11/25/25, 18:02:05:112] info: [HUDDLE-SDK] (T095LHX9N) Device change event callback is triggered 
[11/25/25, 18:02:05:113] info: [DEVICE-PREFS] Device list change event received at 1764118925113 
[11/25/25, 18:02:05:113] info: [DEVICE-PREFS] Available devices update already in progress. Returning existing promise. 
[11/25/25, 18:02:05:113] info: [HUDDLE-SDK] (T095LHX9N) Device change event callback is triggered 
[11/25/25, 18:02:05:113] info: [DEVICE-PREFS] Amending label for OS default audiooutput device: Default -> System Default (Default) 
[11/25/25, 18:02:05:114] info: [DEVICE-PREFS] Device list update complete 
[11/25/25, 18:02:05:414] info: [DEVICE-PREFS] Propagating device selection history update 
[11/25/25, 18:02:05:415] warn: DEVICE-PREFS No preferred device found for type camera. Returning undefined. If this happens, the user will likely report that their device is not working. They may also have revoked or not given permission to use the device. 
[11/25/25, 18:02:05:415] warn: DEVICE-PREFS No preferred device found for type microphone. Returning undefined. If this happens, the user will likely report that their device is not working. They may also have revoked or not given permission to use the device. 
[11/25/25, 18:02:05:416] info: [DEVICE-PREFS] Setting preferred audiooutput device in huddle default 
[11/25/25, 20:05:42:158] info: Store: POWER_RESUMED  
[11/25/25, 20:05:42:158] info: Store: SET_SUSPEND_STATUS true 
[11/25/25, 20:05:42:160] info: [DESKTOP-SIDE-EFFECT] Update from desktop for keys  ["app"] 
[11/25/25, 20:05:42:164] info: [GATEWAY_SERVER_REQUES] (T095LHX9N) received a user_unsubscribe_request call while we are not connected; deferring 
[11/25/25, 20:05:42:166] info: [API-Q] (T095LHX9N) noversion-1764126342.166 Flannel permissions/info called with reason: flannel-call:permissions/info 
[11/25/25, 20:05:42:167] info: [API-Q] (T095LHX9N) noversion-1764126342.166 Flannel permissions/info is ENQUEUED 
[11/25/25, 20:05:42:168] info: [API-Q] (T095LHX9N) noversion-1764126342.166 Flannel permissions/info is ACTIVE 
[11/25/25, 20:05:42:168] info: [SOCKET-MANAGER] (T095LHX9N) Waking 
[11/25/25, 20:05:42:168] info: [SOCKET-MANAGER] (T095LHX9N) Changing from asleep to connect 
[11/25/25, 20:05:42:168] info: [SOCKET-MANAGER] (T095LHX9N) will stay in connect state for up to 10000 ms 
[11/25/25, 20:05:42:171] info: [SOCKET-MANAGER] (T095LHX9N) Changing from connect to checking_fast_reconnect 
[11/25/25, 20:05:42:171] info: [SOCKET-MANAGER] (T095LHX9N) will stay in checking_fast_reconnect state for up to 60000 ms 
[11/25/25, 20:05:42:172] info: [SOCKET-MANAGER] (T095LHX9N) Attempting to connect to primary region 
[11/25/25, 20:05:42:172] info: [SOCKET-MANAGER] (T095LHX9N) Changing from checking_fast_reconnect to prov_connect 
[11/25/25, 20:05:42:172] info: [SOCKET-MANAGER] (T095LHX9N) will stay in prov_connect state for up to 10000 ms 
[11/25/25, 20:05:42:173] info: [SOCKET-MANAGER] (T095LHX9N) Connecting with token ending: b49d 
[11/25/25, 20:05:42:173] info: [SOCKET-MANAGER] (T095LHX9N) Changing from prov_connect to prov_connecting 
[11/25/25, 20:05:42:173] info: [SOCKET-MANAGER] (T095LHX9N) will stay in prov_connecting state for up to 35000 ms 
[11/25/25, 20:05:42:174] info: [SOCKET-MANAGER] (T026U7G95U6) Waking 
[11/25/25, 20:05:42:175] info: [SOCKET-MANAGER] (T026U7G95U6) Changing from asleep to connect 
[11/25/25, 20:05:42:175] info: [SOCKET-MANAGER] (T026U7G95U6) will stay in connect state for up to 10000 ms 
[11/25/25, 20:05:42:176] info: [SOCKET-MANAGER] (T026U7G95U6) Changing from connect to checking_fast_reconnect 
[11/25/25, 20:05:42:176] info: [SOCKET-MANAGER] (T026U7G95U6) will stay in checking_fast_reconnect state for up to 60000 ms 
[11/25/25, 20:05:42:176] info: [SOCKET-MANAGER] (T026U7G95U6) Attempting to connect to primary region 
[11/25/25, 20:05:42:177] info: [SOCKET-MANAGER] (T026U7G95U6) Changing from checking_fast_reconnect to prov_connect 
[11/25/25, 20:05:42:178] info: [SOCKET-MANAGER] (T026U7G95U6) will stay in prov_connect state for up to 10000 ms 
[11/25/25, 20:05:42:178] info: [SOCKET-MANAGER] (T026U7G95U6) Connecting with token ending: 125a 
[11/25/25, 20:05:42:178] info: [SOCKET-MANAGER] (T026U7G95U6) Changing from prov_connect to prov_connecting 
[11/25/25, 20:05:42:178] info: [SOCKET-MANAGER] (T026U7G95U6) will stay in prov_connecting state for up to 35000 ms 
[11/25/25, 20:05:42:189] info: [SOCKET-MANAGER] (T07CXALJLTU) Waking 
[11/25/25, 20:05:42:190] info: [SOCKET-MANAGER] (T07CXALJLTU) Changing from asleep to connect 
[11/25/25, 20:05:42:190] info: [SOCKET-MANAGER] (T07CXALJLTU) will stay in connect state for up to 10000 ms 
[11/25/25, 20:05:42:190] info: [SOCKET-MANAGER] (T07CXALJLTU) Changing from connect to checking_fast_reconnect 
[11/25/25, 20:05:42:191] info: [SOCKET-MANAGER] (T07CXALJLTU) will stay in checking_fast_reconnect state for up to 60000 ms 
[11/25/25, 20:05:42:191] info: [SOCKET-MANAGER] (T07CXALJLTU) Attempting to connect to primary region 
[11/25/25, 20:05:42:191] info: [SOCKET-MANAGER] (T07CXALJLTU) Changing from checking_fast_reconnect to prov_connect 
[11/25/25, 20:05:42:191] info: [SOCKET-MANAGER] (T07CXALJLTU) will stay in prov_connect state for up to 10000 ms 
[11/25/25, 20:05:42:191] info: [SOCKET-MANAGER] (T07CXALJLTU) Connecting with token ending: 09ff 
[11/25/25, 20:05:42:191] info: [SOCKET-MANAGER] (T07CXALJLTU) Changing from prov_connect to prov_connecting 
[11/25/25, 20:05:42:191] info: [SOCKET-MANAGER] (T07CXALJLTU) will stay in prov_connecting state for up to 35000 ms 
[11/25/25, 20:05:42:192] info: Store: POWER_RESUMED  
[11/25/25, 20:05:42:193] info: Store: SET_SUSPEND_STATUS true 
[11/25/25, 20:05:42:193] info: [DESKTOP-SIDE-EFFECT] Update from desktop for keys  ["app"] 
[11/25/25, 20:05:42:195] warn: SOCKET-MANAGER (T095LHX9N) Got asked to wake but we are not asleep; ignoring 
[11/25/25, 20:05:42:195] warn: SOCKET-MANAGER (T026U7G95U6) Got asked to wake but we are not asleep; ignoring 
[11/25/25, 20:05:42:195] warn: SOCKET-MANAGER (T07CXALJLTU) Got asked to wake but we are not asleep; ignoring 
[11/25/25, 20:05:42:200] info: [GATEWAY_SERVER_REQUES] (T026U7G95U6) received a user_unsubscribe_request call while we are not connected; deferring 
[11/25/25, 20:05:42:201] info: [GATEWAY_SERVER_REQUES] (T07CXALJLTU) received a user_unsubscribe_request call while we are not connected; deferring 
[11/25/25, 20:05:43:203] info: [GATEWAY_SERVER_REQUES] (T095LHX9N) received a user_subscribe_request call while we are not connected; deferring 
[11/25/25, 20:05:43:203] info: [API-Q] (T095LHX9N) noversion-1764126343.202 Flannel users/info called with reason: flannel-call:users/info 
[11/25/25, 20:05:43:203] info: [API-Q] (T095LHX9N) noversion-1764126343.202 Flannel users/info is ENQUEUED 
[11/25/25, 20:05:43:203] info: [API-Q] (T095LHX9N) noversion-1764126343.202 Flannel users/info is ACTIVE 
[11/25/25, 20:05:43:205] info: [GATEWAY_SERVER_REQUES] (T026U7G95U6) received a user_subscribe_request call while we are not connected; deferring 
[11/25/25, 20:05:43:205] info: [API-Q] (T026U7G95U6) noversion-1764126343.205 Flannel users/info called with reason: flannel-call:users/info 
[11/25/25, 20:05:43:206] info: [API-Q] (T026U7G95U6) noversion-1764126343.205 Flannel users/info is ENQUEUED 
[11/25/25, 20:05:43:206] info: [API-Q] (T026U7G95U6) noversion-1764126343.205 Flannel users/info is ACTIVE 
[11/25/25, 20:05:43:258] info: [GATEWAY_SERVER_REQUES] (T07CXALJLTU) received a user_subscribe_request call while we are not connected; deferring 
[11/25/25, 20:05:43:259] info: [API-Q] (T07CXALJLTU) noversion-1764126343.258 Flannel users/info called with reason: flannel-call:users/info 
[11/25/25, 20:05:43:259] info: [API-Q] (T07CXALJLTU) noversion-1764126343.258 Flannel users/info is ENQUEUED 
[11/25/25, 20:05:43:259] info: [API-Q] (T07CXALJLTU) noversion-1764126343.258 Flannel users/info is ACTIVE 
[11/25/25, 20:05:46:997] info: [API-Q] (T095LHX9N) noversion-1764126342.166 Flannel permissions/info is ERROR: request did not complete 
[11/25/25, 20:05:46:997] warn: SOCKET-MANAGER (T095LHX9N) Socket was closed because #1006: generic error 
[11/25/25, 20:05:46:999] info: [SOCKET-MANAGER] (T095LHX9N) Changing from prov_connecting to error 
[11/25/25, 20:05:46:999] info: [SOCKET-MANAGER] (T095LHX9N) will stay in error state for up to 10000 ms 
[11/25/25, 20:05:46:999] info: [SOCKET-MANAGER] (T095LHX9N) Changing from error to wait_for_rate_limit 
[11/25/25, 20:05:46:999] info: [SOCKET-MANAGER] (T095LHX9N) will stay in wait_for_rate_limit state for up to 120000 ms 
[11/25/25, 20:05:46:999] info: [SOCKET-MANAGER] (T095LHX9N) backing off: will wait for 1575 ms 
[11/25/25, 20:05:47:001] warn: SOCKET-MANAGER (T026U7G95U6) Socket was closed because #1006: generic error 
[11/25/25, 20:05:47:001] info: [SOCKET-MANAGER] (T026U7G95U6) Changing from prov_connecting to error 
[11/25/25, 20:05:47:002] info: [SOCKET-MANAGER] (T026U7G95U6) will stay in error state for up to 10000 ms 
[11/25/25, 20:05:47:002] info: [SOCKET-MANAGER] (T026U7G95U6) Changing from error to wait_for_rate_limit 
[11/25/25, 20:05:47:002] info: [SOCKET-MANAGER] (T026U7G95U6) will stay in wait_for_rate_limit state for up to 120000 ms 
[11/25/25, 20:05:47:002] info: [SOCKET-MANAGER] (T026U7G95U6) backing off: will wait for 1226 ms 
[11/25/25, 20:05:47:002] warn: SOCKET-MANAGER (T07CXALJLTU) Socket was closed because #1006: generic error 
[11/25/25, 20:05:47:002] info: [SOCKET-MANAGER] (T07CXALJLTU) Changing from prov_connecting to error 
[11/25/25, 20:05:47:002] info: [SOCKET-MANAGER] (T07CXALJLTU) will stay in error state for up to 10000 ms 
[11/25/25, 20:05:47:002] info: [SOCKET-MANAGER] (T07CXALJLTU) Changing from error to wait_for_rate_limit 
[11/25/25, 20:05:47:003] info: [SOCKET-MANAGER] (T07CXALJLTU) will stay in wait_for_rate_limit state for up to 120000 ms 
[11/25/25, 20:05:47:003] info: [SOCKET-MANAGER] (T07CXALJLTU) backing off: will wait for 2505 ms 
[11/25/25, 20:05:48:228] info: [SOCKET-MANAGER] (T026U7G95U6) Changing from wait_for_rate_limit to connect 
[11/25/25, 20:05:48:229] info: [SOCKET-MANAGER] (T026U7G95U6) will stay in connect state for up to 10000 ms 
[11/25/25, 20:05:48:230] info: [SOCKET-MANAGER] (T026U7G95U6) Changing from connect to checking_fast_reconnect 
[11/25/25, 20:05:48:230] info: [SOCKET-MANAGER] (T026U7G95U6) will stay in checking_fast_reconnect state for up to 60000 ms 
[11/25/25, 20:05:48:230] info: [SOCKET-MANAGER] (T026U7G95U6) Attempting to connect to primary region 
[11/25/25, 20:05:48:230] info: [SOCKET-MANAGER] (T026U7G95U6) Changing from checking_fast_reconnect to prov_connect 
[11/25/25, 20:05:48:230] info: [SOCKET-MANAGER] (T026U7G95U6) will stay in prov_connect state for up to 10000 ms 
[11/25/25, 20:05:48:230] info: [SOCKET-MANAGER] (T026U7G95U6) Connecting with token ending: 125a 
[11/25/25, 20:05:48:230] info: [SOCKET-MANAGER] (T026U7G95U6) Changing from prov_connect to prov_connecting 
[11/25/25, 20:05:48:230] info: [SOCKET-MANAGER] (T026U7G95U6) will stay in prov_connecting state for up to 35000 ms 
[11/25/25, 20:05:48:575] info: [SOCKET-MANAGER] (T095LHX9N) Changing from wait_for_rate_limit to connect 
[11/25/25, 20:05:48:576] info: [SOCKET-MANAGER] (T095LHX9N) will stay in connect state for up to 10000 ms 
[11/25/25, 20:05:48:576] info: [SOCKET-MANAGER] (T095LHX9N) Changing from connect to checking_fast_reconnect 
[11/25/25, 20:05:48:576] info: [SOCKET-MANAGER] (T095LHX9N) will stay in checking_fast_reconnect state for up to 60000 ms 
[11/25/25, 20:05:48:577] info: [SOCKET-MANAGER] (T095LHX9N) Attempting to connect to primary region 
[11/25/25, 20:05:48:577] info: [SOCKET-MANAGER] (T095LHX9N) Changing from checking_fast_reconnect to prov_connect 
[11/25/25, 20:05:48:577] info: [SOCKET-MANAGER] (T095LHX9N) will stay in prov_connect state for up to 10000 ms 
[11/25/25, 20:05:48:577] info: [SOCKET-MANAGER] (T095LHX9N) Connecting with token ending: b49d 
[11/25/25, 20:05:48:577] info: [SOCKET-MANAGER] (T095LHX9N) Changing from prov_connect to prov_connecting 
[11/25/25, 20:05:48:577] info: [SOCKET-MANAGER] (T095LHX9N) will stay in prov_connecting state for up to 35000 ms 
[11/25/25, 20:05:48:843] info: [API-Q] (T07CXALJLTU) noversion-1764126343.258 Flannel users/info is ERROR: request did not complete 
[11/25/25, 20:05:48:843] info: [API-Q] (T026U7G95U6) noversion-1764126343.205 Flannel users/info is ERROR: request did not complete 
[11/25/25, 20:05:48:843] info: [API-Q] (T095LHX9N) noversion-1764126343.202 Flannel users/info is ERROR: request did not complete 
[11/25/25, 20:05:48:843] warn: SOCKET-MANAGER (T026U7G95U6) Socket was closed because #1006: generic error 
[11/25/25, 20:05:48:844] info: [SOCKET-MANAGER] (T026U7G95U6) Changing from prov_connecting to error 
[11/25/25, 20:05:48:845] info: [SOCKET-MANAGER] (T026U7G95U6) will stay in error state for up to 10000 ms 
[11/25/25, 20:05:48:845] info: [SOCKET-MANAGER] (T026U7G95U6) Changing from error to wait_for_rate_limit 
[11/25/25, 20:05:48:845] info: [SOCKET-MANAGER] (T026U7G95U6) will stay in wait_for_rate_limit state for up to 120000 ms 
[11/25/25, 20:05:48:845] info: [SOCKET-MANAGER] (T026U7G95U6) backing off: will wait for 3537 ms 
[11/25/25, 20:05:48:846] warn: SOCKET-MANAGER (T095LHX9N) Socket was closed because #1006: generic error 
[11/25/25, 20:05:48:846] info: [SOCKET-MANAGER] (T095LHX9N) Changing from prov_connecting to error 
[11/25/25, 20:05:48:846] info: [SOCKET-MANAGER] (T095LHX9N) will stay in error state for up to 10000 ms 
[11/25/25, 20:05:48:846] info: [SOCKET-MANAGER] (T095LHX9N) Changing from error to wait_for_rate_limit 
[11/25/25, 20:05:48:846] info: [SOCKET-MANAGER] (T095LHX9N) will stay in wait_for_rate_limit state for up to 120000 ms 
[11/25/25, 20:05:48:846] info: [SOCKET-MANAGER] (T095LHX9N) backing off: will wait for 1808 ms 
[11/25/25, 20:05:49:508] info: [SOCKET-MANAGER] (T07CXALJLTU) Changing from wait_for_rate_limit to connect 
[11/25/25, 20:05:49:509] info: [SOCKET-MANAGER] (T07CXALJLTU) will stay in connect state for up to 10000 ms 
[11/25/25, 20:05:49:509] info: [SOCKET-MANAGER] (T07CXALJLTU) Changing from connect to checking_fast_reconnect 
[11/25/25, 20:05:49:509] info: [SOCKET-MANAGER] (T07CXALJLTU) will stay in checking_fast_reconnect state for up to 60000 ms 
[11/25/25, 20:05:49:509] info: [SOCKET-MANAGER] (T07CXALJLTU) Attempting to connect to primary region 
[11/25/25, 20:05:49:509] info: [SOCKET-MANAGER] (T07CXALJLTU) Changing from checking_fast_reconnect to prov_connect 
[11/25/25, 20:05:49:509] info: [SOCKET-MANAGER] (T07CXALJLTU) will stay in prov_connect state for up to 10000 ms 
[11/25/25, 20:05:49:509] info: [SOCKET-MANAGER] (T07CXALJLTU) Connecting with token ending: 09ff 
[11/25/25, 20:05:49:509] info: [SOCKET-MANAGER] (T07CXALJLTU) Changing from prov_connect to prov_connecting 
[11/25/25, 20:05:49:509] info: [SOCKET-MANAGER] (T07CXALJLTU) will stay in prov_connecting state for up to 35000 ms 
[11/25/25, 20:05:50:655] info: [SOCKET-MANAGER] (T095LHX9N) Changing from wait_for_rate_limit to connect 
[11/25/25, 20:05:50:656] info: [SOCKET-MANAGER] (T095LHX9N) will stay in connect state for up to 10000 ms 
[11/25/25, 20:05:50:657] info: [SOCKET-MANAGER] (T095LHX9N) Changing from connect to checking_fast_reconnect 
[11/25/25, 20:05:50:657] info: [SOCKET-MANAGER] (T095LHX9N) will stay in checking_fast_reconnect state for up to 60000 ms 
[11/25/25, 20:05:50:657] info: [SOCKET-MANAGER] (T095LHX9N) Attempting to connect to primary region 
[11/25/25, 20:05:50:657] info: [SOCKET-MANAGER] (T095LHX9N) Changing from checking_fast_reconnect to prov_connect 
[11/25/25, 20:05:50:657] info: [SOCKET-MANAGER] (T095LHX9N) will stay in prov_connect state for up to 10000 ms 
[11/25/25, 20:05:50:657] info: [SOCKET-MANAGER] (T095LHX9N) Connecting with token ending: b49d 
[11/25/25, 20:05:50:657] info: [SOCKET-MANAGER] (T095LHX9N) Changing from prov_connect to prov_connecting 
[11/25/25, 20:05:50:657] info: [SOCKET-MANAGER] (T095LHX9N) will stay in prov_connecting state for up to 35000 ms 
[11/25/25, 20:05:50:845] info: [API-Q] (T07CXALJLTU) noversion-1764126343.258 Flannel users/info is retrying, attempt 2 
[11/25/25, 20:05:50:845] info: [API-Q] (T07CXALJLTU) noversion-1764126343.258 Flannel users/info is ENQUEUED 
[11/25/25, 20:05:50:845] info: [API-Q] (T07CXALJLTU) noversion-1764126343.258 Flannel users/info is ACTIVE 
[11/25/25, 20:05:51:245] warn: SOCKET-MANAGER (T07CXALJLTU) Socket was closed because #1006: generic error 
[11/25/25, 20:05:51:247] info: [SOCKET-MANAGER] (T07CXALJLTU) Changing from prov_connecting to error 
[11/25/25, 20:05:51:247] info: [SOCKET-MANAGER] (T07CXALJLTU) will stay in error state for up to 10000 ms 
[11/25/25, 20:05:51:248] info: [SOCKET-MANAGER] (T07CXALJLTU) Changing from error to wait_for_rate_limit 
[11/25/25, 20:05:51:248] info: [SOCKET-MANAGER] (T07CXALJLTU) will stay in wait_for_rate_limit state for up to 120000 ms 
[11/25/25, 20:05:51:248] info: [SOCKET-MANAGER] (T07CXALJLTU) backing off: will wait for 5769 ms 
[11/25/25, 20:05:51:249] warn: SOCKET-MANAGER (T095LHX9N) Socket was closed because #1006: generic error 
[11/25/25, 20:05:51:249] info: [SOCKET-MANAGER] (T095LHX9N) Changing from prov_connecting to error 
[11/25/25, 20:05:51:250] info: [SOCKET-MANAGER] (T095LHX9N) Failed to connect 3 times; going into failover mode until we connect 
[11/25/25, 20:05:51:250] info: [SOCKET-MANAGER] (T095LHX9N) will stay in error state for up to 10000 ms 
[11/25/25, 20:05:51:250] info: [SOCKET-MANAGER] (T095LHX9N) Changing from error to wait_for_rate_limit 
[11/25/25, 20:05:51:250] info: [SOCKET-MANAGER] (T095LHX9N) will stay in wait_for_rate_limit state for up to 120000 ms 
[11/25/25, 20:05:51:250] info: [SOCKET-MANAGER] (T095LHX9N) backing off: will wait for 4045 ms 
[11/25/25, 20:05:52:383] info: [SOCKET-MANAGER] (T026U7G95U6) Changing from wait_for_rate_limit to connect 
[11/25/25, 20:05:52:383] info: [SOCKET-MANAGER] (T026U7G95U6) will stay in connect state for up to 10000 ms 
[11/25/25, 20:05:52:384] info: [SOCKET-MANAGER] (T026U7G95U6) Changing from connect to checking_fast_reconnect 
[11/25/25, 20:05:52:384] info: [SOCKET-MANAGER] (T026U7G95U6) will stay in checking_fast_reconnect state for up to 60000 ms 
[11/25/25, 20:05:52:384] info: [SOCKET-MANAGER] (T026U7G95U6) Attempting to connect to primary region 
[11/25/25, 20:05:52:385] info: [SOCKET-MANAGER] (T026U7G95U6) Changing from checking_fast_reconnect to prov_connect 
[11/25/25, 20:05:52:385] info: [SOCKET-MANAGER] (T026U7G95U6) will stay in prov_connect state for up to 10000 ms 
[11/25/25, 20:05:52:385] info: [SOCKET-MANAGER] (T026U7G95U6) Connecting with token ending: 125a 
[11/25/25, 20:05:52:385] info: [SOCKET-MANAGER] (T026U7G95U6) Changing from prov_connect to prov_connecting 
[11/25/25, 20:05:52:385] info: [SOCKET-MANAGER] (T026U7G95U6) will stay in prov_connecting state for up to 35000 ms 
[11/25/25, 20:05:54:845] info: [API-Q] (T095LHX9N) noversion-1764126343.202 Flannel users/info is retrying, attempt 2 
[11/25/25, 20:05:54:845] info: [API-Q] (T095LHX9N) noversion-1764126343.202 Flannel users/info is ENQUEUED 
[11/25/25, 20:05:54:846] info: [API-Q] (T095LHX9N) noversion-1764126343.202 Flannel users/info is ACTIVE 
[11/25/25, 20:05:55:296] info: [SOCKET-MANAGER] (T095LHX9N) Changing from wait_for_rate_limit to connect 
[11/25/25, 20:05:55:296] info: [SOCKET-MANAGER] (T095LHX9N) will stay in connect state for up to 10000 ms 
[11/25/25, 20:05:55:297] info: [SOCKET-MANAGER] (T095LHX9N) Changing from connect to checking_fast_reconnect 
[11/25/25, 20:05:55:297] info: [SOCKET-MANAGER] (T095LHX9N) will stay in checking_fast_reconnect state for up to 60000 ms 
[11/25/25, 20:05:55:297] info: [SOCKET-MANAGER] (T095LHX9N) Attempting to connect to backup region 
[11/25/25, 20:05:55:297] info: [SOCKET-MANAGER] (T095LHX9N) Changing from checking_fast_reconnect to prov_connect 
[11/25/25, 20:05:55:297] info: [SOCKET-MANAGER] (T095LHX9N) will stay in prov_connect state for up to 10000 ms 
[11/25/25, 20:05:55:298] info: [SOCKET-MANAGER] (T095LHX9N) Connecting with token ending: b49d 
[11/25/25, 20:05:55:298] info: [SOCKET-MANAGER] (T095LHX9N) Changing from prov_connect to prov_connecting 
[11/25/25, 20:05:55:298] info: [SOCKET-MANAGER] (T095LHX9N) will stay in prov_connecting state for up to 35000 ms 
[11/25/25, 20:05:55:845] info: [API-Q] (T026U7G95U6) noversion-1764126343.205 Flannel users/info is retrying, attempt 2 
[11/25/25, 20:05:55:845] info: [API-Q] (T026U7G95U6) noversion-1764126343.205 Flannel users/info is ENQUEUED 
[11/25/25, 20:05:55:845] info: [API-Q] (T026U7G95U6) noversion-1764126343.205 Flannel users/info is ACTIVE 
[11/25/25, 20:05:55:999] info: [API-Q] (T095LHX9N) noversion-1764126342.166 Flannel permissions/info is retrying, attempt 2 
[11/25/25, 20:05:55:999] info: [API-Q] (T095LHX9N) noversion-1764126342.166 Flannel permissions/info is ENQUEUED 
[11/25/25, 20:05:56:000] info: [API-Q] (T095LHX9N) noversion-1764126342.166 Flannel permissions/info is ACTIVE 
[11/25/25, 20:05:56:505] info: [API-Q] (T026U7G95U6) noversion-1764126343.205 Flannel users/info is RESOLVED 
[11/25/25, 20:05:56:511] info: [API-Q] (T095LHX9N) noversion-1764126343.202 Flannel users/info is RESOLVED 
[11/25/25, 20:05:56:563] info: [API-Q] (T095LHX9N) noversion-1764126342.166 Flannel permissions/info is RESOLVED 
[11/25/25, 20:05:56:570] info: [API-Q] (T095LHX9N) e147fbfc-1764126356.570 slackAi.permissions.getForUser called with reason: fetch-slack-ai-permissions 
[11/25/25, 20:05:56:570] info: [API-Q] (T095LHX9N) e147fbfc-1764126356.570 slackAi.permissions.getForUser is ENQUEUED 
[11/25/25, 20:05:56:570] info: [API-Q] (T095LHX9N) e147fbfc-1764126356.570 slackAi.permissions.getForUser is ACTIVE 
[11/25/25, 20:05:56:571] info: [API-Q] (T095LHX9N) noversion-1764126356.570 Flannel permissions/info called with reason: flannel-call:permissions/info 
[11/25/25, 20:05:56:571] info: [API-Q] (T095LHX9N) noversion-1764126356.570 Flannel permissions/info is ENQUEUED 
[11/25/25, 20:05:56:571] info: [API-Q] (T095LHX9N) noversion-1764126356.570 Flannel permissions/info is ACTIVE 
[11/25/25, 20:05:56:589] info: [SOCKET-MANAGER] (T095LHX9N) Changing from prov_connecting to prov_connected 
[11/25/25, 20:05:56:590] info: [SOCKET-MANAGER] (T095LHX9N) will stay in prov_connected state for up to 60000 ms 
[11/25/25, 20:05:56:594] info: [BOOT-QUEUE] T095LHX9N noversion-1764126356.593 client.shouldReload called with reason: slow_reconnect 
[11/25/25, 20:05:56:594] info: [BOOT-QUEUE] T095LHX9N noversion-1764126356.593 client.shouldReload is ENQUEUED 
[11/25/25, 20:05:56:594] info: [GATEWAY_SERVER_REQUES] (T095LHX9N) connected and trouble free! Continuing deferred user_unsubscribe_request call 
[11/25/25, 20:05:56:594] info: [GATEWAY_SERVER_REQUES] (T095LHX9N) connected and trouble free! Continuing deferred user_subscribe_request call 
[11/25/25, 20:05:56:594] info: [DESKTOP-SIDE-EFFECT] (T095LHX9N) Reacting to  {"type":"[21] Set a value that represents whether we are currently in the boot phase","payload":true,"error":false} 
[11/25/25, 20:05:56:594] info: [BOOT-QUEUE] T095LHX9N noversion-1764126356.593 client.shouldReload is ACTIVE 
[11/25/25, 20:05:56:595] info: [API-Q] (T095LHX9N) e147fbfc-1764126356.594 client.userBoot called with reason: provisionally-connected 
[11/25/25, 20:05:56:595] info: [API-Q] (T095LHX9N) e147fbfc-1764126356.594 client.userBoot is ENQUEUED 
[11/25/25, 20:05:56:595] info: [API-Q] (T095LHX9N) e147fbfc-1764126356.594 client.userBoot is ACTIVE 
[11/25/25, 20:05:56:644] info: [SOCKET-MANAGER] (T026U7G95U6) Changing from prov_connecting to prov_connected 
[11/25/25, 20:05:56:645] info: [SOCKET-MANAGER] (T026U7G95U6) will stay in prov_connected state for up to 60000 ms 
[11/25/25, 20:05:56:648] info: [GATEWAY_SERVER_REQUES] (T026U7G95U6) connected and trouble free! Continuing deferred user_unsubscribe_request call 
[11/25/25, 20:05:56:648] info: [GATEWAY_SERVER_REQUES] (T026U7G95U6) connected and trouble free! Continuing deferred user_subscribe_request call 
[11/25/25, 20:05:56:648] info: [DESKTOP-SIDE-EFFECT] (T026U7G95U6) Reacting to  {"type":"[21] Set a value that represents whether we are currently in the boot phase","payload":true,"error":false} 
[11/25/25, 20:05:56:648] info: [MIN-VERSION] No need to reload 
[11/25/25, 20:05:56:648] info: [API-Q] (T026U7G95U6) e147fbfc-1764126356.648 client.userBoot called with reason: provisionally-connected 
[11/25/25, 20:05:56:648] info: [API-Q] (T026U7G95U6) e147fbfc-1764126356.648 client.userBoot is ENQUEUED 
[11/25/25, 20:05:56:649] info: [API-Q] (T026U7G95U6) e147fbfc-1764126356.648 client.userBoot is ACTIVE 
[11/25/25, 20:05:56:659] info: [GATEWAY_SERVER_REQUES] (T095LHX9N) troubled! Exiting deferred user_unsubscribe_request call 
[11/25/25, 20:05:56:660] error: Uncaught (in promise) Error: Gateway server request failed for method 'user_unsubscribe_request' -- error Error: Not currently subscribed to requested unsubscribe ids. 
[11/25/25, 20:05:56:663] info: [API-Q] (T095LHX9N) noversion-1764126356.663 Flannel users/info called with reason: flannel-call:users/info 
[11/25/25, 20:05:56:663] info: [API-Q] (T095LHX9N) noversion-1764126356.663 Flannel users/info is ENQUEUED 
[11/25/25, 20:05:56:664] info: [API-Q] (T095LHX9N) noversion-1764126356.663 Flannel users/info is ACTIVE 
[11/25/25, 20:05:56:682] info: [API-Q] (T07CXALJLTU) noversion-1764126343.258 Flannel users/info is RESOLVED 
[11/25/25, 20:05:56:724] info: [GATEWAY_SERVER_REQUES] (T026U7G95U6) troubled! Exiting deferred user_unsubscribe_request call 
[11/25/25, 20:05:56:724] error: Uncaught (in promise) Error: Gateway server request failed for method 'user_unsubscribe_request' -- error Error: Not currently subscribed to requested unsubscribe ids. 
[11/25/25, 20:05:56:728] info: [BOOT-QUEUE] T095LHX9N noversion-1764126356.593 client.shouldReload is RESOLVED 
[11/25/25, 20:05:56:729] info: [MIN-VERSION] No need to reload 
[11/25/25, 20:05:56:729] info: [API-Q] (T095LHX9N) e147fbfc-1764126356.570 slackAi.permissions.getForUser is RESOLVED 
[11/25/25, 20:05:56:732] info: [API-Q] (T095LHX9N) noversion-1764126356.663 Flannel users/info is RESOLVED 
[11/25/25, 20:05:56:735] info: [DND_V2] (T095LHX9N) Will check for changes in DND status again in 5 minutes 
[11/25/25, 20:05:56:774] info: [API-Q] (T095LHX9N) noversion-1764126356.570 Flannel permissions/info is RESOLVED 
[11/25/25, 20:05:56:838] info: [API-Q] (T095LHX9N) e147fbfc-1764126356.594 client.userBoot is RESOLVED 
[11/25/25, 20:05:56:842] info: [SOCKET-MANAGER] (T095LHX9N) Changing from prov_connected to prov_finalize 
[11/25/25, 20:05:56:842] info: [SOCKET-MANAGER] (T095LHX9N) will stay in prov_finalize state for up to 10000 ms 
[11/25/25, 20:05:56:843] info: [SOCKET-MANAGER] (T095LHX9N) Changing from prov_finalize to prov_finalizing 
[11/25/25, 20:05:56:843] info: [SOCKET-MANAGER] (T095LHX9N) will stay in prov_finalizing state for up to 10000 ms 
[11/25/25, 20:05:56:843] info: [SOCKET-MANAGER] (T095LHX9N) Changing from prov_finalizing to connected 
[11/25/25, 20:05:56:843] info: [SOCKET-MANAGER] (T095LHX9N) will stay in connected state for up to Infinity ms 
[11/25/25, 20:05:56:843] info: [SOCKET-MANAGER] (T095LHX9N) Connected to backup region 
[11/25/25, 20:05:56:859] info: [EMOJI_TRANSLATION] Emoji translations not needed for default locale, only adding keywords 
[11/25/25, 20:05:56:859] info: [API-Q] (T095LHX9N) e147fbfc-1764126356.859 search.autocomplete.topEmojis called with reason: loadEmoji-maybeReloadEmoji-setModelData 
[11/25/25, 20:05:56:859] info: [API-Q] (T095LHX9N) e147fbfc-1764126356.859 search.autocomplete.topEmojis is ENQUEUED 
[11/25/25, 20:05:56:861] info: [EVENTLOG] (T095LHX9N) fr=false, lc=false, lt=1764118873.000100 
[11/25/25, 20:05:56:861] info: [EVENTLOG] (T095LHX9N) fetching events since 1764118873.000100 (7484 seconds ago) 
[11/25/25, 20:05:56:862] info: [API-Q] (T095LHX9N) e147fbfc-1764126356.861 ublockworkaround.history called with reason: onSocketConnected 
[11/25/25, 20:05:56:862] info: [API-Q] (T095LHX9N) e147fbfc-1764126356.861 ublockworkaround.history is ENQUEUED 
[11/25/25, 20:05:56:862] info: [MESSAGE-HISTORY] (T095LHX9N) Resetting reachedEnd 
[11/25/25, 20:05:56:862] info: [API-Q] (T095LHX9N) e147fbfc-1764126356.862 users.customStatus.list called with reason: fetchCustomStatusOnReconnect 
[11/25/25, 20:05:56:862] info: [API-Q] (T095LHX9N) e147fbfc-1764126356.862 users.customStatus.list is ENQUEUED 
[11/25/25, 20:05:56:862] info: [DND_V2] (T095LHX9N) Marking all DND times as stale for the following members after connecting to the websocket: U04UJR2PHMX,U095LTFRC,U03FCQ34JPK,U08PY1SAM0W,U0AL64VTR,U02BPRZ4FAQ,U06PZDZSXDZ,U06QB0DNF6U,U08L58USZ6V,U08RY079RFD,U090VKSQFFW,U04M57LQ3EV,U08V8DJ5LP8 
[11/25/25, 20:05:56:863] info: [API-Q] (T095LHX9N) e147fbfc-1764126356.863 drafts.list called with reason: fetchDraftsOnReconnect 
[11/25/25, 20:05:56:863] info: [API-Q] (T095LHX9N) e147fbfc-1764126356.863 drafts.list is ENQUEUED 
[11/25/25, 20:05:56:863] info: [API-Q] (T095LHX9N) e147fbfc-1764126356.863 drafts.listActive called with reason: fetchDraftsOnReconnect 
[11/25/25, 20:05:56:863] info: [API-Q] (T095LHX9N) e147fbfc-1764126356.863 drafts.listActive is ENQUEUED 
[11/25/25, 20:05:56:864] info: [API-Q] (T095LHX9N) e147fbfc-1764126356.864 usergroups.membership called with reason: user-group-membership-api/fetchUserGroupMembership 
[11/25/25, 20:05:56:864] info: [API-Q] (T095LHX9N) e147fbfc-1764126356.864 usergroups.membership is ENQUEUED 
[11/25/25, 20:05:56:864] info: [UNREAD-COUNTS] (T095LHX9N) Fetching counts 
[11/25/25, 20:05:56:865] info: [API-Q] (T095LHX9N) e147fbfc-1764126356.864 client.counts called with reason: fetchClientCountsOnConnect 
[11/25/25, 20:05:56:865] info: [API-Q] (T095LHX9N) e147fbfc-1764126356.864 client.counts is ENQUEUED 
[11/25/25, 20:05:56:865] info: [API-Q] (T095LHX9N) e147fbfc-1764126356.865 sfdc.integration.listOrgs called with reason: fetch-orgs-and-sign-in-silently-v2 
[11/25/25, 20:05:56:865] info: [API-Q] (T095LHX9N) e147fbfc-1764126356.865 sfdc.integration.listOrgs is ENQUEUED 
[11/25/25, 20:05:56:866] info: [PRESENCE_PROMPT] (T095LHX9N) ignoring prompt due to presence (active) 
[11/25/25, 20:05:56:866] info: [API-Q] (T095LHX9N) e147fbfc-1764126356.866 users.prefs.get called with reason: fetch-frecency-prefs 
[11/25/25, 20:05:56:866] info: [API-Q] (T095LHX9N) e147fbfc-1764126356.866 users.prefs.get is ENQUEUED 
[11/25/25, 20:05:56:867] info: [API-Q] (T095LHX9N) e147fbfc-1764126356.859 search.autocomplete.topEmojis is ACTIVE 
[11/25/25, 20:05:56:867] info: [API-Q] (T095LHX9N) e147fbfc-1764126356.861 ublockworkaround.history is ACTIVE 
[11/25/25, 20:05:56:867] info: [API-Q] (T095LHX9N) e147fbfc-1764126356.862 users.customStatus.list is ACTIVE 
[11/25/25, 20:05:56:867] info: [API-Q] (T095LHX9N) e147fbfc-1764126356.863 drafts.list is ACTIVE 
[11/25/25, 20:05:56:867] info: [API-Q] (T095LHX9N) e147fbfc-1764126356.863 drafts.listActive is ACTIVE 
[11/25/25, 20:05:56:868] info: [API-Q] (T095LHX9N) e147fbfc-1764126356.864 usergroups.membership is ACTIVE 
[11/25/25, 20:05:56:868] info: [API-Q] (T095LHX9N) e147fbfc-1764126356.864 client.counts is ACTIVE 
[11/25/25, 20:05:56:868] info: [API-Q] (T095LHX9N) e147fbfc-1764126356.865 sfdc.integration.listOrgs is ACTIVE 
[11/25/25, 20:05:56:868] info: [API-Q] (T095LHX9N) e147fbfc-1764126356.866 users.prefs.get is ACTIVE 
[11/25/25, 20:05:56:868] info: [DESKTOP-SIDE-EFFECT] (T095LHX9N) Reacting to  {"type":"[21] Set a value that represents whether we are currently in the boot phase","payload":false,"error":false} 
[11/25/25, 20:05:56:931] info: [MESSAGE-LIST] (T095LHX9N) requestAround channelId: D04U6FHBBD1 isLoading: false timestamps: 0 reachedStart: false reachedEnd: false 
[11/25/25, 20:05:56:932] info: [HISTORY-FETCH] (T095LHX9N) Fetching history for message pane: D04U6FHBBD1 oldest: 1764109910.xxxxx3 latest: 1764109910.xxxxx3 
[11/25/25, 20:05:56:932] info: [API-Q] (T095LHX9N) e147fbfc-1764126356.931 conversations.history called with reason: message-pane/requestHistory 
[11/25/25, 20:05:56:932] info: [API-Q] (T095LHX9N) e147fbfc-1764126356.931 conversations.history is ENQUEUED 
[11/25/25, 20:05:56:932] info: [API-Q] (T095LHX9N) e147fbfc-1764126356.932 conversations.history called with reason: message-pane/requestHistory 
[11/25/25, 20:05:56:932] info: [API-Q] (T095LHX9N) e147fbfc-1764126356.932 conversations.history is ENQUEUED 
[11/25/25, 20:05:56:956] info: [MESSAGE-LIST] (T095LHX9N) requestAround channelId: D04U6FHBBD1 isLoading: false timestamps: 0 reachedStart: false reachedEnd: false 
[11/25/25, 20:05:56:956] info: [CHECK-UNREADS] (T095LHX9N) unreadLineVisible updated in main window container primary: true -> false 
[11/25/25, 20:05:56:964] info: [API-Q] (T095LHX9N) e147fbfc-1764126356.964 promo.campaigns.eligibilityInfo called with reason: no_reason_provided 
[11/25/25, 20:05:56:964] info: [API-Q] (T095LHX9N) e147fbfc-1764126356.964 promo.campaigns.eligibilityInfo is ENQUEUED 
[11/25/25, 20:05:56:966] info: [MESSAGE-LIST] (T095LHX9N) requestAround channelId: D04U6FHBBD1 isLoading: false timestamps: 0 reachedStart: false reachedEnd: false 
[11/25/25, 20:05:56:966] info: [MESSAGE-LIST] (T095LHX9N) requestAround channelId: D04U6FHBBD1 isLoading: false timestamps: 0 reachedStart: false reachedEnd: false 
[11/25/25, 20:05:56:966] info: [MESSAGE-LIST] (T095LHX9N) requestAround channelId: D04U6FHBBD1 isLoading: false timestamps: 0 reachedStart: false reachedEnd: false 
[11/25/25, 20:05:56:966] info: [MESSAGE-LIST] (T095LHX9N) requestAround channelId: D04U6FHBBD1 isLoading: false timestamps: 0 reachedStart: false reachedEnd: false 
[11/25/25, 20:05:56:966] info: [MESSAGE-LIST] (T095LHX9N) requestAround channelId: D04U6FHBBD1 isLoading: false timestamps: 0 reachedStart: false reachedEnd: false 
[11/25/25, 20:05:56:966] info: [MESSAGE-LIST] (T095LHX9N) requestAround channelId: D04U6FHBBD1 isLoading: false timestamps: 0 reachedStart: false reachedEnd: false 
[11/25/25, 20:05:56:969] info: [MESSAGE-LIST] (T095LHX9N) requestAround channelId: D04U6FHBBD1 isLoading: false timestamps: 0 reachedStart: false reachedEnd: false 
[11/25/25, 20:05:56:970] info: [API-Q] (T095LHX9N) e147fbfc-1764126356.931 conversations.history is ACTIVE 
[11/25/25, 20:05:56:974] info: Store: STORE_USER_WORKSPACES {
  "userTeamId": "T095LHX9N",
  "workspaceIds": [
    "T095LHX9N"
  ]
} 
[11/25/25, 20:05:56:974] info: [DND_V2] (T095LHX9N) fetchAndUpsertDndForUsers - Preparing to fetch DND times for the following members: U095LTFRC,U04UJR2PHMX,U08PY1SAM0W,U0AL64VTR,U02BPRZ4FAQ,U06PZDZSXDZ,U090VKSQFFW,U06QB0DNF6U,U08L58USZ6V,U03FCQ34JPK,U04M57LQ3EV 
[11/25/25, 20:05:56:974] info: [API-Q] (T095LHX9N) e147fbfc-1764126356.974 dnd.info called with reason: fetchAndUpsertDndForUsers-getDndTimesFor:self 
[11/25/25, 20:05:56:974] info: [API-Q] (T095LHX9N) e147fbfc-1764126356.974 dnd.info is ENQUEUED 
[11/25/25, 20:05:56:975] info: [API-Q] (T095LHX9N) e147fbfc-1764126356.974 dnd.teamInfo called with reason: fetchAndUpsertDndForUsers-getDndTimesFor:others 
[11/25/25, 20:05:56:975] info: [API-Q] (T095LHX9N) e147fbfc-1764126356.974 dnd.teamInfo is ENQUEUED 
[11/25/25, 20:05:56:975] info: [API-Q] (T095LHX9N) e147fbfc-1764126356.975 conversations.listPrefs called with reason: client_redux_store 
[11/25/25, 20:05:56:975] info: [API-Q] (T095LHX9N) e147fbfc-1764126356.975 conversations.listPrefs is ENQUEUED 
[11/25/25, 20:05:56:976] info: [API-Q] (T026U7G95U6) e147fbfc-1764126356.648 client.userBoot is RESOLVED 
[11/25/25, 20:05:56:981] info: [API-Q] (T095LHX9N) e147fbfc-1764126356.981 slackAi.permissions.getForUser called with reason: fetch-slack-ai-permissions 
[11/25/25, 20:05:56:981] info: [API-Q] (T095LHX9N) e147fbfc-1764126356.981 slackAi.permissions.getForUser is ENQUEUED 
[11/25/25, 20:05:56:981] info: [API-Q] (T095LHX9N) noversion-1764126356.981 Flannel permissions/info called with reason: flannel-call:permissions/info 
[11/25/25, 20:05:56:982] info: [API-Q] (T095LHX9N) noversion-1764126356.981 Flannel permissions/info is ENQUEUED 
[11/25/25, 20:05:56:982] info: [API-Q] (T095LHX9N) e147fbfc-1764126356.981 team.targetingCriteria called with reason: team_targeting_criteria 
[11/25/25, 20:05:56:982] info: [API-Q] (T095LHX9N) e147fbfc-1764126356.981 team.targetingCriteria is ENQUEUED 
[11/25/25, 20:05:56:982] info: [API-Q] (T095LHX9N) e147fbfc-1764126356.982 saved.list called with reason: saved-api/savedList 
[11/25/25, 20:05:56:982] info: [API-Q] (T095LHX9N) e147fbfc-1764126356.982 saved.list is ENQUEUED 
[11/25/25, 20:05:56:982] info: [API-Q] (T095LHX9N) e147fbfc-1764126356.982 files.info called with reason: files-store.ConditionalFetchManager.fetch 
[11/25/25, 20:05:56:982] info: [API-Q] (T095LHX9N) e147fbfc-1764126356.982 files.info is ENQUEUED 
[11/25/25, 20:05:56:983] info: [API-Q] (T095LHX9N) e147fbfc-1764126356.982 files.info called with reason: files-store.ConditionalFetchManager.fetch 
[11/25/25, 20:05:56:983] info: [API-Q] (T095LHX9N) e147fbfc-1764126356.982 files.info is ENQUEUED 
[11/25/25, 20:05:56:983] info: [API-Q] (T095LHX9N) e147fbfc-1764126356.983 help.issues.ticketStats called with reason: fetchAndUpsertTicketStats 
[11/25/25, 20:05:56:983] info: [API-Q] (T095LHX9N) e147fbfc-1764126356.983 help.issues.ticketStats is ENQUEUED 
[11/25/25, 20:05:56:983] info: [API-Q] (T095LHX9N) e147fbfc-1764126356.983 users.channelSections.list called with reason: conditional-fetch-manager 
[11/25/25, 20:05:56:983] info: [API-Q] (T095LHX9N) e147fbfc-1764126356.983 users.channelSections.list is ENQUEUED 
[11/25/25, 20:05:56:983] info: [API-Q] (T095LHX9N) noversion-1764126356.983 Flannel permissions/info called with reason: flannel-call:permissions/info 
[11/25/25, 20:05:56:983] info: [API-Q] (T095LHX9N) noversion-1764126356.983 Flannel permissions/info is ENQUEUED 
[11/25/25, 20:05:56:984] info: [API-Q] (T095LHX9N) noversion-1764126356.983 Flannel channels/info called with reason: flannel-call:channels/info 
[11/25/25, 20:05:56:984] info: [API-Q] (T095LHX9N) noversion-1764126356.983 Flannel channels/info is ENQUEUED 
[11/25/25, 20:05:56:985] info: [API-Q] (T095LHX9N) e147fbfc-1764126356.985 quip.lookupThreadIds called with reason: fetch-quip-ids 
[11/25/25, 20:05:56:985] info: [API-Q] (T095LHX9N) e147fbfc-1764126356.985 quip.lookupThreadIds is ENQUEUED 
[11/25/25, 20:05:56:987] info: [API-Q] (T095LHX9N) e147fbfc-1764126356.859 search.autocomplete.topEmojis is RESOLVED 
[11/25/25, 20:05:56:987] info: [API-Q] (T095LHX9N) noversion-1764126356.983 Flannel channels/info is ACTIVE 
[11/25/25, 20:05:56:988] info: [API-Q] (T095LHX9N) e147fbfc-1764126356.862 users.customStatus.list is RESOLVED 
[11/25/25, 20:05:56:988] info: [API-Q] (T095LHX9N) noversion-1764126356.983 Flannel permissions/info is ACTIVE 
[11/25/25, 20:05:56:989] info: [API-Q] (T095LHX9N) e147fbfc-1764126356.863 drafts.listActive is RESOLVED 
[11/25/25, 20:05:56:989] info: [API-Q] (T095LHX9N) noversion-1764126356.981 Flannel permissions/info is ACTIVE 
[11/25/25, 20:05:56:989] info: [API-Q] (T095LHX9N) e147fbfc-1764126356.864 usergroups.membership is RESOLVED 
[11/25/25, 20:05:56:989] info: [API-Q] (T095LHX9N) e147fbfc-1764126356.932 conversations.history is ACTIVE 
[11/25/25, 20:05:57:010] info: [MESSAGE-LIST] (T095LHX9N) componentWillReceiveProps isLoading: true isLoadingOlder: true timestamps: 0 
[11/25/25, 20:05:57:023] info: [API-Q] (T095LHX9N) e147fbfc-1764126356.861 ublockworkaround.history is RESOLVED 
[11/25/25, 20:05:57:023] info: [API-Q] (T095LHX9N) e147fbfc-1764126356.964 promo.campaigns.eligibilityInfo is ACTIVE 
[11/25/25, 20:05:57:025] info: [SOCKET-MANAGER] (T026U7G95U6) Changing from prov_connected to prov_finalize 
[11/25/25, 20:05:57:025] info: [SOCKET-MANAGER] (T026U7G95U6) will stay in prov_finalize state for up to 10000 ms 
[11/25/25, 20:05:57:025] info: [SOCKET-MANAGER] (T026U7G95U6) Changing from prov_finalize to prov_finalizing 
[11/25/25, 20:05:57:025] info: [SOCKET-MANAGER] (T026U7G95U6) will stay in prov_finalizing state for up to 10000 ms 
[11/25/25, 20:05:57:025] info: [SOCKET-MANAGER] (T026U7G95U6) Changing from prov_finalizing to connected 
[11/25/25, 20:05:57:025] info: [SOCKET-MANAGER] (T026U7G95U6) will stay in connected state for up to Infinity ms 
[11/25/25, 20:05:57:026] info: [SOCKET-MANAGER] (T026U7G95U6) Connected to primary region 
[11/25/25, 20:05:57:044] info: [EMOJI_TRANSLATION] Emoji translations not needed for default locale, only adding keywords 
[11/25/25, 20:05:57:044] info: [API-Q] (T026U7G95U6) e147fbfc-1764126357.044 search.autocomplete.topEmojis called with reason: loadEmoji-maybeReloadEmoji-setModelData 
[11/25/25, 20:05:57:044] info: [API-Q] (T026U7G95U6) e147fbfc-1764126357.044 search.autocomplete.topEmojis is ENQUEUED 
[11/25/25, 20:05:57:045] info: [API-Q] (T026U7G95U6) e147fbfc-1764126357.045 links.getDomains called with reason: siws-get-domains 
[11/25/25, 20:05:57:045] info: [API-Q] (T026U7G95U6) e147fbfc-1764126357.045 links.getDomains is ENQUEUED 
[11/25/25, 20:05:57:046] info: [EVENTLOG] (T026U7G95U6) fr=false, lc=false, lt=1764107931.907000 
[11/25/25, 20:05:57:046] info: [EVENTLOG] (T026U7G95U6) fetching events since 1764107931.907000 (18426 seconds ago) 
[11/25/25, 20:05:57:046] info: [API-Q] (T026U7G95U6) e147fbfc-1764126357.046 ublockworkaround.history called with reason: onSocketConnected 
[11/25/25, 20:05:57:046] info: [API-Q] (T026U7G95U6) e147fbfc-1764126357.046 ublockworkaround.history is ENQUEUED 
[11/25/25, 20:05:57:046] info: [MESSAGE-HISTORY] (T026U7G95U6) Resetting reachedEnd 
[11/25/25, 20:05:57:047] info: [API-Q] (T026U7G95U6) e147fbfc-1764126357.046 users.customStatus.list called with reason: fetchCustomStatusOnReconnect 
[11/25/25, 20:05:57:047] info: [API-Q] (T026U7G95U6) e147fbfc-1764126357.046 users.customStatus.list is ENQUEUED 
[11/25/25, 20:05:57:047] info: [API-Q] (T026U7G95U6) e147fbfc-1764126357.047 drafts.list called with reason: fetchDraftsOnReconnect 
[11/25/25, 20:05:57:047] info: [API-Q] (T026U7G95U6) e147fbfc-1764126357.047 drafts.list is ENQUEUED 
[11/25/25, 20:05:57:047] info: [DRAFTS] (T026U7G95U6) No local drafts - skipping fetch to purge inactive drafts 
[11/25/25, 20:05:57:048] info: [API-Q] (T026U7G95U6) e147fbfc-1764126357.047 usergroups.membership called with reason: user-group-membership-api/fetchUserGroupMembership 
[11/25/25, 20:05:57:048] info: [API-Q] (T026U7G95U6) e147fbfc-1764126357.047 usergroups.membership is ENQUEUED 
[11/25/25, 20:05:57:048] info: [UNREAD-COUNTS] (T026U7G95U6) Fetching counts 
[11/25/25, 20:05:57:048] info: [API-Q] (T026U7G95U6) e147fbfc-1764126357.048 client.counts called with reason: fetchClientCountsOnConnect 
[11/25/25, 20:05:57:048] info: [API-Q] (T026U7G95U6) e147fbfc-1764126357.048 client.counts is ENQUEUED 
[11/25/25, 20:05:57:049] info: [API-Q] (T026U7G95U6) e147fbfc-1764126357.049 sfdc.integration.listOrgs called with reason: fetch-orgs-and-sign-in-silently-v2 
[11/25/25, 20:05:57:049] info: [API-Q] (T026U7G95U6) e147fbfc-1764126357.049 sfdc.integration.listOrgs is ENQUEUED 
[11/25/25, 20:05:57:050] info: [PRESENCE_PROMPT] (T026U7G95U6) ignoring prompt due to presence (active) 
[11/25/25, 20:05:57:050] info: [API-Q] (T026U7G95U6) e147fbfc-1764126357.050 users.prefs.get called with reason: fetch-frecency-prefs 
[11/25/25, 20:05:57:050] info: [API-Q] (T026U7G95U6) e147fbfc-1764126357.050 users.prefs.get is ENQUEUED 
[11/25/25, 20:05:57:050] info: [API-Q] (T026U7G95U6) e147fbfc-1764126357.044 search.autocomplete.topEmojis is ACTIVE 
[11/25/25, 20:05:57:050] info: [DESKTOP-SIDE-EFFECT] (T026U7G95U6) Reacting to  {"type":"[21] Set a value that represents whether we are currently in the boot phase","payload":false,"error":false} 
[11/25/25, 20:05:57:051] info: [API-Q] (T095LHX9N) e147fbfc-1764126356.866 users.prefs.get is RESOLVED 
[11/25/25, 20:05:57:051] info: [API-Q] (T095LHX9N) e147fbfc-1764126356.974 dnd.info is ACTIVE 
[11/25/25, 20:05:57:052] info: [API-Q] (T095LHX9N) e147fbfc-1764126356.865 sfdc.integration.listOrgs is RESOLVED 
[11/25/25, 20:05:57:052] info: [API-Q] (T095LHX9N) e147fbfc-1764126356.974 dnd.teamInfo is ACTIVE 
[11/25/25, 20:05:57:052] info: [API-Q] (T095LHX9N) e147fbfc-1764126356.864 client.counts is RESOLVED 
[11/25/25, 20:05:57:052] info: [API-Q] (T095LHX9N) e147fbfc-1764126356.975 conversations.listPrefs is ACTIVE 
[11/25/25, 20:05:57:053] info: [API-Q] (T095LHX9N) noversion-1764126357.053 Flannel emojis/info called with reason: flannel-call:emojis/info 
[11/25/25, 20:05:57:053] info: [API-Q] (T095LHX9N) noversion-1764126357.053 Flannel emojis/info is ENQUEUED 
[11/25/25, 20:05:57:053] info: [DRAFTS] (T095LHX9N) Fetched 7 active draft ids - page 1 
[11/25/25, 20:05:57:053] info: [DRAFTS] (T095LHX9N) Purged 0 inactive drafts 
[11/25/25, 20:05:57:054] info: [USER_GROUP_MEMBERSHIP] (T095LHX9N) Completed usergroups.membership processing 
[11/25/25, 20:05:57:055] info: [API-Q] (T095LHX9N) e147fbfc-1764126356.863 drafts.list is RESOLVED 
[11/25/25, 20:05:57:055] info: [API-Q] (T095LHX9N) noversion-1764126357.053 Flannel emojis/info is ACTIVE 
[11/25/25, 20:05:57:057] info: [SOCKET-MANAGER] (T07CXALJLTU) Changing from wait_for_rate_limit to connect 
[11/25/25, 20:05:57:057] info: [SOCKET-MANAGER] (T07CXALJLTU) will stay in connect state for up to 10000 ms 
[11/25/25, 20:05:57:058] info: [SOCKET-MANAGER] (T07CXALJLTU) Changing from connect to checking_fast_reconnect 
[11/25/25, 20:05:57:058] info: [SOCKET-MANAGER] (T07CXALJLTU) will stay in checking_fast_reconnect state for up to 60000 ms 
[11/25/25, 20:05:57:058] info: [SOCKET-MANAGER] (T07CXALJLTU) Attempting to connect to primary region 
[11/25/25, 20:05:57:058] info: [SOCKET-MANAGER] (T07CXALJLTU) Changing from checking_fast_reconnect to prov_connect 
[11/25/25, 20:05:57:058] info: [SOCKET-MANAGER] (T07CXALJLTU) will stay in prov_connect state for up to 10000 ms 
[11/25/25, 20:05:57:058] info: [SOCKET-MANAGER] (T07CXALJLTU) Connecting with token ending: 09ff 
[11/25/25, 20:05:57:059] info: [SOCKET-MANAGER] (T07CXALJLTU) Changing from prov_connect to prov_connecting 
[11/25/25, 20:05:57:059] info: [SOCKET-MANAGER] (T07CXALJLTU) will stay in prov_connecting state for up to 35000 ms 
[11/25/25, 20:05:57:062] info: [EVENTLOG] (T095LHX9N) nothing to process 
[11/25/25, 20:05:57:062] info: [EVENTLOG] (T095LHX9N) fetched finish (aborted? false) 
[11/25/25, 20:05:57:062] info: [EVENTLOG] (T095LHX9N) dispatching signal and clearing timestamp 
[11/25/25, 20:05:57:062] info: [API-Q] (T095LHX9N) e147fbfc-1764126357.062 team.info called with reason: conditional-fetching 
[11/25/25, 20:05:57:062] info: [API-Q] (T095LHX9N) e147fbfc-1764126357.062 team.info is ENQUEUED 
[11/25/25, 20:05:57:062] info: [API-Q] (T026U7G95U6) noversion-1764126357.062 Flannel users/info called with reason: flannel-call:users/info 
[11/25/25, 20:05:57:062] info: [API-Q] (T026U7G95U6) noversion-1764126357.062 Flannel users/info is ENQUEUED 
[11/25/25, 20:05:57:063] info: [API-Q] (T026U7G95U6) e147fbfc-1764126357.062 slackAi.permissions.getForUser called with reason: fetch-slack-ai-permissions 
[11/25/25, 20:05:57:063] info: [API-Q] (T026U7G95U6) e147fbfc-1764126357.062 slackAi.permissions.getForUser is ENQUEUED 
[11/25/25, 20:05:57:063] info: Store: STORE_USER_WORKSPACES {
  "userTeamId": "T026U7G95U6",
  "workspaceIds": [
    "T026U7G95U6"
  ]
} 
[11/25/25, 20:05:57:066] info: [COUNTS] (T095LHX9N) Applying counts to channels. wasLastConnectFast: false isConnected: true applying: 19 out of total: 19 
[11/25/25, 20:05:57:067] info: [COUNTS] (T095LHX9N) Threads has_unreads:false mention_count:0 
[11/25/25, 20:05:57:068] info: [COUNTS] (T095LHX9N) Completed counts processing 
[11/25/25, 20:05:57:069] info: [DRAFTS] (T095LHX9N) Fetched 7 active drafts - page 1 
[11/25/25, 20:05:57:069] info: [DRAFTS] (T095LHX9N) The blocks do not contain any mentions 
[11/25/25, 20:05:57:070] info: [DRAFTS] (T095LHX9N) Reconciliation handled - server ts <= local model ts (D098CC27XGV) 
[11/25/25, 20:05:57:070] info: [DRAFTS] (T095LHX9N) Reconciliation handled - server ts <= local model ts (e49cf26c-161c-4513-a616-73e67cc0373f) 
[11/25/25, 20:05:57:070] info: [DRAFTS] (T095LHX9N) Reconciliation handled - server ts <= local model ts (C095M2SMP-1733252733.509889) 
[11/25/25, 20:05:57:070] info: [DRAFTS] (T095LHX9N) Reconciliation handled - server ts <= local model ts (bd8852dd-298c-4a79-97ef-2313acbbe64c) 
[11/25/25, 20:05:57:070] info: [DRAFTS] (T095LHX9N) Reconciliation handled - server ts <= local model ts (D05D58FK9MJ-1693432966.276699) 
[11/25/25, 20:05:57:070] info: [DRAFTS] (T095LHX9N) Reconciliation handled - server ts <= local model ts (C04U87M0X55-1685048615.285539) 
[11/25/25, 20:05:57:070] info: [DRAFTS] (T095LHX9N) Reconciled fetched drafts:
Drafts added: 1 || Dr09V3GEJXK5
Drafts updated: 0
Drafts removed: 0
Drafts ignored: 0 
[11/25/25, 20:05:57:070] info: [DRAFTS] (T095LHX9N) Upserting 1 files associated with the fetched drafts 
[11/25/25, 20:05:57:070] info: [DRAFTS] (T095LHX9N) Successfully fetched all active and inactive drafts ✨ 
[11/25/25, 20:05:57:071] info: [DRAFTS] (T095LHX9N) Reconciled new draft - D04U6FHBBD1 
[11/25/25, 20:05:57:135] info: [API-Q] (T095LHX9N) e147fbfc-1764126356.931 conversations.history is RESOLVED 
[11/25/25, 20:05:57:136] info: [API-Q] (T095LHX9N) e147fbfc-1764126357.062 team.info is ACTIVE 
[11/25/25, 20:05:57:136] info: [UFM-MESSAGES] (T095LHX9N) requesting D04UM60PJB1-1764121060.058789 (1) 
[11/25/25, 20:05:57:137] info: [API-Q] (T095LHX9N) e147fbfc-1764126357.137 messages.list called with reason: messages-ufm 
[11/25/25, 20:05:57:137] info: [API-Q] (T095LHX9N) e147fbfc-1764126357.137 messages.list is ENQUEUED 
[11/25/25, 20:05:57:138] info: [API-Q] (T095LHX9N) noversion-1764126356.983 Flannel permissions/info is RESOLVED 
[11/25/25, 20:05:57:138] info: [API-Q] (T095LHX9N) e147fbfc-1764126356.981 slackAi.permissions.getForUser is ACTIVE 
[11/25/25, 20:05:57:138] info: [API-Q] (T095LHX9N) noversion-1764126356.981 Flannel permissions/info is RESOLVED 
[11/25/25, 20:05:57:139] info: [API-Q] (T095LHX9N) e147fbfc-1764126356.981 team.targetingCriteria is ACTIVE 
[11/25/25, 20:05:57:139] info: [API-Q] (T095LHX9N) e147fbfc-1764126356.932 conversations.history is RESOLVED 
[11/25/25, 20:05:57:140] info: [API-Q] (T095LHX9N) e147fbfc-1764126356.982 saved.list is ACTIVE 
[11/25/25, 20:05:57:140] info: [API-Q] (T095LHX9N) e147fbfc-1764126356.964 promo.campaigns.eligibilityInfo is RESOLVED 
[11/25/25, 20:05:57:140] info: [API-Q] (T095LHX9N) e147fbfc-1764126356.982 files.info is ACTIVE 
[11/25/25, 20:05:57:161] info: [RTM-QUEUE] Setting a timeout of 65 ms to process more rtm events 
[11/25/25, 20:05:57:162] info: [PLATFORM-CHANNEL-ACTI] (T095LHX9N) Not updating count for channel D04U6FHBBD1, as count was already set to 0 
[11/25/25, 20:05:57:164] info: [API-Q] (T095LHX9N) e147fbfc-1764126356.975 conversations.listPrefs is RESOLVED 
[11/25/25, 20:05:57:164] info: [API-Q] (T095LHX9N) e147fbfc-1764126356.982 files.info is ACTIVE 
[11/25/25, 20:05:57:165] info: [PLATFORM-CHANNEL-ACTI] (T095LHX9N) Not updating count for channel D04U6FHBBD1, as count was already set to 0 
[11/25/25, 20:05:57:179] info: [API-Q] (T095LHX9N) e147fbfc-1764126356.974 dnd.info is RESOLVED 
[11/25/25, 20:05:57:179] info: [API-Q] (T095LHX9N) e147fbfc-1764126356.983 help.issues.ticketStats is ACTIVE 
[11/25/25, 20:05:57:179] info: [API-Q] (T026U7G95U6) e147fbfc-1764126357.044 search.autocomplete.topEmojis is RESOLVED 
[11/25/25, 20:05:57:179] info: [API-Q] (T026U7G95U6) noversion-1764126357.062 Flannel users/info is ACTIVE 
[11/25/25, 20:05:57:180] info: [API-Q] (T095LHX9N) noversion-1764126357.053 Flannel emojis/info is RESOLVED 
[11/25/25, 20:05:57:180] info: [API-Q] (T095LHX9N) e147fbfc-1764126356.983 users.channelSections.list is ACTIVE 
[11/25/25, 20:05:57:181] info: [API-Q] (T095LHX9N) e147fbfc-1764126356.974 dnd.teamInfo is RESOLVED 
[11/25/25, 20:05:57:181] info: [API-Q] (T095LHX9N) e147fbfc-1764126356.985 quip.lookupThreadIds is ACTIVE 
[11/25/25, 20:05:57:186] info: [MESSAGE-LIST] (T095LHX9N) componentWillReceiveProps isLoading: false isLoadingOlder: false timestamps: 53 
[11/25/25, 20:05:57:223] info: [CHECK-UNREADS] (T095LHX9N) unreadLineVisible updated in main window container primary: false -> true 
[11/25/25, 20:05:57:233] info: [DND] (T095LHX9N) Fetched DND info for the following member: U04UJR2PHMX 
[11/25/25, 20:05:57:234] info: [DND_V2] (T095LHX9N) Not setting a timer as all schedules are stale 
[11/25/25, 20:05:57:234] info: [DND] (T095LHX9N) Fetched DND info for the following members: U095LTFRC,U08PY1SAM0W,U0AL64VTR,U02BPRZ4FAQ,U06PZDZSXDZ,U090VKSQFFW,U06QB0DNF6U,U08L58USZ6V,U03FCQ34JPK,U04M57LQ3EV 
[11/25/25, 20:05:57:235] info: [DND_V2] (T095LHX9N) Not setting a timer as all schedules are stale 
[11/25/25, 20:05:57:238] info: [API-Q] (T095LHX9N) e147fbfc-1764126357.062 team.info is RESOLVED 
[11/25/25, 20:05:57:239] info: [API-Q] (T095LHX9N) e147fbfc-1764126357.137 messages.list is ACTIVE 
[11/25/25, 20:05:57:239] info: [API-Q] (T095LHX9N) e147fbfc-1764126356.981 slackAi.permissions.getForUser is RESOLVED 
[11/25/25, 20:05:57:277] info: [RTM-QUEUE] Waited 65 ms, processing more rtm events now 
[11/25/25, 20:05:57:278] info: [API-Q] (T095LHX9N) e147fbfc-1764126356.981 team.targetingCriteria is RESOLVED 
[11/25/25, 20:05:57:279] info: [API-Q] (T095LHX9N) noversion-1764126357.278 Flannel users/counts called with reason: flannel-call:users/counts 
[11/25/25, 20:05:57:279] info: [API-Q] (T095LHX9N) noversion-1764126357.278 Flannel users/counts is ENQUEUED 
[11/25/25, 20:05:57:279] info: [API-Q] (T095LHX9N) noversion-1764126357.278 Flannel users/counts is ACTIVE 
[11/25/25, 20:05:57:287] info: [API-Q] (T095LHX9N) e147fbfc-1764126356.982 saved.list is RESOLVED 
[11/25/25, 20:05:57:288] info: [API-Q] (T095LHX9N) e147fbfc-1764126356.982 files.info is RESOLVED 
[11/25/25, 20:05:57:288] info: [API-Q] (T026U7G95U6) noversion-1764126357.062 Flannel users/info is RESOLVED 
[11/25/25, 20:05:57:288] info: [API-Q] (T026U7G95U6) e147fbfc-1764126357.050 users.prefs.get is ACTIVE 
[11/25/25, 20:05:57:289] info: [API-Q] (T095LHX9N) e147fbfc-1764126356.983 help.issues.ticketStats is RESOLVED 
[11/25/25, 20:05:57:289] info: [API-Q] (T095LHX9N) noversion-1764126356.983 Flannel channels/info is RESOLVED 
[11/25/25, 20:05:57:290] info: [API-Q] (T095LHX9N) e147fbfc-1764126356.983 users.channelSections.list is RESOLVED 
[11/25/25, 20:05:57:306] info: [API-Q] (T095LHX9N) e147fbfc-1764126357.306 conversations.genericInfo called with reason: fallback:fetchAndUpsertChannelsById 
[11/25/25, 20:05:57:307] info: [API-Q] (T095LHX9N) e147fbfc-1764126357.306 conversations.genericInfo is ENQUEUED 
[11/25/25, 20:05:57:307] info: [API-Q] (T095LHX9N) e147fbfc-1764126357.306 conversations.genericInfo is ACTIVE 
[11/25/25, 20:05:57:308] info: [API-Q] (T095LHX9N) e147fbfc-1764126356.985 quip.lookupThreadIds is RESOLVED 
[11/25/25, 20:05:57:328] info: [API-Q] (T095LHX9N) e147fbfc-1764126356.982 files.info is RESOLVED 
[11/25/25, 20:05:57:341] info: [API-Q] (T095LHX9N) e147fbfc-1764126357.137 messages.list is RESOLVED 
[11/25/25, 20:05:57:342] info: [UFM-MESSAGES] (T095LHX9N) received D04UM60PJB1-1764121060.058789 (1) 
[11/25/25, 20:05:57:350] info: [SOCKET-MANAGER] (T07CXALJLTU) Changing from prov_connecting to prov_connected 
[11/25/25, 20:05:57:350] info: [SOCKET-MANAGER] (T07CXALJLTU) will stay in prov_connected state for up to 60000 ms 
[11/25/25, 20:05:57:352] info: [GATEWAY_SERVER_REQUES] (T07CXALJLTU) connected and trouble free! Continuing deferred user_unsubscribe_request call 
[11/25/25, 20:05:57:352] info: [GATEWAY_SERVER_REQUES] (T07CXALJLTU) connected and trouble free! Continuing deferred user_subscribe_request call 
[11/25/25, 20:05:57:352] info: [DESKTOP-SIDE-EFFECT] (T07CXALJLTU) Reacting to  {"type":"[21] Set a value that represents whether we are currently in the boot phase","payload":true,"error":false} 
[11/25/25, 20:05:57:352] info: [MIN-VERSION] No need to reload 
[11/25/25, 20:05:57:353] info: [API-Q] (T07CXALJLTU) e147fbfc-1764126357.352 client.userBoot called with reason: provisionally-connected 
[11/25/25, 20:05:57:353] info: [API-Q] (T07CXALJLTU) e147fbfc-1764126357.352 client.userBoot is ENQUEUED 
[11/25/25, 20:05:57:353] info: [API-Q] (T07CXALJLTU) e147fbfc-1764126357.352 client.userBoot is ACTIVE 
[11/25/25, 20:05:57:356] info: [API-Q] (T095LHX9N) noversion-1764126357.356 Flannel permissions/info called with reason: flannel-call:permissions/info 
[11/25/25, 20:05:57:356] info: [API-Q] (T095LHX9N) noversion-1764126357.356 Flannel permissions/info is ENQUEUED 
[11/25/25, 20:05:57:356] info: [API-Q] (T095LHX9N) noversion-1764126357.356 Flannel permissions/info is ACTIVE 
[11/25/25, 20:05:57:363] info: [API-Q] (T095LHX9N) noversion-1764126357.278 Flannel users/counts is RESOLVED 
[11/25/25, 20:05:57:386] info: [API-Q] (T026U7G95U6) e147fbfc-1764126357.050 users.prefs.get is RESOLVED 
[11/25/25, 20:05:57:386] info: [API-Q] (T026U7G95U6) e147fbfc-1764126357.046 ublockworkaround.history is ACTIVE 
[11/25/25, 20:05:57:402] info: [API-Q] (T095LHX9N) e147fbfc-1764126357.306 conversations.genericInfo is RESOLVED 
[11/25/25, 20:05:57:430] info: [GATEWAY_SERVER_REQUES] (T07CXALJLTU) troubled! Exiting deferred user_unsubscribe_request call 
[11/25/25, 20:05:57:431] error: Uncaught (in promise) Error: Gateway server request failed for method 'user_unsubscribe_request' -- error Error: Not currently subscribed to requested unsubscribe ids. 
[11/25/25, 20:05:57:433] info: [API-Q] (T095LHX9N) noversion-1764126357.356 Flannel permissions/info is RESOLVED 
[11/25/25, 20:05:57:486] info: [API-Q] (T026U7G95U6) e147fbfc-1764126357.046 ublockworkaround.history is RESOLVED 
[11/25/25, 20:05:57:486] info: [API-Q] (T026U7G95U6) e147fbfc-1764126357.045 links.getDomains is ACTIVE 
[11/25/25, 20:05:57:487] info: [EVENTLOG] (T026U7G95U6) nothing to process 
[11/25/25, 20:05:57:487] info: [EVENTLOG] (T026U7G95U6) fetched finish (aborted? false) 
[11/25/25, 20:05:57:487] info: [EVENTLOG] (T026U7G95U6) dispatching signal and clearing timestamp 
[11/25/25, 20:05:57:576] info: [API-Q] (T026U7G95U6) e147fbfc-1764126357.045 links.getDomains is RESOLVED 
[11/25/25, 20:05:57:577] info: [API-Q] (T026U7G95U6) e147fbfc-1764126357.046 users.customStatus.list is ACTIVE 
[11/25/25, 20:05:57:588] info: [API-Q] (T07CXALJLTU) e147fbfc-1764126357.352 client.userBoot is RESOLVED 
[11/25/25, 20:05:57:592] info: [SOCKET-MANAGER] (T07CXALJLTU) Changing from prov_connected to prov_finalize 
[11/25/25, 20:05:57:592] info: [SOCKET-MANAGER] (T07CXALJLTU) will stay in prov_finalize state for up to 10000 ms 
[11/25/25, 20:05:57:592] info: [SOCKET-MANAGER] (T07CXALJLTU) Changing from prov_finalize to prov_finalizing 
[11/25/25, 20:05:57:592] info: [SOCKET-MANAGER] (T07CXALJLTU) will stay in prov_finalizing state for up to 10000 ms 
[11/25/25, 20:05:57:592] info: [SOCKET-MANAGER] (T07CXALJLTU) Changing from prov_finalizing to connected 
[11/25/25, 20:05:57:592] info: [SOCKET-MANAGER] (T07CXALJLTU) will stay in connected state for up to Infinity ms 
[11/25/25, 20:05:57:592] info: [SOCKET-MANAGER] (T07CXALJLTU) Connected to primary region 
[11/25/25, 20:05:57:602] info: [EMOJI_TRANSLATION] Emoji translations not needed for default locale, only adding keywords 
[11/25/25, 20:05:57:602] info: [API-Q] (T07CXALJLTU) e147fbfc-1764126357.602 search.autocomplete.topEmojis called with reason: loadEmoji-maybeReloadEmoji-setModelData 
[11/25/25, 20:05:57:602] info: [API-Q] (T07CXALJLTU) e147fbfc-1764126357.602 search.autocomplete.topEmojis is ENQUEUED 
[11/25/25, 20:05:57:603] info: [EVENTLOG] (T07CXALJLTU) fr=false, lc=false, lt=1764107928.392000 
[11/25/25, 20:05:57:603] info: [EVENTLOG] (T07CXALJLTU) fetching events since 1764107928.392000 (18430 seconds ago) 
[11/25/25, 20:05:57:603] info: [API-Q] (T07CXALJLTU) e147fbfc-1764126357.603 ublockworkaround.history called with reason: onSocketConnected 
[11/25/25, 20:05:57:603] info: [API-Q] (T07CXALJLTU) e147fbfc-1764126357.603 ublockworkaround.history is ENQUEUED 
[11/25/25, 20:05:57:603] info: [MESSAGE-HISTORY] (T07CXALJLTU) Resetting reachedEnd 
[11/25/25, 20:05:57:604] info: [API-Q] (T07CXALJLTU) e147fbfc-1764126357.604 users.customStatus.list called with reason: fetchCustomStatusOnReconnect 
[11/25/25, 20:05:57:604] info: [API-Q] (T07CXALJLTU) e147fbfc-1764126357.604 users.customStatus.list is ENQUEUED 
[11/25/25, 20:05:57:604] info: [API-Q] (T07CXALJLTU) e147fbfc-1764126357.604 drafts.list called with reason: fetchDraftsOnReconnect 
[11/25/25, 20:05:57:604] info: [API-Q] (T07CXALJLTU) e147fbfc-1764126357.604 drafts.list is ENQUEUED 
[11/25/25, 20:05:57:604] info: [DRAFTS] (T07CXALJLTU) No local drafts - skipping fetch to purge inactive drafts 
[11/25/25, 20:05:57:605] info: [API-Q] (T07CXALJLTU) e147fbfc-1764126357.605 usergroups.membership called with reason: user-group-membership-api/fetchUserGroupMembership 
[11/25/25, 20:05:57:605] info: [API-Q] (T07CXALJLTU) e147fbfc-1764126357.605 usergroups.membership is ENQUEUED 
[11/25/25, 20:05:57:605] info: [UNREAD-COUNTS] (T07CXALJLTU) Fetching counts 
[11/25/25, 20:05:57:605] info: [API-Q] (T07CXALJLTU) e147fbfc-1764126357.605 client.counts called with reason: fetchClientCountsOnConnect 
[11/25/25, 20:05:57:606] info: [API-Q] (T07CXALJLTU) e147fbfc-1764126357.605 client.counts is ENQUEUED 
[11/25/25, 20:05:57:606] info: [API-Q] (T07CXALJLTU) e147fbfc-1764126357.606 sfdc.integration.listOrgs called with reason: fetch-orgs-and-sign-in-silently-v2 
[11/25/25, 20:05:57:606] info: [API-Q] (T07CXALJLTU) e147fbfc-1764126357.606 sfdc.integration.listOrgs is ENQUEUED 
[11/25/25, 20:05:57:606] info: [PRESENCE_PROMPT] (T07CXALJLTU) ignoring prompt due to presence (active) 
[11/25/25, 20:05:57:607] info: [API-Q] (T07CXALJLTU) e147fbfc-1764126357.607 users.prefs.get called with reason: fetch-frecency-prefs 
[11/25/25, 20:05:57:607] info: [API-Q] (T07CXALJLTU) e147fbfc-1764126357.607 users.prefs.get is ENQUEUED 
[11/25/25, 20:05:57:607] info: [API-Q] (T07CXALJLTU) e147fbfc-1764126357.602 search.autocomplete.topEmojis is ACTIVE 
[11/25/25, 20:05:57:608] info: [DESKTOP-SIDE-EFFECT] (T07CXALJLTU) Reacting to  {"type":"[21] Set a value that represents whether we are currently in the boot phase","payload":false,"error":false} 
[11/25/25, 20:05:57:609] info: [API-Q] (T07CXALJLTU) noversion-1764126357.609 Flannel users/info called with reason: flannel-call:users/info 
[11/25/25, 20:05:57:609] info: [API-Q] (T07CXALJLTU) noversion-1764126357.609 Flannel users/info is ENQUEUED 
[11/25/25, 20:05:57:610] info: Store: STORE_USER_WORKSPACES {
  "userTeamId": "T07CXALJLTU",
  "workspaceIds": [
    "T07CXALJLTU"
  ]
} 
[11/25/25, 20:05:57:670] info: [API-Q] (T026U7G95U6) e147fbfc-1764126357.046 users.customStatus.list is RESOLVED 
[11/25/25, 20:05:57:670] info: [API-Q] (T026U7G95U6) e147fbfc-1764126357.047 drafts.list is ACTIVE 
[11/25/25, 20:05:57:704] info: [API-Q] (T07CXALJLTU) e147fbfc-1764126357.602 search.autocomplete.topEmojis is RESOLVED 
[11/25/25, 20:05:57:704] info: [API-Q] (T07CXALJLTU) noversion-1764126357.609 Flannel users/info is ACTIVE 
[11/25/25, 20:05:57:721] info: [API-Q] (T095LHX9N) noversion-1764126357.720 Flannel users/info called with reason: flannel-call:users/info 
[11/25/25, 20:05:57:721] info: [API-Q] (T095LHX9N) noversion-1764126357.720 Flannel users/info is ENQUEUED 
[11/25/25, 20:05:57:721] info: [API-Q] (T095LHX9N) noversion-1764126357.720 Flannel users/info is ACTIVE 
[11/25/25, 20:05:57:762] info: [API-Q] (T026U7G95U6) e147fbfc-1764126357.047 drafts.list is RESOLVED 
[11/25/25, 20:05:57:763] info: [API-Q] (T026U7G95U6) e147fbfc-1764126357.047 usergroups.membership is ACTIVE 
[11/25/25, 20:05:57:763] info: [DRAFTS] (T026U7G95U6) No active drafts 
[11/25/25, 20:05:57:764] info: [DRAFTS] (T026U7G95U6) Successfully fetched all active and inactive drafts ✨ 
[11/25/25, 20:05:57:786] info: [API-Q] (T07CXALJLTU) noversion-1764126357.609 Flannel users/info is RESOLVED 
[11/25/25, 20:05:57:787] info: [API-Q] (T07CXALJLTU) e147fbfc-1764126357.607 users.prefs.get is ACTIVE 
[11/25/25, 20:05:57:791] info: [API-Q] (T095LHX9N) noversion-1764126357.720 Flannel users/info is RESOLVED 
[11/25/25, 20:05:57:856] info: [API-Q] (T026U7G95U6) e147fbfc-1764126357.047 usergroups.membership is RESOLVED 
[11/25/25, 20:05:57:856] info: [API-Q] (T026U7G95U6) e147fbfc-1764126357.048 client.counts is ACTIVE 
[11/25/25, 20:05:57:857] info: [USER_GROUP_MEMBERSHIP] (T026U7G95U6) Completed usergroups.membership processing 
[11/25/25, 20:05:57:883] info: [API-Q] (T07CXALJLTU) e147fbfc-1764126357.607 users.prefs.get is RESOLVED 
[11/25/25, 20:05:57:884] info: [API-Q] (T07CXALJLTU) e147fbfc-1764126357.603 ublockworkaround.history is ACTIVE 
[11/25/25, 20:05:57:966] info: [API-Q] (T026U7G95U6) e147fbfc-1764126357.048 client.counts is RESOLVED 
[11/25/25, 20:05:57:967] info: [API-Q] (T026U7G95U6) e147fbfc-1764126357.049 sfdc.integration.listOrgs is ACTIVE 
[11/25/25, 20:05:57:969] info: [COUNTS] (T026U7G95U6) Applying counts to channels. wasLastConnectFast: false isConnected: true applying: 15 out of total: 15 
[11/25/25, 20:05:57:970] info: [COUNTS] (T026U7G95U6) Threads has_unreads:false mention_count:0 
[11/25/25, 20:05:57:970] info: [COUNTS] (T026U7G95U6) Completed counts processing 
[11/25/25, 20:05:57:978] info: [API-Q] (T07CXALJLTU) e147fbfc-1764126357.603 ublockworkaround.history is RESOLVED 
[11/25/25, 20:05:57:979] info: [API-Q] (T07CXALJLTU) e147fbfc-1764126357.604 users.customStatus.list is ACTIVE 
[11/25/25, 20:05:57:979] info: [EVENTLOG] (T07CXALJLTU) nothing to process 
[11/25/25, 20:05:57:979] info: [EVENTLOG] (T07CXALJLTU) fetched finish (aborted? false) 
[11/25/25, 20:05:57:979] info: [EVENTLOG] (T07CXALJLTU) dispatching signal and clearing timestamp 
[11/25/25, 20:05:58:071] info: [API-Q] (T026U7G95U6) e147fbfc-1764126357.049 sfdc.integration.listOrgs is RESOLVED 
[11/25/25, 20:05:58:071] info: [API-Q] (T026U7G95U6) e147fbfc-1764126357.062 slackAi.permissions.getForUser is ACTIVE 
[11/25/25, 20:05:58:073] info: [API-Q] (T07CXALJLTU) e147fbfc-1764126357.604 users.customStatus.list is RESOLVED 
[11/25/25, 20:05:58:073] info: [API-Q] (T07CXALJLTU) e147fbfc-1764126357.604 drafts.list is ACTIVE 
[11/25/25, 20:05:58:157] info: [API-Q] (T026U7G95U6) e147fbfc-1764126357.062 slackAi.permissions.getForUser is RESOLVED 
[11/25/25, 20:05:58:169] info: [API-Q] (T07CXALJLTU) e147fbfc-1764126357.604 drafts.list is RESOLVED 
[11/25/25, 20:05:58:170] info: [API-Q] (T07CXALJLTU) e147fbfc-1764126357.605 usergroups.membership is ACTIVE 
[11/25/25, 20:05:58:170] info: [DRAFTS] (T07CXALJLTU) No active drafts 
[11/25/25, 20:05:58:170] info: [DRAFTS] (T07CXALJLTU) Successfully fetched all active and inactive drafts ✨ 
[11/25/25, 20:05:58:256] info: [API-Q] (T07CXALJLTU) e147fbfc-1764126357.605 usergroups.membership is RESOLVED 
[11/25/25, 20:05:58:257] info: [API-Q] (T07CXALJLTU) e147fbfc-1764126357.605 client.counts is ACTIVE 
[11/25/25, 20:05:58:257] info: [USER_GROUP_MEMBERSHIP] (T07CXALJLTU) Completed usergroups.membership processing 
[11/25/25, 20:05:58:367] info: [API-Q] (T07CXALJLTU) e147fbfc-1764126357.605 client.counts is RESOLVED 
[11/25/25, 20:05:58:368] info: [API-Q] (T07CXALJLTU) e147fbfc-1764126357.606 sfdc.integration.listOrgs is ACTIVE 
[11/25/25, 20:05:58:370] info: [COUNTS] (T07CXALJLTU) Applying counts to channels. wasLastConnectFast: false isConnected: true applying: 14 out of total: 14 
[11/25/25, 20:05:58:372] info: [COUNTS] (T07CXALJLTU) Threads has_unreads:false mention_count:0 
[11/25/25, 20:05:58:372] info: [COUNTS] (T07CXALJLTU) Completed counts processing 
[11/25/25, 20:05:58:477] info: [API-Q] (T07CXALJLTU) e147fbfc-1764126357.606 sfdc.integration.listOrgs is RESOLVED 
[11/25/25, 20:07:00:857] info: [API-Q] (T026U7G95U6) e147fbfc-1764126420.856 client.counts called with reason: pollClientCountsAfterTimeout 
[11/25/25, 20:07:00:857] info: [API-Q] (T026U7G95U6) e147fbfc-1764126420.856 client.counts is ENQUEUED 
[11/25/25, 20:07:00:858] info: [API-Q] (T026U7G95U6) e147fbfc-1764126420.856 client.counts is ACTIVE 
[11/25/25, 20:07:01:099] info: [API-Q] (T026U7G95U6) e147fbfc-1764126420.856 client.counts is RESOLVED 
[11/25/25, 20:07:01:101] info: [COUNTS] (T026U7G95U6) Applying counts to channels. wasLastConnectFast: false isConnected: true applying: 15 out of total: 15 
[11/25/25, 20:07:01:102] info: [COUNTS] (T026U7G95U6) Threads has_unreads:false mention_count:0 
[11/25/25, 20:07:01:103] info: [COUNTS] (T026U7G95U6) Completed counts processing 
[11/25/25, 20:07:01:876] info: [API-Q] (T095LHX9N) e147fbfc-1764126421.875 client.counts called with reason: pollClientCountsAfterTimeout 
[11/25/25, 20:07:01:876] info: [API-Q] (T095LHX9N) e147fbfc-1764126421.875 client.counts is ENQUEUED 
[11/25/25, 20:07:01:876] info: [API-Q] (T095LHX9N) e147fbfc-1764126421.875 client.counts is ACTIVE 
[11/25/25, 20:07:02:059] info: [API-Q] (T095LHX9N) e147fbfc-1764126421.875 client.counts is RESOLVED 
[11/25/25, 20:07:02:061] info: [COUNTS] (T095LHX9N) Applying counts to channels. wasLastConnectFast: false isConnected: true applying: 19 out of total: 19 
[11/25/25, 20:07:02:063] info: [COUNTS] (T095LHX9N) Threads has_unreads:false mention_count:0 
[11/25/25, 20:07:02:064] info: [COUNTS] (T095LHX9N) Completed counts processing 
[11/25/25, 20:07:04:156] info: [API-Q] (T07CXALJLTU) e147fbfc-1764126424.155 client.counts called with reason: pollClientCountsAfterTimeout 
[11/25/25, 20:07:04:156] info: [API-Q] (T07CXALJLTU) e147fbfc-1764126424.155 client.counts is ENQUEUED 
[11/25/25, 20:07:04:156] info: [API-Q] (T07CXALJLTU) e147fbfc-1764126424.155 client.counts is ACTIVE 
[11/25/25, 20:07:04:322] info: [API-Q] (T07CXALJLTU) e147fbfc-1764126424.155 client.counts is RESOLVED 
[11/25/25, 20:07:04:324] info: [COUNTS] (T07CXALJLTU) Applying counts to channels. wasLastConnectFast: false isConnected: true applying: 14 out of total: 14 
[11/25/25, 20:07:04:326] info: [COUNTS] (T07CXALJLTU) Threads has_unreads:false mention_count:0 
[11/25/25, 20:07:04:326] info: [COUNTS] (T07CXALJLTU) Completed counts processing 
[11/25/25, 20:07:57:532] info: [CHECK-FOR-OLD-CHANNEL] (T095LHX9N) Start cleaning up DMs/MPDMs — starting with 53 entries. 
[11/25/25, 20:07:57:533] info: [CHECK-FOR-OLD-CHANNEL] (T095LHX9N) Eligible DMs/MPDMs for cleanup — [external DMs]:0, [internal DMs]: 11, [app DMs]: 0 
[11/25/25, 20:07:57:533] info: [CHECK-FOR-OLD-CHANNEL] (T095LHX9N) Identified 0 DMs/MPDMs of externalDMs type for closure 
[11/25/25, 20:07:57:533] info: [CHECK-FOR-OLD-CHANNEL] (T095LHX9N) Not eligible C09TW15MSKH: Not idle 
[11/25/25, 20:07:57:533] info: [CHECK-FOR-OLD-CHANNEL] (T095LHX9N) Not eligible D04U62ZABBM: Self DM 
[11/25/25, 20:07:57:533] info: [CHECK-FOR-OLD-CHANNEL] (T095LHX9N) Not eligible D04U6FHBBD1: Has draft 
[11/25/25, 20:07:57:533] info: [CHECK-FOR-OLD-CHANNEL] (T095LHX9N) Not eligible D04U8LHMQS0: Slackbot 
[11/25/25, 20:07:57:533] info: [CHECK-FOR-OLD-CHANNEL] (T095LHX9N) Not eligible D04UM60PJB1: Not idle 
[11/25/25, 20:07:57:533] info: [CHECK-FOR-OLD-CHANNEL] (T095LHX9N) Not eligible D08T2G33XDM: Not idle 
[11/25/25, 20:07:57:533] info: [CHECK-FOR-OLD-CHANNEL] (T095LHX9N) Not eligible D098CC27XGV: Has draft 
[11/25/25, 20:07:57:533] info: [CHECK-FOR-OLD-CHANNEL] (T095LHX9N) Identified 0 DMs/MPDMs of internalDMs type for closure 
[11/25/25, 20:07:57:533] info: [CHECK-FOR-OLD-CHANNEL] (T095LHX9N) Identified 0 DMs/MPDMs of appDMs type for closure 
[11/25/25, 20:07:57:716] info: [CHECK-FOR-OLD-CHANNEL] (T026U7G95U6) Start cleaning up DMs/MPDMs — starting with 11 entries. 
[11/25/25, 20:07:57:716] info: [CHECK-FOR-OLD-CHANNEL] (T026U7G95U6) Eligible DMs/MPDMs for cleanup — [external DMs]:0, [internal DMs]: 11, [app DMs]: 0 
[11/25/25, 20:07:57:716] info: [CHECK-FOR-OLD-CHANNEL] (T026U7G95U6) Identified 0 DMs/MPDMs of externalDMs type for closure 
[11/25/25, 20:07:57:716] info: [CHECK-FOR-OLD-CHANNEL] (T026U7G95U6) Not eligible D02AV4K7V6H: Slackbot 
[11/25/25, 20:07:57:716] info: [CHECK-FOR-OLD-CHANNEL] (T026U7G95U6) Not eligible D02B4B892TW: Self DM 
[11/25/25, 20:07:57:716] info: [CHECK-FOR-OLD-CHANNEL] (T026U7G95U6) Identified 0 DMs/MPDMs of internalDMs type for closure 
[11/25/25, 20:07:57:716] info: [CHECK-FOR-OLD-CHANNEL] (T026U7G95U6) Identified 0 DMs/MPDMs of appDMs type for closure 
[11/25/25, 20:07:57:716] info: [API-Q] (T026U7G95U6) e147fbfc-1764126477.716 users.channelSections.list called with reason: conditional-fetch-manager 
[11/25/25, 20:07:57:716] info: [API-Q] (T026U7G95U6) e147fbfc-1764126477.716 users.channelSections.list is ENQUEUED 
[11/25/25, 20:07:57:718] info: [API-Q] (T026U7G95U6) e147fbfc-1764126477.716 users.channelSections.list is ACTIVE 
[11/25/25, 20:07:57:891] info: [API-Q] (T026U7G95U6) e147fbfc-1764126477.716 users.channelSections.list is RESOLVED 
[11/25/25, 20:07:58:273] info: [CHECK-FOR-OLD-CHANNEL] (T07CXALJLTU) Start cleaning up DMs/MPDMs — starting with 14 entries. 
[11/25/25, 20:07:58:273] info: [CHECK-FOR-OLD-CHANNEL] (T07CXALJLTU) Eligible DMs/MPDMs for cleanup — [external DMs]:0, [internal DMs]: 11, [app DMs]: 0 
[11/25/25, 20:07:58:273] info: [CHECK-FOR-OLD-CHANNEL] (T07CXALJLTU) Identified 0 DMs/MPDMs of externalDMs type for closure 
[11/25/25, 20:07:58:274] info: [CHECK-FOR-OLD-CHANNEL] (T07CXALJLTU) Not eligible D09SUDGUMPU: Self DM 
[11/25/25, 20:07:58:274] info: [CHECK-FOR-OLD-CHANNEL] (T07CXALJLTU) Identified 0 DMs/MPDMs of internalDMs type for closure 
[11/25/25, 20:07:58:274] info: [CHECK-FOR-OLD-CHANNEL] (T07CXALJLTU) Identified 0 DMs/MPDMs of appDMs type for closure 
[11/25/25, 20:07:58:274] info: [API-Q] (T07CXALJLTU) e147fbfc-1764126478.273 users.channelSections.list called with reason: conditional-fetch-manager 
[11/25/25, 20:07:58:274] info: [API-Q] (T07CXALJLTU) e147fbfc-1764126478.273 users.channelSections.list is ENQUEUED 
[11/25/25, 20:07:58:274] info: [API-Q] (T07CXALJLTU) e147fbfc-1764126478.273 users.channelSections.list is ACTIVE 
[11/25/25, 20:07:58:275] info: [API-Q] (T07CXALJLTU) noversion-1764126478.274 Flannel users/info called with reason: flannel-call:users/info 
[11/25/25, 20:07:58:275] info: [API-Q] (T07CXALJLTU) noversion-1764126478.274 Flannel users/info is ENQUEUED 
[11/25/25, 20:07:58:364] info: [API-Q] (T07CXALJLTU) e147fbfc-1764126478.273 users.channelSections.list is RESOLVED 
[11/25/25, 20:07:58:365] info: [API-Q] (T07CXALJLTU) noversion-1764126478.274 Flannel users/info is ACTIVE 
[11/25/25, 20:07:59:015] info: [API-Q] (T07CXALJLTU) noversion-1764126478.274 Flannel users/info is RESOLVED 
[11/25/25, 20:10:57:533] info: [SIDEBAR-NOISE-METRICS] (T095LHX9N) Logging sidebar noise metrics 
[11/25/25, 20:10:57:533] info: [SIDEBAR-STATS] (T095LHX9N) Begin gathering sidebar stats 
[11/25/25, 20:10:57:563] info: [SIDEBAR-NOISE-METRICS] (T095LHX9N) Clogging new data after the hour interval has passed 
[11/25/25, 20:10:57:632] info: [API-Q] (T095LHX9N) e147fbfc-1764126657.631 promo.campaigns.eligibilityInfo called with reason: limited_history_banner 
[11/25/25, 20:10:57:632] info: [API-Q] (T095LHX9N) e147fbfc-1764126657.631 promo.campaigns.eligibilityInfo is ENQUEUED 
[11/25/25, 20:10:57:633] info: [API-Q] (T095LHX9N) e147fbfc-1764126657.631 promo.campaigns.eligibilityInfo is ACTIVE 
[11/25/25, 20:10:57:716] info: [SIDEBAR-NOISE-METRICS] (T026U7G95U6) Logging sidebar noise metrics 
[11/25/25, 20:10:57:716] info: [SIDEBAR-STATS] (T026U7G95U6) Begin gathering sidebar stats 
[11/25/25, 20:10:57:717] info: [SIDEBAR-NOISE-METRICS] (T026U7G95U6) Updated sidebar metrics for today 
[11/25/25, 20:10:57:863] info: [API-Q] (T095LHX9N) e147fbfc-1764126657.631 promo.campaigns.eligibilityInfo is RESOLVED 
[11/25/25, 20:10:58:273] info: [SIDEBAR-NOISE-METRICS] (T07CXALJLTU) Logging sidebar noise metrics 
[11/25/25, 20:10:58:273] info: [SIDEBAR-STATS] (T07CXALJLTU) Begin gathering sidebar stats 
[11/25/25, 20:10:58:273] info: [SIDEBAR-NOISE-METRICS] (T07CXALJLTU) Updated sidebar metrics for today 
[11/25/25, 20:11:42:696] info: [DND_V2] (T095LHX9N) Will check for changes in DND status again in 5 minutes 
[11/25/25, 20:13:14:398] info: [RTM-EVENT-METRICS] Metrics collection sampling has been reset. 
[11/25/25, 20:16:42:696] info: [DND_V2] (T095LHX9N) Checking for changes in DND status for the following members: U04UJR2PHMX,U095LTFRC,U03FCQ34JPK,U08PY1SAM0W,U0AL64VTR,U02BPRZ4FAQ,U06PZDZSXDZ,U06QB0DNF6U,U08L58USZ6V,U090VKSQFFW,U04M57LQ3EV 
[11/25/25, 20:16:42:698] info: [DND_V2] (T095LHX9N) Will check for changes in DND status again in 5 minutes 
[11/25/25, 20:21:42:698] info: [DND_V2] (T095LHX9N) Checking for changes in DND status for the following members: U04UJR2PHMX,U095LTFRC,U03FCQ34JPK,U08PY1SAM0W,U0AL64VTR,U02BPRZ4FAQ,U06PZDZSXDZ,U06QB0DNF6U,U08L58USZ6V,U090VKSQFFW,U04M57LQ3EV 
[11/25/25, 20:21:42:699] info: [DND_V2] (T095LHX9N) Will check for changes in DND status again in 5 minutes 
[11/25/25, 20:22:57:534] info: [CHECK-FOR-OLD-CHANNEL] (T095LHX9N) Start cleaning up DMs/MPDMs — starting with 53 entries. 
[11/25/25, 20:22:57:534] info: [CHECK-FOR-OLD-CHANNEL] (T095LHX9N) Eligible DMs/MPDMs for cleanup — [external DMs]:0, [internal DMs]: 11, [app DMs]: 0 
[11/25/25, 20:22:57:534] info: [CHECK-FOR-OLD-CHANNEL] (T095LHX9N) Identified 0 DMs/MPDMs of externalDMs type for closure 
[11/25/25, 20:22:57:534] info: [CHECK-FOR-OLD-CHANNEL] (T095LHX9N) Not eligible C09TW15MSKH: Not idle 
[11/25/25, 20:22:57:534] info: [CHECK-FOR-OLD-CHANNEL] (T095LHX9N) Not eligible D04U62ZABBM: Self DM 
[11/25/25, 20:22:57:534] info: [CHECK-FOR-OLD-CHANNEL] (T095LHX9N) Not eligible D04U6FHBBD1: Has draft 
[11/25/25, 20:22:57:534] info: [CHECK-FOR-OLD-CHANNEL] (T095LHX9N) Not eligible D04U8LHMQS0: Slackbot 
[11/25/25, 20:22:57:534] info: [CHECK-FOR-OLD-CHANNEL] (T095LHX9N) Not eligible D04UM60PJB1: Not idle 
[11/25/25, 20:22:57:534] info: [CHECK-FOR-OLD-CHANNEL] (T095LHX9N) Not eligible D08T2G33XDM: Not idle 
[11/25/25, 20:22:57:534] info: [CHECK-FOR-OLD-CHANNEL] (T095LHX9N) Not eligible D098CC27XGV: Has draft 
[11/25/25, 20:22:57:534] info: [CHECK-FOR-OLD-CHANNEL] (T095LHX9N) Identified 0 DMs/MPDMs of internalDMs type for closure 
[11/25/25, 20:22:57:534] info: [CHECK-FOR-OLD-CHANNEL] (T095LHX9N) Identified 0 DMs/MPDMs of appDMs type for closure 
[11/25/25, 20:22:57:716] info: [CHECK-FOR-OLD-CHANNEL] (T026U7G95U6) Start cleaning up DMs/MPDMs — starting with 11 entries. 
[11/25/25, 20:22:57:717] info: [CHECK-FOR-OLD-CHANNEL] (T026U7G95U6) Eligible DMs/MPDMs for cleanup — [external DMs]:0, [internal DMs]: 11, [app DMs]: 0 
[11/25/25, 20:22:57:717] info: [CHECK-FOR-OLD-CHANNEL] (T026U7G95U6) Identified 0 DMs/MPDMs of externalDMs type for closure 
[11/25/25, 20:22:57:717] info: [CHECK-FOR-OLD-CHANNEL] (T026U7G95U6) Not eligible D02AV4K7V6H: Slackbot 
[11/25/25, 20:22:57:717] info: [CHECK-FOR-OLD-CHANNEL] (T026U7G95U6) Not eligible D02B4B892TW: Self DM 
[11/25/25, 20:22:57:717] info: [CHECK-FOR-OLD-CHANNEL] (T026U7G95U6) Identified 0 DMs/MPDMs of internalDMs type for closure 
[11/25/25, 20:22:57:717] info: [CHECK-FOR-OLD-CHANNEL] (T026U7G95U6) Identified 0 DMs/MPDMs of appDMs type for closure 
[11/25/25, 20:22:58:274] info: [CHECK-FOR-OLD-CHANNEL] (T07CXALJLTU) Start cleaning up DMs/MPDMs — starting with 14 entries. 
[11/25/25, 20:22:58:274] info: [CHECK-FOR-OLD-CHANNEL] (T07CXALJLTU) Eligible DMs/MPDMs for cleanup — [external DMs]:0, [internal DMs]: 11, [app DMs]: 0 
[11/25/25, 20:22:58:274] info: [CHECK-FOR-OLD-CHANNEL] (T07CXALJLTU) Identified 0 DMs/MPDMs of externalDMs type for closure 
[11/25/25, 20:22:58:275] info: [CHECK-FOR-OLD-CHANNEL] (T07CXALJLTU) Not eligible D09SUDGUMPU: Self DM 
[11/25/25, 20:22:58:275] info: [CHECK-FOR-OLD-CHANNEL] (T07CXALJLTU) Identified 0 DMs/MPDMs of internalDMs type for closure 
[11/25/25, 20:22:58:275] info: [CHECK-FOR-OLD-CHANNEL] (T07CXALJLTU) Identified 0 DMs/MPDMs of appDMs type for closure 
[11/25/25, 20:23:14:398] info: [RTM-EVENT-METRICS] Metrics collection sampling has been reset. 
[11/25/25, 20:24:03:643] info: [PERSIST] (T026U7G95U6) Successfully persisted state 
[11/25/25, 20:24:03:650] info: [PERSIST] (T07CXALJLTU) Successfully persisted state 
[11/25/25, 20:24:23:660] info: [PERSIST] (T095LHX9N) Successfully persisted state 
[11/25/25, 20:26:42:699] info: [DND_V2] (T095LHX9N) Checking for changes in DND status for the following members: U04UJR2PHMX,U095LTFRC,U03FCQ34JPK,U08PY1SAM0W,U0AL64VTR,U02BPRZ4FAQ,U06PZDZSXDZ,U06QB0DNF6U,U08L58USZ6V,U090VKSQFFW,U04M57LQ3EV 
[11/25/25, 20:26:42:700] info: [DND_V2] (T095LHX9N) Will check for changes in DND status again in 5 minutes 
[11/25/25, 20:31:42:701] info: [DND_V2] (T095LHX9N) Checking for changes in DND status for the following members: U04UJR2PHMX,U095LTFRC,U03FCQ34JPK,U08PY1SAM0W,U0AL64VTR,U02BPRZ4FAQ,U06PZDZSXDZ,U06QB0DNF6U,U08L58USZ6V,U090VKSQFFW,U04M57LQ3EV 
[11/25/25, 20:31:42:703] info: [DND_V2] (T095LHX9N) Will check for changes in DND status again in 5 minutes 
[11/25/25, 20:33:14:398] info: [RTM-EVENT-METRICS] Metrics collection sampling has been reset. 
[11/25/25, 20:36:42:703] info: [DND_V2] (T095LHX9N) Checking for changes in DND status for the following members: U04UJR2PHMX,U095LTFRC,U03FCQ34JPK,U08PY1SAM0W,U0AL64VTR,U02BPRZ4FAQ,U06PZDZSXDZ,U06QB0DNF6U,U08L58USZ6V,U090VKSQFFW,U04M57LQ3EV 
[11/25/25, 20:36:42:704] info: [DND_V2] (T095LHX9N) Will check for changes in DND status again in 5 minutes 
[11/25/25, 20:37:57:534] info: [CHECK-FOR-OLD-CHANNEL] (T095LHX9N) Start cleaning up DMs/MPDMs — starting with 53 entries. 
[11/25/25, 20:37:57:534] info: [CHECK-FOR-OLD-CHANNEL] (T095LHX9N) Eligible DMs/MPDMs for cleanup — [external DMs]:0, [internal DMs]: 11, [app DMs]: 0 
[11/25/25, 20:37:57:534] info: [CHECK-FOR-OLD-CHANNEL] (T095LHX9N) Identified 0 DMs/MPDMs of externalDMs type for closure 
[11/25/25, 20:37:57:534] info: [CHECK-FOR-OLD-CHANNEL] (T095LHX9N) Not eligible C09TW15MSKH: Not idle 
[11/25/25, 20:37:57:534] info: [CHECK-FOR-OLD-CHANNEL] (T095LHX9N) Not eligible D04U62ZABBM: Self DM 
[11/25/25, 20:37:57:534] info: [CHECK-FOR-OLD-CHANNEL] (T095LHX9N) Not eligible D04U6FHBBD1: Has draft 
[11/25/25, 20:37:57:534] info: [CHECK-FOR-OLD-CHANNEL] (T095LHX9N) Not eligible D04U8LHMQS0: Slackbot 
[11/25/25, 20:37:57:534] info: [CHECK-FOR-OLD-CHANNEL] (T095LHX9N) Not eligible D04UM60PJB1: Not idle 
[11/25/25, 20:37:57:534] info: [CHECK-FOR-OLD-CHANNEL] (T095LHX9N) Not eligible D08T2G33XDM: Not idle 
[11/25/25, 20:37:57:534] info: [CHECK-FOR-OLD-CHANNEL] (T095LHX9N) Not eligible D098CC27XGV: Has draft 
[11/25/25, 20:37:57:534] info: [CHECK-FOR-OLD-CHANNEL] (T095LHX9N) Identified 0 DMs/MPDMs of internalDMs type for closure 
[11/25/25, 20:37:57:534] info: [CHECK-FOR-OLD-CHANNEL] (T095LHX9N) Identified 0 DMs/MPDMs of appDMs type for closure 
[11/25/25, 20:37:57:717] info: [CHECK-FOR-OLD-CHANNEL] (T026U7G95U6) Start cleaning up DMs/MPDMs — starting with 11 entries. 
[11/25/25, 20:37:57:717] info: [CHECK-FOR-OLD-CHANNEL] (T026U7G95U6) Eligible DMs/MPDMs for cleanup — [external DMs]:0, [internal DMs]: 11, [app DMs]: 0 
[11/25/25, 20:37:57:717] info: [CHECK-FOR-OLD-CHANNEL] (T026U7G95U6) Identified 0 DMs/MPDMs of externalDMs type for closure 
[11/25/25, 20:37:57:717] info: [CHECK-FOR-OLD-CHANNEL] (T026U7G95U6) Not eligible D02AV4K7V6H: Slackbot 
[11/25/25, 20:37:57:717] info: [CHECK-FOR-OLD-CHANNEL] (T026U7G95U6) Not eligible D02B4B892TW: Self DM 
[11/25/25, 20:37:57:717] info: [CHECK-FOR-OLD-CHANNEL] (T026U7G95U6) Identified 0 DMs/MPDMs of internalDMs type for closure 
[11/25/25, 20:37:57:717] info: [CHECK-FOR-OLD-CHANNEL] (T026U7G95U6) Identified 0 DMs/MPDMs of appDMs type for closure 
[11/25/25, 20:37:58:274] info: [CHECK-FOR-OLD-CHANNEL] (T07CXALJLTU) Start cleaning up DMs/MPDMs — starting with 14 entries. 
[11/25/25, 20:37:58:275] info: [CHECK-FOR-OLD-CHANNEL] (T07CXALJLTU) Eligible DMs/MPDMs for cleanup — [external DMs]:0, [internal DMs]: 11, [app DMs]: 0 
[11/25/25, 20:37:58:275] info: [CHECK-FOR-OLD-CHANNEL] (T07CXALJLTU) Identified 0 DMs/MPDMs of externalDMs type for closure 
[11/25/25, 20:37:58:275] info: [CHECK-FOR-OLD-CHANNEL] (T07CXALJLTU) Not eligible D09SUDGUMPU: Self DM 
[11/25/25, 20:37:58:275] info: [CHECK-FOR-OLD-CHANNEL] (T07CXALJLTU) Identified 0 DMs/MPDMs of internalDMs type for closure 
[11/25/25, 20:37:58:275] info: [CHECK-FOR-OLD-CHANNEL] (T07CXALJLTU) Identified 0 DMs/MPDMs of appDMs type for closure 
[11/25/25, 20:41:42:705] info: [DND_V2] (T095LHX9N) Checking for changes in DND status for the following members: U04UJR2PHMX,U095LTFRC,U03FCQ34JPK,U08PY1SAM0W,U0AL64VTR,U02BPRZ4FAQ,U06PZDZSXDZ,U06QB0DNF6U,U08L58USZ6V,U090VKSQFFW,U04M57LQ3EV 
[11/25/25, 20:41:42:706] info: [DND_V2] (T095LHX9N) Will check for changes in DND status again in 5 minutes 
[11/25/25, 20:43:14:398] info: [RTM-EVENT-METRICS] Metrics collection sampling has been reset. 
[11/25/25, 20:44:44:188] info: [MIN-VERSION] Checking to see if we should reload 
[11/25/25, 20:44:44:189] info: [BOOT-QUEUE] T095LHX9N noversion-1764128684.188 client.shouldReload called with reason: polling 
[11/25/25, 20:44:44:190] info: [BOOT-QUEUE] T095LHX9N noversion-1764128684.188 client.shouldReload is ENQUEUED 
[11/25/25, 20:44:44:190] info: [BOOT-QUEUE] T095LHX9N noversion-1764128684.188 client.shouldReload is ACTIVE 
[11/25/25, 20:44:44:408] info: [BOOT-QUEUE] T095LHX9N noversion-1764128684.188 client.shouldReload is RESOLVED 
[11/25/25, 20:44:44:408] info: [MIN-VERSION] No need to reload 
[11/25/25, 20:44:44:409] info: [MIN-VERSION] No need to install new service worker 
[11/25/25, 20:46:42:707] info: [DND_V2] (T095LHX9N) Checking for changes in DND status for the following members: U04UJR2PHMX,U095LTFRC,U03FCQ34JPK,U08PY1SAM0W,U0AL64VTR,U02BPRZ4FAQ,U06PZDZSXDZ,U06QB0DNF6U,U08L58USZ6V,U090VKSQFFW,U04M57LQ3EV 
[11/25/25, 20:46:42:708] info: [DND_V2] (T095LHX9N) Will check for changes in DND status again in 5 minutes 
[11/25/25, 20:51:42:708] info: [DND_V2] (T095LHX9N) Checking for changes in DND status for the following members: U04UJR2PHMX,U095LTFRC,U03FCQ34JPK,U08PY1SAM0W,U0AL64VTR,U02BPRZ4FAQ,U06PZDZSXDZ,U06QB0DNF6U,U08L58USZ6V,U090VKSQFFW,U04M57LQ3EV 
[11/25/25, 20:51:42:710] info: [DND_V2] (T095LHX9N) Will check for changes in DND status again in 5 minutes 
[11/25/25, 20:52:57:534] info: [CHECK-FOR-OLD-CHANNEL] (T095LHX9N) Start cleaning up DMs/MPDMs — starting with 53 entries. 
[11/25/25, 20:52:57:534] info: [CHECK-FOR-OLD-CHANNEL] (T095LHX9N) Eligible DMs/MPDMs for cleanup — [external DMs]:0, [internal DMs]: 11, [app DMs]: 0 
[11/25/25, 20:52:57:535] info: [CHECK-FOR-OLD-CHANNEL] (T095LHX9N) Identified 0 DMs/MPDMs of externalDMs type for closure 
[11/25/25, 20:52:57:535] info: [CHECK-FOR-OLD-CHANNEL] (T095LHX9N) Not eligible C09TW15MSKH: Not idle 
[11/25/25, 20:52:57:535] info: [CHECK-FOR-OLD-CHANNEL] (T095LHX9N) Not eligible D04U62ZABBM: Self DM 
[11/25/25, 20:52:57:535] info: [CHECK-FOR-OLD-CHANNEL] (T095LHX9N) Not eligible D04U6FHBBD1: Has draft 
[11/25/25, 20:52:57:535] info: [CHECK-FOR-OLD-CHANNEL] (T095LHX9N) Not eligible D04U8LHMQS0: Slackbot 
[11/25/25, 20:52:57:535] info: [CHECK-FOR-OLD-CHANNEL] (T095LHX9N) Not eligible D04UM60PJB1: Not idle 
[11/25/25, 20:52:57:535] info: [CHECK-FOR-OLD-CHANNEL] (T095LHX9N) Not eligible D08T2G33XDM: Not idle 
[11/25/25, 20:52:57:535] info: [CHECK-FOR-OLD-CHANNEL] (T095LHX9N) Not eligible D098CC27XGV: Has draft 
[11/25/25, 20:52:57:535] info: [CHECK-FOR-OLD-CHANNEL] (T095LHX9N) Identified 0 DMs/MPDMs of internalDMs type for closure 
[11/25/25, 20:52:57:535] info: [CHECK-FOR-OLD-CHANNEL] (T095LHX9N) Identified 0 DMs/MPDMs of appDMs type for closure 
[11/25/25, 20:52:57:717] info: [CHECK-FOR-OLD-CHANNEL] (T026U7G95U6) Start cleaning up DMs/MPDMs — starting with 11 entries. 
[11/25/25, 20:52:57:717] info: [CHECK-FOR-OLD-CHANNEL] (T026U7G95U6) Eligible DMs/MPDMs for cleanup — [external DMs]:0, [internal DMs]: 11, [app DMs]: 0 
[11/25/25, 20:52:57:717] info: [CHECK-FOR-OLD-CHANNEL] (T026U7G95U6) Identified 0 DMs/MPDMs of externalDMs type for closure 
[11/25/25, 20:52:57:717] info: [CHECK-FOR-OLD-CHANNEL] (T026U7G95U6) Not eligible D02AV4K7V6H: Slackbot 
[11/25/25, 20:52:57:717] info: [CHECK-FOR-OLD-CHANNEL] (T026U7G95U6) Not eligible D02B4B892TW: Self DM 
[11/25/25, 20:52:57:717] info: [CHECK-FOR-OLD-CHANNEL] (T026U7G95U6) Identified 0 DMs/MPDMs of internalDMs type for closure 
[11/25/25, 20:52:57:717] info: [CHECK-FOR-OLD-CHANNEL] (T026U7G95U6) Identified 0 DMs/MPDMs of appDMs type for closure 
[11/25/25, 20:52:58:274] info: [CHECK-FOR-OLD-CHANNEL] (T07CXALJLTU) Start cleaning up DMs/MPDMs — starting with 14 entries. 
[11/25/25, 20:52:58:274] info: [CHECK-FOR-OLD-CHANNEL] (T07CXALJLTU) Eligible DMs/MPDMs for cleanup — [external DMs]:0, [internal DMs]: 11, [app DMs]: 0 
[11/25/25, 20:52:58:274] info: [CHECK-FOR-OLD-CHANNEL] (T07CXALJLTU) Identified 0 DMs/MPDMs of externalDMs type for closure 
[11/25/25, 20:52:58:274] info: [CHECK-FOR-OLD-CHANNEL] (T07CXALJLTU) Not eligible D09SUDGUMPU: Self DM 
[11/25/25, 20:52:58:274] info: [CHECK-FOR-OLD-CHANNEL] (T07CXALJLTU) Identified 0 DMs/MPDMs of internalDMs type for closure 
[11/25/25, 20:52:58:274] info: [CHECK-FOR-OLD-CHANNEL] (T07CXALJLTU) Identified 0 DMs/MPDMs of appDMs type for closure 
[11/25/25, 20:53:14:398] info: [RTM-EVENT-METRICS] Metrics collection sampling has been reset. 
[11/25/25, 20:55:49:016] info: [RTM-EVENT-METRICS] Metrics collection enabled for the current interval. 
[11/25/25, 20:56:14:872] info: [API-Q] (T095LHX9N) noversion-1764129374.871 Flannel users/info called with reason: flannel-call:users/info 
[11/25/25, 20:56:14:872] info: [API-Q] (T095LHX9N) noversion-1764129374.871 Flannel users/info is ENQUEUED 
[11/25/25, 20:56:14:872] info: [API-Q] (T095LHX9N) noversion-1764129374.871 Flannel users/info is ACTIVE 
[11/25/25, 20:56:15:144] info: [API-Q] (T095LHX9N) noversion-1764129374.871 Flannel users/info is RESOLVED 
[11/25/25, 20:56:42:711] info: [DND_V2] (T095LHX9N) Checking for changes in DND status for the following members: U04UJR2PHMX,U095LTFRC,U03FCQ34JPK,U08PY1SAM0W,U0AL64VTR,U02BPRZ4FAQ,U06PZDZSXDZ,U06QB0DNF6U,U08L58USZ6V,U090VKSQFFW,U04M57LQ3EV 
[11/25/25, 20:56:42:712] info: [DND_V2] (T095LHX9N) Will check for changes in DND status again in 5 minutes 
[11/25/25, 21:01:42:713] info: [DND_V2] (T095LHX9N) Checking for changes in DND status for the following members: U04UJR2PHMX,U095LTFRC,U03FCQ34JPK,U08PY1SAM0W,U0AL64VTR,U02BPRZ4FAQ,U06PZDZSXDZ,U06QB0DNF6U,U08L58USZ6V,U090VKSQFFW,U04M57LQ3EV 
[11/25/25, 21:01:42:714] info: [DND_V2] (T095LHX9N) Will check for changes in DND status again in 5 minutes 
[11/25/25, 21:03:15:399] info: [RTM-EVENT-METRICS] Sending metric report for id: T095LHX9N 
[11/25/25, 21:03:15:399] info: [RTM-EVENT-METRICS] T095LHX9N total dispatch event count: 1 
[11/25/25, 21:03:15:400] info: [RTM-EVENT-METRICS] T095LHX9N total incoming event count: 1 
[11/25/25, 21:03:15:401] info: [RTM-EVENT-METRICS] Metrics collection sampling has been reset for id: T095LHX9N 
[11/25/25, 21:03:16:398] info: [RTM-EVENT-METRICS] Completed metrics aggregation {"traceId":"b747a6e72f2915b1bdd9c7efb926a391"} 
[11/25/25, 21:06:26:272] info: [API-Q] (T07CXALJLTU) noversion-1764129986.271 Flannel users/info called with reason: flannel-call:users/info 
[11/25/25, 21:06:26:272] info: [API-Q] (T07CXALJLTU) noversion-1764129986.271 Flannel users/info is ENQUEUED 
[11/25/25, 21:06:26:272] info: [API-Q] (T07CXALJLTU) noversion-1764129986.271 Flannel users/info is ACTIVE 
[11/25/25, 21:06:26:465] info: [API-Q] (T07CXALJLTU) noversion-1764129986.271 Flannel users/info is RESOLVED 
[11/25/25, 21:06:42:714] info: [DND_V2] (T095LHX9N) Checking for changes in DND status for the following members: U04UJR2PHMX,U095LTFRC,U03FCQ34JPK,U08PY1SAM0W,U0AL64VTR,U02BPRZ4FAQ,U06PZDZSXDZ,U06QB0DNF6U,U08L58USZ6V,U090VKSQFFW,U04M57LQ3EV 
[11/25/25, 21:06:42:716] info: [DND_V2] (T095LHX9N) Will check for changes in DND status again in 5 minutes 
[11/25/25, 21:07:57:534] info: [CHECK-FOR-OLD-CHANNEL] (T095LHX9N) Start cleaning up DMs/MPDMs — starting with 53 entries. 
[11/25/25, 21:07:57:534] info: [CHECK-FOR-OLD-CHANNEL] (T095LHX9N) Eligible DMs/MPDMs for cleanup — [external DMs]:0, [internal DMs]: 11, [app DMs]: 0 
[11/25/25, 21:07:57:535] info: [CHECK-FOR-OLD-CHANNEL] (T095LHX9N) Identified 0 DMs/MPDMs of externalDMs type for closure 
[11/25/25, 21:07:57:535] info: [CHECK-FOR-OLD-CHANNEL] (T095LHX9N) Not eligible C09TW15MSKH: Not idle 
[11/25/25, 21:07:57:535] info: [CHECK-FOR-OLD-CHANNEL] (T095LHX9N) Not eligible D04U62ZABBM: Self DM 
[11/25/25, 21:07:57:535] info: [CHECK-FOR-OLD-CHANNEL] (T095LHX9N) Not eligible D04U6FHBBD1: Has draft 
[11/25/25, 21:07:57:535] info: [CHECK-FOR-OLD-CHANNEL] (T095LHX9N) Not eligible D04U8LHMQS0: Slackbot 
[11/25/25, 21:07:57:535] info: [CHECK-FOR-OLD-CHANNEL] (T095LHX9N) Not eligible D04UM60PJB1: Not idle 
[11/25/25, 21:07:57:535] info: [CHECK-FOR-OLD-CHANNEL] (T095LHX9N) Not eligible D08T2G33XDM: Not idle 
[11/25/25, 21:07:57:535] info: [CHECK-FOR-OLD-CHANNEL] (T095LHX9N) Not eligible D098CC27XGV: Has draft 
[11/25/25, 21:07:57:535] info: [CHECK-FOR-OLD-CHANNEL] (T095LHX9N) Identified 0 DMs/MPDMs of internalDMs type for closure 
[11/25/25, 21:07:57:535] info: [CHECK-FOR-OLD-CHANNEL] (T095LHX9N) Identified 0 DMs/MPDMs of appDMs type for closure 
[11/25/25, 21:07:57:541] info: [API-Q] (T095LHX9N) e147fbfc-1764130077.541 slackAi.permissions.getForUser called with reason: fetch-slack-ai-permissions 
[11/25/25, 21:07:57:542] info: [API-Q] (T095LHX9N) e147fbfc-1764130077.541 slackAi.permissions.getForUser is ENQUEUED 
[11/25/25, 21:07:57:542] info: [API-Q] (T095LHX9N) e147fbfc-1764130077.541 slackAi.permissions.getForUser is ACTIVE 
[11/25/25, 21:07:57:717] info: [CHECK-FOR-OLD-CHANNEL] (T026U7G95U6) Start cleaning up DMs/MPDMs — starting with 11 entries. 
[11/25/25, 21:07:57:717] info: [CHECK-FOR-OLD-CHANNEL] (T026U7G95U6) Eligible DMs/MPDMs for cleanup — [external DMs]:0, [internal DMs]: 11, [app DMs]: 0 
[11/25/25, 21:07:57:717] info: [CHECK-FOR-OLD-CHANNEL] (T026U7G95U6) Identified 0 DMs/MPDMs of externalDMs type for closure 
[11/25/25, 21:07:57:717] info: [CHECK-FOR-OLD-CHANNEL] (T026U7G95U6) Not eligible D02AV4K7V6H: Slackbot 
[11/25/25, 21:07:57:717] info: [CHECK-FOR-OLD-CHANNEL] (T026U7G95U6) Not eligible D02B4B892TW: Self DM 
[11/25/25, 21:07:57:717] info: [CHECK-FOR-OLD-CHANNEL] (T026U7G95U6) Identified 0 DMs/MPDMs of internalDMs type for closure 
[11/25/25, 21:07:57:718] info: [CHECK-FOR-OLD-CHANNEL] (T026U7G95U6) Identified 0 DMs/MPDMs of appDMs type for closure 
[11/25/25, 21:07:57:764] info: [API-Q] (T095LHX9N) e147fbfc-1764130077.541 slackAi.permissions.getForUser is RESOLVED 
[11/25/25, 21:07:57:772] info: [API-Q] (T095LHX9N) e147fbfc-1764130077.772 slackAi.permissions.getForUser called with reason: fetch-slack-ai-permissions 
[11/25/25, 21:07:57:772] info: [API-Q] (T095LHX9N) e147fbfc-1764130077.772 slackAi.permissions.getForUser is ENQUEUED 
[11/25/25, 21:07:57:773] info: [API-Q] (T095LHX9N) noversion-1764130077.772 Flannel permissions/info called with reason: flannel-call:permissions/info 
[11/25/25, 21:07:57:773] info: [API-Q] (T095LHX9N) noversion-1764130077.772 Flannel permissions/info is ENQUEUED 
[11/25/25, 21:07:57:773] info: [API-Q] (T095LHX9N) e147fbfc-1764130077.772 slackAi.permissions.getForUser is ACTIVE 
[11/25/25, 21:07:57:773] info: [API-Q] (T095LHX9N) noversion-1764130077.772 Flannel permissions/info is ACTIVE 
[11/25/25, 21:07:57:773] info: [API-Q] (T095LHX9N) noversion-1764130077.772 Flannel permissions/info called with reason: flannel-call:permissions/info 
[11/25/25, 21:07:57:773] info: [API-Q] (T095LHX9N) noversion-1764130077.772 Flannel permissions/info is ENQUEUED 
[11/25/25, 21:07:57:773] info: [API-Q] (T095LHX9N) noversion-1764130077.772 Flannel permissions/info is ACTIVE 
[11/25/25, 21:07:57:790] info: [API-Q] (T095LHX9N) noversion-1764130077.789 Flannel channels/info called with reason: flannel-call:channels/info 
[11/25/25, 21:07:57:790] info: [API-Q] (T095LHX9N) noversion-1764130077.789 Flannel channels/info is ENQUEUED 
[11/25/25, 21:07:57:791] info: [API-Q] (T095LHX9N) noversion-1764130077.789 Flannel channels/info is ACTIVE 
[11/25/25, 21:07:57:864] info: [API-Q] (T095LHX9N) e147fbfc-1764130077.772 slackAi.permissions.getForUser is RESOLVED 
[11/25/25, 21:07:58:040] info: [API-Q] (T095LHX9N) noversion-1764130077.772 Flannel permissions/info is RESOLVED 
[11/25/25, 21:07:58:084] info: [API-Q] (T095LHX9N) noversion-1764130077.789 Flannel channels/info is RESOLVED 
[11/25/25, 21:07:58:084] info: [API-Q] (T095LHX9N) e147fbfc-1764130078.084 conversations.genericInfo called with reason: fallback:fetchAndUpsertChannelsById 
[11/25/25, 21:07:58:084] info: [API-Q] (T095LHX9N) e147fbfc-1764130078.084 conversations.genericInfo is ENQUEUED 
[11/25/25, 21:07:58:085] info: [API-Q] (T095LHX9N) e147fbfc-1764130078.084 conversations.genericInfo is ACTIVE 
[11/25/25, 21:07:58:187] info: [API-Q] (T095LHX9N) e147fbfc-1764130078.084 conversations.genericInfo is RESOLVED 
[11/25/25, 21:07:58:261] info: [API-Q] (T095LHX9N) noversion-1764130077.772 Flannel permissions/info is RESOLVED 
[11/25/25, 21:07:58:321] info: [CHECK-FOR-OLD-CHANNEL] (T07CXALJLTU) Start cleaning up DMs/MPDMs — starting with 14 entries. 
[11/25/25, 21:07:58:321] info: [CHECK-FOR-OLD-CHANNEL] (T07CXALJLTU) Eligible DMs/MPDMs for cleanup — [external DMs]:0, [internal DMs]: 11, [app DMs]: 0 
[11/25/25, 21:07:58:321] info: [CHECK-FOR-OLD-CHANNEL] (T07CXALJLTU) Identified 0 DMs/MPDMs of externalDMs type for closure 
[11/25/25, 21:07:58:321] info: [CHECK-FOR-OLD-CHANNEL] (T07CXALJLTU) Not eligible D09SUDGUMPU: Self DM 
[11/25/25, 21:07:58:321] info: [CHECK-FOR-OLD-CHANNEL] (T07CXALJLTU) Identified 0 DMs/MPDMs of internalDMs type for closure 
[11/25/25, 21:07:58:321] info: [CHECK-FOR-OLD-CHANNEL] (T07CXALJLTU) Identified 0 DMs/MPDMs of appDMs type for closure 
[11/25/25, 21:07:58:321] info: [API-Q] (T07CXALJLTU) noversion-1764130078.321 Flannel users/info called with reason: flannel-call:users/info 
[11/25/25, 21:07:58:322] info: [API-Q] (T07CXALJLTU) noversion-1764130078.321 Flannel users/info is ENQUEUED 
[11/25/25, 21:07:58:322] info: [API-Q] (T07CXALJLTU) noversion-1764130078.321 Flannel users/info is ACTIVE 
[11/25/25, 21:07:58:488] info: [API-Q] (T07CXALJLTU) noversion-1764130078.321 Flannel users/info is RESOLVED 
[11/25/25, 21:07:58:599] info: [API-Q] (T095LHX9N) noversion-1764130078.598 Flannel users/info called with reason: flannel-call:users/info 
[11/25/25, 21:07:58:599] info: [API-Q] (T095LHX9N) noversion-1764130078.598 Flannel users/info is ENQUEUED 
[11/25/25, 21:07:58:600] info: [API-Q] (T095LHX9N) noversion-1764130078.598 Flannel users/info is ACTIVE 
[11/25/25, 21:07:58:727] info: [API-Q] (T095LHX9N) noversion-1764130078.598 Flannel users/info is RESOLVED 
[11/25/25, 21:07:58:792] info: [API-Q] (T026U7G95U6) noversion-1764130078.791 Flannel users/info called with reason: flannel-call:users/info 
[11/25/25, 21:07:58:792] info: [API-Q] (T026U7G95U6) noversion-1764130078.791 Flannel users/info is ENQUEUED 
[11/25/25, 21:07:58:792] info: [API-Q] (T026U7G95U6) noversion-1764130078.791 Flannel users/info is ACTIVE 
[11/25/25, 21:07:58:924] info: [API-Q] (T026U7G95U6) noversion-1764130078.791 Flannel users/info is RESOLVED 
[11/25/25, 21:07:59:667] info: [API-Q] (T095LHX9N) noversion-1764130079.666 Flannel users/info called with reason: flannel-call:users/info 
[11/25/25, 21:07:59:667] info: [API-Q] (T095LHX9N) noversion-1764130079.666 Flannel users/info is ENQUEUED 
[11/25/25, 21:07:59:668] info: [API-Q] (T095LHX9N) noversion-1764130079.666 Flannel users/info is ACTIVE 
[11/25/25, 21:07:59:751] info: [API-Q] (T095LHX9N) noversion-1764130079.666 Flannel users/info is RESOLVED 
[11/25/25, 21:10:57:565] info: [SIDEBAR-NOISE-METRICS] (T095LHX9N) Logging sidebar noise metrics 
[11/25/25, 21:10:57:565] info: [SIDEBAR-STATS] (T095LHX9N) Begin gathering sidebar stats 
[11/25/25, 21:10:57:566] info: [SIDEBAR-NOISE-METRICS] (T095LHX9N) Updated sidebar metrics for today 
[11/25/25, 21:10:57:717] info: [SIDEBAR-NOISE-METRICS] (T026U7G95U6) Logging sidebar noise metrics 
[11/25/25, 21:10:57:718] info: [SIDEBAR-STATS] (T026U7G95U6) Begin gathering sidebar stats 
[11/25/25, 21:10:57:718] info: [SIDEBAR-NOISE-METRICS] (T026U7G95U6) Updated sidebar metrics for today 
[11/25/25, 21:10:57:718] info: [API-Q] (T026U7G95U6) noversion-1764130257.718 Flannel users/info called with reason: flannel-call:users/info 
[11/25/25, 21:10:57:718] info: [API-Q] (T026U7G95U6) noversion-1764130257.718 Flannel users/info is ENQUEUED 
[11/25/25, 21:10:57:719] info: [API-Q] (T026U7G95U6) noversion-1764130257.718 Flannel users/info is ACTIVE 
[11/25/25, 21:10:57:941] info: [API-Q] (T026U7G95U6) noversion-1764130257.718 Flannel users/info is RESOLVED 
[11/25/25, 21:10:58:274] info: [SIDEBAR-NOISE-METRICS] (T07CXALJLTU) Logging sidebar noise metrics 
[11/25/25, 21:10:58:275] info: [SIDEBAR-STATS] (T07CXALJLTU) Begin gathering sidebar stats 
[11/25/25, 21:10:58:275] info: [SIDEBAR-NOISE-METRICS] (T07CXALJLTU) Updated sidebar metrics for today 
[11/25/25, 21:10:58:275] info: [API-Q] (T07CXALJLTU) noversion-1764130258.275 Flannel users/info called with reason: flannel-call:users/info 
[11/25/25, 21:10:58:275] info: [API-Q] (T07CXALJLTU) noversion-1764130258.275 Flannel users/info is ENQUEUED 
[11/25/25, 21:10:58:275] info: [API-Q] (T07CXALJLTU) noversion-1764130258.275 Flannel users/info is ACTIVE 
[11/25/25, 21:10:58:358] info: [API-Q] (T07CXALJLTU) noversion-1764130258.275 Flannel users/info is RESOLVED 
[11/25/25, 21:10:58:597] info: [API-Q] (T095LHX9N) noversion-1764130258.596 Flannel users/info called with reason: flannel-call:users/info 
[11/25/25, 21:10:58:597] info: [API-Q] (T095LHX9N) noversion-1764130258.596 Flannel users/info is ENQUEUED 
[11/25/25, 21:10:58:598] info: [API-Q] (T095LHX9N) noversion-1764130258.596 Flannel users/info is ACTIVE 
[11/25/25, 21:10:58:680] info: [API-Q] (T095LHX9N) noversion-1764130258.596 Flannel users/info is RESOLVED 
[11/25/25, 21:10:59:659] info: [API-Q] (T095LHX9N) noversion-1764130259.658 Flannel users/info called with reason: flannel-call:users/info 
[11/25/25, 21:10:59:659] info: [API-Q] (T095LHX9N) noversion-1764130259.658 Flannel users/info is ENQUEUED 
[11/25/25, 21:10:59:659] info: [API-Q] (T095LHX9N) noversion-1764130259.658 Flannel users/info is ACTIVE 
[11/25/25, 21:10:59:742] info: [API-Q] (T095LHX9N) noversion-1764130259.658 Flannel users/info is RESOLVED 
[11/25/25, 21:11:36:585] info: [API-Q] (T026U7G95U6) noversion-1764130296.584 Flannel users/info called with reason: flannel-call:users/info 
[11/25/25, 21:11:36:585] info: [API-Q] (T026U7G95U6) noversion-1764130296.584 Flannel users/info is ENQUEUED 
[11/25/25, 21:11:36:586] info: [API-Q] (T026U7G95U6) noversion-1764130296.584 Flannel users/info is ACTIVE 
[11/25/25, 21:11:36:755] info: [API-Q] (T026U7G95U6) noversion-1764130296.584 Flannel users/info is RESOLVED 
[11/25/25, 21:11:42:716] info: [DND_V2] (T095LHX9N) Checking for changes in DND status for the following members: U04UJR2PHMX,U095LTFRC,U03FCQ34JPK,U08PY1SAM0W,U0AL64VTR,U02BPRZ4FAQ,U06PZDZSXDZ,U06QB0DNF6U,U08L58USZ6V,U090VKSQFFW,U04M57LQ3EV 
[11/25/25, 21:11:42:717] info: [DND_V2] (T095LHX9N) Will check for changes in DND status again in 5 minutes 
[11/25/25, 21:13:14:398] info: [RTM-EVENT-METRICS] Metrics collection sampling has been reset. 
[11/25/25, 21:16:42:718] info: [DND_V2] (T095LHX9N) Checking for changes in DND status for the following members: U04UJR2PHMX,U095LTFRC,U03FCQ34JPK,U08PY1SAM0W,U0AL64VTR,U02BPRZ4FAQ,U06PZDZSXDZ,U06QB0DNF6U,U08L58USZ6V,U090VKSQFFW,U04M57LQ3EV 
[11/25/25, 21:16:42:719] info: [DND_V2] (T095LHX9N) Will check for changes in DND status again in 5 minutes 
[11/25/25, 21:21:42:720] info: [DND_V2] (T095LHX9N) Checking for changes in DND status for the following members: U04UJR2PHMX,U095LTFRC,U03FCQ34JPK,U08PY1SAM0W,U0AL64VTR,U02BPRZ4FAQ,U06PZDZSXDZ,U06QB0DNF6U,U08L58USZ6V,U090VKSQFFW,U04M57LQ3EV 
[11/25/25, 21:21:42:721] info: [DND_V2] (T095LHX9N) Will check for changes in DND status again in 5 minutes 
[11/25/25, 21:22:57:534] info: [CHECK-FOR-OLD-CHANNEL] (T095LHX9N) Start cleaning up DMs/MPDMs — starting with 53 entries. 
[11/25/25, 21:22:57:534] info: [CHECK-FOR-OLD-CHANNEL] (T095LHX9N) Eligible DMs/MPDMs for cleanup — [external DMs]:0, [internal DMs]: 11, [app DMs]: 0 
[11/25/25, 21:22:57:534] info: [CHECK-FOR-OLD-CHANNEL] (T095LHX9N) Identified 0 DMs/MPDMs of externalDMs type for closure 
[11/25/25, 21:22:57:534] info: [CHECK-FOR-OLD-CHANNEL] (T095LHX9N) Not eligible C09TW15MSKH: Not idle 
[11/25/25, 21:22:57:535] info: [CHECK-FOR-OLD-CHANNEL] (T095LHX9N) Not eligible D04U62ZABBM: Self DM 
[11/25/25, 21:22:57:535] info: [CHECK-FOR-OLD-CHANNEL] (T095LHX9N) Not eligible D04U6FHBBD1: Has draft 
[11/25/25, 21:22:57:535] info: [CHECK-FOR-OLD-CHANNEL] (T095LHX9N) Not eligible D04U8LHMQS0: Slackbot 
[11/25/25, 21:22:57:535] info: [CHECK-FOR-OLD-CHANNEL] (T095LHX9N) Not eligible D04UM60PJB1: Not idle 
[11/25/25, 21:22:57:535] info: [CHECK-FOR-OLD-CHANNEL] (T095LHX9N) Not eligible D08T2G33XDM: Not idle 
[11/25/25, 21:22:57:535] info: [CHECK-FOR-OLD-CHANNEL] (T095LHX9N) Not eligible D098CC27XGV: Has draft 
[11/25/25, 21:22:57:535] info: [CHECK-FOR-OLD-CHANNEL] (T095LHX9N) Identified 0 DMs/MPDMs of internalDMs type for closure 
[11/25/25, 21:22:57:535] info: [CHECK-FOR-OLD-CHANNEL] (T095LHX9N) Identified 0 DMs/MPDMs of appDMs type for closure 
[11/25/25, 21:22:57:717] info: [CHECK-FOR-OLD-CHANNEL] (T026U7G95U6) Start cleaning up DMs/MPDMs — starting with 11 entries. 
[11/25/25, 21:22:57:717] info: [CHECK-FOR-OLD-CHANNEL] (T026U7G95U6) Eligible DMs/MPDMs for cleanup — [external DMs]:0, [internal DMs]: 11, [app DMs]: 0 
[11/25/25, 21:22:57:717] info: [CHECK-FOR-OLD-CHANNEL] (T026U7G95U6) Identified 0 DMs/MPDMs of externalDMs type for closure 
[11/25/25, 21:22:57:717] info: [CHECK-FOR-OLD-CHANNEL] (T026U7G95U6) Not eligible D02AV4K7V6H: Slackbot 
[11/25/25, 21:22:57:718] info: [CHECK-FOR-OLD-CHANNEL] (T026U7G95U6) Not eligible D02B4B892TW: Self DM 
[11/25/25, 21:22:57:718] info: [CHECK-FOR-OLD-CHANNEL] (T026U7G95U6) Identified 0 DMs/MPDMs of internalDMs type for closure 
[11/25/25, 21:22:57:718] info: [CHECK-FOR-OLD-CHANNEL] (T026U7G95U6) Identified 0 DMs/MPDMs of appDMs type for closure 
[11/25/25, 21:22:57:718] info: [API-Q] (T026U7G95U6) noversion-1764130977.717 Flannel users/info called with reason: flannel-call:users/info 
[11/25/25, 21:22:57:718] info: [API-Q] (T026U7G95U6) noversion-1764130977.717 Flannel users/info is ENQUEUED 
[11/25/25, 21:22:57:718] info: [API-Q] (T026U7G95U6) noversion-1764130977.717 Flannel users/info is ACTIVE 
[11/25/25, 21:22:57:942] info: [API-Q] (T026U7G95U6) noversion-1764130977.717 Flannel users/info is RESOLVED 
[11/25/25, 21:22:58:274] info: [CHECK-FOR-OLD-CHANNEL] (T07CXALJLTU) Start cleaning up DMs/MPDMs — starting with 14 entries. 
[11/25/25, 21:22:58:274] info: [CHECK-FOR-OLD-CHANNEL] (T07CXALJLTU) Eligible DMs/MPDMs for cleanup — [external DMs]:0, [internal DMs]: 11, [app DMs]: 0 
[11/25/25, 21:22:58:274] info: [CHECK-FOR-OLD-CHANNEL] (T07CXALJLTU) Identified 0 DMs/MPDMs of externalDMs type for closure 
[11/25/25, 21:22:58:275] info: [CHECK-FOR-OLD-CHANNEL] (T07CXALJLTU) Not eligible D09SUDGUMPU: Self DM 
[11/25/25, 21:22:58:275] info: [CHECK-FOR-OLD-CHANNEL] (T07CXALJLTU) Identified 0 DMs/MPDMs of internalDMs type for closure 
[11/25/25, 21:22:58:275] info: [CHECK-FOR-OLD-CHANNEL] (T07CXALJLTU) Identified 0 DMs/MPDMs of appDMs type for closure 
[11/25/25, 21:22:58:275] info: [API-Q] (T07CXALJLTU) noversion-1764130978.274 Flannel users/info called with reason: flannel-call:users/info 
[11/25/25, 21:22:58:275] info: [API-Q] (T07CXALJLTU) noversion-1764130978.274 Flannel users/info is ENQUEUED 
[11/25/25, 21:22:58:276] info: [API-Q] (T07CXALJLTU) noversion-1764130978.274 Flannel users/info is ACTIVE 
[11/25/25, 21:22:58:369] info: [API-Q] (T07CXALJLTU) noversion-1764130978.274 Flannel users/info is RESOLVED 
[11/25/25, 21:22:58:544] info: [API-Q] (T095LHX9N) noversion-1764130978.543 Flannel users/info called with reason: flannel-call:users/info 
[11/25/25, 21:22:58:544] info: [API-Q] (T095LHX9N) noversion-1764130978.543 Flannel users/info is ENQUEUED 
[11/25/25, 21:22:58:544] info: [API-Q] (T095LHX9N) noversion-1764130978.543 Flannel users/info is ACTIVE 
[11/25/25, 21:22:58:648] info: [API-Q] (T095LHX9N) noversion-1764130978.543 Flannel users/info is RESOLVED 
[11/25/25, 21:22:59:614] info: [API-Q] (T095LHX9N) noversion-1764130979.613 Flannel users/info called with reason: flannel-call:users/info 
[11/25/25, 21:22:59:614] info: [API-Q] (T095LHX9N) noversion-1764130979.613 Flannel users/info is ENQUEUED 
[11/25/25, 21:22:59:614] info: [API-Q] (T095LHX9N) noversion-1764130979.613 Flannel users/info is ACTIVE 
[11/25/25, 21:22:59:687] info: [API-Q] (T095LHX9N) noversion-1764130979.613 Flannel users/info is RESOLVED 
[11/25/25, 21:23:14:398] info: [RTM-EVENT-METRICS] Metrics collection sampling has been reset. 
[11/25/25, 21:24:06:061] info: [PERSIST] (T026U7G95U6) Successfully persisted state 
[11/25/25, 21:24:06:067] info: [PERSIST] (T07CXALJLTU) Successfully persisted state 
[11/25/25, 21:24:26:076] info: [PERSIST] (T095LHX9N) Successfully persisted state 
[11/25/25, 21:26:42:722] info: [DND_V2] (T095LHX9N) Checking for changes in DND status for the following members: U04UJR2PHMX,U095LTFRC,U03FCQ34JPK,U08PY1SAM0W,U0AL64VTR,U02BPRZ4FAQ,U06PZDZSXDZ,U06QB0DNF6U,U08L58USZ6V,U090VKSQFFW,U04M57LQ3EV 
[11/25/25, 21:26:42:723] info: [DND_V2] (T095LHX9N) Will check for changes in DND status again in 5 minutes 
[11/25/25, 21:31:42:724] info: [DND_V2] (T095LHX9N) Checking for changes in DND status for the following members: U04UJR2PHMX,U095LTFRC,U03FCQ34JPK,U08PY1SAM0W,U0AL64VTR,U02BPRZ4FAQ,U06PZDZSXDZ,U06QB0DNF6U,U08L58USZ6V,U090VKSQFFW,U04M57LQ3EV 
[11/25/25, 21:31:42:725] info: [DND_V2] (T095LHX9N) Will check for changes in DND status again in 5 minutes 
[11/25/25, 21:33:14:398] info: [RTM-EVENT-METRICS] Metrics collection sampling has been reset. 
[11/25/25, 21:36:42:725] info: [DND_V2] (T095LHX9N) Checking for changes in DND status for the following members: U04UJR2PHMX,U095LTFRC,U03FCQ34JPK,U08PY1SAM0W,U0AL64VTR,U02BPRZ4FAQ,U06PZDZSXDZ,U06QB0DNF6U,U08L58USZ6V,U090VKSQFFW,U04M57LQ3EV 
[11/25/25, 21:36:42:726] info: [DND_V2] (T095LHX9N) Will check for changes in DND status again in 5 minutes 
[11/25/25, 21:37:57:534] info: [CHECK-FOR-OLD-CHANNEL] (T095LHX9N) Start cleaning up DMs/MPDMs — starting with 53 entries. 
[11/25/25, 21:37:57:534] info: [CHECK-FOR-OLD-CHANNEL] (T095LHX9N) Eligible DMs/MPDMs for cleanup — [external DMs]:0, [internal DMs]: 11, [app DMs]: 0 
[11/25/25, 21:37:57:534] info: [CHECK-FOR-OLD-CHANNEL] (T095LHX9N) Identified 0 DMs/MPDMs of externalDMs type for closure 
[11/25/25, 21:37:57:534] info: [CHECK-FOR-OLD-CHANNEL] (T095LHX9N) Not eligible C09TW15MSKH: Not idle 
[11/25/25, 21:37:57:534] info: [CHECK-FOR-OLD-CHANNEL] (T095LHX9N) Not eligible D04U62ZABBM: Self DM 
[11/25/25, 21:37:57:534] info: [CHECK-FOR-OLD-CHANNEL] (T095LHX9N) Not eligible D04U6FHBBD1: Has draft 
[11/25/25, 21:37:57:534] info: [CHECK-FOR-OLD-CHANNEL] (T095LHX9N) Not eligible D04U8LHMQS0: Slackbot 
[11/25/25, 21:37:57:534] info: [CHECK-FOR-OLD-CHANNEL] (T095LHX9N) Not eligible D04UM60PJB1: Not idle 
[11/25/25, 21:37:57:534] info: [CHECK-FOR-OLD-CHANNEL] (T095LHX9N) Not eligible D08T2G33XDM: Not idle 
[11/25/25, 21:37:57:534] info: [CHECK-FOR-OLD-CHANNEL] (T095LHX9N) Not eligible D098CC27XGV: Has draft 
[11/25/25, 21:37:57:534] info: [CHECK-FOR-OLD-CHANNEL] (T095LHX9N) Identified 0 DMs/MPDMs of internalDMs type for closure 
[11/25/25, 21:37:57:534] info: [CHECK-FOR-OLD-CHANNEL] (T095LHX9N) Identified 0 DMs/MPDMs of appDMs type for closure 
[11/25/25, 21:37:57:716] info: [CHECK-FOR-OLD-CHANNEL] (T026U7G95U6) Start cleaning up DMs/MPDMs — starting with 11 entries. 
[11/25/25, 21:37:57:717] info: [CHECK-FOR-OLD-CHANNEL] (T026U7G95U6) Eligible DMs/MPDMs for cleanup — [external DMs]:0, [internal DMs]: 11, [app DMs]: 0 
[11/25/25, 21:37:57:717] info: [CHECK-FOR-OLD-CHANNEL] (T026U7G95U6) Identified 0 DMs/MPDMs of externalDMs type for closure 
[11/25/25, 21:37:57:717] info: [CHECK-FOR-OLD-CHANNEL] (T026U7G95U6) Not eligible D02AV4K7V6H: Slackbot 
[11/25/25, 21:37:57:717] info: [CHECK-FOR-OLD-CHANNEL] (T026U7G95U6) Not eligible D02B4B892TW: Self DM 
[11/25/25, 21:37:57:717] info: [CHECK-FOR-OLD-CHANNEL] (T026U7G95U6) Identified 0 DMs/MPDMs of internalDMs type for closure 
[11/25/25, 21:37:57:717] info: [CHECK-FOR-OLD-CHANNEL] (T026U7G95U6) Identified 0 DMs/MPDMs of appDMs type for closure 
[11/25/25, 21:37:58:274] info: [CHECK-FOR-OLD-CHANNEL] (T07CXALJLTU) Start cleaning up DMs/MPDMs — starting with 14 entries. 
[11/25/25, 21:37:58:274] info: [CHECK-FOR-OLD-CHANNEL] (T07CXALJLTU) Eligible DMs/MPDMs for cleanup — [external DMs]:0, [internal DMs]: 11, [app DMs]: 0 
[11/25/25, 21:37:58:274] info: [CHECK-FOR-OLD-CHANNEL] (T07CXALJLTU) Identified 0 DMs/MPDMs of externalDMs type for closure 
[11/25/25, 21:37:58:274] info: [CHECK-FOR-OLD-CHANNEL] (T07CXALJLTU) Not eligible D09SUDGUMPU: Self DM 
[11/25/25, 21:37:58:274] info: [CHECK-FOR-OLD-CHANNEL] (T07CXALJLTU) Identified 0 DMs/MPDMs of internalDMs type for closure 
[11/25/25, 21:37:58:274] info: [CHECK-FOR-OLD-CHANNEL] (T07CXALJLTU) Identified 0 DMs/MPDMs of appDMs type for closure 
[11/25/25, 21:41:42:727] info: [DND_V2] (T095LHX9N) Checking for changes in DND status for the following members: U04UJR2PHMX,U095LTFRC,U03FCQ34JPK,U08PY1SAM0W,U0AL64VTR,U02BPRZ4FAQ,U06PZDZSXDZ,U06QB0DNF6U,U08L58USZ6V,U090VKSQFFW,U04M57LQ3EV 
[11/25/25, 21:41:42:728] info: [DND_V2] (T095LHX9N) Will check for changes in DND status again in 5 minutes 
[11/25/25, 21:43:14:398] info: [RTM-EVENT-METRICS] Metrics collection sampling has been reset. 
[11/25/25, 21:46:42:729] info: [DND_V2] (T095LHX9N) Checking for changes in DND status for the following members: U04UJR2PHMX,U095LTFRC,U03FCQ34JPK,U08PY1SAM0W,U0AL64VTR,U02BPRZ4FAQ,U06PZDZSXDZ,U06QB0DNF6U,U08L58USZ6V,U090VKSQFFW,U04M57LQ3EV 
[11/25/25, 21:46:42:730] info: [DND_V2] (T095LHX9N) Will check for changes in DND status again in 5 minutes 
[11/25/25, 21:51:42:730] info: [DND_V2] (T095LHX9N) Checking for changes in DND status for the following members: U04UJR2PHMX,U095LTFRC,U03FCQ34JPK,U08PY1SAM0W,U0AL64VTR,U02BPRZ4FAQ,U06PZDZSXDZ,U06QB0DNF6U,U08L58USZ6V,U090VKSQFFW,U04M57LQ3EV 
[11/25/25, 21:51:42:731] info: [DND_V2] (T095LHX9N) Will check for changes in DND status again in 5 minutes 
[11/25/25, 21:52:57:534] info: [CHECK-FOR-OLD-CHANNEL] (T095LHX9N) Start cleaning up DMs/MPDMs — starting with 53 entries. 
[11/25/25, 21:52:57:534] info: [CHECK-FOR-OLD-CHANNEL] (T095LHX9N) Eligible DMs/MPDMs for cleanup — [external DMs]:0, [internal DMs]: 11, [app DMs]: 0 
[11/25/25, 21:52:57:534] info: [CHECK-FOR-OLD-CHANNEL] (T095LHX9N) Identified 0 DMs/MPDMs of externalDMs type for closure 
[11/25/25, 21:52:57:534] info: [CHECK-FOR-OLD-CHANNEL] (T095LHX9N) Not eligible C09TW15MSKH: Not idle 
[11/25/25, 21:52:57:534] info: [CHECK-FOR-OLD-CHANNEL] (T095LHX9N) Not eligible D04U62ZABBM: Self DM 
[11/25/25, 21:52:57:534] info: [CHECK-FOR-OLD-CHANNEL] (T095LHX9N) Not eligible D04U6FHBBD1: Has draft 
[11/25/25, 21:52:57:534] info: [CHECK-FOR-OLD-CHANNEL] (T095LHX9N) Not eligible D04U8LHMQS0: Slackbot 
[11/25/25, 21:52:57:534] info: [CHECK-FOR-OLD-CHANNEL] (T095LHX9N) Not eligible D04UM60PJB1: Not idle 
[11/25/25, 21:52:57:534] info: [CHECK-FOR-OLD-CHANNEL] (T095LHX9N) Not eligible D08T2G33XDM: Not idle 
[11/25/25, 21:52:57:534] info: [CHECK-FOR-OLD-CHANNEL] (T095LHX9N) Not eligible D098CC27XGV: Has draft 
[11/25/25, 21:52:57:534] info: [CHECK-FOR-OLD-CHANNEL] (T095LHX9N) Identified 0 DMs/MPDMs of internalDMs type for closure 
[11/25/25, 21:52:57:535] info: [CHECK-FOR-OLD-CHANNEL] (T095LHX9N) Identified 0 DMs/MPDMs of appDMs type for closure 
[11/25/25, 21:52:57:717] info: [CHECK-FOR-OLD-CHANNEL] (T026U7G95U6) Start cleaning up DMs/MPDMs — starting with 11 entries. 
[11/25/25, 21:52:57:717] info: [CHECK-FOR-OLD-CHANNEL] (T026U7G95U6) Eligible DMs/MPDMs for cleanup — [external DMs]:0, [internal DMs]: 11, [app DMs]: 0 
[11/25/25, 21:52:57:717] info: [CHECK-FOR-OLD-CHANNEL] (T026U7G95U6) Identified 0 DMs/MPDMs of externalDMs type for closure 
[11/25/25, 21:52:57:717] info: [CHECK-FOR-OLD-CHANNEL] (T026U7G95U6) Not eligible D02AV4K7V6H: Slackbot 
[11/25/25, 21:52:57:717] info: [CHECK-FOR-OLD-CHANNEL] (T026U7G95U6) Not eligible D02B4B892TW: Self DM 
[11/25/25, 21:52:57:717] info: [CHECK-FOR-OLD-CHANNEL] (T026U7G95U6) Identified 0 DMs/MPDMs of internalDMs type for closure 
[11/25/25, 21:52:57:717] info: [CHECK-FOR-OLD-CHANNEL] (T026U7G95U6) Identified 0 DMs/MPDMs of appDMs type for closure 
[11/25/25, 21:52:58:274] info: [CHECK-FOR-OLD-CHANNEL] (T07CXALJLTU) Start cleaning up DMs/MPDMs — starting with 14 entries. 
[11/25/25, 21:52:58:274] info: [CHECK-FOR-OLD-CHANNEL] (T07CXALJLTU) Eligible DMs/MPDMs for cleanup — [external DMs]:0, [internal DMs]: 11, [app DMs]: 0 
[11/25/25, 21:52:58:274] info: [CHECK-FOR-OLD-CHANNEL] (T07CXALJLTU) Identified 0 DMs/MPDMs of externalDMs type for closure 
[11/25/25, 21:52:58:274] info: [CHECK-FOR-OLD-CHANNEL] (T07CXALJLTU) Not eligible D09SUDGUMPU: Self DM 
[11/25/25, 21:52:58:274] info: [CHECK-FOR-OLD-CHANNEL] (T07CXALJLTU) Identified 0 DMs/MPDMs of internalDMs type for closure 
[11/25/25, 21:52:58:274] info: [CHECK-FOR-OLD-CHANNEL] (T07CXALJLTU) Identified 0 DMs/MPDMs of appDMs type for closure 
[11/25/25, 21:53:14:398] info: [RTM-EVENT-METRICS] Metrics collection sampling has been reset. 
[11/25/25, 21:56:42:732] info: [DND_V2] (T095LHX9N) Checking for changes in DND status for the following members: U04UJR2PHMX,U095LTFRC,U03FCQ34JPK,U08PY1SAM0W,U0AL64VTR,U02BPRZ4FAQ,U06PZDZSXDZ,U06QB0DNF6U,U08L58USZ6V,U090VKSQFFW,U04M57LQ3EV 
[11/25/25, 21:56:42:734] info: [DND_V2] (T095LHX9N) Will check for changes in DND status again in 3.3 minutes 
[11/25/25, 22:00:00:734] info: [DND_V2] (T095LHX9N) Checking for changes in DND status for the following members: U04UJR2PHMX,U095LTFRC,U03FCQ34JPK,U08PY1SAM0W,U0AL64VTR,U02BPRZ4FAQ,U06PZDZSXDZ,U06QB0DNF6U,U08L58USZ6V,U090VKSQFFW,U04M57LQ3EV 
[11/25/25, 22:00:00:735] info: [DND_V2] (T095LHX9N) Members with DND changes: U04UJR2PHMX,U03FCQ34JPK,U08PY1SAM0W,U06PZDZSXDZ,U06QB0DNF6U,U08L58USZ6V,U090VKSQFFW 
[11/25/25, 22:00:00:735] info: [DND_V2] (T095LHX9N) Will check for changes in DND status again in 5 minutes 
[11/25/25, 22:00:00:744] info: [API-Q] (T095LHX9N) noversion-1764133200.743 Flannel users/info called with reason: flannel-call:users/info 
[11/25/25, 22:00:00:744] info: [API-Q] (T095LHX9N) noversion-1764133200.743 Flannel users/info is ENQUEUED 
[11/25/25, 22:00:00:744] info: [API-Q] (T095LHX9N) noversion-1764133200.743 Flannel users/info is ACTIVE 
[11/25/25, 22:00:00:938] info: [API-Q] (T095LHX9N) noversion-1764133200.743 Flannel users/info is RESOLVED 
[11/25/25, 22:03:14:398] info: [RTM-EVENT-METRICS] Metrics collection sampling has been reset. 
[11/25/25, 22:05:00:736] info: [DND_V2] (T095LHX9N) Checking for changes in DND status for the following members: U04UJR2PHMX,U095LTFRC,U03FCQ34JPK,U08PY1SAM0W,U0AL64VTR,U02BPRZ4FAQ,U06PZDZSXDZ,U06QB0DNF6U,U08L58USZ6V,U090VKSQFFW,U04M57LQ3EV 
[11/25/25, 22:05:00:738] info: [DND_V2] (T095LHX9N) Will check for changes in DND status again in 5 minutes 
[11/25/25, 22:07:49:042] info: [API-Q] (T095LHX9N) noversion-1764133669.042 Flannel users/info called with reason: flannel-call:users/info 
[11/25/25, 22:07:49:042] info: [API-Q] (T095LHX9N) noversion-1764133669.042 Flannel users/info is ENQUEUED 
[11/25/25, 22:07:49:043] info: [API-Q] (T095LHX9N) noversion-1764133669.042 Flannel users/info is ACTIVE 
[11/25/25, 22:07:49:243] info: [API-Q] (T095LHX9N) noversion-1764133669.042 Flannel users/info is RESOLVED 
[11/25/25, 22:07:50:073] info: [API-Q] (T095LHX9N) noversion-1764133670.072 Flannel users/info called with reason: flannel-call:users/info 
[11/25/25, 22:07:50:073] info: [API-Q] (T095LHX9N) noversion-1764133670.072 Flannel users/info is ENQUEUED 
[11/25/25, 22:07:50:073] info: [API-Q] (T095LHX9N) noversion-1764133670.072 Flannel users/info is ACTIVE 
[11/25/25, 22:07:50:144] info: [API-Q] (T095LHX9N) noversion-1764133670.072 Flannel users/info is RESOLVED 
[11/25/25, 22:07:57:534] info: [CHECK-FOR-OLD-CHANNEL] (T095LHX9N) Start cleaning up DMs/MPDMs — starting with 53 entries. 
[11/25/25, 22:07:57:534] info: [CHECK-FOR-OLD-CHANNEL] (T095LHX9N) Eligible DMs/MPDMs for cleanup — [external DMs]:0, [internal DMs]: 11, [app DMs]: 0 
[11/25/25, 22:07:57:534] info: [CHECK-FOR-OLD-CHANNEL] (T095LHX9N) Identified 0 DMs/MPDMs of externalDMs type for closure 
[11/25/25, 22:07:57:534] info: [CHECK-FOR-OLD-CHANNEL] (T095LHX9N) Not eligible C09TW15MSKH: Not idle 
[11/25/25, 22:07:57:535] info: [CHECK-FOR-OLD-CHANNEL] (T095LHX9N) Not eligible D04U62ZABBM: Self DM 
[11/25/25, 22:07:57:535] info: [CHECK-FOR-OLD-CHANNEL] (T095LHX9N) Not eligible D04U6FHBBD1: Has draft 
[11/25/25, 22:07:57:535] info: [CHECK-FOR-OLD-CHANNEL] (T095LHX9N) Not eligible D04U8LHMQS0: Slackbot 
[11/25/25, 22:07:57:535] info: [CHECK-FOR-OLD-CHANNEL] (T095LHX9N) Not eligible D04UM60PJB1: Not idle 
[11/25/25, 22:07:57:535] info: [CHECK-FOR-OLD-CHANNEL] (T095LHX9N) Not eligible D08T2G33XDM: Not idle 
[11/25/25, 22:07:57:535] info: [CHECK-FOR-OLD-CHANNEL] (T095LHX9N) Not eligible D098CC27XGV: Has draft 
[11/25/25, 22:07:57:535] info: [CHECK-FOR-OLD-CHANNEL] (T095LHX9N) Identified 0 DMs/MPDMs of internalDMs type for closure 
[11/25/25, 22:07:57:535] info: [CHECK-FOR-OLD-CHANNEL] (T095LHX9N) Identified 0 DMs/MPDMs of appDMs type for closure 
[11/25/25, 22:07:57:717] info: [CHECK-FOR-OLD-CHANNEL] (T026U7G95U6) Start cleaning up DMs/MPDMs — starting with 11 entries. 
[11/25/25, 22:07:57:717] info: [CHECK-FOR-OLD-CHANNEL] (T026U7G95U6) Eligible DMs/MPDMs for cleanup — [external DMs]:0, [internal DMs]: 11, [app DMs]: 0 
[11/25/25, 22:07:57:717] info: [CHECK-FOR-OLD-CHANNEL] (T026U7G95U6) Identified 0 DMs/MPDMs of externalDMs type for closure 
[11/25/25, 22:07:57:717] info: [CHECK-FOR-OLD-CHANNEL] (T026U7G95U6) Not eligible D02AV4K7V6H: Slackbot 
[11/25/25, 22:07:57:717] info: [CHECK-FOR-OLD-CHANNEL] (T026U7G95U6) Not eligible D02B4B892TW: Self DM 
[11/25/25, 22:07:57:717] info: [CHECK-FOR-OLD-CHANNEL] (T026U7G95U6) Identified 0 DMs/MPDMs of internalDMs type for closure 
[11/25/25, 22:07:57:718] info: [CHECK-FOR-OLD-CHANNEL] (T026U7G95U6) Identified 0 DMs/MPDMs of appDMs type for closure 
[11/25/25, 22:07:57:718] info: [API-Q] (T026U7G95U6) noversion-1764133677.717 Flannel users/info called with reason: flannel-call:users/info 
[11/25/25, 22:07:57:718] info: [API-Q] (T026U7G95U6) noversion-1764133677.717 Flannel users/info is ENQUEUED 
[11/25/25, 22:07:57:719] info: [API-Q] (T026U7G95U6) noversion-1764133677.717 Flannel users/info is ACTIVE 
[11/25/25, 22:07:57:989] info: [API-Q] (T026U7G95U6) noversion-1764133677.717 Flannel users/info is RESOLVED 
[11/25/25, 22:07:58:274] info: [CHECK-FOR-OLD-CHANNEL] (T07CXALJLTU) Start cleaning up DMs/MPDMs — starting with 14 entries. 
[11/25/25, 22:07:58:274] info: [CHECK-FOR-OLD-CHANNEL] (T07CXALJLTU) Eligible DMs/MPDMs for cleanup — [external DMs]:0, [internal DMs]: 11, [app DMs]: 0 
[11/25/25, 22:07:58:274] info: [CHECK-FOR-OLD-CHANNEL] (T07CXALJLTU) Identified 0 DMs/MPDMs of externalDMs type for closure 
[11/25/25, 22:07:58:274] info: [CHECK-FOR-OLD-CHANNEL] (T07CXALJLTU) Not eligible D09SUDGUMPU: Self DM 
[11/25/25, 22:07:58:275] info: [CHECK-FOR-OLD-CHANNEL] (T07CXALJLTU) Identified 0 DMs/MPDMs of internalDMs type for closure 
[11/25/25, 22:07:58:275] info: [CHECK-FOR-OLD-CHANNEL] (T07CXALJLTU) Identified 0 DMs/MPDMs of appDMs type for closure 
[11/25/25, 22:07:58:275] info: [API-Q] (T07CXALJLTU) noversion-1764133678.274 Flannel users/info called with reason: flannel-call:users/info 
[11/25/25, 22:07:58:275] info: [API-Q] (T07CXALJLTU) noversion-1764133678.274 Flannel users/info is ENQUEUED 
[11/25/25, 22:07:58:276] info: [API-Q] (T07CXALJLTU) noversion-1764133678.274 Flannel users/info is ACTIVE 
[11/25/25, 22:07:58:346] info: [API-Q] (T07CXALJLTU) noversion-1764133678.274 Flannel users/info is RESOLVED 
[11/25/25, 22:08:19:160] info: [MIN-VERSION] Checking to see if we should reload 
[11/25/25, 22:08:19:162] info: [BOOT-QUEUE] T095LHX9N noversion-1764133699.161 client.shouldReload called with reason: polling 
[11/25/25, 22:08:19:162] info: [BOOT-QUEUE] T095LHX9N noversion-1764133699.161 client.shouldReload is ENQUEUED 
[11/25/25, 22:08:19:163] info: [BOOT-QUEUE] T095LHX9N noversion-1764133699.161 client.shouldReload is ACTIVE 
[11/25/25, 22:08:19:403] info: [BOOT-QUEUE] T095LHX9N noversion-1764133699.161 client.shouldReload is RESOLVED 
[11/25/25, 22:08:19:403] info: [MIN-VERSION] No need to reload 
[11/25/25, 22:08:19:403] info: [MIN-VERSION] No need to install new service worker 
[11/25/25, 22:10:00:738] info: [DND_V2] (T095LHX9N) Checking for changes in DND status for the following members: U04UJR2PHMX,U095LTFRC,U03FCQ34JPK,U08PY1SAM0W,U0AL64VTR,U02BPRZ4FAQ,U06PZDZSXDZ,U06QB0DNF6U,U08L58USZ6V,U090VKSQFFW,U04M57LQ3EV 
[11/25/25, 22:10:00:739] info: [DND_V2] (T095LHX9N) Will check for changes in DND status again in 5 minutes 
[11/25/25, 22:10:57:565] info: [SIDEBAR-NOISE-METRICS] (T095LHX9N) Logging sidebar noise metrics 
[11/25/25, 22:10:57:565] info: [SIDEBAR-STATS] (T095LHX9N) Begin gathering sidebar stats 
[11/25/25, 22:10:57:566] info: [SIDEBAR-NOISE-METRICS] (T095LHX9N) Updated sidebar metrics for today 
[11/25/25, 22:10:57:566] info: [API-Q] (T095LHX9N) noversion-1764133857.566 Flannel users/info called with reason: flannel-call:users/info 
[11/25/25, 22:10:57:566] info: [API-Q] (T095LHX9N) noversion-1764133857.566 Flannel users/info is ENQUEUED 
[11/25/25, 22:10:57:567] info: [API-Q] (T095LHX9N) noversion-1764133857.566 Flannel users/info is ACTIVE 
[11/25/25, 22:10:57:718] info: [SIDEBAR-NOISE-METRICS] (T026U7G95U6) Logging sidebar noise metrics 
[11/25/25, 22:10:57:718] info: [SIDEBAR-STATS] (T026U7G95U6) Begin gathering sidebar stats 
[11/25/25, 22:10:57:718] info: [SIDEBAR-NOISE-METRICS] (T026U7G95U6) Updated sidebar metrics for today 
[11/25/25, 22:10:57:718] info: [API-Q] (T026U7G95U6) noversion-1764133857.718 Flannel users/info called with reason: flannel-call:users/info 
[11/25/25, 22:10:57:718] info: [API-Q] (T026U7G95U6) noversion-1764133857.718 Flannel users/info is ENQUEUED 
[11/25/25, 22:10:57:719] info: [API-Q] (T026U7G95U6) noversion-1764133857.718 Flannel users/info is ACTIVE 
[11/25/25, 22:10:57:774] info: [API-Q] (T095LHX9N) noversion-1764133857.566 Flannel users/info is RESOLVED 
[11/25/25, 22:10:57:780] info: [API-Q] (T095LHX9N) e147fbfc-1764133857.780 slackAi.permissions.getForUser called with reason: fetch-slack-ai-permissions 
[11/25/25, 22:10:57:781] info: [API-Q] (T095LHX9N) e147fbfc-1764133857.780 slackAi.permissions.getForUser is ENQUEUED 
[11/25/25, 22:10:57:781] info: [API-Q] (T095LHX9N) e147fbfc-1764133857.780 slackAi.permissions.getForUser is ACTIVE 
[11/25/25, 22:10:57:793] info: [API-Q] (T026U7G95U6) noversion-1764133857.718 Flannel users/info is RESOLVED 
[11/25/25, 22:10:58:019] info: [API-Q] (T095LHX9N) e147fbfc-1764133857.780 slackAi.permissions.getForUser is RESOLVED 
[11/25/25, 22:10:58:027] info: [API-Q] (T095LHX9N) e147fbfc-1764133858.027 slackAi.permissions.getForUser called with reason: fetch-slack-ai-permissions 
[11/25/25, 22:10:58:027] info: [API-Q] (T095LHX9N) e147fbfc-1764133858.027 slackAi.permissions.getForUser is ENQUEUED 
[11/25/25, 22:10:58:028] info: [API-Q] (T095LHX9N) noversion-1764133858.027 Flannel permissions/info called with reason: flannel-call:permissions/info 
[11/25/25, 22:10:58:028] info: [API-Q] (T095LHX9N) noversion-1764133858.027 Flannel permissions/info is ENQUEUED 
[11/25/25, 22:10:58:028] info: [API-Q] (T095LHX9N) e147fbfc-1764133858.027 slackAi.permissions.getForUser is ACTIVE 
[11/25/25, 22:10:58:028] info: [API-Q] (T095LHX9N) noversion-1764133858.027 Flannel permissions/info is ACTIVE 
[11/25/25, 22:10:58:028] info: [API-Q] (T095LHX9N) noversion-1764133858.028 Flannel permissions/info called with reason: flannel-call:permissions/info 
[11/25/25, 22:10:58:028] info: [API-Q] (T095LHX9N) noversion-1764133858.028 Flannel permissions/info is ENQUEUED 
[11/25/25, 22:10:58:028] info: [API-Q] (T095LHX9N) noversion-1764133858.028 Flannel permissions/info is ACTIVE 
[11/25/25, 22:10:58:113] info: [API-Q] (T095LHX9N) e147fbfc-1764133858.027 slackAi.permissions.getForUser is RESOLVED 
[11/25/25, 22:10:58:275] info: [SIDEBAR-NOISE-METRICS] (T07CXALJLTU) Logging sidebar noise metrics 
[11/25/25, 22:10:58:276] info: [SIDEBAR-STATS] (T07CXALJLTU) Begin gathering sidebar stats 
[11/25/25, 22:10:58:276] info: [SIDEBAR-NOISE-METRICS] (T07CXALJLTU) Updated sidebar metrics for today 
[11/25/25, 22:10:58:277] info: [API-Q] (T07CXALJLTU) noversion-1764133858.276 Flannel users/info called with reason: flannel-call:users/info 
[11/25/25, 22:10:58:277] info: [API-Q] (T07CXALJLTU) noversion-1764133858.276 Flannel users/info is ENQUEUED 
[11/25/25, 22:10:58:277] info: [API-Q] (T07CXALJLTU) noversion-1764133858.276 Flannel users/info is ACTIVE 
[11/25/25, 22:10:58:367] info: [API-Q] (T07CXALJLTU) noversion-1764133858.276 Flannel users/info is RESOLVED 
[11/25/25, 22:10:58:500] info: [API-Q] (T095LHX9N) noversion-1764133858.027 Flannel permissions/info is RESOLVED 
[11/25/25, 22:10:58:501] info: [API-Q] (T095LHX9N) noversion-1764133858.028 Flannel permissions/info is RESOLVED 
[11/25/25, 22:13:14:398] info: [RTM-EVENT-METRICS] Metrics collection sampling has been reset. 
[11/25/25, 22:15:00:740] info: [DND_V2] (T095LHX9N) Checking for changes in DND status for the following members: U04UJR2PHMX,U095LTFRC,U03FCQ34JPK,U08PY1SAM0W,U0AL64VTR,U02BPRZ4FAQ,U06PZDZSXDZ,U06QB0DNF6U,U08L58USZ6V,U090VKSQFFW,U04M57LQ3EV 
[11/25/25, 22:15:00:742] info: [DND_V2] (T095LHX9N) Will check for changes in DND status again in 5 minutes 
[11/25/25, 22:17:29:527] info: [API-Q] (T07CXALJLTU) noversion-1764134249.527 Flannel users/info called with reason: flannel-call:users/info 
[11/25/25, 22:17:29:528] info: [API-Q] (T07CXALJLTU) noversion-1764134249.527 Flannel users/info is ENQUEUED 
[11/25/25, 22:17:29:528] info: [API-Q] (T07CXALJLTU) noversion-1764134249.527 Flannel users/info is ACTIVE 
[11/25/25, 22:17:29:793] info: [API-Q] (T07CXALJLTU) noversion-1764134249.527 Flannel users/info is RESOLVED 
[11/25/25, 22:19:39:621] info: [API-Q] (T026U7G95U6) noversion-1764134379.620 Flannel users/info called with reason: flannel-call:users/info 
[11/25/25, 22:19:39:622] info: [API-Q] (T026U7G95U6) noversion-1764134379.620 Flannel users/info is ENQUEUED 
[11/25/25, 22:19:39:622] info: [API-Q] (T026U7G95U6) noversion-1764134379.620 Flannel users/info is ACTIVE 
[11/25/25, 22:19:40:153] info: [API-Q] (T026U7G95U6) noversion-1764134379.620 Flannel users/info is RESOLVED 
[11/25/25, 22:20:00:742] info: [DND_V2] (T095LHX9N) Checking for changes in DND status for the following members: U04UJR2PHMX,U095LTFRC,U03FCQ34JPK,U08PY1SAM0W,U0AL64VTR,U02BPRZ4FAQ,U06PZDZSXDZ,U06QB0DNF6U,U08L58USZ6V,U090VKSQFFW,U04M57LQ3EV 
[11/25/25, 22:20:00:743] info: [DND_V2] (T095LHX9N) Will check for changes in DND status again in 5 minutes 
[11/25/25, 22:22:57:534] info: [CHECK-FOR-OLD-CHANNEL] (T095LHX9N) Start cleaning up DMs/MPDMs — starting with 53 entries. 
[11/25/25, 22:22:57:534] info: [CHECK-FOR-OLD-CHANNEL] (T095LHX9N) Eligible DMs/MPDMs for cleanup — [external DMs]:0, [internal DMs]: 11, [app DMs]: 0 
[11/25/25, 22:22:57:534] info: [CHECK-FOR-OLD-CHANNEL] (T095LHX9N) Identified 0 DMs/MPDMs of externalDMs type for closure 
[11/25/25, 22:22:57:534] info: [CHECK-FOR-OLD-CHANNEL] (T095LHX9N) Not eligible C09TW15MSKH: Not idle 
[11/25/25, 22:22:57:535] info: [CHECK-FOR-OLD-CHANNEL] (T095LHX9N) Not eligible D04U62ZABBM: Self DM 
[11/25/25, 22:22:57:535] info: [CHECK-FOR-OLD-CHANNEL] (T095LHX9N) Not eligible D04U6FHBBD1: Has draft 
[11/25/25, 22:22:57:535] info: [CHECK-FOR-OLD-CHANNEL] (T095LHX9N) Not eligible D04U8LHMQS0: Slackbot 
[11/25/25, 22:22:57:535] info: [CHECK-FOR-OLD-CHANNEL] (T095LHX9N) Not eligible D04UM60PJB1: Not idle 
[11/25/25, 22:22:57:535] info: [CHECK-FOR-OLD-CHANNEL] (T095LHX9N) Not eligible D08T2G33XDM: Not idle 
[11/25/25, 22:22:57:535] info: [CHECK-FOR-OLD-CHANNEL] (T095LHX9N) Not eligible D098CC27XGV: Has draft 
[11/25/25, 22:22:57:535] info: [CHECK-FOR-OLD-CHANNEL] (T095LHX9N) Identified 0 DMs/MPDMs of internalDMs type for closure 
[11/25/25, 22:22:57:535] info: [CHECK-FOR-OLD-CHANNEL] (T095LHX9N) Identified 0 DMs/MPDMs of appDMs type for closure 
[11/25/25, 22:22:57:717] info: [CHECK-FOR-OLD-CHANNEL] (T026U7G95U6) Start cleaning up DMs/MPDMs — starting with 11 entries. 
[11/25/25, 22:22:57:717] info: [CHECK-FOR-OLD-CHANNEL] (T026U7G95U6) Eligible DMs/MPDMs for cleanup — [external DMs]:0, [internal DMs]: 11, [app DMs]: 0 
[11/25/25, 22:22:57:717] info: [CHECK-FOR-OLD-CHANNEL] (T026U7G95U6) Identified 0 DMs/MPDMs of externalDMs type for closure 
[11/25/25, 22:22:57:717] info: [CHECK-FOR-OLD-CHANNEL] (T026U7G95U6) Not eligible D02AV4K7V6H: Slackbot 
[11/25/25, 22:22:57:717] info: [CHECK-FOR-OLD-CHANNEL] (T026U7G95U6) Not eligible D02B4B892TW: Self DM 
[11/25/25, 22:22:57:717] info: [CHECK-FOR-OLD-CHANNEL] (T026U7G95U6) Identified 0 DMs/MPDMs of internalDMs type for closure 
[11/25/25, 22:22:57:717] info: [CHECK-FOR-OLD-CHANNEL] (T026U7G95U6) Identified 0 DMs/MPDMs of appDMs type for closure 
[11/25/25, 22:22:58:274] info: [CHECK-FOR-OLD-CHANNEL] (T07CXALJLTU) Start cleaning up DMs/MPDMs — starting with 14 entries. 
[11/25/25, 22:22:58:274] info: [CHECK-FOR-OLD-CHANNEL] (T07CXALJLTU) Eligible DMs/MPDMs for cleanup — [external DMs]:0, [internal DMs]: 11, [app DMs]: 0 
[11/25/25, 22:22:58:274] info: [CHECK-FOR-OLD-CHANNEL] (T07CXALJLTU) Identified 0 DMs/MPDMs of externalDMs type for closure 
[11/25/25, 22:22:58:274] info: [CHECK-FOR-OLD-CHANNEL] (T07CXALJLTU) Not eligible D09SUDGUMPU: Self DM 
[11/25/25, 22:22:58:274] info: [CHECK-FOR-OLD-CHANNEL] (T07CXALJLTU) Identified 0 DMs/MPDMs of internalDMs type for closure 
[11/25/25, 22:22:58:275] info: [CHECK-FOR-OLD-CHANNEL] (T07CXALJLTU) Identified 0 DMs/MPDMs of appDMs type for closure 
[11/25/25, 22:22:58:275] info: [API-Q] (T07CXALJLTU) noversion-1764134578.275 Flannel users/info called with reason: flannel-call:users/info 
[11/25/25, 22:22:58:275] info: [API-Q] (T07CXALJLTU) noversion-1764134578.275 Flannel users/info is ENQUEUED 
[11/25/25, 22:22:58:276] info: [API-Q] (T07CXALJLTU) noversion-1764134578.275 Flannel users/info is ACTIVE 
[11/25/25, 22:22:58:478] info: [API-Q] (T07CXALJLTU) noversion-1764134578.275 Flannel users/info is RESOLVED 
[11/25/25, 22:22:58:553] info: [API-Q] (T095LHX9N) noversion-1764134578.552 Flannel users/info called with reason: flannel-call:users/info 
[11/25/25, 22:22:58:554] info: [API-Q] (T095LHX9N) noversion-1764134578.552 Flannel users/info is ENQUEUED 
[11/25/25, 22:22:58:554] info: [API-Q] (T095LHX9N) noversion-1764134578.552 Flannel users/info is ACTIVE 
[11/25/25, 22:22:58:626] info: [API-Q] (T095LHX9N) noversion-1764134578.552 Flannel users/info is RESOLVED 
[11/25/25, 22:22:58:806] info: [API-Q] (T026U7G95U6) noversion-1764134578.805 Flannel users/info called with reason: flannel-call:users/info 
[11/25/25, 22:22:58:806] info: [API-Q] (T026U7G95U6) noversion-1764134578.805 Flannel users/info is ENQUEUED 
[11/25/25, 22:22:58:806] info: [API-Q] (T026U7G95U6) noversion-1764134578.805 Flannel users/info is ACTIVE 
[11/25/25, 22:22:58:878] info: [API-Q] (T026U7G95U6) noversion-1764134578.805 Flannel users/info is RESOLVED 
[11/25/25, 22:22:59:632] info: [API-Q] (T095LHX9N) noversion-1764134579.631 Flannel users/info called with reason: flannel-call:users/info 
[11/25/25, 22:22:59:632] info: [API-Q] (T095LHX9N) noversion-1764134579.631 Flannel users/info is ENQUEUED 
[11/25/25, 22:22:59:633] info: [API-Q] (T095LHX9N) noversion-1764134579.631 Flannel users/info is ACTIVE 
[11/25/25, 22:22:59:704] info: [API-Q] (T095LHX9N) noversion-1764134579.631 Flannel users/info is RESOLVED 
[11/25/25, 22:23:14:398] info: [RTM-EVENT-METRICS] Metrics collection sampling has been reset. 
[11/25/25, 22:24:08:856] info: [PERSIST] (T026U7G95U6) Successfully persisted state 
[11/25/25, 22:24:08:870] info: [PERSIST] (T07CXALJLTU) Successfully persisted state 
[11/25/25, 22:24:28:867] info: [PERSIST] (T095LHX9N) Successfully persisted state 
[11/25/25, 22:25:00:744] info: [DND_V2] (T095LHX9N) Checking for changes in DND status for the following members: U04UJR2PHMX,U095LTFRC,U03FCQ34JPK,U08PY1SAM0W,U0AL64VTR,U02BPRZ4FAQ,U06PZDZSXDZ,U06QB0DNF6U,U08L58USZ6V,U090VKSQFFW,U04M57LQ3EV 
[11/25/25, 22:25:00:745] info: [DND_V2] (T095LHX9N) Will check for changes in DND status again in 5 minutes 
[11/25/25, 22:30:00:746] info: [DND_V2] (T095LHX9N) Checking for changes in DND status for the following members: U04UJR2PHMX,U095LTFRC,U03FCQ34JPK,U08PY1SAM0W,U0AL64VTR,U02BPRZ4FAQ,U06PZDZSXDZ,U06QB0DNF6U,U08L58USZ6V,U090VKSQFFW,U04M57LQ3EV 
[11/25/25, 22:30:00:747] info: [DND_V2] (T095LHX9N) Will check for changes in DND status again in 5 minutes 
[11/25/25, 22:33:14:398] info: [RTM-EVENT-METRICS] Metrics collection sampling has been reset. 
[11/25/25, 22:35:00:748] info: [DND_V2] (T095LHX9N) Checking for changes in DND status for the following members: U04UJR2PHMX,U095LTFRC,U03FCQ34JPK,U08PY1SAM0W,U0AL64VTR,U02BPRZ4FAQ,U06PZDZSXDZ,U06QB0DNF6U,U08L58USZ6V,U090VKSQFFW,U04M57LQ3EV 
[11/25/25, 22:35:00:749] info: [DND_V2] (T095LHX9N) Will check for changes in DND status again in 5 minutes 
[11/25/25, 22:37:57:534] info: [CHECK-FOR-OLD-CHANNEL] (T095LHX9N) Start cleaning up DMs/MPDMs — starting with 53 entries. 
[11/25/25, 22:37:57:535] info: [CHECK-FOR-OLD-CHANNEL] (T095LHX9N) Eligible DMs/MPDMs for cleanup — [external DMs]:0, [internal DMs]: 11, [app DMs]: 0 
[11/25/25, 22:37:57:535] info: [CHECK-FOR-OLD-CHANNEL] (T095LHX9N) Identified 0 DMs/MPDMs of externalDMs type for closure 
[11/25/25, 22:37:57:535] info: [CHECK-FOR-OLD-CHANNEL] (T095LHX9N) Not eligible C09TW15MSKH: Not idle 
[11/25/25, 22:37:57:535] info: [CHECK-FOR-OLD-CHANNEL] (T095LHX9N) Not eligible D04U62ZABBM: Self DM 
[11/25/25, 22:37:57:535] info: [CHECK-FOR-OLD-CHANNEL] (T095LHX9N) Not eligible D04U6FHBBD1: Has draft 
[11/25/25, 22:37:57:535] info: [CHECK-FOR-OLD-CHANNEL] (T095LHX9N) Not eligible D04U8LHMQS0: Slackbot 
[11/25/25, 22:37:57:536] info: [CHECK-FOR-OLD-CHANNEL] (T095LHX9N) Not eligible D04UM60PJB1: Not idle 
[11/25/25, 22:37:57:536] info: [CHECK-FOR-OLD-CHANNEL] (T095LHX9N) Not eligible D08T2G33XDM: Not idle 
[11/25/25, 22:37:57:536] info: [CHECK-FOR-OLD-CHANNEL] (T095LHX9N) Not eligible D098CC27XGV: Has draft 
[11/25/25, 22:37:57:536] info: [CHECK-FOR-OLD-CHANNEL] (T095LHX9N) Identified 0 DMs/MPDMs of internalDMs type for closure 
[11/25/25, 22:37:57:536] info: [CHECK-FOR-OLD-CHANNEL] (T095LHX9N) Identified 0 DMs/MPDMs of appDMs type for closure 
[11/25/25, 22:37:57:717] info: [CHECK-FOR-OLD-CHANNEL] (T026U7G95U6) Start cleaning up DMs/MPDMs — starting with 11 entries. 
[11/25/25, 22:37:57:717] info: [CHECK-FOR-OLD-CHANNEL] (T026U7G95U6) Eligible DMs/MPDMs for cleanup — [external DMs]:0, [internal DMs]: 11, [app DMs]: 0 
[11/25/25, 22:37:57:717] info: [CHECK-FOR-OLD-CHANNEL] (T026U7G95U6) Identified 0 DMs/MPDMs of externalDMs type for closure 
[11/25/25, 22:37:57:717] info: [CHECK-FOR-OLD-CHANNEL] (T026U7G95U6) Not eligible D02AV4K7V6H: Slackbot 
[11/25/25, 22:37:57:717] info: [CHECK-FOR-OLD-CHANNEL] (T026U7G95U6) Not eligible D02B4B892TW: Self DM 
[11/25/25, 22:37:57:717] info: [CHECK-FOR-OLD-CHANNEL] (T026U7G95U6) Identified 0 DMs/MPDMs of internalDMs type for closure 
[11/25/25, 22:37:57:717] info: [CHECK-FOR-OLD-CHANNEL] (T026U7G95U6) Identified 0 DMs/MPDMs of appDMs type for closure 
[11/25/25, 22:37:57:719] info: [API-Q] (T026U7G95U6) noversion-1764135477.718 Flannel users/info called with reason: flannel-call:users/info 
[11/25/25, 22:37:57:719] info: [API-Q] (T026U7G95U6) noversion-1764135477.718 Flannel users/info is ENQUEUED 
[11/25/25, 22:37:57:720] info: [API-Q] (T026U7G95U6) noversion-1764135477.718 Flannel users/info is ACTIVE 
[11/25/25, 22:37:57:926] info: [API-Q] (T026U7G95U6) noversion-1764135477.718 Flannel users/info is RESOLVED 
[11/25/25, 22:37:58:274] info: [CHECK-FOR-OLD-CHANNEL] (T07CXALJLTU) Start cleaning up DMs/MPDMs — starting with 14 entries. 
[11/25/25, 22:37:58:274] info: [CHECK-FOR-OLD-CHANNEL] (T07CXALJLTU) Eligible DMs/MPDMs for cleanup — [external DMs]:0, [internal DMs]: 11, [app DMs]: 0 
[11/25/25, 22:37:58:274] info: [CHECK-FOR-OLD-CHANNEL] (T07CXALJLTU) Identified 0 DMs/MPDMs of externalDMs type for closure 
[11/25/25, 22:37:58:274] info: [CHECK-FOR-OLD-CHANNEL] (T07CXALJLTU) Not eligible D09SUDGUMPU: Self DM 
[11/25/25, 22:37:58:274] info: [CHECK-FOR-OLD-CHANNEL] (T07CXALJLTU) Identified 0 DMs/MPDMs of internalDMs type for closure 
[11/25/25, 22:37:58:274] info: [CHECK-FOR-OLD-CHANNEL] (T07CXALJLTU) Identified 0 DMs/MPDMs of appDMs type for closure 
[11/25/25, 22:37:58:275] info: [API-Q] (T07CXALJLTU) noversion-1764135478.274 Flannel users/info called with reason: flannel-call:users/info 
[11/25/25, 22:37:58:275] info: [API-Q] (T07CXALJLTU) noversion-1764135478.274 Flannel users/info is ENQUEUED 
[11/25/25, 22:37:58:275] info: [API-Q] (T07CXALJLTU) noversion-1764135478.274 Flannel users/info is ACTIVE 
[11/25/25, 22:37:58:551] info: [API-Q] (T095LHX9N) noversion-1764135478.550 Flannel users/info called with reason: flannel-call:users/info 
[11/25/25, 22:37:58:552] info: [API-Q] (T095LHX9N) noversion-1764135478.550 Flannel users/info is ENQUEUED 
[11/25/25, 22:37:58:552] info: [API-Q] (T095LHX9N) noversion-1764135478.550 Flannel users/info is ACTIVE 
[11/25/25, 22:37:58:576] info: [API-Q] (T07CXALJLTU) noversion-1764135478.274 Flannel users/info is RESOLVED 
[11/25/25, 22:37:58:625] info: [API-Q] (T095LHX9N) noversion-1764135478.550 Flannel users/info is RESOLVED 
[11/25/25, 22:37:59:559] info: [API-Q] (T095LHX9N) noversion-1764135479.558 Flannel users/info called with reason: flannel-call:users/info 
[11/25/25, 22:37:59:559] info: [API-Q] (T095LHX9N) noversion-1764135479.558 Flannel users/info is ENQUEUED 
[11/25/25, 22:37:59:559] info: [API-Q] (T095LHX9N) noversion-1764135479.558 Flannel users/info is ACTIVE 
[11/25/25, 22:37:59:631] info: [API-Q] (T095LHX9N) noversion-1764135479.558 Flannel users/info is RESOLVED 
[11/25/25, 22:40:00:749] info: [DND_V2] (T095LHX9N) Checking for changes in DND status for the following members: U04UJR2PHMX,U095LTFRC,U03FCQ34JPK,U08PY1SAM0W,U0AL64VTR,U02BPRZ4FAQ,U06PZDZSXDZ,U06QB0DNF6U,U08L58USZ6V,U090VKSQFFW,U04M57LQ3EV 
[11/25/25, 22:40:00:750] info: [DND_V2] (T095LHX9N) Will check for changes in DND status again in 5 minutes 
[11/25/25, 22:42:37:975] info: [SLACK-SOCKET] socket.close() has been initiated with statusCode 4998 and description Too long since we received a pong 
[11/25/25, 22:42:43:133] warn: SOCKET-MANAGER (T07CXALJLTU) Socket was closed because #4998: pong timeout 
[11/25/25, 22:42:43:134] info: [SOCKET-MANAGER] (T07CXALJLTU) Changing from connected to error 
[11/25/25, 22:42:43:134] info: [SOCKET-MANAGER] (T07CXALJLTU) will stay in error state for up to 10000 ms 
[11/25/25, 22:42:43:134] info: [SOCKET-MANAGER] (T07CXALJLTU) Changing from error to wait_for_rate_limit 
[11/25/25, 22:42:43:134] info: [SOCKET-MANAGER] (T07CXALJLTU) will stay in wait_for_rate_limit state for up to 120000 ms 
[11/25/25, 22:42:43:135] info: [SOCKET-MANAGER] (T07CXALJLTU) backing off: will wait for 45 ms 
[11/25/25, 22:42:43:135] info: [EVENTLOG] (T07CXALJLTU) socket was closed while we were fetching history; cancelling our request 
[11/25/25, 22:42:43:180] info: [SOCKET-MANAGER] (T07CXALJLTU) Changing from wait_for_rate_limit to connect 
[11/25/25, 22:42:43:181] info: [SOCKET-MANAGER] (T07CXALJLTU) will stay in connect state for up to 10000 ms 
[11/25/25, 22:42:43:182] info: [SOCKET-MANAGER] (T07CXALJLTU) Changing from connect to checking_fast_reconnect 
[11/25/25, 22:42:43:182] info: [SOCKET-MANAGER] (T07CXALJLTU) will stay in checking_fast_reconnect state for up to 60000 ms 
[11/25/25, 22:42:43:182] info: [SOCKET-MANAGER] (T07CXALJLTU) Attempting to connect to primary region 
[11/25/25, 22:42:43:182] info: [SOCKET-MANAGER] (T07CXALJLTU) Changing from checking_fast_reconnect to fast_reconnecting 
[11/25/25, 22:42:43:182] info: [SOCKET-MANAGER] (T07CXALJLTU) will stay in fast_reconnecting state for up to 20000 ms 
[11/25/25, 22:42:43:465] info: [SOCKET-MANAGER] (T07CXALJLTU) Changing from fast_reconnecting to connected 
[11/25/25, 22:42:43:465] info: [SOCKET-MANAGER] (T07CXALJLTU) will stay in connected state for up to Infinity ms 
[11/25/25, 22:42:43:466] info: [SOCKET-MANAGER] (T07CXALJLTU) Connected to primary region 
[11/25/25, 22:42:43:469] info: [EVENTLOG] (T07CXALJLTU) fr=true, lc=false, lt=1764126357.603000 
[11/25/25, 22:42:43:471] info: [API-Q] (T07CXALJLTU) e147fbfc-1764135763.470 sfdc.integration.listOrgs called with reason: fetch-orgs-and-sign-in-silently-v2 
[11/25/25, 22:42:43:471] info: [API-Q] (T07CXALJLTU) e147fbfc-1764135763.470 sfdc.integration.listOrgs is ENQUEUED 
[11/25/25, 22:42:43:473] info: [API-Q] (T07CXALJLTU) e147fbfc-1764135763.470 sfdc.integration.listOrgs is ACTIVE 
[11/25/25, 22:42:43:473] info: [API-Q] (T095LHX9N) noversion-1764135763.472 Flannel permissions/info called with reason: flannel-call:permissions/info 
[11/25/25, 22:42:43:473] info: [API-Q] (T095LHX9N) noversion-1764135763.472 Flannel permissions/info is ENQUEUED 
[11/25/25, 22:42:43:473] info: [API-Q] (T095LHX9N) noversion-1764135763.472 Flannel permissions/info is ACTIVE 
[11/25/25, 22:42:43:683] info: [API-Q] (T095LHX9N) noversion-1764135763.472 Flannel permissions/info is RESOLVED 
[11/25/25, 22:42:43:714] info: [API-Q] (T07CXALJLTU) e147fbfc-1764135763.470 sfdc.integration.listOrgs is RESOLVED 
[11/25/25, 22:42:49:699] info: [API-Q] (T07CXALJLTU) noversion-1764135769.699 Flannel users/info called with reason: flannel-call:users/info 
[11/25/25, 22:42:49:700] info: [API-Q] (T07CXALJLTU) noversion-1764135769.699 Flannel users/info is ENQUEUED 
[11/25/25, 22:42:49:700] info: [API-Q] (T07CXALJLTU) noversion-1764135769.699 Flannel users/info is ACTIVE 
[11/25/25, 22:42:49:771] info: [API-Q] (T07CXALJLTU) noversion-1764135769.699 Flannel users/info is RESOLVED 
[11/25/25, 22:43:14:398] info: [RTM-EVENT-METRICS] Metrics collection sampling has been reset. 
[11/25/25, 22:44:43:472] info: [CHECK-FOR-OLD-CHANNEL] (T07CXALJLTU) Start cleaning up DMs/MPDMs — starting with 14 entries. 
[11/25/25, 22:44:43:472] info: [CHECK-FOR-OLD-CHANNEL] (T07CXALJLTU) Eligible DMs/MPDMs for cleanup — [external DMs]:0, [internal DMs]: 11, [app DMs]: 0 
[11/25/25, 22:44:43:472] info: [CHECK-FOR-OLD-CHANNEL] (T07CXALJLTU) Identified 0 DMs/MPDMs of externalDMs type for closure 
[11/25/25, 22:44:43:472] info: [CHECK-FOR-OLD-CHANNEL] (T07CXALJLTU) Not eligible D09SUDGUMPU: Self DM 
[11/25/25, 22:44:43:472] info: [CHECK-FOR-OLD-CHANNEL] (T07CXALJLTU) Identified 0 DMs/MPDMs of internalDMs type for closure 
[11/25/25, 22:44:43:472] info: [CHECK-FOR-OLD-CHANNEL] (T07CXALJLTU) Identified 0 DMs/MPDMs of appDMs type for closure 
[11/25/25, 22:45:00:751] info: [DND_V2] (T095LHX9N) Checking for changes in DND status for the following members: U04UJR2PHMX,U095LTFRC,U03FCQ34JPK,U08PY1SAM0W,U0AL64VTR,U02BPRZ4FAQ,U06PZDZSXDZ,U06QB0DNF6U,U08L58USZ6V,U090VKSQFFW,U04M57LQ3EV 
[11/25/25, 22:45:00:752] info: [DND_V2] (T095LHX9N) Will check for changes in DND status again in 5 minutes 
[11/25/25, 22:47:43:472] info: [SIDEBAR-NOISE-METRICS] (T07CXALJLTU) Logging sidebar noise metrics 
[11/25/25, 22:47:43:472] info: [SIDEBAR-STATS] (T07CXALJLTU) Begin gathering sidebar stats 
[11/25/25, 22:47:43:472] info: [SIDEBAR-NOISE-METRICS] (T07CXALJLTU) Updated sidebar metrics for today 
[11/25/25, 22:50:00:752] info: [DND_V2] (T095LHX9N) Checking for changes in DND status for the following members: U04UJR2PHMX,U095LTFRC,U03FCQ34JPK,U08PY1SAM0W,U0AL64VTR,U02BPRZ4FAQ,U06PZDZSXDZ,U06QB0DNF6U,U08L58USZ6V,U090VKSQFFW,U04M57LQ3EV 
[11/25/25, 22:50:00:753] info: [DND_V2] (T095LHX9N) Will check for changes in DND status again in 5 minutes 
[11/25/25, 22:52:57:534] info: [CHECK-FOR-OLD-CHANNEL] (T095LHX9N) Start cleaning up DMs/MPDMs — starting with 53 entries. 
[11/25/25, 22:52:57:534] info: [CHECK-FOR-OLD-CHANNEL] (T095LHX9N) Eligible DMs/MPDMs for cleanup — [external DMs]:0, [internal DMs]: 11, [app DMs]: 0 
[11/25/25, 22:52:57:535] info: [CHECK-FOR-OLD-CHANNEL] (T095LHX9N) Identified 0 DMs/MPDMs of externalDMs type for closure 
[11/25/25, 22:52:57:535] info: [CHECK-FOR-OLD-CHANNEL] (T095LHX9N) Not eligible C09TW15MSKH: Not idle 
[11/25/25, 22:52:57:535] info: [CHECK-FOR-OLD-CHANNEL] (T095LHX9N) Not eligible D04U62ZABBM: Self DM 
[11/25/25, 22:52:57:535] info: [CHECK-FOR-OLD-CHANNEL] (T095LHX9N) Not eligible D04U6FHBBD1: Has draft 
[11/25/25, 22:52:57:535] info: [CHECK-FOR-OLD-CHANNEL] (T095LHX9N) Not eligible D04U8LHMQS0: Slackbot 
[11/25/25, 22:52:57:535] info: [CHECK-FOR-OLD-CHANNEL] (T095LHX9N) Not eligible D04UM60PJB1: Not idle 
[11/25/25, 22:52:57:535] info: [CHECK-FOR-OLD-CHANNEL] (T095LHX9N) Not eligible D08T2G33XDM: Not idle 
[11/25/25, 22:52:57:535] info: [CHECK-FOR-OLD-CHANNEL] (T095LHX9N) Not eligible D098CC27XGV: Has draft 
[11/25/25, 22:52:57:535] info: [CHECK-FOR-OLD-CHANNEL] (T095LHX9N) Identified 0 DMs/MPDMs of internalDMs type for closure 
[11/25/25, 22:52:57:535] info: [CHECK-FOR-OLD-CHANNEL] (T095LHX9N) Identified 0 DMs/MPDMs of appDMs type for closure 
[11/25/25, 22:52:57:716] info: [CHECK-FOR-OLD-CHANNEL] (T026U7G95U6) Start cleaning up DMs/MPDMs — starting with 11 entries. 
[11/25/25, 22:52:57:717] info: [CHECK-FOR-OLD-CHANNEL] (T026U7G95U6) Eligible DMs/MPDMs for cleanup — [external DMs]:0, [internal DMs]: 11, [app DMs]: 0 
[11/25/25, 22:52:57:717] info: [CHECK-FOR-OLD-CHANNEL] (T026U7G95U6) Identified 0 DMs/MPDMs of externalDMs type for closure 
[11/25/25, 22:52:57:717] info: [CHECK-FOR-OLD-CHANNEL] (T026U7G95U6) Not eligible D02AV4K7V6H: Slackbot 
[11/25/25, 22:52:57:717] info: [CHECK-FOR-OLD-CHANNEL] (T026U7G95U6) Not eligible D02B4B892TW: Self DM 
[11/25/25, 22:52:57:717] info: [CHECK-FOR-OLD-CHANNEL] (T026U7G95U6) Identified 0 DMs/MPDMs of internalDMs type for closure 
[11/25/25, 22:52:57:717] info: [CHECK-FOR-OLD-CHANNEL] (T026U7G95U6) Identified 0 DMs/MPDMs of appDMs type for closure 
[11/25/25, 22:53:14:398] info: [RTM-EVENT-METRICS] Metrics collection sampling has been reset. 
[11/25/25, 22:55:00:754] info: [DND_V2] (T095LHX9N) Checking for changes in DND status for the following members: U04UJR2PHMX,U095LTFRC,U03FCQ34JPK,U08PY1SAM0W,U0AL64VTR,U02BPRZ4FAQ,U06PZDZSXDZ,U06QB0DNF6U,U08L58USZ6V,U090VKSQFFW,U04M57LQ3EV 
[11/25/25, 22:55:00:756] info: [DND_V2] (T095LHX9N) Will check for changes in DND status again in 5 minutes 
[11/25/25, 22:59:43:473] info: [CHECK-FOR-OLD-CHANNEL] (T07CXALJLTU) Start cleaning up DMs/MPDMs — starting with 14 entries. 
[11/25/25, 22:59:43:473] info: [CHECK-FOR-OLD-CHANNEL] (T07CXALJLTU) Eligible DMs/MPDMs for cleanup — [external DMs]:0, [internal DMs]: 11, [app DMs]: 0 
[11/25/25, 22:59:43:473] info: [CHECK-FOR-OLD-CHANNEL] (T07CXALJLTU) Identified 0 DMs/MPDMs of externalDMs type for closure 
[11/25/25, 22:59:43:473] info: [CHECK-FOR-OLD-CHANNEL] (T07CXALJLTU) Not eligible D09SUDGUMPU: Self DM 
[11/25/25, 22:59:43:473] info: [CHECK-FOR-OLD-CHANNEL] (T07CXALJLTU) Identified 0 DMs/MPDMs of internalDMs type for closure 
[11/25/25, 22:59:43:473] info: [CHECK-FOR-OLD-CHANNEL] (T07CXALJLTU) Identified 0 DMs/MPDMs of appDMs type for closure 
[11/25/25, 23:00:00:757] info: [DND_V2] (T095LHX9N) Checking for changes in DND status for the following members: U04UJR2PHMX,U095LTFRC,U03FCQ34JPK,U08PY1SAM0W,U0AL64VTR,U02BPRZ4FAQ,U06PZDZSXDZ,U06QB0DNF6U,U08L58USZ6V,U090VKSQFFW,U04M57LQ3EV 
[11/25/25, 23:00:00:758] info: [DND_V2] (T095LHX9N) Members with DND changes: U04M57LQ3EV 
[11/25/25, 23:00:00:758] info: [DND_V2] (T095LHX9N) Will check for changes in DND status again in 5 minutes 
[11/25/25, 23:00:00:766] info: [API-Q] (T095LHX9N) noversion-1764136800.765 Flannel users/info called with reason: flannel-call:users/info 
[11/25/25, 23:00:00:766] info: [API-Q] (T095LHX9N) noversion-1764136800.765 Flannel users/info is ENQUEUED 
[11/25/25, 23:00:00:766] info: [API-Q] (T095LHX9N) noversion-1764136800.765 Flannel users/info is ACTIVE 
[11/25/25, 23:00:00:966] info: [API-Q] (T095LHX9N) noversion-1764136800.765 Flannel users/info is RESOLVED 
[11/25/25, 23:03:14:398] info: [RTM-EVENT-METRICS] Metrics collection sampling has been reset. 
[11/25/25, 23:03:51:823] info: [API-Q] (T095LHX9N) noversion-1764137031.822 Flannel users/info called with reason: flannel-call:users/info 
[11/25/25, 23:03:51:823] info: [API-Q] (T095LHX9N) noversion-1764137031.822 Flannel users/info is ENQUEUED 
[11/25/25, 23:03:51:823] info: [API-Q] (T095LHX9N) noversion-1764137031.822 Flannel users/info is ACTIVE 
[11/25/25, 23:03:52:023] info: [API-Q] (T095LHX9N) noversion-1764137031.822 Flannel users/info is RESOLVED 
[11/25/25, 23:03:52:901] info: [API-Q] (T095LHX9N) noversion-1764137032.900 Flannel users/info called with reason: flannel-call:users/info 
[11/25/25, 23:03:52:901] info: [API-Q] (T095LHX9N) noversion-1764137032.900 Flannel users/info is ENQUEUED 
[11/25/25, 23:03:52:902] info: [API-Q] (T095LHX9N) noversion-1764137032.900 Flannel users/info is ACTIVE 
[11/25/25, 23:03:52:972] info: [API-Q] (T095LHX9N) noversion-1764137032.900 Flannel users/info is RESOLVED 
[11/25/25, 23:05:00:759] info: [DND_V2] (T095LHX9N) Checking for changes in DND status for the following members: U04UJR2PHMX,U095LTFRC,U03FCQ34JPK,U08PY1SAM0W,U0AL64VTR,U02BPRZ4FAQ,U06PZDZSXDZ,U06QB0DNF6U,U08L58USZ6V,U090VKSQFFW,U04M57LQ3EV 
[11/25/25, 23:05:00:760] info: [DND_V2] (T095LHX9N) Will check for changes in DND status again in 5 minutes 
