[11/25/25, 10:05:19:206] info: Nov-25 10:05:19.205 [SERVICE-WORKER] asset found in existing cache bucket, adding to new bucket https://a.slack-edge.com/bv1-13-br/gantry-v2-async-node_modules_shikijs_langs_dist_prisma_mjs.57dac9fdc819ca77295a.min.js 
{
  "versionId": 76
}
[11/25/25, 10:05:19:209] info: Nov-25 10:05:19.209 [SERVICE-WORKER] asset found in existing cache bucket, adding to new bucket https://a.slack-edge.com/bv1-13-br/gantry-v2-async-node_modules_shikijs_langs_dist_prolog_mjs.ebeb87fce15652e88ab4.min.js 
{
  "versionId": 76
}
[11/25/25, 10:05:19:209] info: Nov-25 10:05:19.209 [SERVICE-WORKER] asset found in existing cache bucket, adding to new bucket https://a.slack-edge.com/bv1-13-br/gantry-v2-async-node_modules_shikijs_langs_dist_proto_mjs.8625a00575a5df5d08b3.min.js 
{
  "versionId": 76
}
[11/25/25, 10:05:19:209] info: Nov-25 10:05:19.209 [SERVICE-WORKER] asset found in existing cache bucket, adding to new bucket https://a.slack-edge.com/bv1-13-br/gantry-v2-async-node_modules_shikijs_langs_dist_pug_mjs.0b3e2efcc2acb1e23d7a.min.js 
{
  "versionId": 76
}
[11/25/25, 10:05:19:210] info: Nov-25 10:05:19.210 [SERVICE-WORKER] asset found in existing cache bucket, adding to new bucket https://a.slack-edge.com/bv1-13-br/gantry-v2-async-node_modules_shikijs_langs_dist_puppet_mjs.94ccf62c64383a8e552c.min.js 
{
  "versionId": 76
}
[11/25/25, 10:05:19:213] info: Nov-25 10:05:19.213 [SERVICE-WORKER] asset found in existing cache bucket, adding to new bucket https://a.slack-edge.com/bv1-13-br/gantry-v2-async-vendors-node_modules_shikijs_langs_dist_purescript_mjs.5025f8e7e9a8fc183273.min.js 
{
  "versionId": 76
}
[11/25/25, 10:05:19:213] info: Nov-25 10:05:19.213 [SERVICE-WORKER] asset found in existing cache bucket, adding to new bucket https://a.slack-edge.com/bv1-13-br/gantry-v2-async-vendors-node_modules_shikijs_langs_dist_python_mjs.3ea4c76a3d3a1533512f.min.js 
{
  "versionId": 76
}
[11/25/25, 10:05:19:214] info: Nov-25 10:05:19.213 [SERVICE-WORKER] asset found in existing cache bucket, adding to new bucket https://a.slack-edge.com/bv1-13-br/gantry-v2-async-node_modules_shikijs_langs_dist_qml_mjs.3e2de53dd3b8e79ca26f.min.js 
{
  "versionId": 76
}
[11/25/25, 10:05:19:214] info: Nov-25 10:05:19.214 [SERVICE-WORKER] asset found in existing cache bucket, adding to new bucket https://a.slack-edge.com/bv1-13-br/gantry-v2-async-node_modules_shikijs_langs_dist_qmldir_mjs.41cb349a85449b5f3da0.min.js 
{
  "versionId": 76
}
[11/25/25, 10:05:19:217] info: Nov-25 10:05:19.217 [SERVICE-WORKER] asset found in existing cache bucket, adding to new bucket https://a.slack-edge.com/bv1-13-br/gantry-v2-async-node_modules_shikijs_langs_dist_qss_mjs.3ff873fee3828c12f37e.min.js 
{
  "versionId": 76
}
[11/25/25, 10:05:19:217] info: Nov-25 10:05:19.217 [SERVICE-WORKER] asset found in existing cache bucket, adding to new bucket https://a.slack-edge.com/bv1-13-br/gantry-v2-async-vendors-node_modules_shikijs_langs_dist_r_mjs.7a2a6f695fc8615efc7d.min.js 
{
  "versionId": 76
}
[11/25/25, 10:05:19:218] info: Nov-25 10:05:19.218 [SERVICE-WORKER] asset found in existing cache bucket, adding to new bucket https://a.slack-edge.com/bv1-13-br/gantry-v2-async-vendors-node_modules_shikijs_langs_dist_racket_mjs.2214c759b0a9686a7669.min.js 
{
  "versionId": 76
}
[11/25/25, 10:05:19:218] info: Nov-25 10:05:19.218 [SERVICE-WORKER] asset found in existing cache bucket, adding to new bucket https://a.slack-edge.com/bv1-13-br/gantry-v2-async-node_modules_shikijs_langs_dist_raku_mjs.95dcda4638ee2fe2f172.min.js 
{
  "versionId": 76
}
[11/25/25, 10:05:19:221] info: Nov-25 10:05:19.221 [SERVICE-WORKER] asset found in existing cache bucket, adding to new bucket https://a.slack-edge.com/bv1-13-br/gantry-v2-async-vendors-node_modules_shikijs_langs_dist_razor_mjs.307bba6b9c031f623e83.min.js 
{
  "versionId": 76
}
[11/25/25, 10:05:19:221] info: Nov-25 10:05:19.221 [SERVICE-WORKER] asset found in existing cache bucket, adding to new bucket https://a.slack-edge.com/bv1-13-br/gantry-v2-async-node_modules_shikijs_langs_dist_reg_mjs.c25785d2d25d567966c0.min.js 
{
  "versionId": 76
}
[11/25/25, 10:05:19:222] info: Nov-25 10:05:19.222 [SERVICE-WORKER] asset found in existing cache bucket, adding to new bucket https://a.slack-edge.com/bv1-13-br/gantry-v2-async-node_modules_shikijs_langs_dist_regexp_mjs.67e49993d3376b1195d6.min.js 
{
  "versionId": 76
}
[11/25/25, 10:05:19:222] info: Nov-25 10:05:19.222 [SERVICE-WORKER] asset found in existing cache bucket, adding to new bucket https://a.slack-edge.com/bv1-13-br/gantry-v2-async-node_modules_shikijs_langs_dist_rel_mjs.a9bf794b389b0ec1e7d6.min.js 
{
  "versionId": 76
}
[11/25/25, 10:05:19:224] info: Nov-25 10:05:19.224 [SERVICE-WORKER] asset found in existing cache bucket, adding to new bucket https://a.slack-edge.com/bv1-13-br/gantry-v2-async-node_modules_shikijs_langs_dist_riscv_mjs.0012af0f96ffea53be79.min.js 
{
  "versionId": 76
}
[11/25/25, 10:05:19:225] info: Nov-25 10:05:19.225 [SERVICE-WORKER] asset found in existing cache bucket, adding to new bucket https://a.slack-edge.com/bv1-13-br/gantry-v2-async-node_modules_shikijs_langs_dist_rosmsg_mjs.ed825a4d906542a6ad7d.min.js 
{
  "versionId": 76
}
[11/25/25, 10:05:19:225] info: Nov-25 10:05:19.225 [SERVICE-WORKER] asset found in existing cache bucket, adding to new bucket https://a.slack-edge.com/bv1-13-br/gantry-v2-async-vendors-node_modules_shikijs_langs_dist_rst_mjs.5110c9df912092b29e5c.min.js 
{
  "versionId": 76
}
[11/25/25, 10:05:19:225] info: Nov-25 10:05:19.225 [SERVICE-WORKER] asset found in existing cache bucket, adding to new bucket https://a.slack-edge.com/bv1-13-br/gantry-v2-async-vendors-node_modules_shikijs_langs_dist_ruby_mjs.0e938b621133074f3c6f.min.js 
{
  "versionId": 76
}
[11/25/25, 10:05:19:228] info: Nov-25 10:05:19.228 [SERVICE-WORKER] asset found in existing cache bucket, adding to new bucket https://a.slack-edge.com/bv1-13-br/gantry-v2-async-node_modules_shikijs_langs_dist_rust_mjs.51b3966aa7d9c3de0188.min.js 
{
  "versionId": 76
}
[11/25/25, 10:05:19:228] info: Nov-25 10:05:19.228 [SERVICE-WORKER] asset found in existing cache bucket, adding to new bucket https://a.slack-edge.com/bv1-13-br/gantry-v2-async-node_modules_shikijs_langs_dist_sas_mjs.fa04d810d5a38863bd06.min.js 
{
  "versionId": 76
}
[11/25/25, 10:05:19:228] info: Nov-25 10:05:19.228 [SERVICE-WORKER] asset found in existing cache bucket, adding to new bucket https://a.slack-edge.com/bv1-13-br/gantry-v2-async-node_modules_shikijs_langs_dist_sass_mjs.f5292e08b38c5c3260fe.min.js 
{
  "versionId": 76
}
[11/25/25, 10:05:19:229] info: Nov-25 10:05:19.229 [SERVICE-WORKER] asset found in existing cache bucket, adding to new bucket https://a.slack-edge.com/bv1-13-br/gantry-v2-async-vendors-node_modules_shikijs_langs_dist_scala_mjs.d481443f940f325d662d.min.js 
{
  "versionId": 76
}
[11/25/25, 10:05:19:232] info: Nov-25 10:05:19.232 [SERVICE-WORKER] asset found in existing cache bucket, adding to new bucket https://a.slack-edge.com/bv1-13-br/gantry-v2-async-node_modules_shikijs_langs_dist_scheme_mjs.f7cf4d5378af16a35fb4.min.js 
{
  "versionId": 76
}
[11/25/25, 10:05:19:232] info: Nov-25 10:05:19.232 [SERVICE-WORKER] asset found in existing cache bucket, adding to new bucket https://a.slack-edge.com/bv1-13-br/gantry-v2-async-vendors-node_modules_shikijs_langs_dist_scss_mjs.0ca56b673c65647a083f.min.js 
{
  "versionId": 76
}
[11/25/25, 10:05:19:233] info: Nov-25 10:05:19.233 [SERVICE-WORKER] asset found in existing cache bucket, adding to new bucket https://a.slack-edge.com/bv1-13-br/gantry-v2-async-node_modules_shikijs_langs_dist_sdbl_mjs.3ee03ce49f34ec810cf7.min.js 
{
  "versionId": 76
}
[11/25/25, 10:05:19:233] info: Nov-25 10:05:19.233 [SERVICE-WORKER] asset found in existing cache bucket, adding to new bucket https://a.slack-edge.com/bv1-13-br/gantry-v2-async-node_modules_shikijs_langs_dist_shaderlab_mjs.831501ba0dd221264f62.min.js 
{
  "versionId": 76
}
[11/25/25, 10:05:19:236] info: Nov-25 10:05:19.235 [SERVICE-WORKER] asset found in existing cache bucket, adding to new bucket https://a.slack-edge.com/bv1-13-br/gantry-v2-async-vendors-node_modules_shikijs_langs_dist_shellscript_mjs.f20ca4836bfa451e412a.min.js 
{
  "versionId": 76
}
[11/25/25, 10:05:19:237] info: Nov-25 10:05:19.237 [SERVICE-WORKER] asset found in existing cache bucket, adding to new bucket https://a.slack-edge.com/bv1-13-br/gantry-v2-async-node_modules_shikijs_langs_dist_shellsession_mjs.34f50a7b893684fe3159.min.js 
{
  "versionId": 76
}
[11/25/25, 10:05:19:238] info: Nov-25 10:05:19.237 [SERVICE-WORKER] asset found in existing cache bucket, adding to new bucket https://a.slack-edge.com/bv1-13-br/gantry-v2-async-node_modules_shikijs_langs_dist_smalltalk_mjs.18e64b5e6c7f2ca65744.min.js 
{
  "versionId": 76
}
[11/25/25, 10:05:19:238] info: Nov-25 10:05:19.238 [SERVICE-WORKER] asset found in existing cache bucket, adding to new bucket https://a.slack-edge.com/bv1-13-br/gantry-v2-async-node_modules_shikijs_langs_dist_solidity_mjs.3929f67e893820bf56de.min.js 
{
  "versionId": 76
}
[11/25/25, 10:05:19:240] info: Nov-25 10:05:19.240 [SERVICE-WORKER] asset found in existing cache bucket, adding to new bucket https://a.slack-edge.com/bv1-13-br/gantry-v2-async-node_modules_shikijs_langs_dist_soy_mjs.64cb129eaa106aae6454.min.js 
{
  "versionId": 76
}
[11/25/25, 10:05:19:241] info: Nov-25 10:05:19.241 [SERVICE-WORKER] asset found in existing cache bucket, adding to new bucket https://a.slack-edge.com/bv1-13-br/gantry-v2-async-node_modules_shikijs_langs_dist_sparql_mjs.3c79bb234ab21a0b6987.min.js 
{
  "versionId": 76
}
[11/25/25, 10:05:19:241] info: Nov-25 10:05:19.241 [SERVICE-WORKER] asset found in existing cache bucket, adding to new bucket https://a.slack-edge.com/bv1-13-br/gantry-v2-async-node_modules_shikijs_langs_dist_splunk_mjs.f6d57ad73ebcbcf6ae20.min.js 
{
  "versionId": 76
}
[11/25/25, 10:05:19:242] info: Nov-25 10:05:19.241 [SERVICE-WORKER] asset found in existing cache bucket, adding to new bucket https://a.slack-edge.com/bv1-13-br/gantry-v2-async-vendors-node_modules_shikijs_langs_dist_sql_mjs.1784e787b9d62fb0f5d2.min.js 
{
  "versionId": 76
}
[11/25/25, 10:05:19:244] info: Nov-25 10:05:19.244 [SERVICE-WORKER] asset found in existing cache bucket, adding to new bucket https://a.slack-edge.com/bv1-13-br/gantry-v2-async-node_modules_shikijs_langs_dist_ssh-config_mjs.c848bd36ec9a637311fd.min.js 
{
  "versionId": 76
}
[11/25/25, 10:05:19:245] info: Nov-25 10:05:19.245 [SERVICE-WORKER] asset found in existing cache bucket, adding to new bucket https://a.slack-edge.com/bv1-13-br/gantry-v2-async-vendors-node_modules_shikijs_langs_dist_stylus_mjs.d443f4e0489f4f23d744.min.js 
{
  "versionId": 76
}
[11/25/25, 10:05:19:245] info: Nov-25 10:05:19.245 [SERVICE-WORKER] asset found in existing cache bucket, adding to new bucket https://a.slack-edge.com/bv1-13-br/gantry-v2-async-vendors-node_modules_shikijs_langs_dist_stata_mjs.7a9ae872397b136f22a3.min.js 
{
  "versionId": 76
}
[11/25/25, 10:05:19:245] info: Nov-25 10:05:19.245 [SERVICE-WORKER] asset found in existing cache bucket, adding to new bucket https://a.slack-edge.com/bv1-13-br/gantry-v2-async-vendors-node_modules_shikijs_langs_dist_svelte_mjs.b4125203ae9589901287.min.js 
{
  "versionId": 76
}
[11/25/25, 10:05:19:249] info: Nov-25 10:05:19.248 [SERVICE-WORKER] asset found in existing cache bucket, adding to new bucket https://a.slack-edge.com/bv1-13-br/gantry-v2-async-vendors-node_modules_shikijs_langs_dist_swift_mjs.5603817bc9f91680b97f.min.js 
{
  "versionId": 76
}
[11/25/25, 10:05:19:249] info: Nov-25 10:05:19.249 [SERVICE-WORKER] asset found in existing cache bucket, adding to new bucket https://a.slack-edge.com/bv1-13-br/gantry-v2-async-vendors-node_modules_shikijs_langs_dist_system-verilog_mjs.388a150a058abb9ecf86.min.js 
{
  "versionId": 76
}
[11/25/25, 10:05:19:249] info: Nov-25 10:05:19.249 [SERVICE-WORKER] asset found in existing cache bucket, adding to new bucket https://a.slack-edge.com/bv1-13-br/gantry-v2-async-node_modules_shikijs_langs_dist_systemd_mjs.43ce92c09f3c7e2ace65.min.js 
{
  "versionId": 76
}
[11/25/25, 10:05:19:249] info: Nov-25 10:05:19.249 [SERVICE-WORKER] asset found in existing cache bucket, adding to new bucket https://a.slack-edge.com/bv1-13-br/gantry-v2-async-node_modules_shikijs_langs_dist_talonscript_mjs.f8387d92f26b499287a6.min.js 
{
  "versionId": 76
}
[11/25/25, 10:05:19:252] info: Nov-25 10:05:19.252 [SERVICE-WORKER] asset found in existing cache bucket, adding to new bucket https://a.slack-edge.com/bv1-13-br/gantry-v2-async-node_modules_shikijs_langs_dist_tasl_mjs.071199233f79d796dbfd.min.js 
{
  "versionId": 76
}
[11/25/25, 10:05:19:253] info: Nov-25 10:05:19.253 [SERVICE-WORKER] asset found in existing cache bucket, adding to new bucket https://a.slack-edge.com/bv1-13-br/gantry-v2-async-node_modules_shikijs_langs_dist_tcl_mjs.3d5ddc4f1806f5e700f6.min.js 
{
  "versionId": 76
}
[11/25/25, 10:05:19:253] info: Nov-25 10:05:19.253 [SERVICE-WORKER] asset found in existing cache bucket, adding to new bucket https://a.slack-edge.com/bv1-13-br/gantry-v2-async-vendors-node_modules_shikijs_langs_dist_templ_mjs.c5b3b36aa05f2b4af7a4.min.js 
{
  "versionId": 76
}
[11/25/25, 10:05:19:254] info: Nov-25 10:05:19.253 [SERVICE-WORKER] asset found in existing cache bucket, adding to new bucket https://a.slack-edge.com/bv1-13-br/gantry-v2-async-node_modules_shikijs_langs_dist_terraform_mjs.c54c3dd0dd8332b9c0fb.min.js 
{
  "versionId": 76
}
[11/25/25, 10:05:19:256] info: Nov-25 10:05:19.256 [SERVICE-WORKER] asset found in existing cache bucket, adding to new bucket https://a.slack-edge.com/bv1-13-br/gantry-v2-async-node_modules_shikijs_langs_dist_tex_mjs.5adb507a423e7f9ac995.min.js 
{
  "versionId": 76
}
[11/25/25, 10:05:19:257] info: Nov-25 10:05:19.256 [SERVICE-WORKER] asset found in existing cache bucket, adding to new bucket https://a.slack-edge.com/bv1-13-br/gantry-v2-async-node_modules_shikijs_langs_dist_toml_mjs.3e7e1c4342e763d212dd.min.js 
{
  "versionId": 76
}
[11/25/25, 10:05:19:257] info: Nov-25 10:05:19.257 [SERVICE-WORKER] asset found in existing cache bucket, adding to new bucket https://a.slack-edge.com/bv1-13-br/gantry-v2-async-vendors-node_modules_shikijs_langs_dist_ts-tags_mjs.7ad6df0644435dec420c.min.js 
{
  "versionId": 76
}
[11/25/25, 10:05:19:257] info: Nov-25 10:05:19.257 [SERVICE-WORKER] asset found in existing cache bucket, adding to new bucket https://a.slack-edge.com/bv1-13-br/gantry-v2-async-node_modules_shikijs_langs_dist_tsv_mjs.e57762494ced271e2bde.min.js 
{
  "versionId": 76
}
[11/25/25, 10:05:19:259] info: Nov-25 10:05:19.259 [SERVICE-WORKER] asset found in existing cache bucket, adding to new bucket https://a.slack-edge.com/bv1-13-br/gantry-v2-async-vendors-node_modules_shikijs_langs_dist_tsx_mjs.847ef0a7867979b3eb80.min.js 
{
  "versionId": 76
}
[11/25/25, 10:05:19:260] info: Nov-25 10:05:19.260 [SERVICE-WORKER] asset found in existing cache bucket, adding to new bucket https://a.slack-edge.com/bv1-13-br/gantry-v2-async-node_modules_shikijs_langs_dist_turtle_mjs.bf8ea93eb1c729ea2e0f.min.js 
{
  "versionId": 76
}
[11/25/25, 10:05:19:260] info: Nov-25 10:05:19.260 [SERVICE-WORKER] asset found in existing cache bucket, adding to new bucket https://a.slack-edge.com/bv1-13-br/gantry-v2-async-vendors-node_modules_shikijs_langs_dist_twig_mjs.3de6da3c6d85547c9d7c.min.js 
{
  "versionId": 76
}
[11/25/25, 10:05:19:260] info: Nov-25 10:05:19.260 [SERVICE-WORKER] asset found in existing cache bucket, adding to new bucket https://a.slack-edge.com/bv1-13-br/gantry-v2-async-vendors-node_modules_shikijs_langs_dist_typespec_mjs.f0a60a3dc4f83da33983.min.js 
{
  "versionId": 76
}
[11/25/25, 10:05:19:264] info: Nov-25 10:05:19.263 [SERVICE-WORKER] asset found in existing cache bucket, adding to new bucket https://a.slack-edge.com/bv1-13-br/gantry-v2-async-node_modules_shikijs_langs_dist_typst_mjs.bab557faed40c2e9484b.min.js 
{
  "versionId": 76
}
[11/25/25, 10:05:19:264] info: Nov-25 10:05:19.264 [SERVICE-WORKER] asset found in existing cache bucket, adding to new bucket https://a.slack-edge.com/bv1-13-br/gantry-v2-async-node_modules_shikijs_langs_dist_v_mjs.7b58c4978c827d190a80.min.js 
{
  "versionId": 76
}
[11/25/25, 10:05:19:264] info: Nov-25 10:05:19.264 [SERVICE-WORKER] asset found in existing cache bucket, adding to new bucket https://a.slack-edge.com/bv1-13-br/gantry-v2-async-node_modules_shikijs_langs_dist_vala_mjs.c1a7c322b098c8c12cae.min.js 
{
  "versionId": 76
}
[11/25/25, 10:05:19:264] info: Nov-25 10:05:19.264 [SERVICE-WORKER] asset found in existing cache bucket, adding to new bucket https://a.slack-edge.com/bv1-13-br/gantry-v2-async-node_modules_shikijs_langs_dist_vb_mjs.d39067fc6e7a06dfb036.min.js 
{
  "versionId": 76
}
[11/25/25, 10:05:19:266] info: Nov-25 10:05:19.266 [SERVICE-WORKER] asset found in existing cache bucket, adding to new bucket https://a.slack-edge.com/bv1-13-br/gantry-v2-async-node_modules_shikijs_langs_dist_verilog_mjs.d50289fa6da842f9bc6a.min.js 
{
  "versionId": 76
}
[11/25/25, 10:05:19:267] info: Nov-25 10:05:19.266 [SERVICE-WORKER] asset found in existing cache bucket, adding to new bucket https://a.slack-edge.com/bv1-13-br/gantry-v2-async-vendors-node_modules_shikijs_langs_dist_vhdl_mjs.49f89c29d55f2632a017.min.js 
{
  "versionId": 76
}
[11/25/25, 10:05:19:267] info: Nov-25 10:05:19.267 [SERVICE-WORKER] asset found in existing cache bucket, adding to new bucket https://a.slack-edge.com/bv1-13-br/gantry-v2-async-vendors-node_modules_shikijs_langs_dist_viml_mjs.4d7bfb7179805ebf8b91.min.js 
{
  "versionId": 76
}
[11/25/25, 10:05:19:267] info: Nov-25 10:05:19.267 [SERVICE-WORKER] asset found in existing cache bucket, adding to new bucket https://a.slack-edge.com/bv1-13-br/gantry-v2-async-vendors-node_modules_shikijs_langs_dist_vue_mjs.7b17884d028fe2214c8b.min.js 
{
  "versionId": 76
}
[11/25/25, 10:05:19:269] info: Nov-25 10:05:19.269 [SERVICE-WORKER] asset found in existing cache bucket, adding to new bucket https://a.slack-edge.com/bv1-13-br/gantry-v2-async-node_modules_shikijs_langs_dist_vue-html_mjs.a8fa2328b738df232599.min.js 
{
  "versionId": 76
}
[11/25/25, 10:05:19:270] info: Nov-25 10:05:19.269 [SERVICE-WORKER] asset found in existing cache bucket, adding to new bucket https://a.slack-edge.com/bv1-13-br/gantry-v2-async-vendors-node_modules_shikijs_langs_dist_vue-vine_mjs.f98f5f8e4275eb585eab.min.js 
{
  "versionId": 76
}
[11/25/25, 10:05:19:270] info: Nov-25 10:05:19.270 [SERVICE-WORKER] asset found in existing cache bucket, adding to new bucket https://a.slack-edge.com/bv1-13-br/gantry-v2-async-vendors-node_modules_shikijs_langs_dist_vyper_mjs.69f2b3592620b4402229.min.js 
{
  "versionId": 76
}
[11/25/25, 10:05:19:270] info: Nov-25 10:05:19.270 [SERVICE-WORKER] asset found in existing cache bucket, adding to new bucket https://a.slack-edge.com/bv1-13-br/gantry-v2-async-node_modules_shikijs_langs_dist_wasm_mjs.30f58cc4caf8873aa640.min.js 
{
  "versionId": 76
}
[11/25/25, 10:05:19:273] info: Nov-25 10:05:19.273 [SERVICE-WORKER] asset found in existing cache bucket, adding to new bucket https://a.slack-edge.com/bv1-13-br/gantry-v2-async-node_modules_shikijs_langs_dist_wenyan_mjs.b53d6cd1bfb7cf649152.min.js 
{
  "versionId": 76
}
[11/25/25, 10:05:19:273] info: Nov-25 10:05:19.273 [SERVICE-WORKER] asset found in existing cache bucket, adding to new bucket https://a.slack-edge.com/bv1-13-br/gantry-v2-async-node_modules_shikijs_langs_dist_wgsl_mjs.a29fc6f17098d7da070d.min.js 
{
  "versionId": 76
}
[11/25/25, 10:05:19:274] info: Nov-25 10:05:19.274 [SERVICE-WORKER] asset found in existing cache bucket, adding to new bucket https://a.slack-edge.com/bv1-13-br/gantry-v2-async-vendors-node_modules_shikijs_langs_dist_wikitext_mjs.65d2b6407cfbd4c466e2.min.js 
{
  "versionId": 76
}
[11/25/25, 10:05:19:274] info: Nov-25 10:05:19.274 [SERVICE-WORKER] asset found in existing cache bucket, adding to new bucket https://a.slack-edge.com/bv1-13-br/gantry-v2-async-vendors-node_modules_shikijs_langs_dist_wit_mjs.e742d2c457022be468d3.min.js 
{
  "versionId": 76
}
[11/25/25, 10:05:19:277] info: Nov-25 10:05:19.276 [SERVICE-WORKER] asset found in existing cache bucket, adding to new bucket https://a.slack-edge.com/bv1-13-br/gantry-v2-async-vendors-node_modules_shikijs_langs_dist_wolfram_mjs.72ec03f7a2e9fd65803a.min.js 
{
  "versionId": 76
}
[11/25/25, 10:05:19:277] info: Nov-25 10:05:19.277 [SERVICE-WORKER] asset found in existing cache bucket, adding to new bucket https://a.slack-edge.com/bv1-13-br/gantry-v2-async-node_modules_shikijs_langs_dist_xml_mjs-_04f41.b0b695f0a37883ebca55.min.js 
{
  "versionId": 76
}
[11/25/25, 10:05:19:277] info: Nov-25 10:05:19.277 [SERVICE-WORKER] asset found in existing cache bucket, adding to new bucket https://a.slack-edge.com/bv1-13-br/gantry-v2-async-node_modules_shikijs_langs_dist_xsl_mjs.f2c0b18531ac65cdfef2.min.js 
{
  "versionId": 76
}
[11/25/25, 10:05:19:277] info: Nov-25 10:05:19.277 [SERVICE-WORKER] asset found in existing cache bucket, adding to new bucket https://a.slack-edge.com/bv1-13-br/gantry-v2-async-node_modules_shikijs_langs_dist_yaml_mjs.c3d2812738c8c26ac71a.min.js 
{
  "versionId": 76
}
[11/25/25, 10:05:19:281] info: Nov-25 10:05:19.281 [SERVICE-WORKER] asset found in existing cache bucket, adding to new bucket https://a.slack-edge.com/bv1-13-br/gantry-v2-async-node_modules_shikijs_langs_dist_zenscript_mjs.a750da405ef847a7163d.min.js 
{
  "versionId": 76
}
[11/25/25, 10:05:19:281] info: Nov-25 10:05:19.281 [SERVICE-WORKER] asset found in existing cache bucket, adding to new bucket https://a.slack-edge.com/bv1-13-br/gantry-v2-async-node_modules_shikijs_langs_dist_zig_mjs.9bcd587da474c4841cef.min.js 
{
  "versionId": 76
}
[11/25/25, 10:05:19:281] info: Nov-25 10:05:19.281 [SERVICE-WORKER] asset found in existing cache bucket, adding to new bucket https://a.slack-edge.com/bv1-13-br/gantry-v2-async-node_modules_shikijs_themes_dist_andromeeda_mjs.46e51aaaad92320566c8.min.js 
{
  "versionId": 76
}
[11/25/25, 10:05:19:282] info: Nov-25 10:05:19.282 [SERVICE-WORKER] asset found in existing cache bucket, adding to new bucket https://a.slack-edge.com/bv1-13-br/gantry-v2-async-node_modules_shikijs_themes_dist_aurora-x_mjs.a48277468bb3b9721850.min.js 
{
  "versionId": 76
}
[11/25/25, 10:05:19:284] info: Nov-25 10:05:19.284 [SERVICE-WORKER] asset found in existing cache bucket, adding to new bucket https://a.slack-edge.com/bv1-13-br/gantry-v2-async-node_modules_shikijs_themes_dist_ayu-dark_mjs.3fa283383185bf520792.min.js 
{
  "versionId": 76
}
[11/25/25, 10:05:19:284] info: Nov-25 10:05:19.284 [SERVICE-WORKER] asset found in existing cache bucket, adding to new bucket https://a.slack-edge.com/bv1-13-br/gantry-v2-async-vendors-node_modules_shikijs_themes_dist_catppuccin-frappe_mjs.9cc0f056d3ff4c7d3dec.min.js 
{
  "versionId": 76
}
[11/25/25, 10:05:19:285] info: Nov-25 10:05:19.285 [SERVICE-WORKER] asset found in existing cache bucket, adding to new bucket https://a.slack-edge.com/bv1-13-br/gantry-v2-async-vendors-node_modules_shikijs_themes_dist_catppuccin-latte_mjs.bcccea4dfdfa72683858.min.js 
{
  "versionId": 76
}
[11/25/25, 10:05:19:285] info: Nov-25 10:05:19.285 [SERVICE-WORKER] asset found in existing cache bucket, adding to new bucket https://a.slack-edge.com/bv1-13-br/gantry-v2-async-vendors-node_modules_shikijs_themes_dist_catppuccin-macchiato_mjs.a6bc9de8f487fbf22b1e.min.js 
{
  "versionId": 76
}
[11/25/25, 10:05:19:289] info: Nov-25 10:05:19.288 [SERVICE-WORKER] asset found in existing cache bucket, adding to new bucket https://a.slack-edge.com/bv1-13-br/gantry-v2-async-vendors-node_modules_shikijs_themes_dist_catppuccin-mocha_mjs.5025f91a06dd2c530658.min.js 
{
  "versionId": 76
}
[11/25/25, 10:05:19:289] info: Nov-25 10:05:19.289 [SERVICE-WORKER] asset found in existing cache bucket, adding to new bucket https://a.slack-edge.com/bv1-13-br/gantry-v2-async-node_modules_shikijs_themes_dist_dark-plus_mjs.06cffee5bff1bee9786d.min.js 
{
  "versionId": 76
}
[11/25/25, 10:05:19:289] info: Nov-25 10:05:19.289 [SERVICE-WORKER] asset found in existing cache bucket, adding to new bucket https://a.slack-edge.com/bv1-13-br/gantry-v2-async-vendors-node_modules_shikijs_themes_dist_dracula_mjs.32855297d00ff2819c14.min.js 
{
  "versionId": 76
}
[11/25/25, 10:05:19:289] info: Nov-25 10:05:19.289 [SERVICE-WORKER] asset found in existing cache bucket, adding to new bucket https://a.slack-edge.com/bv1-13-br/gantry-v2-async-vendors-node_modules_shikijs_themes_dist_dracula-soft_mjs.491b368518d921444fe9.min.js 
{
  "versionId": 76
}
[11/25/25, 10:05:19:293] info: Nov-25 10:05:19.292 [SERVICE-WORKER] asset found in existing cache bucket, adding to new bucket https://a.slack-edge.com/bv1-13-br/gantry-v2-async-vendors-node_modules_shikijs_themes_dist_everforest-dark_mjs.921d116f0e48a8b52005.min.js 
{
  "versionId": 76
}
[11/25/25, 10:05:19:293] info: Nov-25 10:05:19.293 [SERVICE-WORKER] asset found in existing cache bucket, adding to new bucket https://a.slack-edge.com/bv1-13-br/gantry-v2-async-vendors-node_modules_shikijs_themes_dist_everforest-light_mjs.2f9064eea42ecf5bf92a.min.js 
{
  "versionId": 76
}
[11/25/25, 10:05:19:293] info: Nov-25 10:05:19.293 [SERVICE-WORKER] asset found in existing cache bucket, adding to new bucket https://a.slack-edge.com/bv1-13-br/gantry-v2-async-node_modules_shikijs_themes_dist_github-dark_mjs.f73aed6dd105fdb90f1a.min.js 
{
  "versionId": 76
}
[11/25/25, 10:05:19:293] info: Nov-25 10:05:19.293 [SERVICE-WORKER] asset found in existing cache bucket, adding to new bucket https://a.slack-edge.com/bv1-13-br/gantry-v2-async-node_modules_shikijs_themes_dist_github-dark-default_mjs.3fba60a6fc217b27db43.min.js 
{
  "versionId": 76
}
[11/25/25, 10:05:19:296] info: Nov-25 10:05:19.296 [SERVICE-WORKER] asset found in existing cache bucket, adding to new bucket https://a.slack-edge.com/bv1-13-br/gantry-v2-async-node_modules_shikijs_themes_dist_github-dark-dimmed_mjs.30daa937685c0524a5d5.min.js 
{
  "versionId": 76
}
[11/25/25, 10:05:19:296] info: Nov-25 10:05:19.296 [SERVICE-WORKER] asset found in existing cache bucket, adding to new bucket https://a.slack-edge.com/bv1-13-br/gantry-v2-async-node_modules_shikijs_themes_dist_github-light_mjs.fc057e19c84c4a22aa46.min.js 
{
  "versionId": 76
}
[11/25/25, 10:05:19:296] info: Nov-25 10:05:19.296 [SERVICE-WORKER] asset found in existing cache bucket, adding to new bucket https://a.slack-edge.com/bv1-13-br/gantry-v2-async-node_modules_shikijs_themes_dist_github-dark-high-contrast_mjs.38687d6d5108507453c6.min.js 
{
  "versionId": 76
}
[11/25/25, 10:05:19:297] info: Nov-25 10:05:19.296 [SERVICE-WORKER] asset found in existing cache bucket, adding to new bucket https://a.slack-edge.com/bv1-13-br/gantry-v2-async-node_modules_shikijs_themes_dist_github-light-default_mjs.306faf9a97e6408d29be.min.js 
{
  "versionId": 76
}
[11/25/25, 10:05:19:299] info: Nov-25 10:05:19.299 [SERVICE-WORKER] asset found in existing cache bucket, adding to new bucket https://a.slack-edge.com/bv1-13-br/gantry-v2-async-node_modules_shikijs_themes_dist_github-light-high-contrast_mjs.ac1ed75ff767e06dad7b.min.js 
{
  "versionId": 76
}
[11/25/25, 10:05:19:299] info: Nov-25 10:05:19.299 [SERVICE-WORKER] asset found in existing cache bucket, adding to new bucket https://a.slack-edge.com/bv1-13-br/gantry-v2-async-vendors-node_modules_shikijs_themes_dist_gruvbox-dark-medium_mjs.cc505158b4219f1b63d0.min.js 
{
  "versionId": 76
}
[11/25/25, 10:05:19:300] info: Nov-25 10:05:19.299 [SERVICE-WORKER] asset found in existing cache bucket, adding to new bucket https://a.slack-edge.com/bv1-13-br/gantry-v2-async-vendors-node_modules_shikijs_themes_dist_gruvbox-dark-hard_mjs.cd7f69a316671cfe11a8.min.js 
{
  "versionId": 76
}
[11/25/25, 10:05:19:300] info: Nov-25 10:05:19.300 [SERVICE-WORKER] asset found in existing cache bucket, adding to new bucket https://a.slack-edge.com/bv1-13-br/gantry-v2-async-vendors-node_modules_shikijs_themes_dist_gruvbox-dark-soft_mjs.10c2f756051e92eff1c5.min.js 
{
  "versionId": 76
}
[11/25/25, 10:05:19:302] info: Nov-25 10:05:19.302 [SERVICE-WORKER] asset found in existing cache bucket, adding to new bucket https://a.slack-edge.com/bv1-13-br/gantry-v2-async-vendors-node_modules_shikijs_themes_dist_gruvbox-light-hard_mjs.41da12e812c4972b9483.min.js 
{
  "versionId": 76
}
[11/25/25, 10:05:19:302] info: Nov-25 10:05:19.302 [SERVICE-WORKER] asset found in existing cache bucket, adding to new bucket https://a.slack-edge.com/bv1-13-br/gantry-v2-async-vendors-node_modules_shikijs_themes_dist_gruvbox-light-medium_mjs.b347224547bfe798b00f.min.js 
{
  "versionId": 76
}
[11/25/25, 10:05:19:302] info: Nov-25 10:05:19.302 [SERVICE-WORKER] asset found in existing cache bucket, adding to new bucket https://a.slack-edge.com/bv1-13-br/gantry-v2-async-vendors-node_modules_shikijs_themes_dist_gruvbox-light-soft_mjs.67591e17ac07dfede40c.min.js 
{
  "versionId": 76
}
[11/25/25, 10:05:19:303] info: Nov-25 10:05:19.302 [SERVICE-WORKER] asset found in existing cache bucket, adding to new bucket https://a.slack-edge.com/bv1-13-br/gantry-v2-async-vendors-node_modules_shikijs_themes_dist_houston_mjs.d7856807399330c5622c.min.js 
{
  "versionId": 76
}
[11/25/25, 10:05:19:305] info: Nov-25 10:05:19.305 [SERVICE-WORKER] asset found in existing cache bucket, adding to new bucket https://a.slack-edge.com/bv1-13-br/gantry-v2-async-node_modules_shikijs_themes_dist_kanagawa-dragon_mjs.f255fab4cfffd341b003.min.js 
{
  "versionId": 76
}
[11/25/25, 10:05:19:305] info: Nov-25 10:05:19.305 [SERVICE-WORKER] asset found in existing cache bucket, adding to new bucket https://a.slack-edge.com/bv1-13-br/gantry-v2-async-node_modules_shikijs_themes_dist_kanagawa-lotus_mjs.9e3072b2f8929dfbe108.min.js 
{
  "versionId": 76
}
[11/25/25, 10:05:19:305] info: Nov-25 10:05:19.305 [SERVICE-WORKER] asset found in existing cache bucket, adding to new bucket https://a.slack-edge.com/bv1-13-br/gantry-v2-async-node_modules_shikijs_themes_dist_kanagawa-wave_mjs.f11ced0f3bf731bedd9c.min.js 
{
  "versionId": 76
}
[11/25/25, 10:05:19:306] info: Nov-25 10:05:19.306 [SERVICE-WORKER] asset found in existing cache bucket, adding to new bucket https://a.slack-edge.com/bv1-13-br/gantry-v2-async-node_modules_shikijs_themes_dist_laserwave_mjs.f5ce5f4d942f9f7d31a6.min.js 
{
  "versionId": 76
}
[11/25/25, 10:05:19:308] info: Nov-25 10:05:19.308 [SERVICE-WORKER] asset found in existing cache bucket, adding to new bucket https://a.slack-edge.com/bv1-13-br/gantry-v2-async-node_modules_shikijs_themes_dist_light-plus_mjs.539abea487dc36320048.min.js 
{
  "versionId": 76
}
[11/25/25, 10:05:19:308] info: Nov-25 10:05:19.308 [SERVICE-WORKER] asset found in existing cache bucket, adding to new bucket https://a.slack-edge.com/bv1-13-br/gantry-v2-async-vendors-node_modules_shikijs_themes_dist_material-theme_mjs.97d700d775d183922e96.min.js 
{
  "versionId": 76
}
[11/25/25, 10:05:19:309] info: Nov-25 10:05:19.309 [SERVICE-WORKER] asset found in existing cache bucket, adding to new bucket https://a.slack-edge.com/bv1-13-br/gantry-v2-async-vendors-node_modules_shikijs_themes_dist_material-theme-darker_mjs.6398a6615bafd9a4cc18.min.js 
{
  "versionId": 76
}
[11/25/25, 10:05:19:309] info: Nov-25 10:05:19.309 [SERVICE-WORKER] asset found in existing cache bucket, adding to new bucket https://a.slack-edge.com/bv1-13-br/gantry-v2-async-vendors-node_modules_shikijs_themes_dist_material-theme-lighter_mjs.5f7c4e5d8caaf91a3b2f.min.js 
{
  "versionId": 76
}
[11/25/25, 10:05:19:312] info: Nov-25 10:05:19.312 [SERVICE-WORKER] asset found in existing cache bucket, adding to new bucket https://a.slack-edge.com/bv1-13-br/gantry-v2-async-vendors-node_modules_shikijs_themes_dist_material-theme-ocean_mjs.1e2649dc90cb9620242b.min.js 
{
  "versionId": 76
}
[11/25/25, 10:05:19:312] info: Nov-25 10:05:19.312 [SERVICE-WORKER] asset found in existing cache bucket, adding to new bucket https://a.slack-edge.com/bv1-13-br/gantry-v2-async-vendors-node_modules_shikijs_themes_dist_material-theme-palenight_mjs.22ca206c6d73eb592a89.min.js 
{
  "versionId": 76
}
[11/25/25, 10:05:19:312] info: Nov-25 10:05:19.312 [SERVICE-WORKER] asset found in existing cache bucket, adding to new bucket https://a.slack-edge.com/bv1-13-br/gantry-v2-async-node_modules_shikijs_themes_dist_min-dark_mjs.be44b72c0880d437daf3.min.js 
{
  "versionId": 76
}
[11/25/25, 10:05:19:312] info: Nov-25 10:05:19.312 [SERVICE-WORKER] asset found in existing cache bucket, adding to new bucket https://a.slack-edge.com/bv1-13-br/gantry-v2-async-node_modules_shikijs_themes_dist_min-light_mjs.10ab0709d5aeae895405.min.js 
{
  "versionId": 76
}
[11/25/25, 10:05:19:315] info: Nov-25 10:05:19.314 [SERVICE-WORKER] asset found in existing cache bucket, adding to new bucket https://a.slack-edge.com/bv1-13-br/gantry-v2-async-node_modules_shikijs_themes_dist_monokai_mjs.dd5b8eb3294da2cabe11.min.js 
{
  "versionId": 76
}
[11/25/25, 10:05:19:315] info: Nov-25 10:05:19.315 [SERVICE-WORKER] asset found in existing cache bucket, adding to new bucket https://a.slack-edge.com/bv1-13-br/gantry-v2-async-vendors-node_modules_shikijs_themes_dist_nord_mjs.cf11ea58e5af17c0148a.min.js 
{
  "versionId": 76
}
[11/25/25, 10:05:19:315] info: Nov-25 10:05:19.315 [SERVICE-WORKER] asset found in existing cache bucket, adding to new bucket https://a.slack-edge.com/bv1-13-br/gantry-v2-async-vendors-node_modules_shikijs_themes_dist_night-owl_mjs.e1a67cfeebf16efa8b76.min.js 
{
  "versionId": 76
}
[11/25/25, 10:05:19:315] info: Nov-25 10:05:19.315 [SERVICE-WORKER] asset found in existing cache bucket, adding to new bucket https://a.slack-edge.com/bv1-13-br/gantry-v2-async-vendors-node_modules_shikijs_themes_dist_one-dark-pro_mjs.199707f70c4785e68980.min.js 
{
  "versionId": 76
}
[11/25/25, 10:05:19:318] info: Nov-25 10:05:19.318 [SERVICE-WORKER] asset found in existing cache bucket, adding to new bucket https://a.slack-edge.com/bv1-13-br/gantry-v2-async-vendors-node_modules_shikijs_themes_dist_one-light_mjs.f6e90c48f31d3d32aa7b.min.js 
{
  "versionId": 76
}
[11/25/25, 10:05:19:318] info: Nov-25 10:05:19.318 [SERVICE-WORKER] asset found in existing cache bucket, adding to new bucket https://a.slack-edge.com/bv1-13-br/gantry-v2-async-node_modules_shikijs_themes_dist_plastic_mjs.92730976ec9854b7b72a.min.js 
{
  "versionId": 76
}
[11/25/25, 10:05:19:319] info: Nov-25 10:05:19.318 [SERVICE-WORKER] asset found in existing cache bucket, adding to new bucket https://a.slack-edge.com/bv1-13-br/gantry-v2-async-vendors-node_modules_shikijs_themes_dist_poimandres_mjs.8b31467d5cc72bd258f0.min.js 
{
  "versionId": 76
}
[11/25/25, 10:05:19:319] info: Nov-25 10:05:19.319 [SERVICE-WORKER] asset found in existing cache bucket, adding to new bucket https://a.slack-edge.com/bv1-13-br/gantry-v2-async-node_modules_shikijs_themes_dist_red_mjs.f47685e693dea47359fe.min.js 
{
  "versionId": 76
}
[11/25/25, 10:05:19:322] info: Nov-25 10:05:19.322 [SERVICE-WORKER] asset found in existing cache bucket, adding to new bucket https://a.slack-edge.com/bv1-13-br/gantry-v2-async-vendors-node_modules_shikijs_themes_dist_rose-pine_mjs.849b9ee3be02535a6e91.min.js 
{
  "versionId": 76
}
[11/25/25, 10:05:19:322] info: Nov-25 10:05:19.322 [SERVICE-WORKER] asset found in existing cache bucket, adding to new bucket https://a.slack-edge.com/bv1-13-br/gantry-v2-async-vendors-node_modules_shikijs_themes_dist_rose-pine-dawn_mjs.28315f9b1e8bc8d43ba4.min.js 
{
  "versionId": 76
}
[11/25/25, 10:05:19:323] info: Nov-25 10:05:19.322 [SERVICE-WORKER] asset found in existing cache bucket, adding to new bucket https://a.slack-edge.com/bv1-13-br/gantry-v2-async-vendors-node_modules_shikijs_themes_dist_rose-pine-moon_mjs.551daa02ef42f18d3551.min.js 
{
  "versionId": 76
}
[11/25/25, 10:05:19:323] info: Nov-25 10:05:19.323 [SERVICE-WORKER] asset found in existing cache bucket, adding to new bucket https://a.slack-edge.com/bv1-13-br/gantry-v2-async-node_modules_shikijs_themes_dist_slack-dark_mjs.af6161bb6650ae7b2c9d.min.js 
{
  "versionId": 76
}
[11/25/25, 10:05:19:326] info: Nov-25 10:05:19.326 [SERVICE-WORKER] asset found in existing cache bucket, adding to new bucket https://a.slack-edge.com/bv1-13-br/gantry-v2-async-node_modules_shikijs_themes_dist_slack-ochin_mjs.30c615ff2d715740f345.min.js 
{
  "versionId": 76
}
[11/25/25, 10:05:19:327] info: Nov-25 10:05:19.327 [SERVICE-WORKER] asset found in existing cache bucket, adding to new bucket https://a.slack-edge.com/bv1-13-br/gantry-v2-async-vendors-node_modules_shikijs_themes_dist_snazzy-light_mjs.33798506e4f1b3d661b9.min.js 
{
  "versionId": 76
}
[11/25/25, 10:05:19:327] info: Nov-25 10:05:19.327 [SERVICE-WORKER] asset found in existing cache bucket, adding to new bucket https://a.slack-edge.com/bv1-13-br/gantry-v2-async-node_modules_shikijs_themes_dist_solarized-dark_mjs.5795dfcd270420d9eb03.min.js 
{
  "versionId": 76
}
[11/25/25, 10:05:19:327] info: Nov-25 10:05:19.327 [SERVICE-WORKER] asset found in existing cache bucket, adding to new bucket https://a.slack-edge.com/bv1-13-br/gantry-v2-async-node_modules_shikijs_themes_dist_solarized-light_mjs.1db1d6038e99442ca415.min.js 
{
  "versionId": 76
}
[11/25/25, 10:05:19:331] info: Nov-25 10:05:19.330 [SERVICE-WORKER] asset found in existing cache bucket, adding to new bucket https://a.slack-edge.com/bv1-13-br/gantry-v2-async-node_modules_shikijs_themes_dist_synthwave-84_mjs.33e9e404d89caf28b91f.min.js 
{
  "versionId": 76
}
[11/25/25, 10:05:19:331] info: Nov-25 10:05:19.331 [SERVICE-WORKER] asset found in existing cache bucket, adding to new bucket https://a.slack-edge.com/bv1-13-br/gantry-v2-async-vendors-node_modules_shikijs_themes_dist_tokyo-night_mjs.0dc9062a01c76d871590.min.js 
{
  "versionId": 76
}
[11/25/25, 10:05:19:332] info: Nov-25 10:05:19.332 [SERVICE-WORKER] asset found in existing cache bucket, adding to new bucket https://a.slack-edge.com/bv1-13-br/gantry-v2-async-node_modules_shikijs_themes_dist_vesper_mjs.b6c11f9f3439945b15a8.min.js 
{
  "versionId": 76
}
[11/25/25, 10:05:19:332] info: Nov-25 10:05:19.332 [SERVICE-WORKER] asset found in existing cache bucket, adding to new bucket https://a.slack-edge.com/bv1-13-br/gantry-v2-async-node_modules_shikijs_themes_dist_vitesse-black_mjs.1b806d70c44dea5fc609.min.js 
{
  "versionId": 76
}
[11/25/25, 10:05:19:335] info: Nov-25 10:05:19.335 [SERVICE-WORKER] asset found in existing cache bucket, adding to new bucket https://a.slack-edge.com/bv1-13-br/gantry-v2-async-node_modules_shikijs_themes_dist_vitesse-dark_mjs.9b2f8533a77a47a83925.min.js 
{
  "versionId": 76
}
[11/25/25, 10:05:19:335] info: Nov-25 10:05:19.335 [SERVICE-WORKER] asset found in existing cache bucket, adding to new bucket https://a.slack-edge.com/bv1-13-br/gantry-v2-async-node_modules_shikijs_themes_dist_vitesse-light_mjs.218528bee29952b7a563.min.js 
{
  "versionId": 76
}
[11/25/25, 10:05:19:336] info: Nov-25 10:05:19.335 [SERVICE-WORKER] asset found in existing cache bucket, adding to new bucket https://a.slack-edge.com/bv1-13-br/gantry-v2-async-client-message-action-add-to-list-button-nux.87761faa9192c9267619.min.js 
{
  "versionId": 76
}
[11/25/25, 10:05:19:336] info: Nov-25 10:05:19.336 [SERVICE-WORKER] asset found in existing cache bucket, adding to new bucket https://a.slack-edge.com/bv1-13-br/gantry-v2-async-client-message-action-add-to-list-menu-item-nux.40fd073f4e41b98873c7.min.js 
{
  "versionId": 76
}
[11/25/25, 10:05:19:338] info: Nov-25 10:05:19.338 [SERVICE-WORKER] asset found in existing cache bucket, adding to new bucket https://a.slack-edge.com/bv1-13-br/gantry-v2-async-client-message-action-copy-agent-prompt-menu-item-nux.ee1044aab0147338bae0.min.js 
{
  "versionId": 76
}
[11/25/25, 10:05:19:338] info: Nov-25 10:05:19.338 [SERVICE-WORKER] asset found in existing cache bucket, adding to new bucket https://a.slack-edge.com/bv1-13-br/gantry-v2-async-modal-message-stats.de136156781e3f886f53.min.js 
{
  "versionId": 76
}
[11/25/25, 10:05:19:339] info: Nov-25 10:05:19.338 [SERVICE-WORKER] asset found in existing cache bucket, adding to new bucket https://a.slack-edge.com/bv1-13-br/gantry-v2-async-client-ai-workspace-list-banner.715ffeea2666615b1977.min.js 
{
  "versionId": 76
}
[11/25/25, 10:05:19:339] info: Nov-25 10:05:19.339 [SERVICE-WORKER] asset found in existing cache bucket, adding to new bucket https://a.slack-edge.com/bv1-13-br/gantry-v2-async-client-creator-guided-setup-list-banner.f906c92f4734d290b7d9.min.js 
{
  "versionId": 76
}
[11/25/25, 10:05:19:342] info: Nov-25 10:05:19.342 [SERVICE-WORKER] asset found in existing cache bucket, adding to new bucket https://a.slack-edge.com/bv1-13-br/gantry-v2-async-client-ai-workspace-canvas-banner.47a5b5623f483ec08c18.min.js 
{
  "versionId": 76
}
[11/25/25, 10:05:19:342] info: Nov-25 10:05:19.342 [SERVICE-WORKER] asset found in existing cache bucket, adding to new bucket https://a.slack-edge.com/bv1-13-br/gantry-v2-async-client-creator-guided-setup-canvas-banner.1b7225fbd8cd2f4e9fc1.min.js 
{
  "versionId": 76
}
[11/25/25, 10:05:19:342] info: Nov-25 10:05:19.342 [SERVICE-WORKER] asset found in existing cache bucket, adding to new bucket https://a.slack-edge.com/bv1-13-br/gantry-v2-async-activity-inbox-onboarding-modal-density-animation.00475fc1084340aeefbe.min.js 
{
  "versionId": 76
}
[11/25/25, 10:05:19:343] info: Nov-25 10:05:19.343 [SERVICE-WORKER] asset found in existing cache bucket, adding to new bucket https://a.slack-edge.com/bv1-13-br/gantry-v2-async-activity-inbox-onboarding-modal-activity-animation.e0573cffd7ecd21419db.min.js 
{
  "versionId": 76
}
[11/25/25, 10:05:19:346] info: Nov-25 10:05:19.346 [SERVICE-WORKER] asset not found in an existing cache bucket https://a.slack-edge.com/bv1-13-br/gantry-v2-async-client-channel-view.2e41ce3ac360460d5c86.min.js 
{
  "versionId": 76
}
[11/25/25, 10:05:19:346] info: Nov-25 10:05:19.346 [SERVICE-WORKER] fetching asset https://a.slack-edge.com/bv1-13-br/gantry-v2-async-client-channel-view.2e41ce3ac360460d5c86.min.js 
{
  "versionId": 76
}
[11/25/25, 10:05:19:346] info: Nov-25 10:05:19.346 [SERVICE-WORKER] asset not found in an existing cache bucket https://a.slack-edge.com/bv1-13-br/gantry-v2-async-client-app-space-view.e1844c103a1ea17ab800.min.js 
{
  "versionId": 76
}
[11/25/25, 10:05:19:346] info: Nov-25 10:05:19.346 [SERVICE-WORKER] fetching asset https://a.slack-edge.com/bv1-13-br/gantry-v2-async-client-app-space-view.e1844c103a1ea17ab800.min.js 
{
  "versionId": 76
}
[11/25/25, 10:05:19:346] info: Nov-25 10:05:19.346 [SERVICE-WORKER] asset found in existing cache bucket, adding to new bucket https://a.slack-edge.com/bv1-13-br/gantry-v2-async-client-day-picker-nux-banner.bde10c2e7ca73135013b.min.js 
{
  "versionId": 76
}
[11/25/25, 10:05:19:346] info: Nov-25 10:05:19.346 [SERVICE-WORKER] asset found in existing cache bucket, adding to new bucket https://a.slack-edge.com/bv1-13-br/gantry-v2-async-client-canvas-view.d4cf69c0fcd6174d6bbe.min.js 
{
  "versionId": 76
}
[11/25/25, 10:05:19:348] info: Nov-25 10:05:19.348 [SERVICE-WORKER] asset found in existing cache bucket, adding to new bucket https://a.slack-edge.com/bv1-13-br/gantry-v2-async-client-canvas-thread-view.57c5e6c3c2759c2553ed.min.js 
{
  "versionId": 76
}
[11/25/25, 10:05:19:348] info: Nov-25 10:05:19.348 [SERVICE-WORKER] asset found in existing cache bucket, adding to new bucket https://a.slack-edge.com/bv1-13-br/gantry-v2-async-client-canvas-comment-stream-view.b113d400a7cc16e7cd31.min.js 
{
  "versionId": 76
}
[11/25/25, 10:05:19:350] info: Nov-25 10:05:19.350 [SERVICE-WORKER] asset found in existing cache bucket, adding to new bucket https://a.slack-edge.com/bv1-13-br/gantry-v2-async-client-canvas-activity-history-view.7014560235957ab6a7de.min.js 
{
  "versionId": 76
}
[11/25/25, 10:05:19:351] info: Nov-25 10:05:19.351 [SERVICE-WORKER] asset found in existing cache bucket, adding to new bucket https://a.slack-edge.com/bv1-13-br/gantry-v2-async-client-canvas-automations-view.155bd0f6b84d0c405fb6.min.js 
{
  "versionId": 76
}
[11/25/25, 10:05:19:353] info: Nov-25 10:05:19.353 [SERVICE-WORKER] asset found in existing cache bucket, adding to new bucket https://a.slack-edge.com/bv1-13-br/gantry-v2-async-client-thread-view.4e477ee9b3b3b4a34d58.min.js 
{
  "versionId": 76
}
[11/25/25, 10:05:19:353] info: Nov-25 10:05:19.353 [SERVICE-WORKER] asset found in existing cache bucket, adding to new bucket https://a.slack-edge.com/bv1-13-br/gantry-v2-async-client-browse-user-groups-view.1e49f220390917cd182b.min.js 
{
  "versionId": 76
}
[11/25/25, 10:05:19:357] info: Nov-25 10:05:19.356 [SERVICE-WORKER] asset found in existing cache bucket, adding to new bucket https://a.slack-edge.com/bv1-13-br/gantry-v2-async-client-agents-view.c707fd5c85d24f5900ec.min.js 
{
  "versionId": 76
}
[11/25/25, 10:05:19:357] info: Nov-25 10:05:19.357 [SERVICE-WORKER] asset found in existing cache bucket, adding to new bucket https://a.slack-edge.com/bv1-13-br/gantry-v2-async-client-sidekicks-view.c1f227e7aa4e4320105f.min.js 
{
  "versionId": 76
}
[11/25/25, 10:05:19:359] info: Nov-25 10:05:19.359 [SERVICE-WORKER] asset found in existing cache bucket, adding to new bucket https://a.slack-edge.com/bv1-13-br/gantry-v2-async-client-channel-user-group-view.747f2d8bfc7b5f4bc2fb.min.js 
{
  "versionId": 76
}
[11/25/25, 10:05:19:359] info: Nov-25 10:05:19.359 [SERVICE-WORKER] asset found in existing cache bucket, adding to new bucket https://a.slack-edge.com/bv1-13-br/gantry-v2-async-client-list-view.b9c2bc2113b000584de0.min.js 
{
  "versionId": 76
}
[11/25/25, 10:05:19:361] info: Nov-25 10:05:19.360 [SERVICE-WORKER] asset found in existing cache bucket, adding to new bucket https://a.slack-edge.com/bv1-13-br/gantry-v2-async-client-list-record-details.baf52ddc9f5e1923e3b8.min.js 
{
  "versionId": 76
}
[11/25/25, 10:05:19:361] info: Nov-25 10:05:19.361 [SERVICE-WORKER] asset not found in an existing cache bucket https://a.slack-edge.com/bv1-13-br/gantry-v2-async-client-work-object.84e4da42ef11c953fadf.min.js 
{
  "versionId": 76
}
[11/25/25, 10:05:19:361] info: Nov-25 10:05:19.361 [SERVICE-WORKER] fetching asset https://a.slack-edge.com/bv1-13-br/gantry-v2-async-client-work-object.84e4da42ef11c953fadf.min.js 
{
  "versionId": 76
}
[11/25/25, 10:05:19:363] info: Nov-25 10:05:19.363 [SERVICE-WORKER] asset found in existing cache bucket, adding to new bucket https://a.slack-edge.com/bv1-13-br/gantry-v2-async-client-tableau-details.38c3e72afe9306469574.min.js 
{
  "versionId": 76
}
[11/25/25, 10:05:19:366] info: Nov-25 10:05:19.365 [SERVICE-WORKER] asset found in existing cache bucket, adding to new bucket https://a.slack-edge.com/bv1-13-br/gantry-v2-async-client-list-record-thread.e8ee9e4cae59f4218948.min.js 
{
  "versionId": 76
}
[11/25/25, 10:05:19:369] info: Nov-25 10:05:19.368 [SERVICE-WORKER] asset found in existing cache bucket, adding to new bucket https://a.slack-edge.com/bv1-13-br/gantry-v2-async-client-list-record-history.44808eaffa70d98d09b3.min.js 
{
  "versionId": 76
}
[11/25/25, 10:05:19:371] info: Nov-25 10:05:19.371 [SERVICE-WORKER] asset found in existing cache bucket, adding to new bucket https://a.slack-edge.com/bv1-13-br/gantry-v2-async-client-feedback-view.2abfb7208af3de7c9c2f.min.js 
{
  "versionId": 76
}
[11/25/25, 10:05:19:374] info: Nov-25 10:05:19.373 [SERVICE-WORKER] asset found in existing cache bucket, adding to new bucket https://a.slack-edge.com/bv1-13-br/gantry-v2-async-client-help-browser-view.226757ef7c7aa89dab2c.min.js 
{
  "versionId": 76
}
[11/25/25, 10:05:19:376] info: Nov-25 10:05:19.376 [SERVICE-WORKER] asset found in existing cache bucket, adding to new bucket https://a.slack-edge.com/bv1-13-br/gantry-v2-async-client-whats-new-browser-view.045ff56003718b37bdef.min.js 
{
  "versionId": 76
}
[11/25/25, 10:05:19:378] info: Nov-25 10:05:19.378 [SERVICE-WORKER] asset found in existing cache bucket, adding to new bucket https://a.slack-edge.com/bv1-13-br/gantry-v2-async-client-keyboard-shortcuts-browser-view.c9ef1959b0c70578618e.min.js 
{
  "versionId": 76
}
[11/25/25, 10:05:19:380] info: Nov-25 10:05:19.380 [SERVICE-WORKER] asset found in existing cache bucket, adding to new bucket https://a.slack-edge.com/bv1-13-br/gantry-v2-async-client-app-popout-view.dccafdca1eab8933ca94.min.js 
{
  "versionId": 76
}
[11/25/25, 10:05:19:382] info: Nov-25 10:05:19.382 [SERVICE-WORKER] asset found in existing cache bucket, adding to new bucket https://a.slack-edge.com/bv1-13-br/gantry-v2-async-client-profile-view.863adfbe1649a03ce64b.min.js 
{
  "versionId": 76
}
[11/25/25, 10:05:19:384] info: Nov-25 10:05:19.383 [SERVICE-WORKER] asset found in existing cache bucket, adding to new bucket https://a.slack-edge.com/bv1-13-br/gantry-v2-async-client-later-list-view.2c304d9b94e9c2b684c0.min.js 
{
  "versionId": 76
}
[11/25/25, 10:05:19:385] info: Nov-25 10:05:19.385 [SERVICE-WORKER] asset found in existing cache bucket, adding to new bucket https://a.slack-edge.com/bv1-13-br/gantry-v2-async-client-file-details-view.1b1177f3c8da40614449.min.js 
{
  "versionId": 76
}
[11/25/25, 10:05:19:387] info: Nov-25 10:05:19.386 [SERVICE-WORKER] putting asset in cache https://a.slack-edge.com/bv1-13-br/gantry-v2-async-client-channel-view.2e41ce3ac360460d5c86.min.js 
{
  "versionId": 76
}
[11/25/25, 10:05:19:388] info: Nov-25 10:05:19.388 [SERVICE-WORKER] asset found in existing cache bucket, adding to new bucket https://a.slack-edge.com/bv1-13-br/gantry-v2-async-client-threads-view.f88a4330ca0168410197.min.js 
{
  "versionId": 76
}
[11/25/25, 10:05:19:389] info: Nov-25 10:05:19.388 [SERVICE-WORKER] putting asset in cache https://a.slack-edge.com/bv1-13-br/gantry-v2-async-client-app-space-view.e1844c103a1ea17ab800.min.js 
{
  "versionId": 76
}
[11/25/25, 10:05:19:391] info: Nov-25 10:05:19.391 [SERVICE-WORKER] asset found in existing cache bucket, adding to new bucket https://a.slack-edge.com/bv1-13-br/gantry-v2-async-client-sales-admin-view.e67c9beaf10557b8608f.min.js 
{
  "versionId": 76
}
[11/25/25, 10:05:19:398] info: Nov-25 10:05:19.397 [SERVICE-WORKER] asset found in existing cache bucket, adding to new bucket https://a.slack-edge.com/bv1-13-br/gantry-v2-async-client-sales-notifications-view.51c486dda81fdd5dc09d.min.js 
{
  "versionId": 76
}
[11/25/25, 10:05:19:402] info: Nov-25 10:05:19.401 [SERVICE-WORKER] asset not found in an existing cache bucket https://a.slack-edge.com/bv1-13-br/gantry-v2-async-client-sales-bulk-grid-view.f614f2d393c6f177ae32.min.js 
{
  "versionId": 76
}
[11/25/25, 10:05:19:402] info: Nov-25 10:05:19.401 [SERVICE-WORKER] fetching asset https://a.slack-edge.com/bv1-13-br/gantry-v2-async-client-sales-bulk-grid-view.f614f2d393c6f177ae32.min.js 
{
  "versionId": 76
}
[11/25/25, 10:05:19:403] info: Nov-25 10:05:19.402 [SERVICE-WORKER] putting asset in cache https://a.slack-edge.com/bv1-13-br/gantry-v2-async-client-work-object.84e4da42ef11c953fadf.min.js 
{
  "versionId": 76
}
[11/25/25, 10:05:19:407] info: Nov-25 10:05:19.406 [SERVICE-WORKER] asset found in existing cache bucket, adding to new bucket https://a.slack-edge.com/bv1-13-br/gantry-v2-async-client-page-view.9f5c9054df065405ea08.min.js 
{
  "versionId": 76
}
[11/25/25, 10:05:19:410] info: Nov-25 10:05:19.410 [SERVICE-WORKER] asset found in existing cache bucket, adding to new bucket https://a.slack-edge.com/bv1-13-br/gantry-v2-async-client-browse-shortcuts-view.b55208300bd07eb64174.min.js 
{
  "versionId": 76
}
[11/25/25, 10:05:19:411] info: Nov-25 10:05:19.411 [SERVICE-WORKER] asset found in existing cache bucket, adding to new bucket https://a.slack-edge.com/bv1-13-br/gantry-v2-async-client-browse-workflows-tabbed-view.4140b19e62f6e100a0fb.min.js 
{
  "versionId": 76
}
[11/25/25, 10:05:19:412] info: Nov-25 10:05:19.412 [SERVICE-WORKER] asset found in existing cache bucket, adding to new bucket https://a.slack-edge.com/bv1-13-br/gantry-v2-async-client-solutions-view.f0e83ca32ca0abfa3a8e.min.js 
{
  "versionId": 76
}
[11/25/25, 10:05:19:413] info: Nov-25 10:05:19.413 [SERVICE-WORKER] asset found in existing cache bucket, adding to new bucket https://a.slack-edge.com/bv1-13-br/gantry-v2-async-client-filtered-solutions-view.b7da5f3bfe062dc0442e.min.js 
{
  "versionId": 76
}
[11/25/25, 10:05:19:414] info: Nov-25 10:05:19.413 [SERVICE-WORKER] asset found in existing cache bucket, adding to new bucket https://a.slack-edge.com/bv1-13-br/gantry-v2-async-client-your-solutions-view.ac8246b493081c422f43.min.js 
{
  "versionId": 76
}
[11/25/25, 10:05:19:415] info: Nov-25 10:05:19.415 [SERVICE-WORKER] asset found in existing cache bucket, adding to new bucket https://a.slack-edge.com/bv1-13-br/gantry-v2-async-client-your-company-solutions-view.e67ea13d8fe0bde6e998.min.js 
{
  "versionId": 76
}
[11/25/25, 10:05:19:416] info: Nov-25 10:05:19.415 [SERVICE-WORKER] asset found in existing cache bucket, adding to new bucket https://a.slack-edge.com/bv1-13-br/gantry-v2-async-client-browse-apps-view.5a3724f8af3bc6e1df41.min.js 
{
  "versionId": 76
}
[11/25/25, 10:05:19:416] info: Nov-25 10:05:19.416 [SERVICE-WORKER] asset found in existing cache bucket, adding to new bucket https://a.slack-edge.com/bv1-13-br/gantry-v2-async-client-browse-canvases-view.de6be5e03beec300e9d9.min.js 
{
  "versionId": 76
}
[11/25/25, 10:05:19:418] info: Nov-25 10:05:19.418 [SERVICE-WORKER] asset found in existing cache bucket, adding to new bucket https://a.slack-edge.com/bv1-13-br/gantry-v2-async-client-canvases-filtered-views.41dded3ef99e513a3f42.min.js 
{
  "versionId": 76
}
[11/25/25, 10:05:19:419] info: Nov-25 10:05:19.418 [SERVICE-WORKER] asset found in existing cache bucket, adding to new bucket https://a.slack-edge.com/bv1-13-br/gantry-v2-async-client-items-view.5e7efcb44a16c31b4535.min.js 
{
  "versionId": 76
}
[11/25/25, 10:05:19:419] info: Nov-25 10:05:19.419 [SERVICE-WORKER] asset found in existing cache bucket, adding to new bucket https://a.slack-edge.com/bv1-13-br/gantry-v2-async-client-browse-channels-view.9da1a2d48f49713e1bcf.min.js 
{
  "versionId": 76
}
[11/25/25, 10:05:19:421] info: Nov-25 10:05:19.420 [SERVICE-WORKER] asset found in existing cache bucket, adding to new bucket https://a.slack-edge.com/bv1-13-br/gantry-v2-async-client-browse-files-view.2579f72abea10266c994.min.js 
{
  "versionId": 76
}
[11/25/25, 10:05:19:421] info: Nov-25 10:05:19.421 [SERVICE-WORKER] asset found in existing cache bucket, adding to new bucket https://a.slack-edge.com/bv1-13-br/gantry-v2-async-client-browse-unified-files-view.a8cfee8e49443cca8495.min.js 
{
  "versionId": 76
}
[11/25/25, 10:05:19:421] info: Nov-25 10:05:19.421 [SERVICE-WORKER] asset found in existing cache bucket, adding to new bucket https://a.slack-edge.com/bv1-13-br/gantry-v2-async-client-folder-tab-view.aa4fb1ed3a8f3abaef2e.min.js 
{
  "versionId": 76
}
[11/25/25, 10:05:19:423] info: Nov-25 10:05:19.423 [SERVICE-WORKER] asset found in existing cache bucket, adding to new bucket https://a.slack-edge.com/bv1-13-br/gantry-v2-async-client-deleted-unified-files-view.bd740469a1022d1cefd4.min.js 
{
  "versionId": 76
}
[11/25/25, 10:05:19:423] info: Nov-25 10:05:19.423 [SERVICE-WORKER] asset found in existing cache bucket, adding to new bucket https://a.slack-edge.com/bv1-13-br/gantry-v2-async-client-browse-external-workpaces-view.e013b345556d054420bb.min.js 
{
  "versionId": 76
}
[11/25/25, 10:05:19:424] info: Nov-25 10:05:19.424 [SERVICE-WORKER] asset found in existing cache bucket, adding to new bucket https://a.slack-edge.com/bv1-13-br/gantry-v2-async-client-browse-lists-view.5b7973be4650c0fac45c.min.js 
{
  "versionId": 76
}
[11/25/25, 10:05:19:426] info: Nov-25 10:05:19.426 [SERVICE-WORKER] asset found in existing cache bucket, adding to new bucket https://a.slack-edge.com/bv1-13-br/gantry-v2-async-client-browse-people-view.623a11871fe34ffbf69f.min.js 
{
  "versionId": 76
}
[11/25/25, 10:05:19:427] info: Nov-25 10:05:19.426 [SERVICE-WORKER] asset found in existing cache bucket, adding to new bucket https://a.slack-edge.com/bv1-13-br/gantry-v2-async-client-org-directory-view.c6ed48179fb8369c8082.min.js 
{
  "versionId": 76
}
[11/25/25, 10:05:19:427] info: Nov-25 10:05:19.427 [SERVICE-WORKER] asset found in existing cache bucket, adding to new bucket https://a.slack-edge.com/bv1-13-br/gantry-v2-async-client-slack-connect-view.955ef56c97950886c235.min.js 
{
  "versionId": 76
}
[11/25/25, 10:05:19:430] info: Nov-25 10:05:19.430 [SERVICE-WORKER] asset found in existing cache bucket, adding to new bucket https://a.slack-edge.com/bv1-13-br/gantry-v2-async-client-paid-benefits-view.3d68423757971b72a2e4.min.js 
{
  "versionId": 76
}
[11/25/25, 10:05:19:431] info: Nov-25 10:05:19.430 [SERVICE-WORKER] asset found in existing cache bucket, adding to new bucket https://a.slack-edge.com/bv1-13-br/gantry-v2-async-client-setup-view.1ae709a91a77e4c1cd45.min.js 
{
  "versionId": 76
}
[11/25/25, 10:05:19:431] info: Nov-25 10:05:19.431 [SERVICE-WORKER] asset not found in an existing cache bucket https://a.slack-edge.com/bv1-13-br/gantry-v2-async-client-record-ask-view.fb4b73aa205a13fee8fb.min.js 
{
  "versionId": 76
}
[11/25/25, 10:05:19:431] info: Nov-25 10:05:19.431 [SERVICE-WORKER] fetching asset https://a.slack-edge.com/bv1-13-br/gantry-v2-async-client-record-ask-view.fb4b73aa205a13fee8fb.min.js 
{
  "versionId": 76
}
[11/25/25, 10:05:19:433] info: Nov-25 10:05:19.432 [SERVICE-WORKER] asset not found in an existing cache bucket https://a.slack-edge.com/bv1-13-br/gantry-v2-async-client-record-channel-related-list-view.6caeec9890be195e2719.min.js 
{
  "versionId": 76
}
[11/25/25, 10:05:19:433] info: Nov-25 10:05:19.432 [SERVICE-WORKER] fetching asset https://a.slack-edge.com/bv1-13-br/gantry-v2-async-client-record-channel-related-list-view.6caeec9890be195e2719.min.js 
{
  "versionId": 76
}
[11/25/25, 10:05:19:433] info: Nov-25 10:05:19.433 [SERVICE-WORKER] asset not found in an existing cache bucket https://a.slack-edge.com/bv1-13-br/gantry-v2-async-client-record-view.67439509ef6fea5c5603.min.js 
{
  "versionId": 76
}
[11/25/25, 10:05:19:433] info: Nov-25 10:05:19.433 [SERVICE-WORKER] fetching asset https://a.slack-edge.com/bv1-13-br/gantry-v2-async-client-record-view.67439509ef6fea5c5603.min.js 
{
  "versionId": 76
}
[11/25/25, 10:05:19:444] info: Nov-25 10:05:19.444 [SERVICE-WORKER] putting asset in cache https://a.slack-edge.com/bv1-13-br/gantry-v2-async-client-sales-bulk-grid-view.f614f2d393c6f177ae32.min.js 
{
  "versionId": 76
}
[11/25/25, 10:05:19:447] info: Nov-25 10:05:19.447 [SERVICE-WORKER] asset not found in an existing cache bucket https://a.slack-edge.com/bv1-13-br/gantry-v2-async-client-task-approval-view.65c5e2f4d4aabfaa78a4.min.js 
{
  "versionId": 76
}
[11/25/25, 10:05:19:447] info: Nov-25 10:05:19.447 [SERVICE-WORKER] fetching asset https://a.slack-edge.com/bv1-13-br/gantry-v2-async-client-task-approval-view.65c5e2f4d4aabfaa78a4.min.js 
{
  "versionId": 76
}
[11/25/25, 10:05:19:473] info: Nov-25 10:05:19.472 [SERVICE-WORKER] putting asset in cache https://a.slack-edge.com/bv1-13-br/gantry-v2-async-client-record-ask-view.fb4b73aa205a13fee8fb.min.js 
{
  "versionId": 76
}
[11/25/25, 10:05:19:474] info: Nov-25 10:05:19.473 [SERVICE-WORKER] putting asset in cache https://a.slack-edge.com/bv1-13-br/gantry-v2-async-client-record-channel-related-list-view.6caeec9890be195e2719.min.js 
{
  "versionId": 76
}
[11/25/25, 10:05:19:476] info: Nov-25 10:05:19.475 [SERVICE-WORKER] putting asset in cache https://a.slack-edge.com/bv1-13-br/gantry-v2-async-client-record-view.67439509ef6fea5c5603.min.js 
{
  "versionId": 76
}
[11/25/25, 10:05:19:480] info: Nov-25 10:05:19.479 [SERVICE-WORKER] asset found in existing cache bucket, adding to new bucket https://a.slack-edge.com/bv1-13-br/gantry-v2-async-client-activity-inbox-view.201a227acb69b6185c07.min.js 
{
  "versionId": 76
}
[11/25/25, 10:05:19:480] info: Nov-25 10:05:19.480 [SERVICE-WORKER] asset found in existing cache bucket, adding to new bucket https://a.slack-edge.com/bv1-13-br/gantry-v2-async-client-ai-app-view.31ef19ff32a9e9087b0c.min.js 
{
  "versionId": 76
}
[11/25/25, 10:05:19:480] info: Nov-25 10:05:19.480 [SERVICE-WORKER] asset found in existing cache bucket, adding to new bucket https://a.slack-edge.com/bv1-13-br/gantry-v2-async-client-about-ai-app-view.992d70fe2fe85fdb3720.min.js 
{
  "versionId": 76
}
[11/25/25, 10:05:19:482] info: Nov-25 10:05:19.481 [SERVICE-WORKER] asset found in existing cache bucket, adding to new bucket https://a.slack-edge.com/bv1-13-br/gantry-v2-async-client-workflow-editor-view.0c5065b8be44658800eb.min.js 
{
  "versionId": 76
}
[11/25/25, 10:05:19:482] info: Nov-25 10:05:19.482 [SERVICE-WORKER] asset found in existing cache bucket, adding to new bucket https://a.slack-edge.com/bv1-13-br/gantry-v2-async-client-workflow-template-editor-view.06d604630ddef6612032.min.js 
{
  "versionId": 76
}
[11/25/25, 10:05:19:483] info: Nov-25 10:05:19.483 [SERVICE-WORKER] asset found in existing cache bucket, adding to new bucket https://a.slack-edge.com/bv1-13-br/gantry-v2-async-client-workflow-being-created-view.d0375c81489f13c1bd8c.min.js 
{
  "versionId": 76
}
[11/25/25, 10:05:19:488] info: Nov-25 10:05:19.487 [SERVICE-WORKER] putting asset in cache https://a.slack-edge.com/bv1-13-br/gantry-v2-async-client-task-approval-view.65c5e2f4d4aabfaa78a4.min.js 
{
  "versionId": 76
}
[11/25/25, 10:05:19:492] info: Nov-25 10:05:19.491 [SERVICE-WORKER] asset found in existing cache bucket, adding to new bucket https://a.slack-edge.com/bv1-13-br/gantry-v2-async-client-tasks-view.1773c5e4c4c61a0006b6.min.js 
{
  "versionId": 76
}
[11/25/25, 10:05:19:492] info: Nov-25 10:05:19.492 [SERVICE-WORKER] asset found in existing cache bucket, adding to new bucket https://a.slack-edge.com/bv1-13-br/gantry-v2-async-client-assigned-tasks-view.b9c585167e3a1bea88fd.min.js 
{
  "versionId": 76
}
[11/25/25, 10:05:19:492] info: Nov-25 10:05:19.492 [SERVICE-WORKER] asset found in existing cache bucket, adding to new bucket https://a.slack-edge.com/bv1-13-br/gantry-v2-async-client-workflow-details.5b0709c1cee72045ad0b.min.js 
{
  "versionId": 76
}
[11/25/25, 10:05:19:497] info: Nov-25 10:05:19.497 [SERVICE-WORKER] asset found in existing cache bucket, adding to new bucket https://a.slack-edge.com/bv1-13-br/gantry-v2-async-meeting-details-view.9e3da4a49d74b430de76.min.js 
{
  "versionId": 76
}
[11/25/25, 10:05:19:497] info: Nov-25 10:05:19.497 [SERVICE-WORKER] asset found in existing cache bucket, adding to new bucket https://a.slack-edge.com/bv1-13-br/gantry-v2-async-client-calendar-view.24d3e1002613ba43b115.min.js 
{
  "versionId": 76
}
[11/25/25, 10:05:19:498] info: Nov-25 10:05:19.497 [SERVICE-WORKER] asset found in existing cache bucket, adding to new bucket https://a.slack-edge.com/bv1-13-br/gantry-v2-async-client-huddle-transcript-details-view.8e287f34ba625bc9bfc2.min.js 
{
  "versionId": 76
}
[11/25/25, 10:05:19:498] info: Nov-25 10:05:19.497 [SERVICE-WORKER] asset not found in an existing cache bucket https://a.slack-edge.com/bv1-13-br/gantry-v2-async-client-huddle-invite-window-with-preview-view.ca45128b00dc972cb658.min.js 
{
  "versionId": 76
}
[11/25/25, 10:05:19:498] info: Nov-25 10:05:19.498 [SERVICE-WORKER] fetching asset https://a.slack-edge.com/bv1-13-br/gantry-v2-async-client-huddle-invite-window-with-preview-view.ca45128b00dc972cb658.min.js 
{
  "versionId": 76
}
[11/25/25, 10:05:19:501] info: Nov-25 10:05:19.500 [SERVICE-WORKER] asset not found in an existing cache bucket https://a.slack-edge.com/bv1-13-br/gantry-v2-async-client-work-object-file-preview-view.d6f2a5ec7d256712d7fe.min.js 
{
  "versionId": 76
}
[11/25/25, 10:05:19:501] info: Nov-25 10:05:19.500 [SERVICE-WORKER] fetching asset https://a.slack-edge.com/bv1-13-br/gantry-v2-async-client-work-object-file-preview-view.d6f2a5ec7d256712d7fe.min.js 
{
  "versionId": 76
}
[11/25/25, 10:05:19:501] info: Nov-25 10:05:19.501 [SERVICE-WORKER] asset found in existing cache bucket, adding to new bucket https://a.slack-edge.com/bv1-13-br/gantry-v2-async-client-agents-home-view.9e34c0664a57189831c5.min.js 
{
  "versionId": 76
}
[11/25/25, 10:05:19:501] info: Nov-25 10:05:19.501 [SERVICE-WORKER] asset found in existing cache bucket, adding to new bucket https://a.slack-edge.com/bv1-13-br/gantry-v2-async-client-agent-browser-view.388484ac96e551613f1b.min.js 
{
  "versionId": 76
}
[11/25/25, 10:05:19:504] info: Nov-25 10:05:19.504 [SERVICE-WORKER] asset found in existing cache bucket, adding to new bucket https://a.slack-edge.com/bv1-13-br/gantry-v2-async-record-related-conversations-list-all-view.50f903703f52fc04af93.min.js 
{
  "versionId": 76
}
[11/25/25, 10:05:19:504] info: Nov-25 10:05:19.504 [SERVICE-WORKER] asset not found in an existing cache bucket https://a.slack-edge.com/bv1-13-br/gantry-v2-async-client-today-view.b96ccb3f154d2247f769.min.js 
{
  "versionId": 76
}
[11/25/25, 10:05:19:504] info: Nov-25 10:05:19.504 [SERVICE-WORKER] fetching asset https://a.slack-edge.com/bv1-13-br/gantry-v2-async-client-today-view.b96ccb3f154d2247f769.min.js 
{
  "versionId": 76
}
[11/25/25, 10:05:19:506] info: Nov-25 10:05:19.506 [SERVICE-WORKER] asset found in existing cache bucket, adding to new bucket https://a.slack-edge.com/bv1-13-br/gantry-v2-async-today-unreads-view.884a7e3e76199111397b.min.js 
{
  "versionId": 76
}
[11/25/25, 10:05:19:508] info: Nov-25 10:05:19.508 [SERVICE-WORKER] asset found in existing cache bucket, adding to new bucket https://a.slack-edge.com/bv1-13-br/gantry-v2-async-today-action-items-view.f65ad9bdb1a176de5a1f.min.js 
{
  "versionId": 76
}
[11/25/25, 10:05:19:510] info: Nov-25 10:05:19.510 [SERVICE-WORKER] asset found in existing cache bucket, adding to new bucket https://a.slack-edge.com/bv1-13-br/gantry-v2-async-client-search-in-channel-view.88b05bb3655fa2b7e3d5.min.js 
{
  "versionId": 76
}
[11/25/25, 10:05:19:512] info: Nov-25 10:05:19.512 [SERVICE-WORKER] asset found in existing cache bucket, adding to new bucket https://a.slack-edge.com/bv1-13-br/gantry-v2-async-client-list-history.60ce362a38cb4a63ef10.min.js 
{
  "versionId": 76
}
[11/25/25, 10:05:19:514] info: Nov-25 10:05:19.513 [SERVICE-WORKER] asset found in existing cache bucket, adding to new bucket https://a.slack-edge.com/bv1-13-br/gantry-v2-async-client-sales-log-activity-view.8e0b3ba489c932953e88.min.js 
{
  "versionId": 76
}
[11/25/25, 10:05:19:516] info: Nov-25 10:05:19.515 [SERVICE-WORKER] asset found in existing cache bucket, adding to new bucket https://a.slack-edge.com/bv1-13-br/gantry-v2-async-app-details.1dd2f5fae0434143a928.min.js 
{
  "versionId": 76
}
[11/25/25, 10:05:19:517] info: Nov-25 10:05:19.517 [SERVICE-WORKER] asset found in existing cache bucket, adding to new bucket https://a.slack-edge.com/bv1-13-br/gantry-v2-async-client-record-events-view.ad277edcf2f1880c0740.min.js 
{
  "versionId": 76
}
[11/25/25, 10:05:19:519] info: Nov-25 10:05:19.519 [SERVICE-WORKER] asset not found in an existing cache bucket https://a.slack-edge.com/bv1-13-br/gantry-v2-async-client-more-solutions-sidebar-view.f190ffe08caf77e2b621.min.js 
{
  "versionId": 76
}
[11/25/25, 10:05:19:519] info: Nov-25 10:05:19.519 [SERVICE-WORKER] fetching asset https://a.slack-edge.com/bv1-13-br/gantry-v2-async-client-more-solutions-sidebar-view.f190ffe08caf77e2b621.min.js 
{
  "versionId": 76
}
[11/25/25, 10:05:19:540] info: Nov-25 10:05:19.539 [SERVICE-WORKER] putting asset in cache https://a.slack-edge.com/bv1-13-br/gantry-v2-async-client-huddle-invite-window-with-preview-view.ca45128b00dc972cb658.min.js 
{
  "versionId": 76
}
[11/25/25, 10:05:19:541] info: Nov-25 10:05:19.541 [SERVICE-WORKER] putting asset in cache https://a.slack-edge.com/bv1-13-br/gantry-v2-async-client-work-object-file-preview-view.d6f2a5ec7d256712d7fe.min.js 
{
  "versionId": 76
}
[11/25/25, 10:05:19:542] info: Nov-25 10:05:19.542 [SERVICE-WORKER] asset not found in an existing cache bucket https://a.slack-edge.com/bv1-13-br/gantry-v2-async-client-more-canvases-sidebar-view.d4cdc89944a256cae0ac.min.js 
{
  "versionId": 76
}
[11/25/25, 10:05:19:543] info: Nov-25 10:05:19.542 [SERVICE-WORKER] fetching asset https://a.slack-edge.com/bv1-13-br/gantry-v2-async-client-more-canvases-sidebar-view.d4cdc89944a256cae0ac.min.js 
{
  "versionId": 76
}
[11/25/25, 10:05:19:544] info: Nov-25 10:05:19.543 [SERVICE-WORKER] asset not found in an existing cache bucket https://a.slack-edge.com/bv1-13-br/gantry-v2-async-client-unified-files-sidebar-view.0d21c4c99dd4e8883301.min.js 
{
  "versionId": 76
}
[11/25/25, 10:05:19:544] info: Nov-25 10:05:19.543 [SERVICE-WORKER] fetching asset https://a.slack-edge.com/bv1-13-br/gantry-v2-async-client-unified-files-sidebar-view.0d21c4c99dd4e8883301.min.js 
{
  "versionId": 76
}
[11/25/25, 10:05:19:545] info: Nov-25 10:05:19.545 [SERVICE-WORKER] putting asset in cache https://a.slack-edge.com/bv1-13-br/gantry-v2-async-client-today-view.b96ccb3f154d2247f769.min.js 
{
  "versionId": 76
}
[11/25/25, 10:05:19:548] info: Nov-25 10:05:19.548 [SERVICE-WORKER] asset not found in an existing cache bucket https://a.slack-edge.com/bv1-13-br/gantry-v2-async-client-more-platform-sidebar-view.b4401267ed81fbd09f42.min.js 
{
  "versionId": 76
}
[11/25/25, 10:05:19:548] info: Nov-25 10:05:19.548 [SERVICE-WORKER] fetching asset https://a.slack-edge.com/bv1-13-br/gantry-v2-async-client-more-platform-sidebar-view.b4401267ed81fbd09f42.min.js 
{
  "versionId": 76
}
[11/25/25, 10:05:19:560] info: Nov-25 10:05:19.560 [SERVICE-WORKER] putting asset in cache https://a.slack-edge.com/bv1-13-br/gantry-v2-async-client-more-solutions-sidebar-view.f190ffe08caf77e2b621.min.js 
{
  "versionId": 76
}
[11/25/25, 10:05:19:565] info: Nov-25 10:05:19.565 [SERVICE-WORKER] asset found in existing cache bucket, adding to new bucket https://a.slack-edge.com/bv1-13-br/gantry-v2-async-desktop-delegates-patching.16eb60c20c37d9f83a7d.min.js 
{
  "versionId": 76
}
[11/25/25, 10:05:19:567] info: Nov-25 10:05:19.567 [SERVICE-WORKER] asset found in existing cache bucket, adding to new bucket https://a.slack-edge.com/bv1-13-br/gantry-v2-async-layout-debug-overlay.0a72ce62cf3f98253afa.min.js 
{
  "versionId": 76
}
[11/25/25, 10:05:19:569] info: Nov-25 10:05:19.568 [SERVICE-WORKER] asset found in existing cache bucket, adding to new bucket https://a.slack-edge.com/bv1-13-br/gantry-v2-async-client-saved-view.c1cc4b04da06e0268442.min.js 
{
  "versionId": 76
}
[11/25/25, 10:05:19:570] info: Nov-25 10:05:19.570 [SERVICE-WORKER] asset found in existing cache bucket, adding to new bucket https://a.slack-edge.com/bv1-13-br/gantry-v2-async-client-reminders-view.26c584409e33b7eae1d4.min.js 
{
  "versionId": 76
}
[11/25/25, 10:05:19:573] info: Nov-25 10:05:19.573 [SERVICE-WORKER] asset found in existing cache bucket, adding to new bucket https://a.slack-edge.com/bv1-13-br/gantry-v2-async-client-sales-home-view.aeffee4a0e5ec81c015d.min.js 
{
  "versionId": 76
}
[11/25/25, 10:05:19:575] info: Nov-25 10:05:19.575 [SERVICE-WORKER] asset found in existing cache bucket, adding to new bucket https://a.slack-edge.com/bv1-13-br/gantry-v2-async-client-sales-home-list-view-browser.86f87fabac78c7972fef.min.js 
{
  "versionId": 76
}
[11/25/25, 10:05:19:576] info: Nov-25 10:05:19.576 [SERVICE-WORKER] asset not found in an existing cache bucket https://a.slack-edge.com/bv1-13-br/gantry-v2-async-client-sales-auto-slack-launchpad-view.09e5acea6067ef347e22.min.js 
{
  "versionId": 76
}
[11/25/25, 10:05:19:576] info: Nov-25 10:05:19.576 [SERVICE-WORKER] fetching asset https://a.slack-edge.com/bv1-13-br/gantry-v2-async-client-sales-auto-slack-launchpad-view.09e5acea6067ef347e22.min.js 
{
  "versionId": 76
}
[11/25/25, 10:05:19:584] info: Nov-25 10:05:19.584 [SERVICE-WORKER] putting asset in cache https://a.slack-edge.com/bv1-13-br/gantry-v2-async-client-more-canvases-sidebar-view.d4cdc89944a256cae0ac.min.js 
{
  "versionId": 76
}
[11/25/25, 10:05:19:588] info: Nov-25 10:05:19.587 [SERVICE-WORKER] putting asset in cache https://a.slack-edge.com/bv1-13-br/gantry-v2-async-client-unified-files-sidebar-view.0d21c4c99dd4e8883301.min.js 
{
  "versionId": 76
}
[11/25/25, 10:05:19:590] info: Nov-25 10:05:19.590 [SERVICE-WORKER] putting asset in cache https://a.slack-edge.com/bv1-13-br/gantry-v2-async-client-more-platform-sidebar-view.b4401267ed81fbd09f42.min.js 
{
  "versionId": 76
}
[11/25/25, 10:05:19:593] info: Nov-25 10:05:19.593 [SERVICE-WORKER] asset found in existing cache bucket, adding to new bucket https://a.slack-edge.com/bv1-13-br/gantry-v2-async-client-assistant-home-view.6ba0c11b0d015e636733.min.js 
{
  "versionId": 76
}
[11/25/25, 10:05:19:598] info: Nov-25 10:05:19.596 [SERVICE-WORKER] asset found in existing cache bucket, adding to new bucket https://a.slack-edge.com/bv1-13-br/gantry-v2-async-daily-digest-view.eef0efd88605a5de0ba0.min.js 
{
  "versionId": 76
}
[11/25/25, 10:05:19:598] info: Nov-25 10:05:19.597 [SERVICE-WORKER] asset found in existing cache bucket, adding to new bucket https://a.slack-edge.com/bv1-13-br/gantry-v2-async-activity-unread-channels-view.c58244f89ab2079e56c5.min.js 
{
  "versionId": 76
}
[11/25/25, 10:05:19:599] info: Nov-25 10:05:19.598 [SERVICE-WORKER] asset found in existing cache bucket, adding to new bucket https://a.slack-edge.com/bv1-13-br/gantry-v2-async-action-items-view.7a3f1534e1a26684d74b.min.js 
{
  "versionId": 76
}
[11/25/25, 10:05:19:601] info: Nov-25 10:05:19.601 [SERVICE-WORKER] asset found in existing cache bucket, adding to new bucket https://a.slack-edge.com/bv1-13-br/gantry-v2-async-client--filtered-solutions-view.00e9c57fff10151717bc.min.js 
{
  "versionId": 76
}
[11/25/25, 10:05:19:602] info: Nov-25 10:05:19.601 [SERVICE-WORKER] asset found in existing cache bucket, adding to new bucket https://a.slack-edge.com/bv1-13-br/gantry-v2-async-client--your-solutions-view.b4c4fcdbe5100ac25a0d.min.js 
{
  "versionId": 76
}
[11/25/25, 10:05:19:602] info: Nov-25 10:05:19.602 [SERVICE-WORKER] asset found in existing cache bucket, adding to new bucket https://a.slack-edge.com/bv1-13-br/gantry-v2-async-client-external-organizations-view.5e33e5205c2044752561.min.js 
{
  "versionId": 76
}
[11/25/25, 10:05:19:604] info: Nov-25 10:05:19.604 [SERVICE-WORKER] asset found in existing cache bucket, adding to new bucket https://a.slack-edge.com/bv1-13-br/gantry-v2-async-client-external-organization-view.d6e580504b9d7f7e7502.min.js 
{
  "versionId": 76
}
[11/25/25, 10:05:19:605] info: Nov-25 10:05:19.604 [SERVICE-WORKER] asset found in existing cache bucket, adding to new bucket https://a.slack-edge.com/bv1-13-br/gantry-v2-async-client-external-people-view.b530da63cbabfa497f45.min.js 
{
  "versionId": 76
}
[11/25/25, 10:05:19:605] info: Nov-25 10:05:19.605 [SERVICE-WORKER] asset found in existing cache bucket, adding to new bucket https://a.slack-edge.com/bv1-13-br/gantry-v2-async-client-slack-connect-channels-view.160836cbaf996b7cb502.min.js 
{
  "versionId": 76
}
[11/25/25, 10:05:19:607] info: Nov-25 10:05:19.607 [SERVICE-WORKER] asset found in existing cache bucket, adding to new bucket https://a.slack-edge.com/bv1-13-br/gantry-v2-async-client-slack-connect-invitations-view.7009af9d49fdff23ff35.min.js 
{
  "versionId": 76
}
[11/25/25, 10:05:19:607] info: Nov-25 10:05:19.607 [SERVICE-WORKER] asset found in existing cache bucket, adding to new bucket https://a.slack-edge.com/bv1-13-br/gantry-v2-async-client-workflows-managed-by-you-view.90eaeb886a1b3d7843e6.min.js 
{
  "versionId": 76
}
[11/25/25, 10:05:19:608] info: Nov-25 10:05:19.607 [SERVICE-WORKER] asset found in existing cache bucket, adding to new bucket https://a.slack-edge.com/bv1-13-br/gantry-v2-async-client-your-workflow-templates-view.de3ac1805d4a521a73f8.min.js 
{
  "versionId": 76
}
[11/25/25, 10:05:19:610] info: Nov-25 10:05:19.610 [SERVICE-WORKER] asset found in existing cache bucket, adding to new bucket https://a.slack-edge.com/bv1-13-br/gantry-v2-async-client-workflow-templates-view.e4698889bac97e40df77.min.js 
{
  "versionId": 76
}
[11/25/25, 10:05:19:610] info: Nov-25 10:05:19.610 [SERVICE-WORKER] asset found in existing cache bucket, adding to new bucket https://a.slack-edge.com/bv1-13-br/gantry-v2-async-client-recent-files-view.2878e54a64d00b83a5b6.min.js 
{
  "versionId": 76
}
[11/25/25, 10:05:19:611] info: Nov-25 10:05:19.611 [SERVICE-WORKER] asset found in existing cache bucket, adding to new bucket https://a.slack-edge.com/bv1-13-br/gantry-v2-async-client-files-shared-with-you-view.fc6ff70387e7bfc551e0.min.js 
{
  "versionId": 76
}
[11/25/25, 10:05:19:613] info: Nov-25 10:05:19.613 [SERVICE-WORKER] asset found in existing cache bucket, adding to new bucket https://a.slack-edge.com/bv1-13-br/gantry-v2-async-client-files-created-by-you-view.907b4c72001948f7701a.min.js 
{
  "versionId": 76
}
[11/25/25, 10:05:19:614] info: Nov-25 10:05:19.613 [SERVICE-WORKER] asset found in existing cache bucket, adding to new bucket https://a.slack-edge.com/bv1-13-br/gantry-v2-async-client-recent-canvases-view.3e2d6fbe272058845407.min.js 
{
  "versionId": 76
}
[11/25/25, 10:05:19:614] info: Nov-25 10:05:19.614 [SERVICE-WORKER] asset found in existing cache bucket, adding to new bucket https://a.slack-edge.com/bv1-13-br/gantry-v2-async-client-recent-platform-view.ed68b5dbd3e1c5d63fc2.min.js 
{
  "versionId": 76
}
[11/25/25, 10:05:19:617] info: Nov-25 10:05:19.617 [SERVICE-WORKER] asset found in existing cache bucket, adding to new bucket https://a.slack-edge.com/bv1-13-br/gantry-v2-async-about-workspace-view.fe6f11cd1ed932f36de0.min.js 
{
  "versionId": 76
}
[11/25/25, 10:05:19:617] info: Nov-25 10:05:19.617 [SERVICE-WORKER] putting asset in cache https://a.slack-edge.com/bv1-13-br/gantry-v2-async-client-sales-auto-slack-launchpad-view.09e5acea6067ef347e22.min.js 
{
  "versionId": 76
}
[11/25/25, 10:05:19:618] info: Nov-25 10:05:19.617 [SERVICE-WORKER] asset found in existing cache bucket, adding to new bucket https://a.slack-edge.com/bv1-13-br/gantry-v2-async-external-workspace-people-browser.4dda09c20f70d46e664b.min.js 
{
  "versionId": 76
}
[11/25/25, 10:05:19:618] info: Nov-25 10:05:19.618 [SERVICE-WORKER] asset found in existing cache bucket, adding to new bucket https://a.slack-edge.com/bv1-13-br/gantry-v2-async-external-workspace-channel-browser.31be9faf2012d9e391ab.min.js 
{
  "versionId": 76
}
[11/25/25, 10:05:19:622] info: Nov-25 10:05:19.621 [SERVICE-WORKER] asset found in existing cache bucket, adding to new bucket https://a.slack-edge.com/bv1-13-br/gantry-v2-async-paid-benefits-view.102d9c2e6939de794323.min.js 
{
  "versionId": 76
}
[11/25/25, 10:05:19:622] info: Nov-25 10:05:19.622 [SERVICE-WORKER] asset found in existing cache bucket, adding to new bucket https://a.slack-edge.com/bv1-13-br/gantry-v2-async-client-search-empty-view.914935f907fab3b9f663.min.js 
{
  "versionId": 76
}
[11/25/25, 10:05:19:622] info: Nov-25 10:05:19.622 [SERVICE-WORKER] asset found in existing cache bucket, adding to new bucket https://a.slack-edge.com/bv1-13-br/gantry-v2-async-client-activity-empty-view.361f649928b335daf509.min.js 
{
  "versionId": 76
}
[11/25/25, 10:05:19:622] info: Nov-25 10:05:19.622 [SERVICE-WORKER] asset not found in an existing cache bucket https://a.slack-edge.com/bv1-13-br/gantry-v2-async-client-work-object-view.9ce4eba3165be1e40697.min.js 
{
  "versionId": 76
}
[11/25/25, 10:05:19:622] info: Nov-25 10:05:19.622 [SERVICE-WORKER] fetching asset https://a.slack-edge.com/bv1-13-br/gantry-v2-async-client-work-object-view.9ce4eba3165be1e40697.min.js 
{
  "versionId": 76
}
[11/25/25, 10:05:19:625] info: Nov-25 10:05:19.625 [SERVICE-WORKER] asset found in existing cache bucket, adding to new bucket https://a.slack-edge.com/bv1-13-br/gantry-v2-async-conversational-search-view.dc262fee21c6010d2fbc.min.js 
{
  "versionId": 76
}
[11/25/25, 10:05:19:626] info: Nov-25 10:05:19.625 [SERVICE-WORKER] asset found in existing cache bucket, adding to new bucket https://a.slack-edge.com/bv1-13-br/gantry-v2-async-today-agenda-view.76ea5a924035db7c895d.min.js 
{
  "versionId": 76
}
[11/25/25, 10:05:19:626] info: Nov-25 10:05:19.626 [SERVICE-WORKER] asset found in existing cache bucket, adding to new bucket https://a.slack-edge.com/bv1-13-br/gantry-v2-async-about-usergroup-view.8ea504a99dfc85f322d1.min.js 
{
  "versionId": 76
}
[11/25/25, 10:05:19:629] info: Nov-25 10:05:19.628 [SERVICE-WORKER] asset found in existing cache bucket, adding to new bucket https://a.slack-edge.com/bv1-13-br/gantry-v2-async-client-unified-directory-view.dc9e223a862de57e0ed5.min.js 
{
  "versionId": 76
}
[11/25/25, 10:05:19:629] info: Nov-25 10:05:19.629 [SERVICE-WORKER] asset found in existing cache bucket, adding to new bucket https://a.slack-edge.com/bv1-13-br/gantry-v2-async-client-your-agents-view.721d8da8b1584decc0ba.min.js 
{
  "versionId": 76
}
[11/25/25, 10:05:19:630] info: Nov-25 10:05:19.629 [SERVICE-WORKER] asset found in existing cache bucket, adding to new bucket https://a.slack-edge.com/bv1-13-br/gantry-v2-async-sentos-search-agent-view.c4eb9e064c55bdf4a943.min.js 
{
  "versionId": 76
}
[11/25/25, 10:05:19:632] info: Nov-25 10:05:19.632 [SERVICE-WORKER] asset found in existing cache bucket, adding to new bucket https://a.slack-edge.com/bv1-13-br/gantry-v2-async-activity-system-notification-view.99b746129fcc7d0590fb.min.js 
{
  "versionId": 76
}
[11/25/25, 10:05:19:632] info: Nov-25 10:05:19.632 [SERVICE-WORKER] asset found in existing cache bucket, adding to new bucket https://a.slack-edge.com/bv1-13-br/gantry-v2-async-external-workspace-allowed-org-pane-view.a0204983e8ba382604d6.min.js 
{
  "versionId": 76
}
[11/25/25, 10:05:19:632] info: Nov-25 10:05:19.632 [SERVICE-WORKER] asset found in existing cache bucket, adding to new bucket https://a.slack-edge.com/bv1-13-br/gantry-v2-async-workflow-details.48191d4baa2f33f71f0f.min.js 
{
  "versionId": 76
}
[11/25/25, 10:05:19:635] info: Nov-25 10:05:19.635 [SERVICE-WORKER] asset found in existing cache bucket, adding to new bucket https://a.slack-edge.com/bv1-13-br/gantry-v2-async-ai-explain-view.48df8568426477694497.min.js 
{
  "versionId": 76
}
[11/25/25, 10:05:19:635] info: Nov-25 10:05:19.635 [SERVICE-WORKER] asset found in existing cache bucket, adding to new bucket https://a.slack-edge.com/bv1-13-br/gantry-v2-async-today-ai-search-view.ee10f6c6834bdd81eb42.min.js 
{
  "versionId": 76
}
[11/25/25, 10:05:19:636] info: Nov-25 10:05:19.635 [SERVICE-WORKER] asset not found in an existing cache bucket https://a.slack-edge.com/bv1-13-br/gantry-v2-async-client-channel-list-view.7bc3d5c74c6ba379193e.min.js 
{
  "versionId": 76
}
[11/25/25, 10:05:19:636] info: Nov-25 10:05:19.635 [SERVICE-WORKER] fetching asset https://a.slack-edge.com/bv1-13-br/gantry-v2-async-client-channel-list-view.7bc3d5c74c6ba379193e.min.js 
{
  "versionId": 76
}
[11/25/25, 10:05:19:637] info: Nov-25 10:05:19.637 [SERVICE-WORKER] asset not found in an existing cache bucket https://a.slack-edge.com/bv1-13-br/gantry-v2-async-client-dms-list-view.a69dbd745aab9b6957e9.min.js 
{
  "versionId": 76
}
[11/25/25, 10:05:19:637] info: Nov-25 10:05:19.637 [SERVICE-WORKER] fetching asset https://a.slack-edge.com/bv1-13-br/gantry-v2-async-client-dms-list-view.a69dbd745aab9b6957e9.min.js 
{
  "versionId": 76
}
[11/25/25, 10:05:19:637] info: Nov-25 10:05:19.637 [SERVICE-WORKER] asset not found in an existing cache bucket https://a.slack-edge.com/bv1-13-br/gantry-v2-async-more-todos-sidebar-view.eab78d7f4927f98b85ae.min.js 
{
  "versionId": 76
}
[11/25/25, 10:05:19:638] info: Nov-25 10:05:19.637 [SERVICE-WORKER] fetching asset https://a.slack-edge.com/bv1-13-br/gantry-v2-async-more-todos-sidebar-view.eab78d7f4927f98b85ae.min.js 
{
  "versionId": 76
}
[11/25/25, 10:05:19:664] info: Nov-25 10:05:19.664 [SERVICE-WORKER] putting asset in cache https://a.slack-edge.com/bv1-13-br/gantry-v2-async-client-work-object-view.9ce4eba3165be1e40697.min.js 
{
  "versionId": 76
}
[11/25/25, 10:05:19:667] info: Nov-25 10:05:19.666 [SERVICE-WORKER] asset found in existing cache bucket, adding to new bucket https://a.slack-edge.com/bv1-13-br/gantry-v2-async-client-search-view.a387b5e10aea6ce72c49.min.js 
{
  "versionId": 76
}
[11/25/25, 10:05:19:668] info: Nov-25 10:05:19.668 [SERVICE-WORKER] asset found in existing cache bucket, adding to new bucket https://a.slack-edge.com/bv1-13-br/gantry-v2-async-external-workspace-sidebar-view.1a31194d17e9e6d3e749.min.js 
{
  "versionId": 76
}
[11/25/25, 10:05:19:669] info: Nov-25 10:05:19.669 [SERVICE-WORKER] asset not found in an existing cache bucket https://a.slack-edge.com/bv1-13-br/gantry-v2-async-more-files-sidebar-view.324b78caa83c8b9bbbfc.min.js 
{
  "versionId": 76
}
[11/25/25, 10:05:19:669] info: Nov-25 10:05:19.669 [SERVICE-WORKER] fetching asset https://a.slack-edge.com/bv1-13-br/gantry-v2-async-more-files-sidebar-view.324b78caa83c8b9bbbfc.min.js 
{
  "versionId": 76
}
[11/25/25, 10:05:19:677] info: Nov-25 10:05:19.676 [SERVICE-WORKER] putting asset in cache https://a.slack-edge.com/bv1-13-br/gantry-v2-async-client-channel-list-view.7bc3d5c74c6ba379193e.min.js 
{
  "versionId": 76
}
[11/25/25, 10:05:19:678] info: Nov-25 10:05:19.678 [SERVICE-WORKER] putting asset in cache https://a.slack-edge.com/bv1-13-br/gantry-v2-async-client-dms-list-view.a69dbd745aab9b6957e9.min.js 
{
  "versionId": 76
}
[11/25/25, 10:05:19:680] info: Nov-25 10:05:19.679 [SERVICE-WORKER] putting asset in cache https://a.slack-edge.com/bv1-13-br/gantry-v2-async-more-todos-sidebar-view.eab78d7f4927f98b85ae.min.js 
{
  "versionId": 76
}
[11/25/25, 10:05:19:690] info: Nov-25 10:05:19.683 [SERVICE-WORKER] asset not found in an existing cache bucket https://a.slack-edge.com/bv1-13-br/gantry-v2-async-more-lists-sidebar-view.9288de6bca716966055c.min.js 
{
  "versionId": 76
}
[11/25/25, 10:05:19:690] info: Nov-25 10:05:19.683 [SERVICE-WORKER] fetching asset https://a.slack-edge.com/bv1-13-br/gantry-v2-async-more-lists-sidebar-view.9288de6bca716966055c.min.js 
{
  "versionId": 76
}
[11/25/25, 10:05:19:690] info: Nov-25 10:05:19.684 [SERVICE-WORKER] asset not found in an existing cache bucket https://a.slack-edge.com/bv1-13-br/gantry-v2-async-unified-files-sidebar-view.95e4148cb507d6019b4a.min.js 
{
  "versionId": 76
}
[11/25/25, 10:05:19:690] info: Nov-25 10:05:19.684 [SERVICE-WORKER] fetching asset https://a.slack-edge.com/bv1-13-br/gantry-v2-async-unified-files-sidebar-view.95e4148cb507d6019b4a.min.js 
{
  "versionId": 76
}
[11/25/25, 10:05:19:690] info: Nov-25 10:05:19.684 [SERVICE-WORKER] asset not found in an existing cache bucket https://a.slack-edge.com/bv1-13-br/gantry-v2-async-more-people-sidebar-view.70e4af9cc0bfc04bb178.min.js 
{
  "versionId": 76
}
[11/25/25, 10:05:19:690] info: Nov-25 10:05:19.684 [SERVICE-WORKER] fetching asset https://a.slack-edge.com/bv1-13-br/gantry-v2-async-more-people-sidebar-view.70e4af9cc0bfc04bb178.min.js 
{
  "versionId": 76
}
[11/25/25, 10:05:19:711] info: Nov-25 10:05:19.710 [SERVICE-WORKER] putting asset in cache https://a.slack-edge.com/bv1-13-br/gantry-v2-async-more-files-sidebar-view.324b78caa83c8b9bbbfc.min.js 
{
  "versionId": 76
}
[11/25/25, 10:05:19:714] info: Nov-25 10:05:19.714 [SERVICE-WORKER] asset not found in an existing cache bucket https://a.slack-edge.com/bv1-13-br/gantry-v2-async-more-platform-sidebar-view.098f9e96a300ea6360bc.min.js 
{
  "versionId": 76
}
[11/25/25, 10:05:19:714] info: Nov-25 10:05:19.714 [SERVICE-WORKER] fetching asset https://a.slack-edge.com/bv1-13-br/gantry-v2-async-more-platform-sidebar-view.098f9e96a300ea6360bc.min.js 
{
  "versionId": 76
}
[11/25/25, 10:05:19:731] info: Nov-25 10:05:19.731 [SERVICE-WORKER] putting asset in cache https://a.slack-edge.com/bv1-13-br/gantry-v2-async-more-lists-sidebar-view.9288de6bca716966055c.min.js 
{
  "versionId": 76
}
[11/25/25, 10:05:19:733] info: Nov-25 10:05:19.733 [SERVICE-WORKER] putting asset in cache https://a.slack-edge.com/bv1-13-br/gantry-v2-async-more-people-sidebar-view.70e4af9cc0bfc04bb178.min.js 
{
  "versionId": 76
}
[11/25/25, 10:05:19:735] info: Nov-25 10:05:19.734 [SERVICE-WORKER] putting asset in cache https://a.slack-edge.com/bv1-13-br/gantry-v2-async-unified-files-sidebar-view.95e4148cb507d6019b4a.min.js 
{
  "versionId": 76
}
[11/25/25, 10:05:19:741] info: Nov-25 10:05:19.741 [SERVICE-WORKER] asset not found in an existing cache bucket https://a.slack-edge.com/bv1-13-br/gantry-v2-async-sales-sidebar-view.ee39beec1d46137c378c.min.js 
{
  "versionId": 76
}
[11/25/25, 10:05:19:741] info: Nov-25 10:05:19.741 [SERVICE-WORKER] fetching asset https://a.slack-edge.com/bv1-13-br/gantry-v2-async-sales-sidebar-view.ee39beec1d46137c378c.min.js 
{
  "versionId": 76
}
[11/25/25, 10:05:19:741] info: Nov-25 10:05:19.741 [SERVICE-WORKER] asset not found in an existing cache bucket https://a.slack-edge.com/bv1-13-br/gantry-v2-async-external-connections-sidebar-view.3fe816e6d7352976dd3d.min.js 
{
  "versionId": 76
}
[11/25/25, 10:05:19:742] info: Nov-25 10:05:19.741 [SERVICE-WORKER] fetching asset https://a.slack-edge.com/bv1-13-br/gantry-v2-async-external-connections-sidebar-view.3fe816e6d7352976dd3d.min.js 
{
  "versionId": 76
}
[11/25/25, 10:05:19:742] info: Nov-25 10:05:19.742 [SERVICE-WORKER] asset found in existing cache bucket, adding to new bucket https://a.slack-edge.com/bv1-13-br/gantry-v2-async-client-bbm-main-view.7e03255e90074bb439f0.min.js 
{
  "versionId": 76
}
[11/25/25, 10:05:19:745] info: Nov-25 10:05:19.744 [SERVICE-WORKER] asset found in existing cache bucket, adding to new bucket https://a.slack-edge.com/bv1-13-br/gantry-v2-async-client-bbm-workspace-switcher-view.63da97dcefdfee3d07f1.min.js 
{
  "versionId": 76
}
[11/25/25, 10:05:19:747] info: Nov-25 10:05:19.747 [SERVICE-WORKER] asset found in existing cache bucket, adding to new bucket https://a.slack-edge.com/bv1-13-br/gantry-v2-async-client-bbm-more-view.bd6aaf1301ee4b91978a.min.js 
{
  "versionId": 76
}
[11/25/25, 10:05:19:749] info: Nov-25 10:05:19.749 [SERVICE-WORKER] asset found in existing cache bucket, adding to new bucket https://a.slack-edge.com/bv1-13-br/gantry-v2-async-client-agent-home-view-split.3f46a18561dfc8488e38.min.js 
{
  "versionId": 76
}
[11/25/25, 10:05:19:751] info: Nov-25 10:05:19.751 [SERVICE-WORKER] asset found in existing cache bucket, adding to new bucket https://a.slack-edge.com/bv1-13-br/gantry-v2-async-slackbot-ai-split-view.1151c0240d0b8b335ced.min.js 
{
  "versionId": 76
}
[11/25/25, 10:05:19:753] info: Nov-25 10:05:19.753 [SERVICE-WORKER] asset found in existing cache bucket, adding to new bucket https://a.slack-edge.com/bv1-13-br/gantry-v2-async-multi-channel-summaries-split-view.f21f8eee1905dd784410.min.js 
{
  "versionId": 76
}
[11/25/25, 10:05:19:755] info: Nov-25 10:05:19.755 [SERVICE-WORKER] putting asset in cache https://a.slack-edge.com/bv1-13-br/gantry-v2-async-more-platform-sidebar-view.098f9e96a300ea6360bc.min.js 
{
  "versionId": 76
}
[11/25/25, 10:05:19:756] info: Nov-25 10:05:19.756 [SERVICE-WORKER] asset found in existing cache bucket, adding to new bucket https://a.slack-edge.com/bv1-13-br/gantry-v2-async-split-empty-view.e92cfc0941bfe9c6004c.min.js 
{
  "versionId": 76
}
[11/25/25, 10:05:19:758] info: Nov-25 10:05:19.758 [SERVICE-WORKER] asset found in existing cache bucket, adding to new bucket https://a.slack-edge.com/bv1-13-br/gantry-v2-async-sparkles-wobbly.json.38211e86aa59fb506f31.min.js 
{
  "versionId": 76
}
[11/25/25, 10:05:19:759] info: Nov-25 10:05:19.759 [SERVICE-WORKER] asset found in existing cache bucket, adding to new bucket https://a.slack-edge.com/bv1-13-br/gantry-v2-async-trick-or-treat.json.58380fc782cdef1a50a8.min.js 
{
  "versionId": 76
}
[11/25/25, 10:05:19:761] info: Nov-25 10:05:19.761 [SERVICE-WORKER] asset found in existing cache bucket, adding to new bucket https://a.slack-edge.com/bv1-13-br/gantry-v2-async-hauntify-02.json.f68b60e675363899909c.min.js 
{
  "versionId": 76
}
[11/25/25, 10:05:19:761] info: Nov-25 10:05:19.761 [SERVICE-WORKER] asset found in existing cache bucket, adding to new bucket https://a.slack-edge.com/bv1-13-br/gantry-v2-async-client-list-success-coachmark.bc6db4a255fbb67a8985.min.js 
{
  "versionId": 76
}
[11/25/25, 10:05:19:763] info: Nov-25 10:05:19.763 [SERVICE-WORKER] asset found in existing cache bucket, adding to new bucket https://a.slack-edge.com/bv1-13-br/gantry-v2-async-client-canvas-success-coachmark.77bacb479dc365abbac2.min.js 
{
  "versionId": 76
}
[11/25/25, 10:05:19:763] info: Nov-25 10:05:19.763 [SERVICE-WORKER] asset found in existing cache bucket, adding to new bucket https://a.slack-edge.com/bv1-13-br/gantry-v2-async-tabs-customization-nux-coachmark.json.9fb6264a621293a0ce35.min.js 
{
  "versionId": 76
}
[11/25/25, 10:05:19:765] info: Nov-25 10:05:19.765 [SERVICE-WORKER] asset found in existing cache bucket, adding to new bucket https://a.slack-edge.com/bv1-13-br/gantry-v2-async-spider-crawl.json.4a06b2e364afbe928460.min.js 
{
  "versionId": 76
}
[11/25/25, 10:05:19:765] info: Nov-25 10:05:19.765 [SERVICE-WORKER] asset found in existing cache bucket, adding to new bucket https://a.slack-edge.com/bv1-13-br/gantry-v2-async-feelings-catcher-heart.a9ae3d58aa0381242eef.min.js 
{
  "versionId": 76
}
[11/25/25, 10:05:19:767] info: Nov-25 10:05:19.767 [SERVICE-WORKER] asset found in existing cache bucket, adding to new bucket https://a.slack-edge.com/bv1-13-br/gantry-v2-async-vendors-node_modules_sqlite_org_sqlite-wasm_sqlite-wasm_jswasm_sqlite3-opfs-async-proxy_js.b33d22168554afa1f34c.min.js 
{
  "versionId": 76
}
[11/25/25, 10:05:19:767] info: Nov-25 10:05:19.767 [SERVICE-WORKER] asset not found in an existing cache bucket https://a.slack-edge.com/bv1-13-br/gantry-v2-async-node_modules_sqlite_org_sqlite-wasm_sqlite-wasm_jswasm_sqlite3-worker1-bundler-friendly_mjs.3dc9bf37b33b36883973.min.js 
{
  "versionId": 76
}
[11/25/25, 10:05:19:767] info: Nov-25 10:05:19.767 [SERVICE-WORKER] fetching asset https://a.slack-edge.com/bv1-13-br/gantry-v2-async-node_modules_sqlite_org_sqlite-wasm_sqlite-wasm_jswasm_sqlite3-worker1-bundler-friendly_mjs.3dc9bf37b33b36883973.min.js 
{
  "versionId": 76
}
[11/25/25, 10:05:19:768] info: Nov-25 10:05:19.768 [SERVICE-WORKER] asset not found in an existing cache bucket https://a.slack-edge.com/bv1-13-br/gantry-v2-async-workflow-builder-page-edit-hermes-workflow.633d76152ea030edf2ae.min.js 
{
  "versionId": 76
}
[11/25/25, 10:05:19:769] info: Nov-25 10:05:19.768 [SERVICE-WORKER] fetching asset https://a.slack-edge.com/bv1-13-br/gantry-v2-async-workflow-builder-page-edit-hermes-workflow.633d76152ea030edf2ae.min.js 
{
  "versionId": 76
}
[11/25/25, 10:05:19:782] info: Nov-25 10:05:19.782 [SERVICE-WORKER] putting asset in cache https://a.slack-edge.com/bv1-13-br/gantry-v2-async-sales-sidebar-view.ee39beec1d46137c378c.min.js 
{
  "versionId": 76
}
[11/25/25, 10:05:19:784] info: Nov-25 10:05:19.784 [SERVICE-WORKER] putting asset in cache https://a.slack-edge.com/bv1-13-br/gantry-v2-async-external-connections-sidebar-view.3fe816e6d7352976dd3d.min.js 
{
  "versionId": 76
}
[11/25/25, 10:05:19:788] info: Nov-25 10:05:19.788 [SERVICE-WORKER] asset not found in an existing cache bucket https://a.slack-edge.com/bv1-13-br/gantry-v2-async-workflow-builder-page-workflow-version.ff60f0e9ebe8e553b94c.min.js 
{
  "versionId": 76
}
[11/25/25, 10:05:19:788] info: Nov-25 10:05:19.788 [SERVICE-WORKER] fetching asset https://a.slack-edge.com/bv1-13-br/gantry-v2-async-workflow-builder-page-workflow-version.ff60f0e9ebe8e553b94c.min.js 
{
  "versionId": 76
}
[11/25/25, 10:05:19:789] info: Nov-25 10:05:19.788 [SERVICE-WORKER] asset found in existing cache bucket, adding to new bucket https://a.slack-edge.com/bv1-13-br/gantry-v2-async-workflow-builder-page-workflow-deleted.2cfa22493018ae1f0c77.min.js 
{
  "versionId": 76
}
[11/25/25, 10:05:19:790] info: Nov-25 10:05:19.790 [SERVICE-WORKER] asset found in existing cache bucket, adding to new bucket https://a.slack-edge.com/bv1-13-br/gantry-v2-async-workflow-builder-page-workflow-list.da4ec4bb4c4fabfa8f13.min.js 
{
  "versionId": 76
}
[11/25/25, 10:05:19:792] info: Nov-25 10:05:19.792 [SERVICE-WORKER] asset found in existing cache bucket, adding to new bucket https://a.slack-edge.com/bv1-13-br/gantry-v2-async-workflow-builder-page-integrations.76a1457bc1d74e27b732.min.js 
{
  "versionId": 76
}
[11/25/25, 10:05:19:793] info: Nov-25 10:05:19.793 [SERVICE-WORKER] asset found in existing cache bucket, adding to new bucket https://a.slack-edge.com/bv1-13-br/gantry-v2-async-workflow-builder-page-create-empty-workflow.0cb3c658f56948f4ee12.min.js 
{
  "versionId": 76
}
[11/25/25, 10:05:19:796] info: Nov-25 10:05:19.796 [SERVICE-WORKER] asset found in existing cache bucket, adding to new bucket https://a.slack-edge.com/bv1-13-br/gantry-v2-async-workflow-builder-page-url-error.932d479a3387bc11af54.min.js 
{
  "versionId": 76
}
[11/25/25, 10:05:19:797] info: Nov-25 10:05:19.797 [SERVICE-WORKER] asset not found in an existing cache bucket https://a.slack-edge.com/bv1-13-br/gantry-v2-async-workflow-builder-template-selection-workflow.6a57b2c64d3d3abba573.min.js 
{
  "versionId": 76
}
[11/25/25, 10:05:19:797] info: Nov-25 10:05:19.797 [SERVICE-WORKER] fetching asset https://a.slack-edge.com/bv1-13-br/gantry-v2-async-workflow-builder-template-selection-workflow.6a57b2c64d3d3abba573.min.js 
{
  "versionId": 76
}
[11/25/25, 10:05:19:808] info: Nov-25 10:05:19.808 [SERVICE-WORKER] putting asset in cache https://a.slack-edge.com/bv1-13-br/gantry-v2-async-node_modules_sqlite_org_sqlite-wasm_sqlite-wasm_jswasm_sqlite3-worker1-bundler-friendly_mjs.3dc9bf37b33b36883973.min.js 
{
  "versionId": 76
}
[11/25/25, 10:05:19:808] info: Nov-25 10:05:19.808 [SERVICE-WORKER] putting asset in cache https://a.slack-edge.com/bv1-13-br/gantry-v2-async-workflow-builder-page-edit-hermes-workflow.633d76152ea030edf2ae.min.js 
{
  "versionId": 76
}
[11/25/25, 10:05:19:809] info: Nov-25 10:05:19.809 [SERVICE-WORKER] asset not found in an existing cache bucket https://a.slack-edge.com/bv1-13-br/gantry-v2-async-workflow-builder-template-edit.9b54500f99c547564698.min.js 
{
  "versionId": 76
}
[11/25/25, 10:05:19:809] info: Nov-25 10:05:19.809 [SERVICE-WORKER] fetching asset https://a.slack-edge.com/bv1-13-br/gantry-v2-async-workflow-builder-template-edit.9b54500f99c547564698.min.js 
{
  "versionId": 76
}
[11/25/25, 10:05:19:817] info: Nov-25 10:05:19.817 [SERVICE-WORKER] asset found in existing cache bucket, adding to new bucket https://a.slack-edge.com/bv1-13-br/gantry-v2-async-workflow-builder-template-steps-edit.117c3cf3dbc806c9fb6c.min.js 
{
  "versionId": 76
}
[11/25/25, 10:05:19:819] info: Nov-25 10:05:19.819 [SERVICE-WORKER] asset found in existing cache bucket, adding to new bucket https://a.slack-edge.com/bv1-13-br/gantry-v2-async-mrbeast-confetti.json.a3992cc2879f6a12f971.min.js 
{
  "versionId": 76
}
[11/25/25, 10:05:19:823] info: Nov-25 10:05:19.823 [SERVICE-WORKER] asset found in existing cache bucket, adding to new bucket https://a.slack-edge.com/bv1-13-br/gantry-v2-async-client-browse-sidekicks-view-content.100a40eb812ae69045af.min.js 
{
  "versionId": 76
}
[11/25/25, 10:05:19:828] info: Nov-25 10:05:19.827 [SERVICE-WORKER] asset found in existing cache bucket, adding to new bucket https://a.slack-edge.com/bv1-13-br/gantry-v2-async-workflow-builder-segment-form-dialog.169b5e95498cbd5d57d6.min.js 
{
  "versionId": 76
}
[11/25/25, 10:05:19:829] info: Nov-25 10:05:19.828 [SERVICE-WORKER] putting asset in cache https://a.slack-edge.com/bv1-13-br/gantry-v2-async-workflow-builder-page-workflow-version.ff60f0e9ebe8e553b94c.min.js 
{
  "versionId": 76
}
[11/25/25, 10:05:19:831] info: Nov-25 10:05:19.831 [SERVICE-WORKER] asset found in existing cache bucket, adding to new bucket https://a.slack-edge.com/bv1-13-br/gantry-v2-async-workflow-builder-segment-form-message.a1403d6acbc67f3a4d5f.min.js 
{
  "versionId": 76
}
[11/25/25, 10:05:19:834] info: Nov-25 10:05:19.834 [SERVICE-WORKER] asset found in existing cache bucket, adding to new bucket https://a.slack-edge.com/bv1-13-br/gantry-v2-async-workflow-builder-segment-form-slack-function-form.be546819617f951a2063.min.js 
{
  "versionId": 76
}
[11/25/25, 10:05:19:835] info: Nov-25 10:05:19.835 [SERVICE-WORKER] asset found in existing cache bucket, adding to new bucket https://a.slack-edge.com/bv1-13-br/gantry-v2-async-workflow-builder-segment-form-switch.aca8867a5598d3282399.min.js 
{
  "versionId": 76
}
[11/25/25, 10:05:19:836] info: Nov-25 10:05:19.836 [SERVICE-WORKER] asset found in existing cache bucket, adding to new bucket https://a.slack-edge.com/bv1-13-br/gantry-v2-async-workflow-builder-segment-form-channel_action.c8216cde0616334c8a5c.min.js 
{
  "versionId": 76
}
[11/25/25, 10:05:19:838] info: Nov-25 10:05:19.837 [SERVICE-WORKER] asset found in existing cache bucket, adding to new bucket https://a.slack-edge.com/bv1-13-br/gantry-v2-async-workflow-builder-segment-form-third-party-event.a632dfcb0b4ba988a64e.min.js 
{
  "versionId": 76
}
[11/25/25, 10:05:19:838] info: Nov-25 10:05:19.838 [SERVICE-WORKER] putting asset in cache https://a.slack-edge.com/bv1-13-br/gantry-v2-async-workflow-builder-template-selection-workflow.6a57b2c64d3d3abba573.min.js 
{
  "versionId": 76
}
[11/25/25, 10:05:19:838] info: Nov-25 10:05:19.838 [SERVICE-WORKER] asset found in existing cache bucket, adding to new bucket https://a.slack-edge.com/bv1-13-br/gantry-v2-async-workflow-builder-segment-form-hermes-scheduled.b47bc40dce085d127cd8.min.js 
{
  "versionId": 76
}
[11/25/25, 10:05:19:840] info: Nov-25 10:05:19.840 [SERVICE-WORKER] asset found in existing cache bucket, adding to new bucket https://a.slack-edge.com/bv1-13-br/gantry-v2-async-workflow-builder-segment-form-hermes-webhook.47c5a42abf8135c980c1.min.js 
{
  "versionId": 76
}
[11/25/25, 10:05:19:840] info: Nov-25 10:05:19.840 [SERVICE-WORKER] asset found in existing cache bucket, adding to new bucket https://a.slack-edge.com/bv1-13-br/gantry-v2-async-workflow-builder-segment-form-member_joined_channel.5ef4e209b487208c4aed.min.js 
{
  "versionId": 76
}
[11/25/25, 10:05:19:842] info: Nov-25 10:05:19.842 [SERVICE-WORKER] asset found in existing cache bucket, adding to new bucket https://a.slack-edge.com/bv1-13-br/gantry-v2-async-workflow-builder-segment-form-message_action.515bf82d3b9f98320242.min.js 
{
  "versionId": 76
}
[11/25/25, 10:05:19:843] info: Nov-25 10:05:19.843 [SERVICE-WORKER] asset found in existing cache bucket, adding to new bucket https://a.slack-edge.com/bv1-13-br/gantry-v2-async-workflow-builder-segment-form-reaction_added.b0369fb9c54f5d170b12.min.js 
{
  "versionId": 76
}
[11/25/25, 10:05:19:847] info: Nov-25 10:05:19.846 [SERVICE-WORKER] asset found in existing cache bucket, adding to new bucket https://a.slack-edge.com/bv1-13-br/gantry-v2-async-workflow-builder-segment-form-scheduled.8b122f3728d49046ff41.min.js 
{
  "versionId": 76
}
[11/25/25, 10:05:19:847] info: Nov-25 10:05:19.847 [SERVICE-WORKER] asset found in existing cache bucket, adding to new bucket https://a.slack-edge.com/bv1-13-br/gantry-v2-async-workflow-builder-segment-form-shortcut.08cb38cfe6bd3aba0a14.min.js 
{
  "versionId": 76
}
[11/25/25, 10:05:19:847] info: Nov-25 10:05:19.847 [SERVICE-WORKER] asset found in existing cache bucket, adding to new bucket https://a.slack-edge.com/bv1-13-br/gantry-v2-async-workflow-builder-segment-form-slack-event.38e1aa4f0a733975e89e.min.js 
{
  "versionId": 76
}
[11/25/25, 10:05:19:850] info: Nov-25 10:05:19.849 [SERVICE-WORKER] asset found in existing cache bucket, adding to new bucket https://a.slack-edge.com/bv1-13-br/gantry-v2-async-workflow-builder-segment-form-slash_command.93126d95093c38a0efae.min.js 
{
  "versionId": 76
}
[11/25/25, 10:05:19:850] info: Nov-25 10:05:19.850 [SERVICE-WORKER] asset found in existing cache bucket, adding to new bucket https://a.slack-edge.com/bv1-13-br/gantry-v2-async-workflow-builder-segment-form-webhook.cb208c5f547f0854ff7d.min.js 
{
  "versionId": 76
}
[11/25/25, 10:05:19:850] info: Nov-25 10:05:19.850 [SERVICE-WORKER] putting asset in cache https://a.slack-edge.com/bv1-13-br/gantry-v2-async-workflow-builder-template-edit.9b54500f99c547564698.min.js 
{
  "versionId": 76
}
[11/25/25, 10:05:19:850] info: Nov-25 10:05:19.850 [SERVICE-WORKER] asset found in existing cache bucket, adding to new bucket https://a.slack-edge.com/bv1-13-br/gantry-v2-async-workflow-builder-extension-step-modal-content.e1959d0fd9e8a85401bf.min.js 
{
  "versionId": 76
}
[11/25/25, 10:05:19:853] info: Nov-25 10:05:19.853 [SERVICE-WORKER] asset found in existing cache bucket, adding to new bucket https://a.slack-edge.com/bv1-13-br/gantry-v2-async-client-agent-browser-my-agents-view.2721b6f14cf9242f6a5b.min.js 
{
  "versionId": 76
}
[11/25/25, 10:05:19:853] info: Nov-25 10:05:19.853 [SERVICE-WORKER] asset found in existing cache bucket, adding to new bucket https://a.slack-edge.com/bv1-13-br/gantry-v2-async-client-agent-browser-agent-exchange-view.eeca21d1afcc3e6eda1d.min.js 
{
  "versionId": 76
}
[11/25/25, 10:05:19:854] info: Nov-25 10:05:19.854 [SERVICE-WORKER] asset found in existing cache bucket, adding to new bucket https://a.slack-edge.com/bv1-13-br/gantry-v2-async-client-agent-browser-agent-activity-view.8bbdbfa3ca9494fb7900.min.js 
{
  "versionId": 76
}
[11/25/25, 10:05:19:856] info: Nov-25 10:05:19.856 [SERVICE-WORKER] asset not found in an existing cache bucket https://a.slack-edge.com/bv1-13-br/gantry-v2-async-gantry-v2-vendors-async.a31b1864fa7fe96bbd09.min.js 
{
  "versionId": 76
}
[11/25/25, 10:05:19:856] info: Nov-25 10:05:19.856 [SERVICE-WORKER] fetching asset https://a.slack-edge.com/bv1-13-br/gantry-v2-async-gantry-v2-vendors-async.a31b1864fa7fe96bbd09.min.js 
{
  "versionId": 76
}
[11/25/25, 10:05:19:856] info: Nov-25 10:05:19.856 [SERVICE-WORKER] asset not found in an existing cache bucket https://a.slack-edge.com/bv1-13-br/gantry-v2-async-gantry-v2-shared-boot-async.4fabaf6278a1c9ee09ca.min.js 
{
  "versionId": 76
}
[11/25/25, 10:05:19:856] info: Nov-25 10:05:19.856 [SERVICE-WORKER] fetching asset https://a.slack-edge.com/bv1-13-br/gantry-v2-async-gantry-v2-shared-boot-async.4fabaf6278a1c9ee09ca.min.js 
{
  "versionId": 76
}
[11/25/25, 10:05:19:856] info: Nov-25 10:05:19.856 [SERVICE-WORKER] asset found in existing cache bucket, adding to new bucket https://a.slack-edge.com/bv1-13-br/gantry-v2-async-straight-to-biz-plus-rocket-animation.e2640314039fc05ce192.min.js 
{
  "versionId": 76
}
[11/25/25, 10:05:19:857] info: Nov-25 10:05:19.856 [SERVICE-WORKER] asset not found in an existing cache bucket https://a.slack-edge.com/bv1-13-br/gantry-v2-vendors.88da53c6043f81127843.min.js 
{
  "versionId": 76
}
[11/25/25, 10:05:19:857] info: Nov-25 10:05:19.856 [SERVICE-WORKER] fetching asset https://a.slack-edge.com/bv1-13-br/gantry-v2-vendors.88da53c6043f81127843.min.js 
{
  "versionId": 76
}
[11/25/25, 10:05:19:860] info: Nov-25 10:05:19.859 [SERVICE-WORKER] asset found in existing cache bucket, adding to new bucket https://a.slack-edge.com/bv1-13-br/gantry-v2-async-gantry-v2-vendors-async-client.fb1b8510a4c81987f245.min.js 
{
  "versionId": 76
}
[11/25/25, 10:05:19:862] info: Nov-25 10:05:19.861 [SERVICE-WORKER] asset found in existing cache bucket, adding to new bucket https://a.slack-edge.com/bv1-13-br/gantry-v2-async-gantry-v2-vendors-async-workflow-builder.2f86b429f53c4a4f55a1.min.js 
{
  "versionId": 76
}
[11/25/25, 10:05:19:863] info: Nov-25 10:05:19.863 [SERVICE-WORKER] asset found in existing cache bucket, adding to new bucket https://a.slack-edge.com/bv1-13-br/gantry-v2-vendors-client.6b635b1ee831861efe28.min.js 
{
  "versionId": 76
}
[11/25/25, 10:05:19:866] info: Nov-25 10:05:19.865 [SERVICE-WORKER] asset found in existing cache bucket, adding to new bucket https://a.slack-edge.com/bv1-13-br/gantry-v2-vendors-workflow-builder.7f2b13aae88cc1580079.min.js 
{
  "versionId": 76
}
[11/25/25, 10:05:19:866] info: Nov-25 10:05:19.866 [SERVICE-WORKER] asset not found in an existing cache bucket https://a.slack-edge.com/bv1-13-br/gantry-v2-shared.d94ffb896373c4118f36.min.js 
{
  "versionId": 76
}
[11/25/25, 10:05:19:866] info: Nov-25 10:05:19.866 [SERVICE-WORKER] fetching asset https://a.slack-edge.com/bv1-13-br/gantry-v2-shared.d94ffb896373c4118f36.min.js 
{
  "versionId": 76
}
[11/25/25, 10:05:19:898] info: Nov-25 10:05:19.897 [SERVICE-WORKER] putting asset in cache https://a.slack-edge.com/bv1-13-br/gantry-v2-async-gantry-v2-vendors-async.a31b1864fa7fe96bbd09.min.js 
{
  "versionId": 76
}
[11/25/25, 10:05:19:900] info: Nov-25 10:05:19.900 [SERVICE-WORKER] putting asset in cache https://a.slack-edge.com/bv1-13-br/gantry-v2-async-gantry-v2-shared-boot-async.4fabaf6278a1c9ee09ca.min.js 
{
  "versionId": 76
}
[11/25/25, 10:05:19:901] info: Nov-25 10:05:19.901 [SERVICE-WORKER] putting asset in cache https://a.slack-edge.com/bv1-13-br/gantry-v2-vendors.88da53c6043f81127843.min.js 
{
  "versionId": 76
}
[11/25/25, 10:05:19:908] info: Nov-25 10:05:19.908 [SERVICE-WORKER] putting asset in cache https://a.slack-edge.com/bv1-13-br/gantry-v2-shared.d94ffb896373c4118f36.min.js 
{
  "versionId": 76
}
[11/25/25, 10:05:19:959] info: Nov-25 10:05:19.958 [SERVICE-WORKER] asset found in existing cache bucket, adding to new bucket https://a.slack-edge.com/bv1-13-br/gantry-v2-async-vendors-node_modules_codemirror_addon_mode_overlay_js-node_modules_codemirror_mode_htmlmixed_-38ceb7.dab5f96fada2562d5313.min.js 
{
  "versionId": 76
}
[11/25/25, 10:05:19:964] info: Nov-25 10:05:19.964 [SERVICE-WORKER] asset found in existing cache bucket, adding to new bucket https://a.slack-edge.com/bv1-13-br/gantry-v2-async-vendors-node_modules_qrcode_lib_browser_js-_d0550.144a3a452f1220c72770.min.js 
{
  "versionId": 76
}
[11/25/25, 10:05:19:968] info: Nov-25 10:05:19.968 [SERVICE-WORKER] asset found in existing cache bucket, adding to new bucket https://a.slack-edge.com/bv1-13-br/gantry-v2-async-vendors-node_modules_mediapipe_selfie_segmentation_selfie_segmentation_js-node_modules_tensor-f12dad.74fcbee7f7c818bf54c4.min.js 
{
  "versionId": 76
}
[11/25/25, 10:05:19:969] info: Nov-25 10:05:19.968 [SERVICE-WORKER] asset found in existing cache bucket, adding to new bucket https://a.slack-edge.com/bv1-13-br/gantry-v2-async-vendors-node_modules_sqlite_org_sqlite-wasm_sqlite-wasm_jswasm_sqlite3-bundler-friendly_mjs.7c5e52815678dfa34b2b.min.js 
{
  "versionId": 76
}
[11/25/25, 10:05:19:973] info: Nov-25 10:05:19.973 [SERVICE-WORKER] asset found in existing cache bucket, adding to new bucket https://a.slack-edge.com/bv1-13-br/gantry-v2-async-vendors-node_modules_shikijs_langs_dist_php_mjs.501d43bf0f9c5becbf47.min.js 
{
  "versionId": 76
}
[11/25/25, 10:05:19:974] info: Nov-25 10:05:19.974 [SERVICE-WORKER] asset found in existing cache bucket, adding to new bucket https://a.slack-edge.com/bv1-13-br/gantry-v2-async-vendors-node_modules_codemirror_addon_mode_simple_js-node_modules_codemirror_mode_clike_clike-24f51a.7184321d0964eb6b7b16.min.js 
{
  "versionId": 76
}
[11/25/25, 10:05:19:976] info: Nov-25 10:05:19.976 [SERVICE-WORKER] asset found in existing cache bucket, adding to new bucket https://a.slack-edge.com/bv1-13-br/gantry-v2-async-vendors-node_modules_codemirror_mode_handlebars_handlebars_js-node_modules_codemirror_mode_ha-4cd3fd.5ca4a1e1f490c9c3ddec.min.js 
{
  "versionId": 76
}
[11/25/25, 10:05:19:977] info: Nov-25 10:05:19.976 [SERVICE-WORKER] asset found in existing cache bucket, adding to new bucket https://a.slack-edge.com/bv1-13-br/gantry-v2-async-vendors-node_modules_sqlite_org_sqlite-wasm_index_mjs-node_modules_kysely_dist_esm_dialect_sq-3ee74a.9f22395bdc1f18405a38.min.js 
{
  "versionId": 76
}
[11/25/25, 10:05:19:979] info: Nov-25 10:05:19.979 [SERVICE-WORKER] asset found in existing cache bucket, adding to new bucket https://a.slack-edge.com/bv1-13-br/gantry-v2-async-vendors-node_modules_c3_c3_js-node_modules_d3-selection_index_js.c7be1ff6aab72af437b5.min.js 
{
  "versionId": 76
}
[11/25/25, 10:05:19:980] info: Nov-25 10:05:19.980 [SERVICE-WORKER] asset found in existing cache bucket, adding to new bucket https://a.slack-edge.com/bv1-13-br/gantry-v2-async-vendors-node_modules_qrcode_lib_browser_js-_d0551.f3df0e5a511176966059.min.js 
{
  "versionId": 76
}
[11/25/25, 10:05:19:983] info: Nov-25 10:05:19.982 [SERVICE-WORKER] asset found in existing cache bucket, adding to new bucket https://a.slack-edge.com/bv1-13-br/gantry-v2-async-vendors-node_modules_qrcode_lib_browser_js-_d0552.31ef032d03ad9b69f255.min.js 
{
  "versionId": 76
}
[11/25/25, 10:05:19:983] info: Nov-25 10:05:19.983 [SERVICE-WORKER] asset found in existing cache bucket, adding to new bucket https://a.slack-edge.com/bv1-13-br/gantry-v2-async-vendors-node_modules_react-codemirror2_index_js.72e76bf8d2c6ad46888f.min.js 
{
  "versionId": 76
}
[11/25/25, 10:05:19:985] info: Nov-25 10:05:19.985 [SERVICE-WORKER] fetching asset /boot/workflow-builder.html 
{
  "versionId": 76
}
[11/25/25, 10:05:19:986] info: Nov-25 10:05:19.986 [SERVICE-WORKER] asset found in existing cache bucket, adding to new bucket https://a.slack-edge.com/bv1-13-br/gantry-v2-async-vendors-node_modules_mediapipe_tasks-vision_vision_bundle_mjs.8e6238ae46c978d7d727.min.js 
{
  "versionId": 76
}
[11/25/25, 10:05:19:987] info: Nov-25 10:05:19.987 [SERVICE-WORKER] fetching asset /boot/workflow-builder-gov.html 
{
  "versionId": 76
}
[11/25/25, 10:05:20:017] info: Nov-25 10:05:20.016 [SERVICE-WORKER] fetching asset /boot/client-v2.html 
{
  "versionId": 76
}
[11/25/25, 10:05:20:043] info: Nov-25 10:05:20.043 [SERVICE-WORKER] fetching asset /boot/client-v2-gov.html 
{
  "versionId": 76
}
[11/25/25, 10:05:20:107] info: Nov-25 10:05:20.107 [SERVICE-WORKER] putting asset in cache /boot/workflow-builder.html 
{
  "versionId": 76
}
[11/25/25, 10:05:20:124] info: Nov-25 10:05:20.124 [SERVICE-WORKER] putting asset in cache /boot/workflow-builder-gov.html 
{
  "versionId": 76
}
[11/25/25, 10:05:20:158] info: Nov-25 10:05:20.158 [SERVICE-WORKER] putting asset in cache /boot/client-v2.html 
{
  "versionId": 76
}
[11/25/25, 10:05:20:174] info: Nov-25 10:05:20.173 [SERVICE-WORKER] putting asset in cache /boot/client-v2-gov.html 
{
  "versionId": 76
}
[11/25/25, 10:05:20:202] info: Nov-25 10:05:20.201 [SERVICE-WORKER] All files fetched and put in cache in 1846.9000000000233ms 
{
  "versionId": 76
}
[11/25/25, 10:05:21:209] info: Nov-25 10:05:21.208 [SERVICE-WORKER] activate event [object ExtendableEvent] 
{
  "versionId": 76
}
[11/25/25, 10:05:23:479] info: Nov-25 10:05:23.479 [SERVICE-WORKER] asset found in existing cache bucket, adding to new bucket //a.slack-edge.com/canvas_blob/HeVN5KbSDJdT2p95AEks3Q-chunk 
{
  "versionId": 76
}
[11/25/25, 10:05:23:479] info: Nov-25 10:05:23.479 [SERVICE-WORKER] asset found in existing cache bucket, adding to new bucket //a.slack-edge.com/canvas_blob/DQBrhYK83TMrbehmNNh56A-ancillary 
{
  "versionId": 76
}
[11/25/25, 10:05:23:479] info: Nov-25 10:05:23.479 [SERVICE-WORKER] asset found in existing cache bucket, adding to new bucket //a.slack-edge.com/canvas_blob/qx6vO5haNiDD-zgv0m9SdQ-chunk 
{
  "versionId": 76
}
[11/25/25, 10:05:23:480] info: Nov-25 10:05:23.480 [SERVICE-WORKER] asset found in existing cache bucket, adding to new bucket //a.slack-edge.com/canvas_blob/ybMmEmEjETusEHddVztU7g-chunk 
{
  "versionId": 76
}
[11/25/25, 10:05:23:489] info: Nov-25 10:05:23.489 [SERVICE-WORKER] asset found in existing cache bucket, adding to new bucket //a.slack-edge.com/canvas_blob/3fMHblULrHluXl8Voe16aA-chunk 
{
  "versionId": 76
}
[11/25/25, 10:05:23:489] info: Nov-25 10:05:23.489 [SERVICE-WORKER] asset found in existing cache bucket, adding to new bucket //a.slack-edge.com/canvas_blob/9qJH3S5UNBe4uCygIqKozg-chunk 
{
  "versionId": 76
}
[11/25/25, 10:05:23:490] info: Nov-25 10:05:23.490 [SERVICE-WORKER] asset found in existing cache bucket, adding to new bucket //a.slack-edge.com/canvas_blob/bb0BDNTjQLQeYgOZNYTVlA-chunk 
{
  "versionId": 76
}
[11/25/25, 10:05:23:490] info: Nov-25 10:05:23.490 [SERVICE-WORKER] asset found in existing cache bucket, adding to new bucket //a.slack-edge.com/canvas_blob/CL8U7EAq40anjIG5YqA7wA-chunk 
{
  "versionId": 76
}
[11/25/25, 10:05:23:492] info: Nov-25 10:05:23.492 [SERVICE-WORKER] asset found in existing cache bucket, adding to new bucket //a.slack-edge.com/canvas_blob/TdkX4Bx3Zx7BREetu1iDTA-chunk 
{
  "versionId": 76
}
[11/25/25, 10:05:23:492] info: Nov-25 10:05:23.492 [SERVICE-WORKER] asset found in existing cache bucket, adding to new bucket //a.slack-edge.com/canvas_blob/DtRPLotnm0gn_9v246T6gg-chunk 
{
  "versionId": 76
}
[11/25/25, 10:05:23:493] info: Nov-25 10:05:23.493 [SERVICE-WORKER] asset found in existing cache bucket, adding to new bucket //a.slack-edge.com/canvas_blob/-On1CIihnw5sxda7Pc_SYw-chunk 
{
  "versionId": 76
}
[11/25/25, 10:05:23:493] info: Nov-25 10:05:23.493 [SERVICE-WORKER] asset found in existing cache bucket, adding to new bucket //a.slack-edge.com/canvas_blob/5F4Eu_wmR_F08RODjwApfA-chunk 
{
  "versionId": 76
}
[11/25/25, 10:05:23:495] info: Nov-25 10:05:23.495 [SERVICE-WORKER] asset found in existing cache bucket, adding to new bucket //a.slack-edge.com/canvas_blob/r2h1LN-F4rqcx0SoGy2J0w-chunk 
{
  "versionId": 76
}
[11/25/25, 10:05:23:495] info: Nov-25 10:05:23.495 [SERVICE-WORKER] asset found in existing cache bucket, adding to new bucket //a.slack-edge.com/canvas_blob/YctT4Y8Qawkh6y4v2ymJ0w-chunk 
{
  "versionId": 76
}
[11/25/25, 10:05:23:496] info: Nov-25 10:05:23.496 [SERVICE-WORKER] asset found in existing cache bucket, adding to new bucket //a.slack-edge.com/canvas_blob/7f7PB2IfFjQ8KPjAyKCqMA-chunk 
{
  "versionId": 76
}
[11/25/25, 10:05:23:496] info: Nov-25 10:05:23.496 [SERVICE-WORKER] asset found in existing cache bucket, adding to new bucket //a.slack-edge.com/canvas_blob/S6VFAAU95tc1smB-VKhk3g-chunk 
{
  "versionId": 76
}
[11/25/25, 10:05:23:501] info: Nov-25 10:05:23.501 [SERVICE-WORKER] asset found in existing cache bucket, adding to new bucket //a.slack-edge.com/canvas_blob/HJjderVZ3bdgvDaoQtm0cw-chunk 
{
  "versionId": 76
}
[11/25/25, 10:05:23:502] info: Nov-25 10:05:23.502 [SERVICE-WORKER] asset found in existing cache bucket, adding to new bucket //a.slack-edge.com/canvas_blob/ljEpJhr1TsqYi65dOOYo8g-chunk 
{
  "versionId": 76
}
[11/25/25, 10:05:23:502] info: Nov-25 10:05:23.502 [SERVICE-WORKER] asset found in existing cache bucket, adding to new bucket //a.slack-edge.com/canvas_blob/H4qCtkwAXptAgY9ZxNZjdw-chunk 
{
  "versionId": 76
}
[11/25/25, 10:05:23:502] info: Nov-25 10:05:23.502 [SERVICE-WORKER] asset found in existing cache bucket, adding to new bucket //a.slack-edge.com/canvas_blob/vpw6fdCRxdAroxFYdkM1Nw-chunk 
{
  "versionId": 76
}
[11/25/25, 10:05:23:505] info: Nov-25 10:05:23.505 [SERVICE-WORKER] asset found in existing cache bucket, adding to new bucket //a.slack-edge.com/canvas_blob/ls_oy9goQ8bvsq0ndq6VHw-chunk 
{
  "versionId": 76
}
[11/25/25, 10:05:23:505] info: Nov-25 10:05:23.505 [SERVICE-WORKER] asset found in existing cache bucket, adding to new bucket //a.slack-edge.com/canvas_blob/i4ZsIGiT1boPHDz0SeRoFA-chunk 
{
  "versionId": 76
}
[11/25/25, 10:05:23:505] info: Nov-25 10:05:23.505 [SERVICE-WORKER] asset found in existing cache bucket, adding to new bucket //a.slack-edge.com/canvas_blob/IBC7r0KtRH2VUs9rKtwEmg-chunk 
{
  "versionId": 76
}
[11/25/25, 10:05:23:505] info: Nov-25 10:05:23.505 [SERVICE-WORKER] asset found in existing cache bucket, adding to new bucket //a.slack-edge.com/canvas_blob/IZUg21AwiPbF2wCrJ_aHXQ-chunk 
{
  "versionId": 76
}
[11/25/25, 10:05:23:508] info: Nov-25 10:05:23.508 [SERVICE-WORKER] asset found in existing cache bucket, adding to new bucket //a.slack-edge.com/canvas_blob/kVj8Ov_n2NRRmqNAWQWe4w-chunk 
{
  "versionId": 76
}
[11/25/25, 10:05:23:508] info: Nov-25 10:05:23.508 [SERVICE-WORKER] asset found in existing cache bucket, adding to new bucket //a.slack-edge.com/canvas_blob/H8T3WPb2iAtpwUac4jmqEQ-chunk 
{
  "versionId": 76
}
[11/25/25, 10:05:23:508] info: Nov-25 10:05:23.508 [SERVICE-WORKER] asset found in existing cache bucket, adding to new bucket //a.slack-edge.com/canvas_blob/vw2-dB69JmuBOe2AbhsAkg-chunk 
{
  "versionId": 76
}
[11/25/25, 10:05:23:509] info: Nov-25 10:05:23.509 [SERVICE-WORKER] asset found in existing cache bucket, adding to new bucket //a.slack-edge.com/canvas_blob/gRHprTRpZ3wxOuSpgRk6Aw-chunk 
{
  "versionId": 76
}
[11/25/25, 10:05:23:510] info: Nov-25 10:05:23.510 [SERVICE-WORKER] asset found in existing cache bucket, adding to new bucket //a.slack-edge.com/canvas_blob/1I3kJw-uqV_QrzK6_hhH4w-chunk 
{
  "versionId": 76
}
[11/25/25, 10:05:23:511] info: Nov-25 10:05:23.511 [SERVICE-WORKER] asset found in existing cache bucket, adding to new bucket //a.slack-edge.com/canvas_blob/Q_jSmFiYTDXsnOKeZiJqfw-chunk 
{
  "versionId": 76
}
[11/25/25, 10:05:23:511] info: Nov-25 10:05:23.511 [SERVICE-WORKER] asset found in existing cache bucket, adding to new bucket //a.slack-edge.com/canvas_blob/SYJQyLx-GSrTkkAnRgwyDQ-chunk 
{
  "versionId": 76
}
[11/25/25, 10:05:23:511] info: Nov-25 10:05:23.511 [SERVICE-WORKER] asset found in existing cache bucket, adding to new bucket //a.slack-edge.com/canvas_blob/4725R6JkAlJyOGLCh4IbFw-chunk 
{
  "versionId": 76
}
[11/25/25, 10:05:23:512] info: Nov-25 10:05:23.512 [SERVICE-WORKER] asset found in existing cache bucket, adding to new bucket //a.slack-edge.com/canvas_blob/e447VDznWSg9UpDcNHUqrA-chunk 
{
  "versionId": 76
}
[11/25/25, 10:05:23:513] info: Nov-25 10:05:23.513 [SERVICE-WORKER] asset found in existing cache bucket, adding to new bucket //a.slack-edge.com/canvas_blob/6zmiLMbzlclL8UdkxgbiYg-chunk 
{
  "versionId": 76
}
[11/25/25, 10:05:23:513] info: Nov-25 10:05:23.513 [SERVICE-WORKER] asset found in existing cache bucket, adding to new bucket //a.slack-edge.com/canvas_blob/8j-jLdBdPA0g2JRnZjYn5w-chunk 
{
  "versionId": 76
}
[11/25/25, 10:05:23:513] info: Nov-25 10:05:23.513 [SERVICE-WORKER] asset found in existing cache bucket, adding to new bucket //a.slack-edge.com/canvas_blob/3Zf0WlFWIKFfmbL7v9rluA-chunk 
{
  "versionId": 76
}
[11/25/25, 10:05:23:515] info: Nov-25 10:05:23.515 [SERVICE-WORKER] asset found in existing cache bucket, adding to new bucket //a.slack-edge.com/canvas_blob/KOixqZojzFmNUDXIwrSDxw-chunk 
{
  "versionId": 76
}
[11/25/25, 10:05:23:515] info: Nov-25 10:05:23.515 [SERVICE-WORKER] asset found in existing cache bucket, adding to new bucket //a.slack-edge.com/canvas_blob/Sp9tS__JoapgtFrNDSBgMg-chunk 
{
  "versionId": 76
}
[11/25/25, 10:05:23:515] info: Nov-25 10:05:23.515 [SERVICE-WORKER] asset found in existing cache bucket, adding to new bucket //a.slack-edge.com/canvas_blob/on1f3miRH-xcK5Zn05X79A-chunk 
{
  "versionId": 76
}
[11/25/25, 10:05:23:515] info: Nov-25 10:05:23.515 [SERVICE-WORKER] asset found in existing cache bucket, adding to new bucket //a.slack-edge.com/canvas_blob/UJeabdRvYjxGirUlIWSIXQ-chunk 
{
  "versionId": 76
}
[11/25/25, 10:05:23:518] info: Nov-25 10:05:23.518 [SERVICE-WORKER] asset found in existing cache bucket, adding to new bucket //a.slack-edge.com/canvas_blob/3FKPCAKgqg000qAQbm8Lfg-chunk 
{
  "versionId": 76
}
[11/25/25, 10:05:23:518] info: Nov-25 10:05:23.518 [SERVICE-WORKER] asset found in existing cache bucket, adding to new bucket //a.slack-edge.com/canvas_blob/yoNs3DTyk75N2GsesJxfGA-chunk 
{
  "versionId": 76
}
[11/25/25, 10:05:23:519] info: Nov-25 10:05:23.519 [SERVICE-WORKER] asset found in existing cache bucket, adding to new bucket //a.slack-edge.com/canvas_blob/beVriL3dLre0ing1A4fOcg-chunk 
{
  "versionId": 76
}
[11/25/25, 10:05:23:519] info: Nov-25 10:05:23.519 [SERVICE-WORKER] asset found in existing cache bucket, adding to new bucket //a.slack-edge.com/canvas_blob/CsyNAEQ7dheIzJafqFJy5A-chunk 
{
  "versionId": 76
}
[11/25/25, 10:05:23:523] info: Nov-25 10:05:23.522 [SERVICE-WORKER] asset found in existing cache bucket, adding to new bucket //a.slack-edge.com/canvas_blob/mjUhqCB1d_uTE8_JZS5R7g-chunk 
{
  "versionId": 76
}
[11/25/25, 10:05:23:523] info: Nov-25 10:05:23.523 [SERVICE-WORKER] asset found in existing cache bucket, adding to new bucket //a.slack-edge.com/canvas_blob/MUAneL6rQ2o1V80JrpjbZA-chunk 
{
  "versionId": 76
}
[11/25/25, 10:05:23:523] info: Nov-25 10:05:23.523 [SERVICE-WORKER] asset found in existing cache bucket, adding to new bucket //a.slack-edge.com/canvas_blob/HfyYHc6lEs_bgRIbJB1-MQ 
{
  "versionId": 76
}
[11/25/25, 10:05:23:527] info: Nov-25 10:05:23.527 [SERVICE-WORKER] All canvas files fetched 
{
  "versionId": 76
}
[11/25/25, 12:57:03:979] info: Nov-25 12:57:03.978 [SERVICE-WORKER] responding from cache https://a.slack-edge.com/bv1-13-br/lato-regular-f1aa7a0.woff2 
{
  "versionId": 76
}
[11/25/25, 12:57:03:979] info: Nov-25 12:57:03.978 [SERVICE-WORKER] responding from cache https://a.slack-edge.com/bv1-13-br/lato-bold-31816c2.woff2 
{
  "versionId": 76
}
[11/25/25, 12:57:04:010] info: Nov-25 12:57:04.009 [SERVICE-WORKER] responding from cache https://a.slack-edge.com/bv1-13-br/lato-black-d3e44e6.woff2 
{
  "versionId": 76
}
[11/25/25, 14:12:27:587] info: Nov-25 14:12:27.587 [SERVICE-WORKER] responding from cache https://a.slack-edge.com/bv1-13-br/slack-icons-v2-913df50.woff2 
{
  "versionId": 76
}
[11/25/25, 15:24:51:069] info: Nov-25 15:24:51.068 [SERVICE-WORKER] responding from cache https://a.slack-edge.com/bv1-13-br/gantry-v2-async-client-channel-list-view.86d3b5aee7397fba4f01.min.js 
{
  "versionId": 76
}
